<?xml version="1.0" encoding="UTF-8"?>
<ApprovalProcess xmlns="http://soap.sforce.com/2006/04/metadata">
    <active>false</active>
    <allowRecall>true</allowRecall>
    <allowedSubmitters>
        <type>creator</type>
    </allowedSubmitters>
    <allowedSubmitters>
        <submitter>AllInternalUsers3898313</submitter>
        <type>group</type>
    </allowedSubmitters>
    <allowedSubmitters>
        <type>owner</type>
    </allowedSubmitters>
    <approvalPageFields>
        <field>Name</field>
        <field>Account__c</field>
        <field>Omega_Account_Number__c</field>
        <field>Age__c</field>
        <field>IO_Credit_Limit__c</field>
        <field>Online_Credit_Limit__c</field>
        <field>Credit_Used__c</field>
        <field>Owner</field>
    </approvalPageFields>
    <approvalStep>
        <allowDelegate>true</allowDelegate>
        <approvalActions>
            <action>
                <name>Approval_Level_Executed_1</name>
                <type>FieldUpdate</type>
            </action>
            <action>
                <name>Initial_Approval_Date_Time</name>
                <type>FieldUpdate</type>
            </action>
            <action>
                <name>Initial_Approval_Success_to_True</name>
                <type>FieldUpdate</type>
            </action>
            <action>
                <name>Initial_Approver</name>
                <type>FieldUpdate</type>
            </action>
            <action>
                <name>Next_Approver1_to_Chris</name>
                <type>FieldUpdate</type>
            </action>
            <action>
                <name>Next_Approver2_to_Bartho</name>
                <type>FieldUpdate</type>
            </action>
            <action>
                <name>nitial_Approved</name>
                <type>FieldUpdate</type>
            </action>
        </approvalActions>
        <assignedApprover>
            <approver>
                <name>Account_Credit_Request_Initial_review</name>
                <type>queue</type>
            </approver>
            <whenMultipleApprovers>FirstResponse</whenMultipleApprovers>
        </assignedApprover>
        <description>Accenture Credit Team</description>
        <label>1. Initial Approval request</label>
        <name>X1_Initial_Approval_request</name>
        <rejectionActions>
            <action>
                <name>Approval_Level_Executed_1</name>
                <type>FieldUpdate</type>
            </action>
            <action>
                <name>Initial_Approver</name>
                <type>FieldUpdate</type>
            </action>
            <action>
                <name>Initial_Rejected</name>
                <type>FieldUpdate</type>
            </action>
        </rejectionActions>
    </approvalStep>
    <approvalStep>
        <allowDelegate>true</allowDelegate>
        <approvalActions>
            <action>
                <name>Next_Approver1_to_Global_3MM</name>
                <type>FieldUpdate</type>
            </action>
            <action>
                <name>Next_Approver2_to_NULL</name>
                <type>FieldUpdate</type>
            </action>
        </approvalActions>
        <assignedApprover>
            <approver>
                <name>barthoporetti@meta.com</name>
                <type>user</type>
            </approver>
            <approver>
                <name>chrismacdonaldcm@meta.com</name>
                <type>user</type>
            </approver>
            <approver>
                <name>pcb@meta.com</name>
                <type>user</type>
            </approver>
            <whenMultipleApprovers>FirstResponse</whenMultipleApprovers>
        </assignedApprover>
        <description>All EMEA requests flow here</description>
        <label>2. All EMEA</label>
        <name>All_EMEA</name>
        <rejectBehavior>
            <type>RejectRequest</type>
        </rejectBehavior>
    </approvalStep>
    <approvalStep>
        <allowDelegate>true</allowDelegate>
        <approvalActions>
            <action>
                <name>Next_Approver1_to_Global_7_5MM</name>
                <type>FieldUpdate</type>
            </action>
            <action>
                <name>Next_Approver2_to_NULL</name>
                <type>FieldUpdate</type>
            </action>
        </approvalActions>
        <assignedApprover>
            <approver>
                <name>ACR_Up_to_3MM_Global</name>
                <type>queue</type>
            </approver>
            <whenMultipleApprovers>FirstResponse</whenMultipleApprovers>
        </assignedApprover>
        <description>if over 500k</description>
        <entryCriteria>
            <criteriaItems>
                <field>Account_Credit_Request__c.Proposed_Total_Credit_Limit__c</field>
                <operation>greaterThan</operation>
                <value>&quot;USD 500,000&quot;</value>
            </criteriaItems>
        </entryCriteria>
        <ifCriteriaNotMet>ApproveRecord</ifCriteriaNotMet>
        <label>3. Up to 1.5M</label>
        <name>X3_Up_to_1_5M</name>
        <rejectBehavior>
            <type>RejectRequest</type>
        </rejectBehavior>
    </approvalStep>
    <approvalStep>
        <allowDelegate>true</allowDelegate>
        <approvalActions>
            <action>
                <name>Next_Approver1_to_Jerome</name>
                <type>FieldUpdate</type>
            </action>
            <action>
                <name>Next_Approver2_to_Majella</name>
                <type>FieldUpdate</type>
            </action>
        </approvalActions>
        <assignedApprover>
            <approver>
                <name>ACR_Up_to_7_5MM_Global</name>
                <type>queue</type>
            </approver>
            <whenMultipleApprovers>FirstResponse</whenMultipleApprovers>
        </assignedApprover>
        <description>if over 1.5M</description>
        <entryCriteria>
            <criteriaItems>
                <field>Account_Credit_Request__c.Proposed_Total_Credit_Limit__c</field>
                <operation>greaterThan</operation>
                <value>&quot;USD 1,500,000&quot;</value>
            </criteriaItems>
        </entryCriteria>
        <ifCriteriaNotMet>ApproveRecord</ifCriteriaNotMet>
        <label>4. Up to 5M</label>
        <name>X4_Up_to_5M</name>
        <rejectBehavior>
            <type>BackToPrevious</type>
        </rejectBehavior>
        <rejectionActions>
            <action>
                <name>Next_Approver1_to_Chris</name>
                <type>FieldUpdate</type>
            </action>
            <action>
                <name>Next_Approver2_to_Bartho</name>
                <type>FieldUpdate</type>
            </action>
        </rejectionActions>
    </approvalStep>
    <approvalStep>
        <allowDelegate>true</allowDelegate>
        <approvalActions>
            <action>
                <name>Next_Approver1_to_NULL</name>
                <type>FieldUpdate</type>
            </action>
            <action>
                <name>Next_Approver2_to_Majella</name>
                <type>FieldUpdate</type>
            </action>
        </approvalActions>
        <assignedApprover>
            <approver>
                <name>jerome@meta.com</name>
                <type>user</type>
            </approver>
            <approver>
                <name>majella@meta.com</name>
                <type>user</type>
            </approver>
            <whenMultipleApprovers>FirstResponse</whenMultipleApprovers>
        </assignedApprover>
        <description>if over 5M</description>
        <entryCriteria>
            <criteriaItems>
                <field>Account_Credit_Request__c.Proposed_Total_Credit_Limit__c</field>
                <operation>greaterThan</operation>
                <value>&quot;USD 5,000,000&quot;</value>
            </criteriaItems>
        </entryCriteria>
        <ifCriteriaNotMet>ApproveRecord</ifCriteriaNotMet>
        <label>5. Up to 10M</label>
        <name>X5_Up_to_10m</name>
        <rejectBehavior>
            <type>BackToPrevious</type>
        </rejectBehavior>
        <rejectionActions>
            <action>
                <name>Next_Approver1_to_Julia</name>
                <type>FieldUpdate</type>
            </action>
            <action>
                <name>Next_Approver2_to_NULL</name>
                <type>FieldUpdate</type>
            </action>
        </rejectionActions>
    </approvalStep>
    <approvalStep>
        <allowDelegate>true</allowDelegate>
        <approvalActions>
            <action>
                <name>Next_Approver1_to_FB_Approval</name>
                <type>FieldUpdate</type>
            </action>
        </approvalActions>
        <assignedApprover>
            <approver>
                <name>majella@meta.com</name>
                <type>user</type>
            </approver>
            <whenMultipleApprovers>FirstResponse</whenMultipleApprovers>
        </assignedApprover>
        <description>if over 10M</description>
        <entryCriteria>
            <criteriaItems>
                <field>Account_Credit_Request__c.Proposed_Total_Credit_Limit__c</field>
                <operation>greaterThan</operation>
                <value>&quot;USD 10,000,000&quot;</value>
            </criteriaItems>
        </entryCriteria>
        <ifCriteriaNotMet>ApproveRecord</ifCriteriaNotMet>
        <label>6. Up to 25M</label>
        <name>X6_Up_to_25M</name>
        <rejectBehavior>
            <type>BackToPrevious</type>
        </rejectBehavior>
        <rejectionActions>
            <action>
                <name>Next_Approver1_to_Jerome</name>
                <type>FieldUpdate</type>
            </action>
            <action>
                <name>Next_Approver2_to_Majella</name>
                <type>FieldUpdate</type>
            </action>
        </rejectionActions>
    </approvalStep>
    <approvalStep>
        <allowDelegate>true</allowDelegate>
        <assignedApprover>
            <approver>
                <name>FB_Approval</name>
                <type>queue</type>
            </approver>
            <whenMultipleApprovers>FirstResponse</whenMultipleApprovers>
        </assignedApprover>
        <description>if over 25M</description>
        <entryCriteria>
            <criteriaItems>
                <field>Account_Credit_Request__c.Proposed_Total_Credit_Limit__c</field>
                <operation>greaterThan</operation>
                <value>&quot;USD 25,000,000&quot;</value>
            </criteriaItems>
        </entryCriteria>
        <label>7. Up to 50M</label>
        <name>X7_Up_to_50M</name>
        <rejectBehavior>
            <type>BackToPrevious</type>
        </rejectBehavior>
        <rejectionActions>
            <action>
                <name>Next_Approver1_to_Shane</name>
                <type>FieldUpdate</type>
            </action>
            <action>
                <name>Next_Approver2_to_NULL</name>
                <type>FieldUpdate</type>
            </action>
        </rejectionActions>
    </approvalStep>
    <description>t5576763; t6387741; t7120968; t7043936; t7714046; t6151240; t3767184; t8951609; t9106083; t6151240; t9266105; t9560769; t9773882; t9753074; t10630795; t11003859; t11123283; t11281113; t11374968; t11709416; t11003859; t11973974; t12306861; t12436505; t12436505; 15384936; t15559562; t15853116; t16231906; t16676031; t8792806; t17038587; t14565943; t19179565; t19198263; T20871208; T21477807; t21519847; T20840783; T22361574;T23178162;T24038241; T23289704; T23814540; T25859755; T28477008;T30736788;
T34671368 - 1.5MM and 5MM queue</description>
    <emailTemplate>Credit/Credit_EN_Notify_Approver_of_ACR_Increase_Global</emailTemplate>
    <enableMobileDeviceAccess>false</enableMobileDeviceAccess>
    <entryCriteria>
        <criteriaItems>
            <field>Account_Credit_Request__c.Credit_Region__c</field>
            <operation>equals</operation>
            <value>EMEA</value>
        </criteriaItems>
        <criteriaItems>
            <field>Account_Credit_Request__c.Credit_App_Status__c</field>
            <operation>equals</operation>
            <value>Draft,Rejected</value>
        </criteriaItems>
        <criteriaItems>
            <field>Account_Credit_Request__c.RecordType</field>
            <operation>equals</operation>
            <value>Increase - Open,Auto Request Submitted</value>
        </criteriaItems>
    </entryCriteria>
    <finalApprovalActions>
        <action>
            <name>Add_Pre_Pmt</name>
            <type>FieldUpdate</type>
        </action>
        <action>
            <name>Approved_Date_Time</name>
            <type>FieldUpdate</type>
        </action>
        <action>
            <name>Final_Approver</name>
            <type>FieldUpdate</type>
        </action>
        <action>
            <name>Next_Approver1_to_NULL</name>
            <type>FieldUpdate</type>
        </action>
        <action>
            <name>Next_Approver2_to_NULL</name>
            <type>FieldUpdate</type>
        </action>
        <action>
            <name>Notify_Submitter_Approved</name>
            <type>Alert</type>
        </action>
        <action>
            <name>Status_to_Approved</name>
            <type>FieldUpdate</type>
        </action>
    </finalApprovalActions>
    <finalApprovalRecordLock>true</finalApprovalRecordLock>
    <finalRejectionActions>
        <action>
            <name>Final_Approver</name>
            <type>FieldUpdate</type>
        </action>
        <action>
            <name>Initial_Approval_Success_to_False</name>
            <type>FieldUpdate</type>
        </action>
        <action>
            <name>Next_Approver1_to_NULL</name>
            <type>FieldUpdate</type>
        </action>
        <action>
            <name>Next_Approver2_to_NULL</name>
            <type>FieldUpdate</type>
        </action>
        <action>
            <name>Notify_Submitter_Rejected</name>
            <type>Alert</type>
        </action>
        <action>
            <name>Rejected_Date_Time</name>
            <type>FieldUpdate</type>
        </action>
        <action>
            <name>Status_to_Rejected</name>
            <type>FieldUpdate</type>
        </action>
    </finalRejectionActions>
    <finalRejectionRecordLock>false</finalRejectionRecordLock>
    <initialSubmissionActions>
        <action>
            <name>Next_Approver1_to_Accenture</name>
            <type>FieldUpdate</type>
        </action>
        <action>
            <name>Next_Approver2_to_NULL</name>
            <type>FieldUpdate</type>
        </action>
        <action>
            <name>Notify_Submitter_Confirmation</name>
            <type>Alert</type>
        </action>
        <action>
            <name>Send_Alert_when_Submitted</name>
            <type>OutboundMessage</type>
        </action>
        <action>
            <name>Status_to_Submitted</name>
            <type>FieldUpdate</type>
        </action>
        <action>
            <name>Submitted_Date_Time</name>
            <type>FieldUpdate</type>
        </action>
    </initialSubmissionActions>
    <label>Credit Limit Increase - EMEA r15</label>
    <processOrder>1</processOrder>
    <recallActions>
        <action>
            <name>Initial_Approval_Success_to_False</name>
            <type>FieldUpdate</type>
        </action>
        <action>
            <name>Next_Approver1_to_NULL</name>
            <type>FieldUpdate</type>
        </action>
        <action>
            <name>Next_Approver2_to_NULL</name>
            <type>FieldUpdate</type>
        </action>
        <action>
            <name>Status_to_Draft</name>
            <type>FieldUpdate</type>
        </action>
        <action>
            <name>Submitted_Date_to_NULL</name>
            <type>FieldUpdate</type>
        </action>
    </recallActions>
    <recordEditability>AdminOrCurrentApprover</recordEditability>
    <showApprovalHistory>false</showApprovalHistory>
</ApprovalProcess>
