<?xml version="1.0" encoding="UTF-8"?>
<ApprovalProcess xmlns="http://soap.sforce.com/2006/04/metadata">
    <active>false</active>
    <allowRecall>false</allowRecall>
    <allowedSubmitters>
        <type>owner</type>
    </allowedSubmitters>
    <approvalPageFields>
        <field>Name</field>
        <field>Owner</field>
    </approvalPageFields>
    <approvalStep>
        <allowDelegate>false</allowDelegate>
        <assignedApprover>
            <approver>
                <name>mhill@meta.com</name>
                <type>user</type>
            </approver>
            <whenMultipleApprovers>FirstResponse</whenMultipleApprovers>
        </assignedApprover>
        <entryCriteria>
            <criteriaItems>
                <field>Account_Credit_Request__c.Credit_App_Status__c</field>
                <operation>notEqual</operation>
                <value>Closed - Deprecated</value>
            </criteriaItems>
        </entryCriteria>
        <ifCriteriaNotMet>RejectRecord</ifCriteriaNotMet>
        <label>Lock the record</label>
        <name>Lock_the_record</name>
    </approvalStep>
    <description>LOCK deprecated ACR&apos;s.  Not Approved but need to remain locked from edit.  In the case of rejected records when the flag Account.account_credit_request_open__c did not get updated, users then created DUP ACR&apos;s.

T8912223; T8891426; T9753074;
T61633381 - Disable, no longer relevant</description>
    <enableMobileDeviceAccess>false</enableMobileDeviceAccess>
    <entryCriteria>
        <criteriaItems>
            <field>Account_Credit_Request__c.Credit_App_Status__c</field>
            <operation>equals</operation>
            <value>Closed - Deprecated</value>
        </criteriaItems>
    </entryCriteria>
    <finalApprovalRecordLock>true</finalApprovalRecordLock>
    <finalRejectionRecordLock>true</finalRejectionRecordLock>
    <label>Account Credit Request - Lock record</label>
    <processOrder>2</processOrder>
    <recordEditability>AdminOnly</recordEditability>
    <showApprovalHistory>false</showApprovalHistory>
</ApprovalProcess>
