<?xml version="1.0" encoding="UTF-8"?>
<ApprovalProcess xmlns="http://soap.sforce.com/2006/04/metadata">
    <active>false</active>
    <allowRecall>true</allowRecall>
    <allowedSubmitters>
        <type>creator</type>
    </allowedSubmitters>
    <allowedSubmitters>
        <submitter>AllInternalUsers3898313</submitter>
        <type>group</type>
    </allowedSubmitters>
    <allowedSubmitters>
        <type>owner</type>
    </allowedSubmitters>
    <approvalPageFields>
        <field>Name</field>
        <field>Age__c</field>
        <field>IO_Credit_Limit__c</field>
        <field>Online_Credit_Limit__c</field>
        <field>Credit_Used__c</field>
        <field>Owner</field>
    </approvalPageFields>
    <approvalStep>
        <allowDelegate>true</allowDelegate>
        <approvalActions>
            <action>
                <name>Approval_Level_Executed_1</name>
                <type>FieldUpdate</type>
            </action>
            <action>
                <name>Initial_Approval_Date_Time</name>
                <type>FieldUpdate</type>
            </action>
            <action>
                <name>Initial_Approval_Success_to_True</name>
                <type>FieldUpdate</type>
            </action>
            <action>
                <name>Initial_Approver</name>
                <type>FieldUpdate</type>
            </action>
            <action>
                <name>nitial_Approved</name>
                <type>FieldUpdate</type>
            </action>
            <action>
                <name>Notify_next_approver_of_ACR_in_their_queue_SHORT_template</name>
                <type>Alert</type>
            </action>
            <action>
                <name>Owner_to_Bartho_Poretti</name>
                <type>FieldUpdate</type>
            </action>
        </approvalActions>
        <assignedApprover>
            <approver>
                <name>Account_Credit_Request_Initial_review</name>
                <type>queue</type>
            </approver>
            <whenMultipleApprovers>FirstResponse</whenMultipleApprovers>
        </assignedApprover>
        <description>Accenture Credit Team</description>
        <label>1. Initial Approval request</label>
        <name>X1_Initial_Approval_request</name>
        <rejectionActions>
            <action>
                <name>Approval_Level_Executed_1</name>
                <type>FieldUpdate</type>
            </action>
            <action>
                <name>Initial_Approver</name>
                <type>FieldUpdate</type>
            </action>
            <action>
                <name>Initial_Rejected</name>
                <type>FieldUpdate</type>
            </action>
        </rejectionActions>
    </approvalStep>
    <approvalStep>
        <allowDelegate>true</allowDelegate>
        <approvalActions>
            <action>
                <name>Notify_next_approver_of_ACR_in_their_queue_SHORT_template</name>
                <type>Alert</type>
            </action>
            <action>
                <name>Owner_to_Bartho</name>
                <type>FieldUpdate</type>
            </action>
        </approvalActions>
        <assignedApprover>
            <approver>
                <name>barthoporetti@meta.com</name>
                <type>user</type>
            </approver>
            <approver>
                <name>davidtm@fb.com</name>
                <type>user</type>
            </approver>
            <whenMultipleApprovers>FirstResponse</whenMultipleApprovers>
        </assignedApprover>
        <description>All EMEA requests flow here</description>
        <label>2. All EMEA</label>
        <name>All_EMEA</name>
        <rejectBehavior>
            <type>RejectRequest</type>
        </rejectBehavior>
    </approvalStep>
    <approvalStep>
        <allowDelegate>true</allowDelegate>
        <approvalActions>
            <action>
                <name>Notify_next_approver_of_ACR_in_their_queue_SHORT_template</name>
                <type>Alert</type>
            </action>
            <action>
                <name>Owner_to_Julia</name>
                <type>FieldUpdate</type>
            </action>
        </approvalActions>
        <assignedApprover>
            <approver>
                <name>barthoporetti@meta.com</name>
                <type>user</type>
            </approver>
            <whenMultipleApprovers>FirstResponse</whenMultipleApprovers>
        </assignedApprover>
        <description>if over 250k USD enter this step or NULL or 0</description>
        <entryCriteria>
            <booleanFilter>1 or 2 or 3</booleanFilter>
            <criteriaItems>
                <field>Account_Credit_Request__c.Proposed_Total_Credit_Limit__c</field>
                <operation>greaterThan</operation>
                <value>&quot;USD 250,000&quot;</value>
            </criteriaItems>
            <criteriaItems>
                <field>Account_Credit_Request__c.Proposed_Total_Credit_Limit__c</field>
                <operation>equals</operation>
            </criteriaItems>
            <criteriaItems>
                <field>Account_Credit_Request__c.Proposed_Total_Credit_Limit__c</field>
                <operation>equals</operation>
                <value>USD 0</value>
            </criteriaItems>
        </entryCriteria>
        <ifCriteriaNotMet>ApproveRecord</ifCriteriaNotMet>
        <label>3. Up to 750k</label>
        <name>Up_to_750k</name>
        <rejectBehavior>
            <type>RejectRequest</type>
        </rejectBehavior>
    </approvalStep>
    <approvalStep>
        <allowDelegate>true</allowDelegate>
        <approvalActions>
            <action>
                <name>Notify_next_approver_of_ACR_in_their_queue_SHORT_template</name>
                <type>Alert</type>
            </action>
            <action>
                <name>Owner_to_Jerome</name>
                <type>FieldUpdate</type>
            </action>
        </approvalActions>
        <assignedApprover>
            <approver>
                <name>jdimberg@meta.com</name>
                <type>user</type>
            </approver>
            <whenMultipleApprovers>FirstResponse</whenMultipleApprovers>
        </assignedApprover>
        <description>if over 750k USD enter this step or NULL or 0</description>
        <entryCriteria>
            <booleanFilter>1 or 2 or 3</booleanFilter>
            <criteriaItems>
                <field>Account_Credit_Request__c.Proposed_Total_Credit_Limit__c</field>
                <operation>greaterThan</operation>
                <value>&quot;USD 750,000&quot;</value>
            </criteriaItems>
            <criteriaItems>
                <field>Account_Credit_Request__c.Proposed_Total_Credit_Limit__c</field>
                <operation>equals</operation>
            </criteriaItems>
            <criteriaItems>
                <field>Account_Credit_Request__c.Proposed_Total_Credit_Limit__c</field>
                <operation>equals</operation>
                <value>USD 0</value>
            </criteriaItems>
        </entryCriteria>
        <ifCriteriaNotMet>ApproveRecord</ifCriteriaNotMet>
        <label>4. Up to 1.5M</label>
        <name>Up_to_1_5M</name>
        <rejectBehavior>
            <type>RejectRequest</type>
        </rejectBehavior>
    </approvalStep>
    <approvalStep>
        <allowDelegate>true</allowDelegate>
        <approvalActions>
            <action>
                <name>Notify_next_approver_of_ACR_in_their_queue_SHORT_template</name>
                <type>Alert</type>
            </action>
            <action>
                <name>Owner_to_Majella</name>
                <type>FieldUpdate</type>
            </action>
        </approvalActions>
        <assignedApprover>
            <approver>
                <name>jerome@meta.com</name>
                <type>user</type>
            </approver>
            <whenMultipleApprovers>FirstResponse</whenMultipleApprovers>
        </assignedApprover>
        <description>if over 1.5m USD enter this step or NULL or 0</description>
        <entryCriteria>
            <booleanFilter>1 or 2 or 3</booleanFilter>
            <criteriaItems>
                <field>Account_Credit_Request__c.Proposed_Total_Credit_Limit__c</field>
                <operation>greaterThan</operation>
                <value>&quot;USD 1,500,000&quot;</value>
            </criteriaItems>
            <criteriaItems>
                <field>Account_Credit_Request__c.Proposed_Total_Credit_Limit__c</field>
                <operation>equals</operation>
            </criteriaItems>
            <criteriaItems>
                <field>Account_Credit_Request__c.Proposed_Total_Credit_Limit__c</field>
                <operation>equals</operation>
                <value>USD 0</value>
            </criteriaItems>
        </entryCriteria>
        <ifCriteriaNotMet>ApproveRecord</ifCriteriaNotMet>
        <label>5. Up to 2.5M</label>
        <name>Up_to_2_5M</name>
        <rejectBehavior>
            <type>RejectRequest</type>
        </rejectBehavior>
    </approvalStep>
    <approvalStep>
        <allowDelegate>true</allowDelegate>
        <assignedApprover>
            <approver>
                <name>majella@meta.com</name>
                <type>user</type>
            </approver>
            <whenMultipleApprovers>FirstResponse</whenMultipleApprovers>
        </assignedApprover>
        <description>if over 2.5m USD enter this step or NULL or 0</description>
        <entryCriteria>
            <booleanFilter>1 or 2 or 3</booleanFilter>
            <criteriaItems>
                <field>Account_Credit_Request__c.Proposed_Total_Credit_Limit__c</field>
                <operation>greaterThan</operation>
                <value>&quot;USD 2,500,000&quot;</value>
            </criteriaItems>
            <criteriaItems>
                <field>Account_Credit_Request__c.Proposed_Total_Credit_Limit__c</field>
                <operation>equals</operation>
            </criteriaItems>
            <criteriaItems>
                <field>Account_Credit_Request__c.Proposed_Total_Credit_Limit__c</field>
                <operation>equals</operation>
                <value>USD 0</value>
            </criteriaItems>
        </entryCriteria>
        <label>6. Up to 5m</label>
        <name>Up_to_5m</name>
        <rejectBehavior>
            <type>RejectRequest</type>
        </rejectBehavior>
    </approvalStep>
    <description>Tiered approvals, limited up to 1.5MM - t=5576763
more submitters and record types - t=6387741
expand matrix t=7120968
t7043936, t7714046, t6151240, t3767184
t8951609
t9106083
t6151240
t9266105
t9560769
t9773882
t9753074
t10630795
t11003859 update email notificaitons</description>
    <enableMobileDeviceAccess>false</enableMobileDeviceAccess>
    <entryCriteria>
        <criteriaItems>
            <field>Account_Credit_Request__c.Credit_Region__c</field>
            <operation>equals</operation>
            <value>EMEA</value>
        </criteriaItems>
        <criteriaItems>
            <field>Account_Credit_Request__c.Credit_App_Status__c</field>
            <operation>equals</operation>
            <value>Draft,Rejected</value>
        </criteriaItems>
        <criteriaItems>
            <field>Account_Credit_Request__c.RecordType</field>
            <operation>equals</operation>
            <value>Increase - Open,Auto Increase Submitted</value>
        </criteriaItems>
    </entryCriteria>
    <finalApprovalActions>
        <action>
            <name>Approved_Date_Time</name>
            <type>FieldUpdate</type>
        </action>
        <action>
            <name>Final_Approver</name>
            <type>FieldUpdate</type>
        </action>
        <action>
            <name>Notify_Submitter_Approved</name>
            <type>Alert</type>
        </action>
        <action>
            <name>Status_to_Approved</name>
            <type>FieldUpdate</type>
        </action>
    </finalApprovalActions>
    <finalApprovalRecordLock>true</finalApprovalRecordLock>
    <finalRejectionActions>
        <action>
            <name>Final_Approver</name>
            <type>FieldUpdate</type>
        </action>
        <action>
            <name>Initial_Approval_Success_to_False</name>
            <type>FieldUpdate</type>
        </action>
        <action>
            <name>Notify_Submitter_Rejected</name>
            <type>Alert</type>
        </action>
        <action>
            <name>Rejected_Date_Time</name>
            <type>FieldUpdate</type>
        </action>
        <action>
            <name>Status_to_Rejected</name>
            <type>FieldUpdate</type>
        </action>
    </finalRejectionActions>
    <finalRejectionRecordLock>false</finalRejectionRecordLock>
    <initialSubmissionActions>
        <action>
            <name>Notify_Submitter_Confirmation</name>
            <type>Alert</type>
        </action>
        <action>
            <name>Owner_to_Account_Credit_Request_Initia</name>
            <type>FieldUpdate</type>
        </action>
        <action>
            <name>Send_Alert_when_Submitted</name>
            <type>OutboundMessage</type>
        </action>
        <action>
            <name>Status_to_Submitted</name>
            <type>FieldUpdate</type>
        </action>
        <action>
            <name>Submitted_Date_Time</name>
            <type>FieldUpdate</type>
        </action>
    </initialSubmissionActions>
    <label>Credit Limit Increase - EMEA r7</label>
    <processOrder>3</processOrder>
    <recallActions>
        <action>
            <name>Initial_Approval_Success_to_False</name>
            <type>FieldUpdate</type>
        </action>
        <action>
            <name>Status_to_Draft</name>
            <type>FieldUpdate</type>
        </action>
        <action>
            <name>Submitted_Date_to_NULL</name>
            <type>FieldUpdate</type>
        </action>
    </recallActions>
    <recordEditability>AdminOrCurrentApprover</recordEditability>
    <showApprovalHistory>false</showApprovalHistory>
</ApprovalProcess>
