<?xml version="1.0" encoding="UTF-8"?>
<ApprovalProcess xmlns="http://soap.sforce.com/2006/04/metadata">
    <active>false</active>
    <allowRecall>true</allowRecall>
    <allowedSubmitters>
        <type>creator</type>
    </allowedSubmitters>
    <allowedSubmitters>
        <submitter>AllInternalUsers3898313</submitter>
        <type>group</type>
    </allowedSubmitters>
    <allowedSubmitters>
        <type>owner</type>
    </allowedSubmitters>
    <approvalPageFields>
        <field>Name</field>
        <field>Age__c</field>
        <field>IO_Credit_Limit__c</field>
        <field>Online_Credit_Limit__c</field>
        <field>Credit_Used__c</field>
        <field>Owner</field>
    </approvalPageFields>
    <approvalStep>
        <allowDelegate>true</allowDelegate>
        <approvalActions>
            <action>
                <name>Approval_Level_Executed_1</name>
                <type>FieldUpdate</type>
            </action>
            <action>
                <name>Initial_Approval_Date_Time</name>
                <type>FieldUpdate</type>
            </action>
            <action>
                <name>Initial_Approval_Success_to_True</name>
                <type>FieldUpdate</type>
            </action>
            <action>
                <name>Initial_Approver</name>
                <type>FieldUpdate</type>
            </action>
            <action>
                <name>nitial_Approved</name>
                <type>FieldUpdate</type>
            </action>
            <action>
                <name>Owner_to_Mey</name>
                <type>FieldUpdate</type>
            </action>
        </approvalActions>
        <assignedApprover>
            <approver>
                <name>Account_Credit_Request_Initial_review</name>
                <type>queue</type>
            </approver>
            <whenMultipleApprovers>FirstResponse</whenMultipleApprovers>
        </assignedApprover>
        <description>Accenture Credit Team</description>
        <label>1. Initial Approval request</label>
        <name>X1_Initial_Approval_request</name>
        <rejectionActions>
            <action>
                <name>Approval_Level_Executed_1</name>
                <type>FieldUpdate</type>
            </action>
            <action>
                <name>Initial_Approver</name>
                <type>FieldUpdate</type>
            </action>
            <action>
                <name>Initial_Rejected</name>
                <type>FieldUpdate</type>
            </action>
        </rejectionActions>
    </approvalStep>
    <approvalStep>
        <allowDelegate>true</allowDelegate>
        <approvalActions>
            <action>
                <name>Owner_to_Lilian</name>
                <type>FieldUpdate</type>
            </action>
        </approvalActions>
        <assignedApprover>
            <approver>
                <name>jdimberg@meta.com</name>
                <type>user</type>
            </approver>
            <approver>
                <name>meyriane@meta.com</name>
                <type>user</type>
            </approver>
            <approver>
                <name>sivlee@fb.com</name>
                <type>user</type>
            </approver>
            <whenMultipleApprovers>FirstResponse</whenMultipleApprovers>
        </assignedApprover>
        <description>All APAC requests flow here</description>
        <label>2. Up to 1.5M</label>
        <name>X2_Up_to_1_5M</name>
        <rejectBehavior>
            <type>RejectRequest</type>
        </rejectBehavior>
    </approvalStep>
    <approvalStep>
        <allowDelegate>true</allowDelegate>
        <assignedApprover>
            <approver>
                <name>lilianang@meta.com</name>
                <type>user</type>
            </approver>
            <whenMultipleApprovers>FirstResponse</whenMultipleApprovers>
        </assignedApprover>
        <description>if over 1.5M USD enter this step or NULL or 0</description>
        <entryCriteria>
            <criteriaItems>
                <field>Account_Credit_Request__c.Proposed_Online_Credit_Limit__c</field>
                <operation>greaterThan</operation>
                <value>&quot;USD 1,500,000&quot;</value>
            </criteriaItems>
        </entryCriteria>
        <ifCriteriaNotMet>ApproveRecord</ifCriteriaNotMet>
        <label>3. Up to 5M</label>
        <name>X3_Up_to_5M</name>
        <rejectBehavior>
            <type>RejectRequest</type>
        </rejectBehavior>
    </approvalStep>
    <approvalStep>
        <allowDelegate>true</allowDelegate>
        <assignedApprover>
            <approver>
                <name>screhan@fb.com</name>
                <type>user</type>
            </approver>
            <whenMultipleApprovers>FirstResponse</whenMultipleApprovers>
        </assignedApprover>
        <description>If over 5M USD enter this step</description>
        <entryCriteria>
            <criteriaItems>
                <field>Account_Credit_Request__c.Proposed_Online_Credit_Limit__c</field>
                <operation>greaterThan</operation>
                <value>&quot;USD 5,000,000&quot;</value>
            </criteriaItems>
        </entryCriteria>
        <label>4. Over 5M</label>
        <name>X4_Over_5M</name>
        <rejectBehavior>
            <type>RejectRequest</type>
        </rejectBehavior>
    </approvalStep>
    <description>Add Lilian Ang and Shane Crehan, t11281113
set owner @each step for List View My Approvals t11374968
fix step logic t11709416
update msg template t11003859
update step criteria t11973974</description>
    <emailTemplate>Credit/Credit_EN_Notify_Approver_of_ACR_Increase_Global</emailTemplate>
    <enableMobileDeviceAccess>false</enableMobileDeviceAccess>
    <entryCriteria>
        <criteriaItems>
            <field>Account_Credit_Request__c.Credit_Region__c</field>
            <operation>equals</operation>
            <value>APAC</value>
        </criteriaItems>
        <criteriaItems>
            <field>Account_Credit_Request__c.Credit_App_Status__c</field>
            <operation>equals</operation>
            <value>Draft,Rejected</value>
        </criteriaItems>
        <criteriaItems>
            <field>Account_Credit_Request__c.RecordType</field>
            <operation>equals</operation>
            <value>Increase - Open,Auto Increase Submitted</value>
        </criteriaItems>
    </entryCriteria>
    <finalApprovalActions>
        <action>
            <name>Approved_Date_Time</name>
            <type>FieldUpdate</type>
        </action>
        <action>
            <name>Final_Approver</name>
            <type>FieldUpdate</type>
        </action>
        <action>
            <name>Notify_Submitter_Approved</name>
            <type>Alert</type>
        </action>
        <action>
            <name>Status_to_Approved</name>
            <type>FieldUpdate</type>
        </action>
    </finalApprovalActions>
    <finalApprovalRecordLock>true</finalApprovalRecordLock>
    <finalRejectionActions>
        <action>
            <name>Final_Approver</name>
            <type>FieldUpdate</type>
        </action>
        <action>
            <name>Initial_Approval_Success_to_False</name>
            <type>FieldUpdate</type>
        </action>
        <action>
            <name>Notify_Submitter_Rejected</name>
            <type>Alert</type>
        </action>
        <action>
            <name>Rejected_Date_Time</name>
            <type>FieldUpdate</type>
        </action>
        <action>
            <name>Status_to_Rejected</name>
            <type>FieldUpdate</type>
        </action>
    </finalRejectionActions>
    <finalRejectionRecordLock>false</finalRejectionRecordLock>
    <initialSubmissionActions>
        <action>
            <name>Notify_Submitter_Confirmation</name>
            <type>Alert</type>
        </action>
        <action>
            <name>Owner_to_Account_Credit_Request_Initia</name>
            <type>FieldUpdate</type>
        </action>
        <action>
            <name>Send_Alert_when_Submitted</name>
            <type>OutboundMessage</type>
        </action>
        <action>
            <name>Status_to_Submitted</name>
            <type>FieldUpdate</type>
        </action>
        <action>
            <name>Submitted_Date_Time</name>
            <type>FieldUpdate</type>
        </action>
    </initialSubmissionActions>
    <label>Credit Limit Increase - APAC r2</label>
    <processOrder>4</processOrder>
    <recallActions>
        <action>
            <name>Initial_Approval_Success_to_False</name>
            <type>FieldUpdate</type>
        </action>
        <action>
            <name>Status_to_Draft</name>
            <type>FieldUpdate</type>
        </action>
        <action>
            <name>Submitted_Date_to_NULL</name>
            <type>FieldUpdate</type>
        </action>
    </recallActions>
    <recordEditability>AdminOrCurrentApprover</recordEditability>
    <showApprovalHistory>false</showApprovalHistory>
</ApprovalProcess>
