<?xml version="1.0" encoding="UTF-8"?>
<ApprovalProcess xmlns="http://soap.sforce.com/2006/04/metadata">
    <active>false</active>
    <allowRecall>true</allowRecall>
    <allowedSubmitters>
        <type>creator</type>
    </allowedSubmitters>
    <allowedSubmitters>
        <submitter>AllInternalUsers3898313</submitter>
        <type>group</type>
    </allowedSubmitters>
    <allowedSubmitters>
        <type>owner</type>
    </allowedSubmitters>
    <approvalPageFields>
        <field>Name</field>
        <field>Age__c</field>
        <field>IO_Credit_Limit__c</field>
        <field>Online_Credit_Limit__c</field>
        <field>Credit_Used__c</field>
        <field>Owner</field>
    </approvalPageFields>
    <approvalStep>
        <allowDelegate>true</allowDelegate>
        <approvalActions>
            <action>
                <name>Approval_Level_Executed_1</name>
                <type>FieldUpdate</type>
            </action>
            <action>
                <name>Initial_Approval_Date_Time</name>
                <type>FieldUpdate</type>
            </action>
            <action>
                <name>Initial_Approval_Success_to_True</name>
                <type>FieldUpdate</type>
            </action>
            <action>
                <name>Initial_Approver</name>
                <type>FieldUpdate</type>
            </action>
            <action>
                <name>nitial_Approved</name>
                <type>FieldUpdate</type>
            </action>
            <action>
                <name>Notify_next_approver_of_ACR_in_their_queue_SHORT_template</name>
                <type>Alert</type>
            </action>
            <action>
                <name>Owner_to_Kathryn</name>
                <type>FieldUpdate</type>
            </action>
        </approvalActions>
        <assignedApprover>
            <approver>
                <name>Account_Credit_Request_Initial_review</name>
                <type>queue</type>
            </approver>
            <whenMultipleApprovers>FirstResponse</whenMultipleApprovers>
        </assignedApprover>
        <description>Accenture Credit team - Manila</description>
        <label>1. Initial Approval request</label>
        <name>Initial_Approval_request</name>
        <rejectionActions>
            <action>
                <name>Approval_Level_Executed_1</name>
                <type>FieldUpdate</type>
            </action>
            <action>
                <name>Initial_Approver</name>
                <type>FieldUpdate</type>
            </action>
            <action>
                <name>Initial_Rejected</name>
                <type>FieldUpdate</type>
            </action>
        </rejectionActions>
    </approvalStep>
    <approvalStep>
        <allowDelegate>true</allowDelegate>
        <approvalActions>
            <action>
                <name>Notify_next_approver_of_ACR_in_their_queue_SHORT_template</name>
                <type>Alert</type>
            </action>
            <action>
                <name>Owner_to_Jonathan</name>
                <type>FieldUpdate</type>
            </action>
        </approvalActions>
        <assignedApprover>
            <approver>
                <name>jfaulkner@meta.com</name>
                <type>user</type>
            </approver>
            <approver>
                <name>karmstrong@meta.com</name>
                <type>user</type>
            </approver>
            <whenMultipleApprovers>FirstResponse</whenMultipleApprovers>
        </assignedApprover>
        <description>All NA requests flow here second</description>
        <label>2. All North America</label>
        <name>X2_All_North_America</name>
        <rejectBehavior>
            <type>RejectRequest</type>
        </rejectBehavior>
    </approvalStep>
    <approvalStep>
        <allowDelegate>true</allowDelegate>
        <approvalActions>
            <action>
                <name>Notify_next_approver_of_ACR_in_their_queue_SHORT_template</name>
                <type>Alert</type>
            </action>
        </approvalActions>
        <assignedApprover>
            <approver>
                <name>jfaulkner@meta.com</name>
                <type>user</type>
            </approver>
            <whenMultipleApprovers>FirstResponse</whenMultipleApprovers>
        </assignedApprover>
        <description>if over 750k USD enter this step or NULL or 0</description>
        <entryCriteria>
            <booleanFilter>1 or 2 or 3</booleanFilter>
            <criteriaItems>
                <field>Account_Credit_Request__c.Proposed_Total_Credit_Limit__c</field>
                <operation>greaterThan</operation>
                <value>&quot;USD 750,000&quot;</value>
            </criteriaItems>
            <criteriaItems>
                <field>Account_Credit_Request__c.Proposed_Total_Credit_Limit__c</field>
                <operation>equals</operation>
            </criteriaItems>
            <criteriaItems>
                <field>Account_Credit_Request__c.Proposed_Total_Credit_Limit__c</field>
                <operation>equals</operation>
                <value>USD 0</value>
            </criteriaItems>
        </entryCriteria>
        <ifCriteriaNotMet>ApproveRecord</ifCriteriaNotMet>
        <label>4. Up to 1.5M</label>
        <name>X4_Up_to_1_5M</name>
        <rejectBehavior>
            <type>RejectRequest</type>
        </rejectBehavior>
    </approvalStep>
    <approvalStep>
        <allowDelegate>true</allowDelegate>
        <assignedApprover>
            <approver>
                <name>briankanewske@fb.com</name>
                <type>user</type>
            </approver>
            <whenMultipleApprovers>FirstResponse</whenMultipleApprovers>
        </assignedApprover>
        <description>if over 1.5m USD enter this step or NULL or 0</description>
        <entryCriteria>
            <criteriaItems>
                <field>Account_Credit_Request__c.Proposed_Total_Credit_Limit__c</field>
                <operation>greaterThan</operation>
                <value>&quot;USD 1,500,000&quot;</value>
            </criteriaItems>
        </entryCriteria>
        <label>5. Up to 5M</label>
        <name>X5_Up_to_5M</name>
        <rejectBehavior>
            <type>RejectRequest</type>
        </rejectBehavior>
    </approvalStep>
    <description>t=3320572, t=6038899, t=5576763, t=6387741, t=7043936, t6151240, t3767184, t8951609,  t=6151240, t9923271, t9753074, t11003859, t11973974
add Kathryn t14216467
remove Kellie t14547502 AND Step 3, up to 750k
t14647456 change step 2 owner update from Kathryn to Jonathan</description>
    <enableMobileDeviceAccess>false</enableMobileDeviceAccess>
    <entryCriteria>
        <criteriaItems>
            <field>Account_Credit_Request__c.Credit_App_Status__c</field>
            <operation>equals</operation>
            <value>Draft,Rejected</value>
        </criteriaItems>
        <criteriaItems>
            <field>Account_Credit_Request__c.Credit_Region__c</field>
            <operation>equals</operation>
            <value>US/CA</value>
        </criteriaItems>
        <criteriaItems>
            <field>Account_Credit_Request__c.RecordType</field>
            <operation>equals</operation>
            <value>Increase - Open,Auto Increase Submitted</value>
        </criteriaItems>
    </entryCriteria>
    <finalApprovalActions>
        <action>
            <name>Approved_Date_Time</name>
            <type>FieldUpdate</type>
        </action>
        <action>
            <name>Final_Approver</name>
            <type>FieldUpdate</type>
        </action>
        <action>
            <name>Notify_Submitter_Approved</name>
            <type>Alert</type>
        </action>
        <action>
            <name>Status_to_Approved</name>
            <type>FieldUpdate</type>
        </action>
    </finalApprovalActions>
    <finalApprovalRecordLock>true</finalApprovalRecordLock>
    <finalRejectionActions>
        <action>
            <name>Final_Approver</name>
            <type>FieldUpdate</type>
        </action>
        <action>
            <name>Initial_Approval_Success_to_False</name>
            <type>FieldUpdate</type>
        </action>
        <action>
            <name>Notify_Submitter_Rejected</name>
            <type>Alert</type>
        </action>
        <action>
            <name>Rejected_Date_Time</name>
            <type>FieldUpdate</type>
        </action>
        <action>
            <name>Status_to_Rejected</name>
            <type>FieldUpdate</type>
        </action>
    </finalRejectionActions>
    <finalRejectionRecordLock>false</finalRejectionRecordLock>
    <initialSubmissionActions>
        <action>
            <name>Notify_Submitter_Confirmation</name>
            <type>Alert</type>
        </action>
        <action>
            <name>Owner_to_Account_Credit_Request_Initia</name>
            <type>FieldUpdate</type>
        </action>
        <action>
            <name>Send_Alert_when_Submitted</name>
            <type>OutboundMessage</type>
        </action>
        <action>
            <name>Status_to_Submitted</name>
            <type>FieldUpdate</type>
        </action>
        <action>
            <name>Submitted_Date_Time</name>
            <type>FieldUpdate</type>
        </action>
    </initialSubmissionActions>
    <label>Credit Limit Increase - US and Canada r4</label>
    <processOrder>2</processOrder>
    <recallActions>
        <action>
            <name>Initial_Approval_Success_to_False</name>
            <type>FieldUpdate</type>
        </action>
        <action>
            <name>Status_to_Draft</name>
            <type>FieldUpdate</type>
        </action>
        <action>
            <name>Submitted_Date_to_NULL</name>
            <type>FieldUpdate</type>
        </action>
    </recallActions>
    <recordEditability>AdminOrCurrentApprover</recordEditability>
    <showApprovalHistory>true</showApprovalHistory>
</ApprovalProcess>
