<?xml version="1.0" encoding="UTF-8"?>
<ApprovalProcess xmlns="http://soap.sforce.com/2006/04/metadata">
    <active>false</active>
    <allowRecall>false</allowRecall>
    <allowedSubmitters>
        <type>creator</type>
    </allowedSubmitters>
    <allowedSubmitters>
        <type>owner</type>
    </allowedSubmitters>
    <approvalPageFields>
        <field>Name</field>
        <field>Age__c</field>
        <field>IO_Credit_Limit__c</field>
        <field>Online_Credit_Limit__c</field>
        <field>Credit_Used__c</field>
    </approvalPageFields>
    <approvalStep>
        <allowDelegate>true</allowDelegate>
        <assignedApprover>
            <approver>
                <name>CreditAdAccountQueue</name>
                <type>queue</type>
            </approver>
            <whenMultipleApprovers>FirstResponse</whenMultipleApprovers>
        </assignedApprover>
        <label>Initial Approval request</label>
        <name>Initial_Approval_request</name>
    </approvalStep>
    <description>https://our.intern.facebook.com/intern/tasks/?t=3320572</description>
    <enableMobileDeviceAccess>false</enableMobileDeviceAccess>
    <entryCriteria>
        <formula>1=1</formula>
    </entryCriteria>
    <finalApprovalActions>
        <action>
            <name>Notify_Submitter_Approved</name>
            <type>Alert</type>
        </action>
        <action>
            <name>Status_to_Approved</name>
            <type>FieldUpdate</type>
        </action>
    </finalApprovalActions>
    <finalApprovalRecordLock>true</finalApprovalRecordLock>
    <finalRejectionActions>
        <action>
            <name>Notify_Submitter_Rejected</name>
            <type>Alert</type>
        </action>
        <action>
            <name>Status_to_Rejected</name>
            <type>FieldUpdate</type>
        </action>
    </finalRejectionActions>
    <finalRejectionRecordLock>false</finalRejectionRecordLock>
    <initialSubmissionActions>
        <action>
            <name>Notify_Submitter_Confirmation</name>
            <type>Alert</type>
        </action>
        <action>
            <name>Owner_to_Credit_Ad_Account</name>
            <type>FieldUpdate</type>
        </action>
        <action>
            <name>Status_to_Submitted</name>
            <type>FieldUpdate</type>
        </action>
        <action>
            <name>Submitted_Date_Time</name>
            <type>FieldUpdate</type>
        </action>
    </initialSubmissionActions>
    <label>Credit Limit Increase - All</label>
    <processOrder>1</processOrder>
    <recordEditability>AdminOrCurrentApprover</recordEditability>
    <showApprovalHistory>false</showApprovalHistory>
</ApprovalProcess>
