<?xml version="1.0" encoding="UTF-8"?>
<ApprovalProcess xmlns="http://soap.sforce.com/2006/04/metadata">
    <active>false</active>
    <allowRecall>true</allowRecall>
    <allowedSubmitters>
        <type>creator</type>
    </allowedSubmitters>
    <allowedSubmitters>
        <submitter>AllInternalUsers3898313</submitter>
        <type>group</type>
    </allowedSubmitters>
    <allowedSubmitters>
        <type>owner</type>
    </allowedSubmitters>
    <approvalPageFields>
        <field>Name</field>
        <field>Age__c</field>
        <field>IO_Credit_Limit__c</field>
        <field>Online_Credit_Limit__c</field>
        <field>Credit_Used__c</field>
    </approvalPageFields>
    <approvalStep>
        <allowDelegate>true</allowDelegate>
        <approvalActions>
            <action>
                <name>Initial_Approval_Date_Time</name>
                <type>FieldUpdate</type>
            </action>
            <action>
                <name>Initial_Approval_Success_to_True</name>
                <type>FieldUpdate</type>
            </action>
        </approvalActions>
        <assignedApprover>
            <approver>
                <name>Account_Credit_Request_Initial_review</name>
                <type>queue</type>
            </approver>
            <whenMultipleApprovers>FirstResponse</whenMultipleApprovers>
        </assignedApprover>
        <description>Accenture Credit Team</description>
        <label>1. Initial Approval request</label>
        <name>X1_Initial_Approval_request</name>
    </approvalStep>
    <approvalStep>
        <allowDelegate>true</allowDelegate>
        <assignedApprover>
            <approver>
                <name>andreaspinelli@fb.com</name>
                <type>user</type>
            </approver>
            <whenMultipleApprovers>FirstResponse</whenMultipleApprovers>
        </assignedApprover>
        <description>All LATAM requests flow here</description>
        <label>Up to 1.5M</label>
        <name>Up_to_1_5M</name>
        <rejectBehavior>
            <type>RejectRequest</type>
        </rejectBehavior>
    </approvalStep>
    <description>Tiered approvals, limited up to 1.5MM - t=5576763
more submitters and record types - t=6387741
criteria t=7043936, t6151240, t3767184
check &quot;delegated&apos; on step 1: t8951609
remove &apos;new&apos; and &apos;sent&apos; t=6151240</description>
    <emailTemplate>Credit/Credit_EN_Notify_Approver_of_Credit_Request_Increase_Raw_HTML</emailTemplate>
    <enableMobileDeviceAccess>false</enableMobileDeviceAccess>
    <entryCriteria>
        <criteriaItems>
            <field>Account_Credit_Request__c.Credit_Region__c</field>
            <operation>equals</operation>
            <value>LATAM</value>
        </criteriaItems>
        <criteriaItems>
            <field>Account_Credit_Request__c.Credit_App_Status__c</field>
            <operation>equals</operation>
            <value>Draft,Rejected</value>
        </criteriaItems>
        <criteriaItems>
            <field>Account_Credit_Request__c.RecordType</field>
            <operation>equals</operation>
            <value>Increase - Open,Auto Increase Submitted</value>
        </criteriaItems>
    </entryCriteria>
    <finalApprovalActions>
        <action>
            <name>Approved_Date_Time</name>
            <type>FieldUpdate</type>
        </action>
        <action>
            <name>Notify_Submitter_Approved</name>
            <type>Alert</type>
        </action>
        <action>
            <name>Status_to_Approved</name>
            <type>FieldUpdate</type>
        </action>
    </finalApprovalActions>
    <finalApprovalRecordLock>true</finalApprovalRecordLock>
    <finalRejectionActions>
        <action>
            <name>Initial_Approval_Success_to_False</name>
            <type>FieldUpdate</type>
        </action>
        <action>
            <name>Notify_Submitter_Rejected</name>
            <type>Alert</type>
        </action>
        <action>
            <name>Status_to_Rejected</name>
            <type>FieldUpdate</type>
        </action>
        <action>
            <name>Submitted_Date_to_NULL</name>
            <type>FieldUpdate</type>
        </action>
    </finalRejectionActions>
    <finalRejectionRecordLock>false</finalRejectionRecordLock>
    <initialSubmissionActions>
        <action>
            <name>Notify_Submitter_Confirmation</name>
            <type>Alert</type>
        </action>
        <action>
            <name>Owner_to_Account_Credit_Request_Initia</name>
            <type>FieldUpdate</type>
        </action>
        <action>
            <name>Send_Alert_when_Submitted</name>
            <type>OutboundMessage</type>
        </action>
        <action>
            <name>Status_to_Submitted</name>
            <type>FieldUpdate</type>
        </action>
        <action>
            <name>Submitted_Date_Time</name>
            <type>FieldUpdate</type>
        </action>
    </initialSubmissionActions>
    <label>Credit Limit Increase - LATAM</label>
    <processOrder>4</processOrder>
    <recallActions>
        <action>
            <name>Initial_Approval_Success_to_False</name>
            <type>FieldUpdate</type>
        </action>
        <action>
            <name>Status_to_Draft</name>
            <type>FieldUpdate</type>
        </action>
        <action>
            <name>Submitted_Date_to_NULL</name>
            <type>FieldUpdate</type>
        </action>
    </recallActions>
    <recordEditability>AdminOrCurrentApprover</recordEditability>
    <showApprovalHistory>false</showApprovalHistory>
</ApprovalProcess>
