<?xml version="1.0" encoding="UTF-8"?>
<ApprovalProcess xmlns="http://soap.sforce.com/2006/04/metadata">
    <active>false</active>
    <allowRecall>false</allowRecall>
    <allowedSubmitters>
        <type>creator</type>
    </allowedSubmitters>
    <allowedSubmitters>
        <submitter>agnesles@meta.com</submitter>
        <type>user</type>
    </allowedSubmitters>
    <allowedSubmitters>
        <submitter>arunp@meta.com</submitter>
        <type>user</type>
    </allowedSubmitters>
    <allowedSubmitters>
        <submitter>colejimison@meta.com</submitter>
        <type>user</type>
    </allowedSubmitters>
    <allowedSubmitters>
        <submitter>jdimberg@meta.com</submitter>
        <type>user</type>
    </allowedSubmitters>
    <allowedSubmitters>
        <submitter>mhill@meta.com</submitter>
        <type>user</type>
    </allowedSubmitters>
    <approvalPageFields>
        <field>Name</field>
        <field>Account__c</field>
        <field>Credit_Region__c</field>
        <field>Form_Country__c</field>
        <field>Owner</field>
    </approvalPageFields>
    <approvalStep>
        <allowDelegate>true</allowDelegate>
        <approvalActions>
            <action>
                <name>Approval_Level_Executed_1</name>
                <type>FieldUpdate</type>
            </action>
            <action>
                <name>Initial_Approval_Date_Time</name>
                <type>FieldUpdate</type>
            </action>
            <action>
                <name>Initial_Approval_Success_to_True</name>
                <type>FieldUpdate</type>
            </action>
            <action>
                <name>Initial_Approver</name>
                <type>FieldUpdate</type>
            </action>
            <action>
                <name>Next_Approver1_to_FB_Approval</name>
                <type>FieldUpdate</type>
            </action>
            <action>
                <name>nitial_Approved</name>
                <type>FieldUpdate</type>
            </action>
        </approvalActions>
        <assignedApprover>
            <approver>
                <name>Account_Credit_Request_Initial_review</name>
                <type>queue</type>
            </approver>
            <whenMultipleApprovers>FirstResponse</whenMultipleApprovers>
        </assignedApprover>
        <description>Accenture Credit team - Manila</description>
        <label>1. Initial Approval request - CRM</label>
        <name>X1_Initial_Approval_request</name>
        <rejectionActions>
            <action>
                <name>Approval_Level_Executed_1</name>
                <type>FieldUpdate</type>
            </action>
            <action>
                <name>Initial_Approver</name>
                <type>FieldUpdate</type>
            </action>
            <action>
                <name>Initial_Rejected</name>
                <type>FieldUpdate</type>
            </action>
        </rejectionActions>
    </approvalStep>
    <approvalStep>
        <allowDelegate>true</allowDelegate>
        <assignedApprover>
            <approver>
                <name>FB_Approval</name>
                <type>queue</type>
            </approver>
            <whenMultipleApprovers>FirstResponse</whenMultipleApprovers>
        </assignedApprover>
        <description>internal Credit, will add a Country Minimum check once that fx is fixed</description>
        <entryCriteria>
            <booleanFilter>1 or 2 or 3 or 4 or 5 or 6</booleanFilter>
            <criteriaItems>
                <field>Account_Credit_Request__c.Proposed_Online_Credit_Limit__c</field>
                <operation>equals</operation>
                <value>USD 0</value>
            </criteriaItems>
            <criteriaItems>
                <field>Account_Credit_Request__c.Proposed_Online_Credit_Limit__c</field>
                <operation>equals</operation>
            </criteriaItems>
            <criteriaItems>
                <field>Account_Credit_Request__c.Proposed_Online_Credit_Limit__c</field>
                <operation>greaterThan</operation>
                <value>&quot;USD 250,000&quot;</value>
            </criteriaItems>
            <criteriaItems>
                <field>Account_Credit_Request__c.Credit_Region__c</field>
                <operation>equals</operation>
                <value>LATAM</value>
            </criteriaItems>
            <criteriaItems>
                <field>Account_Credit_Request__c.Credit_Region__c</field>
                <operation>equals</operation>
                <value>APAC</value>
            </criteriaItems>
            <criteriaItems>
                <field>Account_Credit_Request__c.Additional_Approval_requested__c</field>
                <operation>equals</operation>
                <value>True</value>
            </criteriaItems>
        </entryCriteria>
        <label>2. FB Approval Queue - All - CRM</label>
        <name>X2_FB_Approval_Queue_All</name>
        <rejectBehavior>
            <type>RejectRequest</type>
        </rejectBehavior>
    </approvalStep>
    <description>If Unity Bot is the creator skip all notifications
t15304657; t15452560; t15886132; t15811201; t16169467; t16676031; t12083862; T62505520; T30187691;
T61633381 - Disable, no longer relevant</description>
    <enableMobileDeviceAccess>true</enableMobileDeviceAccess>
    <entryCriteria>
        <booleanFilter>1 AND 2 AND (3 or 4)</booleanFilter>
        <criteriaItems>
            <field>Account_Credit_Request__c.Credit_App_Status__c</field>
            <operation>equals</operation>
            <value>Draft,Rejected,Sent,New - Rejected,Submitted</value>
        </criteriaItems>
        <criteriaItems>
            <field>Account_Credit_Request__c.RecordType</field>
            <operation>equals</operation>
            <value>New,New - Closed</value>
        </criteriaItems>
        <criteriaItems>
            <field>Account_Credit_Request__c.CreatedBy</field>
            <operation>equals</operation>
            <value>Unity Bot</value>
        </criteriaItems>
        <criteriaItems>
            <field>Account_Credit_Request__c.CreatedBy</field>
            <operation>equals</operation>
            <value>005A00000031mVd</value>
        </criteriaItems>
    </entryCriteria>
    <finalApprovalActions>
        <action>
            <name>Approved_Date_Time</name>
            <type>FieldUpdate</type>
        </action>
        <action>
            <name>Final_Approver</name>
            <type>FieldUpdate</type>
        </action>
        <action>
            <name>Next_Approver1_to_NULL</name>
            <type>FieldUpdate</type>
        </action>
        <action>
            <name>Next_Approver2_to_NULL</name>
            <type>FieldUpdate</type>
        </action>
        <action>
            <name>Notify_Submitter_Approved_BM_Creator</name>
            <type>Alert</type>
        </action>
        <action>
            <name>Record_Type_to_New_Approved</name>
            <type>FieldUpdate</type>
        </action>
        <action>
            <name>Status_to_Approved</name>
            <type>FieldUpdate</type>
        </action>
    </finalApprovalActions>
    <finalApprovalRecordLock>true</finalApprovalRecordLock>
    <finalRejectionActions>
        <action>
            <name>Final_Approver</name>
            <type>FieldUpdate</type>
        </action>
        <action>
            <name>Next_Approver1_to_NULL</name>
            <type>FieldUpdate</type>
        </action>
        <action>
            <name>Next_Approver2_to_NULL</name>
            <type>FieldUpdate</type>
        </action>
        <action>
            <name>Notify_Submitter_Rejected_BM_Creator</name>
            <type>Alert</type>
        </action>
        <action>
            <name>Rejected_Date_Time</name>
            <type>FieldUpdate</type>
        </action>
        <action>
            <name>Status_to_New_Rejected</name>
            <type>FieldUpdate</type>
        </action>
    </finalRejectionActions>
    <finalRejectionRecordLock>false</finalRejectionRecordLock>
    <initialSubmissionActions>
        <action>
            <name>Next_Approver1_to_Accenture</name>
            <type>FieldUpdate</type>
        </action>
        <action>
            <name>Next_Approver2_to_NULL</name>
            <type>FieldUpdate</type>
        </action>
        <action>
            <name>Notify_Submitter_Confirmation_BM_Creator</name>
            <type>Alert</type>
        </action>
        <action>
            <name>Status_to_Submitted</name>
            <type>FieldUpdate</type>
        </action>
        <action>
            <name>Submitted_Date_Time</name>
            <type>FieldUpdate</type>
        </action>
    </initialSubmissionActions>
    <label>New Credit Line - All Regions - CRM App</label>
    <processOrder>1</processOrder>
    <recallActions>
        <action>
            <name>Initial_Approval_Success_to_False</name>
            <type>FieldUpdate</type>
        </action>
        <action>
            <name>Next_Approver1_to_NULL</name>
            <type>FieldUpdate</type>
        </action>
        <action>
            <name>Next_Approver2_to_NULL</name>
            <type>FieldUpdate</type>
        </action>
        <action>
            <name>Status_to_Draft</name>
            <type>FieldUpdate</type>
        </action>
        <action>
            <name>Submitted_Date_to_NULL</name>
            <type>FieldUpdate</type>
        </action>
    </recallActions>
    <recordEditability>AdminOrCurrentApprover</recordEditability>
    <showApprovalHistory>true</showApprovalHistory>
</ApprovalProcess>
