<?xml version="1.0" encoding="UTF-8"?>
<ApprovalProcess xmlns="http://soap.sforce.com/2006/04/metadata">
    <active>true</active>
    <allowRecall>false</allowRecall>
    <allowedSubmitters>
        <type>owner</type>
    </allowedSubmitters>
    <approvalPageFields>
        <field>Name</field>
        <field>Owner</field>
    </approvalPageFields>
    <approvalStep>
        <allowDelegate>true</allowDelegate>
        <assignedApprover>
            <approver>
                <name>Regional_Sales_Director__c</name>
                <type>relatedUserField</type>
            </approver>
            <approver>
                <name>ankelly@meta.com</name>
                <type>user</type>
            </approver>
            <approver>
                <name>kreasner@meta.com</name>
                <type>user</type>
            </approver>
            <whenMultipleApprovers>Unanimous</whenMultipleApprovers>
        </assignedApprover>
        <label>Step 1</label>
        <name>Step_1</name>
    </approvalStep>
    <emailTemplate>Audience_Network/Incentive_Deal_Approval_Email</emailTemplate>
    <enableMobileDeviceAccess>false</enableMobileDeviceAccess>
    <entryCriteria>
        <criteriaItems>
            <field>AN_Incentive_Deal_Account__c.Deal_Model_Status__c</field>
            <operation>equals</operation>
            <value>Draft</value>
        </criteriaItems>
    </entryCriteria>
    <finalApprovalActions>
        <action>
            <name>Update_Deal_Model_Status_To_Approved</name>
            <type>FieldUpdate</type>
        </action>
    </finalApprovalActions>
    <finalApprovalRecordLock>true</finalApprovalRecordLock>
    <finalRejectionActions>
        <action>
            <name>Update_Deal_Model_Status_To_Draft</name>
            <type>FieldUpdate</type>
        </action>
    </finalRejectionActions>
    <finalRejectionRecordLock>false</finalRejectionRecordLock>
    <initialSubmissionActions>
        <action>
            <name>Update_Deal_Model_Status_To_Submitted</name>
            <type>FieldUpdate</type>
        </action>
    </initialSubmissionActions>
    <label>Incentive Deal Approval</label>
    <processOrder>1</processOrder>
    <recordEditability>AdminOnly</recordEditability>
    <showApprovalHistory>true</showApprovalHistory>
</ApprovalProcess>
