<?xml version="1.0" encoding="UTF-8"?>
<ApprovalProcess xmlns="http://soap.sforce.com/2006/04/metadata">
    <active>true</active>
    <allowRecall>true</allowRecall>
    <allowedSubmitters>
        <type>creator</type>
    </allowedSubmitters>
    <allowedSubmitters>
        <type>owner</type>
    </allowedSubmitters>
    <approvalPageFields>
        <field>Name</field>
        <field>Opportunity__c</field>
        <field>Quote_Number__c</field>
        <field>Owner</field>
        <field>Account__c</field>
        <field>Advertiser__c</field>
        <field>Account_Executive__c</field>
        <field>Account_Manager__c</field>
        <field>Ad_Operations__c</field>
    </approvalPageFields>
    <approvalStep>
        <allowDelegate>true</allowDelegate>
        <assignedApprover>
            <approver>
                <name>Approver__c</name>
                <type>relatedUserField</type>
            </approver>
            <whenMultipleApprovers>FirstResponse</whenMultipleApprovers>
        </assignedApprover>
        <entryCriteria>
            <formula>1=2</formula>
        </entryCriteria>
        <ifCriteriaNotMet>ApproveRecord</ifCriteriaNotMet>
        <label>Sales</label>
        <name>Sales</name>
    </approvalStep>
    <description>T32599334 - remove US, ROW only
T44509047 - auto-approve bonus lines for Sales</description>
    <emailTemplate>Quote_Templates/Sales_Quote_Approval_Request</emailTemplate>
    <enableMobileDeviceAccess>false</enableMobileDeviceAccess>
    <entryCriteria>
        <criteriaItems>
            <field>Approval__c.RecordType</field>
            <operation>equals</operation>
            <value>Sales</value>
        </criteriaItems>
        <criteriaItems>
            <field>Approval__c.Status__c</field>
            <operation>equals</operation>
        </criteriaItems>
        <criteriaItems>
            <field>Approval__c.Approval_Required__c</field>
            <operation>equals</operation>
            <value>True</value>
        </criteriaItems>
        <criteriaItems>
            <field>User.Operating_Unit__c</field>
            <operation>notEqual</operation>
            <value>US</value>
        </criteriaItems>
    </entryCriteria>
    <finalApprovalActions>
        <action>
            <name>IO_Approval_Status_Approved</name>
            <type>FieldUpdate</type>
        </action>
        <action>
            <name>Sales_Quote_Approved</name>
            <type>Alert</type>
        </action>
        <action>
            <name>Set_Approved_Date_Time</name>
            <type>FieldUpdate</type>
        </action>
    </finalApprovalActions>
    <finalApprovalRecordLock>true</finalApprovalRecordLock>
    <finalRejectionActions>
        <action>
            <name>IO_Approval_Status_Rejected</name>
            <type>FieldUpdate</type>
        </action>
        <action>
            <name>Sales_Quote_Rejected</name>
            <type>Alert</type>
        </action>
        <action>
            <name>Set_Rejected_Date_Time</name>
            <type>FieldUpdate</type>
        </action>
    </finalRejectionActions>
    <finalRejectionRecordLock>false</finalRejectionRecordLock>
    <initialSubmissionActions>
        <action>
            <name>IO_Approval_Status_Submitted</name>
            <type>FieldUpdate</type>
        </action>
        <action>
            <name>Set_Submitted_Date_Time</name>
            <type>FieldUpdate</type>
        </action>
    </initialSubmissionActions>
    <label>Sales Approval Process - ROW</label>
    <processOrder>3</processOrder>
    <recallActions>
        <action>
            <name>IO_Approval_Status_Recalled</name>
            <type>FieldUpdate</type>
        </action>
        <action>
            <name>Set_Recalled_Date_Time</name>
            <type>FieldUpdate</type>
        </action>
    </recallActions>
    <recordEditability>AdminOrCurrentApprover</recordEditability>
    <showApprovalHistory>true</showApprovalHistory>
</ApprovalProcess>
