<?xml version="1.0" encoding="UTF-8"?>
<ApprovalProcess xmlns="http://soap.sforce.com/2006/04/metadata">
    <active>true</active>
    <allowRecall>true</allowRecall>
    <allowedSubmitters>
        <type>creator</type>
    </allowedSubmitters>
    <allowedSubmitters>
        <type>owner</type>
    </allowedSubmitters>
    <approvalPageFields>
        <field>Name</field>
        <field>Opportunity__c</field>
        <field>Owner</field>
        <field>Quote_Number__c</field>
        <field>Account__c</field>
        <field>Advertiser__c</field>
        <field>Account_Executive__c</field>
        <field>Account_Manager__c</field>
        <field>Ad_Operations__c</field>
    </approvalPageFields>
    <approvalStep>
        <allowDelegate>true</allowDelegate>
        <assignedApprover>
            <approver>
                <name>antonycascante@meta.com</name>
                <type>user</type>
            </approver>
            <approver>
                <name>conuoha@meta.com</name>
                <type>user</type>
            </approver>
            <approver>
                <name>freddiephua@meta.com</name>
                <type>user</type>
            </approver>
            <approver>
                <name>jfaulkner@meta.com</name>
                <type>user</type>
            </approver>
            <approver>
                <name>khairulnisa@meta.com</name>
                <type>user</type>
            </approver>
            <approver>
                <name>laurenlovett@meta.com</name>
                <type>user</type>
            </approver>
            <approver>
                <name>marikoise@meta.com</name>
                <type>user</type>
            </approver>
            <approver>
                <name>mikachatterjee@meta.com</name>
                <type>user</type>
            </approver>
            <approver>
                <name>penadavid@fb.com</name>
                <type>user</type>
            </approver>
            <approver>
                <name>ruthxie@meta.com</name>
                <type>user</type>
            </approver>
            <approver>
                <name>sarahcdp@fb.com</name>
                <type>user</type>
            </approver>
            <approver>
                <name>sylviaholmberg@meta.com</name>
                <type>user</type>
            </approver>
            <approver>
                <name>timothyyu0611@meta.com</name>
                <type>user</type>
            </approver>
            <whenMultipleApprovers>FirstResponse</whenMultipleApprovers>
        </assignedApprover>
        <entryCriteria>
            <criteriaItems>
                <field>Approval__c.Approval_Required__c</field>
                <operation>equals</operation>
                <value>True</value>
            </criteriaItems>
        </entryCriteria>
        <ifCriteriaNotMet>ApproveRecord</ifCriteriaNotMet>
        <label>Credit</label>
        <name>Credit</name>
    </approvalStep>
    <description>T134388135 - new Global approval process
03/29 T149284760 - MH update approvers

original tasks: t=9560769; t10227599; t=10781025; t14791804; T35488274; T35433203; T68874919;T75047514; T87253803; T134388135; T134388135; T140676725</description>
    <emailTemplate>Quote_Templates/Credit_Quote_Approval_Request</emailTemplate>
    <enableMobileDeviceAccess>false</enableMobileDeviceAccess>
    <entryCriteria>
        <booleanFilter>1 AND 2 AND 3</booleanFilter>
        <criteriaItems>
            <field>Approval__c.RecordType</field>
            <operation>equals</operation>
            <value>Credit</value>
        </criteriaItems>
        <criteriaItems>
            <field>Approval__c.Status__c</field>
            <operation>equals</operation>
        </criteriaItems>
        <criteriaItems>
            <field>Approval__c.Approval_Required__c</field>
            <operation>equals</operation>
            <value>True</value>
        </criteriaItems>
    </entryCriteria>
    <finalApprovalActions>
        <action>
            <name>Credit_Quote_Approved</name>
            <type>Alert</type>
        </action>
        <action>
            <name>IO_Approval_Status_Approved</name>
            <type>FieldUpdate</type>
        </action>
        <action>
            <name>Set_Approved_Date_Time</name>
            <type>FieldUpdate</type>
        </action>
    </finalApprovalActions>
    <finalApprovalRecordLock>true</finalApprovalRecordLock>
    <finalRejectionActions>
        <action>
            <name>Credit_Quote_Rejected</name>
            <type>Alert</type>
        </action>
        <action>
            <name>IO_Approval_Status_Rejected</name>
            <type>FieldUpdate</type>
        </action>
        <action>
            <name>Set_Rejected_Date_Time</name>
            <type>FieldUpdate</type>
        </action>
    </finalRejectionActions>
    <finalRejectionRecordLock>false</finalRejectionRecordLock>
    <initialSubmissionActions>
        <action>
            <name>IO_Approval_Status_Submitted</name>
            <type>FieldUpdate</type>
        </action>
        <action>
            <name>Set_Submitted_Date_Time</name>
            <type>FieldUpdate</type>
        </action>
    </initialSubmissionActions>
    <label>Credit Approval Process - all regions</label>
    <processOrder>4</processOrder>
    <recallActions>
        <action>
            <name>IO_Approval_Status_Recalled</name>
            <type>FieldUpdate</type>
        </action>
        <action>
            <name>Set_Recalled_Date_Time</name>
            <type>FieldUpdate</type>
        </action>
    </recallActions>
    <recordEditability>AdminOrCurrentApprover</recordEditability>
    <showApprovalHistory>true</showApprovalHistory>
</ApprovalProcess>
