<?xml version="1.0" encoding="UTF-8"?>
<ApprovalProcess xmlns="http://soap.sforce.com/2006/04/metadata">
    <active>true</active>
    <allowRecall>true</allowRecall>
    <allowedSubmitters>
        <type>creator</type>
    </allowedSubmitters>
    <allowedSubmitters>
        <type>owner</type>
    </allowedSubmitters>
    <approvalPageFields>
        <field>Name</field>
        <field>Opportunity__c</field>
        <field>Quote_Number__c</field>
        <field>Account__c</field>
        <field>Advertiser__c</field>
        <field>Account_Executive__c</field>
        <field>Account_Manager__c</field>
        <field>Ad_Operations__c</field>
        <field>Owner</field>
    </approvalPageFields>
    <approvalStep>
        <allowDelegate>true</allowDelegate>
        <assignedApprover>
            <approver>
                <name>aheeger@meta.com</name>
                <type>user</type>
            </approver>
            <approver>
                <name>amandadelapaz@meta.com</name>
                <type>user</type>
            </approver>
            <approver>
                <name>daniellemilton@meta.com</name>
                <type>user</type>
            </approver>
            <approver>
                <name>eimeark@meta.com</name>
                <type>user</type>
            </approver>
            <approver>
                <name>freddiephua@meta.com</name>
                <type>user</type>
            </approver>
            <approver>
                <name>ianmcgrath@meta.com</name>
                <type>user</type>
            </approver>
            <approver>
                <name>jerome@meta.com</name>
                <type>user</type>
            </approver>
            <approver>
                <name>marikoise@meta.com</name>
                <type>user</type>
            </approver>
            <approver>
                <name>meyriane@meta.com</name>
                <type>user</type>
            </approver>
            <approver>
                <name>nbyrne@meta.com</name>
                <type>user</type>
            </approver>
            <approver>
                <name>sylviaholmberg@meta.com</name>
                <type>user</type>
            </approver>
            <whenMultipleApprovers>FirstResponse</whenMultipleApprovers>
        </assignedApprover>
        <entryCriteria>
            <criteriaItems>
                <field>Approval__c.Approval_Required__c</field>
                <operation>equals</operation>
                <value>True</value>
            </criteriaItems>
        </entryCriteria>
        <ifCriteriaNotMet>ApproveRecord</ifCriteriaNotMet>
        <label>Revenue Assurance</label>
        <name>Revenue_Assurance</name>
    </approvalStep>
    <description>9600064; t5843025; t8541744; t8702561; t10001249; T26869349; t10001249; t15112707; T21429716; T32835012 ; T33346320; T39288068; T40267175; T43947975; T57354453; T58164542; T71603504; T96695841; T109039315;
T137875367 add Danielle, remove Kian</description>
    <emailTemplate>Quote_Templates/Revenue_Assurance_Quote_Approval_Request</emailTemplate>
    <enableMobileDeviceAccess>false</enableMobileDeviceAccess>
    <entryCriteria>
        <criteriaItems>
            <field>Approval__c.RecordType</field>
            <operation>equals</operation>
            <value>Revenue Assurance</value>
        </criteriaItems>
        <criteriaItems>
            <field>Approval__c.Status__c</field>
            <operation>equals</operation>
        </criteriaItems>
        <criteriaItems>
            <field>Approval__c.Approval_Required__c</field>
            <operation>equals</operation>
            <value>True</value>
        </criteriaItems>
    </entryCriteria>
    <finalApprovalActions>
        <action>
            <name>IO_Approval_Status_Approved</name>
            <type>FieldUpdate</type>
        </action>
        <action>
            <name>Revenue_Assurance_Quote_Approved</name>
            <type>Alert</type>
        </action>
        <action>
            <name>Set_Approved_Date_Time</name>
            <type>FieldUpdate</type>
        </action>
    </finalApprovalActions>
    <finalApprovalRecordLock>true</finalApprovalRecordLock>
    <finalRejectionActions>
        <action>
            <name>IO_Approval_Status_Rejected</name>
            <type>FieldUpdate</type>
        </action>
        <action>
            <name>Revenue_Assurance_Quote_Rejected</name>
            <type>Alert</type>
        </action>
        <action>
            <name>Set_Rejected_Date_Time</name>
            <type>FieldUpdate</type>
        </action>
    </finalRejectionActions>
    <finalRejectionRecordLock>false</finalRejectionRecordLock>
    <initialSubmissionActions>
        <action>
            <name>IO_Approval_Status_Submitted</name>
            <type>FieldUpdate</type>
        </action>
        <action>
            <name>Set_Submitted_Date_Time</name>
            <type>FieldUpdate</type>
        </action>
    </initialSubmissionActions>
    <label>Revenue Assurance Approval Process</label>
    <processOrder>5</processOrder>
    <recallActions>
        <action>
            <name>IO_Approval_Status_Recalled</name>
            <type>FieldUpdate</type>
        </action>
        <action>
            <name>Set_Recalled_Date_Time</name>
            <type>FieldUpdate</type>
        </action>
    </recallActions>
    <recordEditability>AdminOrCurrentApprover</recordEditability>
    <showApprovalHistory>true</showApprovalHistory>
</ApprovalProcess>
