<?xml version="1.0" encoding="UTF-8"?>
<ApprovalProcess xmlns="http://soap.sforce.com/2006/04/metadata">
    <active>false</active>
    <allowRecall>true</allowRecall>
    <allowedSubmitters>
        <type>owner</type>
    </allowedSubmitters>
    <approvalPageFields>
        <field>Name</field>
        <field>Owner</field>
        <field>Customer_Account__c</field>
        <field>Status__c</field>
    </approvalPageFields>
    <approvalStep>
        <allowDelegate>true</allowDelegate>
        <approvalActions>
            <action>
                <name>ARO_Approved_Date</name>
                <type>FieldUpdate</type>
            </action>
            <action>
                <name>ARO_Approver</name>
                <type>FieldUpdate</type>
            </action>
            <action>
                <name>Notify_Byron_Hill_and_Matt_Banks</name>
                <type>Alert</type>
            </action>
        </approvalActions>
        <assignedApprover>
            <approver>
                <name>Atlas_ARO_Queue</name>
                <type>queue</type>
            </approver>
            <whenMultipleApprovers>FirstResponse</whenMultipleApprovers>
        </assignedApprover>
        <description>Step 1 ARO Queue - with notifications to Matt Banks and Byron Hill</description>
        <label>Atlas ARO Queue</label>
        <name>Atlas_ARO_Queue</name>
    </approvalStep>
    <approvalStep>
        <allowDelegate>true</allowDelegate>
        <approvalActions>
            <action>
                <name>Legal_Approved_Date</name>
                <type>FieldUpdate</type>
            </action>
            <action>
                <name>Legal_Approver</name>
                <type>FieldUpdate</type>
            </action>
        </approvalActions>
        <assignedApprover>
            <approver>
                <name>mhill@meta.com</name>
                <type>user</type>
            </approver>
            <whenMultipleApprovers>FirstResponse</whenMultipleApprovers>
        </assignedApprover>
        <description>Step 2 Legal - Kimya Hoffman</description>
        <label>Legal Approval</label>
        <name>Legal_Approval</name>
        <rejectBehavior>
            <type>RejectRequest</type>
        </rejectBehavior>
    </approvalStep>
    <description>All Atlas contracts will go through this process</description>
    <enableMobileDeviceAccess>false</enableMobileDeviceAccess>
    <finalApprovalActions>
        <action>
            <name>Status_to_Approved</name>
            <type>FieldUpdate</type>
        </action>
    </finalApprovalActions>
    <finalApprovalRecordLock>true</finalApprovalRecordLock>
    <finalRejectionActions>
        <action>
            <name>NULL_ARO_Approved_Date</name>
            <type>FieldUpdate</type>
        </action>
        <action>
            <name>NULL_ARO_Approver</name>
            <type>FieldUpdate</type>
        </action>
        <action>
            <name>NULL_Legal_Approved_Date</name>
            <type>FieldUpdate</type>
        </action>
        <action>
            <name>NULL_Legal_Approver</name>
            <type>FieldUpdate</type>
        </action>
        <action>
            <name>NULL_Submitted_By</name>
            <type>FieldUpdate</type>
        </action>
        <action>
            <name>NULL_Submitted_On</name>
            <type>FieldUpdate</type>
        </action>
        <action>
            <name>Status_to_Rejected</name>
            <type>FieldUpdate</type>
        </action>
    </finalRejectionActions>
    <finalRejectionRecordLock>false</finalRejectionRecordLock>
    <initialSubmissionActions>
        <action>
            <name>NULL_ARO_Approved_Date</name>
            <type>FieldUpdate</type>
        </action>
        <action>
            <name>NULL_ARO_Approver</name>
            <type>FieldUpdate</type>
        </action>
        <action>
            <name>NULL_Legal_Approved_Date</name>
            <type>FieldUpdate</type>
        </action>
        <action>
            <name>NULL_Legal_Approver</name>
            <type>FieldUpdate</type>
        </action>
        <action>
            <name>Status_to_Submitted</name>
            <type>FieldUpdate</type>
        </action>
        <action>
            <name>Submitted_By</name>
            <type>FieldUpdate</type>
        </action>
        <action>
            <name>Submitted_On</name>
            <type>FieldUpdate</type>
        </action>
    </initialSubmissionActions>
    <label>Atlas Contract Approvals</label>
    <processOrder>1</processOrder>
    <recordEditability>AdminOnly</recordEditability>
    <showApprovalHistory>true</showApprovalHistory>
</ApprovalProcess>
