<?xml version="1.0" encoding="UTF-8"?>
<ApprovalProcess xmlns="http://soap.sforce.com/2006/04/metadata">
    <active>true</active>
    <allowRecall>true</allowRecall>
    <allowedSubmitters>
        <type>owner</type>
    </allowedSubmitters>
    <approvalPageFields>
        <field>Name</field>
        <field>Owner</field>
        <field>Customer_ID__c</field>
        <field>Amount_Of_Credit__c</field>
        <field>Invoice_Date__c</field>
        <field>Number_Of_Invoices__c</field>
        <field>Rebill__c</field>
        <field>Status__c</field>
    </approvalPageFields>
    <approvalStep>
        <allowDelegate>true</allowDelegate>
        <approvalActions>
            <action>
                <name>Record_Type_to_KOHIO</name>
                <type>FieldUpdate</type>
            </action>
            <action>
                <name>Status_to_Processing_in_KOHIO</name>
                <type>FieldUpdate</type>
            </action>
        </approvalActions>
        <assignedApprover>
            <approver>
                <name>arunamantri@fb.com</name>
                <type>user</type>
            </approver>
            <whenMultipleApprovers>FirstResponse</whenMultipleApprovers>
        </assignedApprover>
        <label>Manager Approvals</label>
        <name>Manager_Approvals</name>
    </approvalStep>
    <emailTemplate>Atlas_Contracts_Approval_Process/Atlas_Adjustments_Notification_Raw_HTML</emailTemplate>
    <enableMobileDeviceAccess>false</enableMobileDeviceAccess>
    <entryCriteria>
        <criteriaItems>
            <field>Atlas_Adjustment__c.Credit_Memo_Type__c</field>
            <operation>notEqual</operation>
            <value>Full,Partial</value>
        </criteriaItems>
    </entryCriteria>
    <finalApprovalActions>
        <action>
            <name>RT_to_Locked</name>
            <type>FieldUpdate</type>
        </action>
    </finalApprovalActions>
    <finalApprovalRecordLock>false</finalApprovalRecordLock>
    <finalRejectionActions>
        <action>
            <name>Record_Type_to_Standard</name>
            <type>FieldUpdate</type>
        </action>
        <action>
            <name>Status_to_Rejected</name>
            <type>FieldUpdate</type>
        </action>
    </finalRejectionActions>
    <finalRejectionRecordLock>false</finalRejectionRecordLock>
    <initialSubmissionActions>
        <action>
            <name>Notify_AM</name>
            <type>Alert</type>
        </action>
        <action>
            <name>Record_Type_to_Approval</name>
            <type>FieldUpdate</type>
        </action>
        <action>
            <name>Status_to_Submitted_to_Manager</name>
            <type>FieldUpdate</type>
        </action>
    </initialSubmissionActions>
    <label>Atlas Adjustments approval process v0</label>
    <nextAutomatedApprover>
        <useApproverFieldOfRecordOwner>true</useApproverFieldOfRecordOwner>
        <userHierarchyField>Manager</userHierarchyField>
    </nextAutomatedApprover>
    <processOrder>1</processOrder>
    <recallActions>
        <action>
            <name>Record_Type_to_Standard</name>
            <type>FieldUpdate</type>
        </action>
        <action>
            <name>Status_to_Draft</name>
            <type>FieldUpdate</type>
        </action>
    </recallActions>
    <recordEditability>AdminOrCurrentApprover</recordEditability>
    <showApprovalHistory>false</showApprovalHistory>
</ApprovalProcess>
