<?xml version="1.0" encoding="UTF-8"?>
<ApprovalProcess xmlns="http://soap.sforce.com/2006/04/metadata">
    <active>false</active>
    <allowRecall>true</allowRecall>
    <allowedSubmitters>
        <type>owner</type>
    </allowedSubmitters>
    <approvalPageFields>
        <field>Name</field>
        <field>Owner</field>
        <field>Customer_Account__c</field>
        <field>Status__c</field>
    </approvalPageFields>
    <approvalStep>
        <allowDelegate>true</allowDelegate>
        <approvalActions>
            <action>
                <name>ARO_Approved_Date</name>
                <type>FieldUpdate</type>
            </action>
            <action>
                <name>ARO_Approver</name>
                <type>FieldUpdate</type>
            </action>
            <action>
                <name>Last_Approval_Level_ARO</name>
                <type>FieldUpdate</type>
            </action>
            <action>
                <name>Last_Approved</name>
                <type>FieldUpdate</type>
            </action>
            <action>
                <name>Owner_to_Legals</name>
                <type>FieldUpdate</type>
            </action>
        </approvalActions>
        <assignedApprover>
            <approver>
                <name>agnesles@meta.com</name>
                <type>user</type>
            </approver>
            <whenMultipleApprovers>FirstResponse</whenMultipleApprovers>
        </assignedApprover>
        <description>Step 1 ARO Queue - with notifications to Matt Banks and Byron Hill</description>
        <label>Atlas ARO Queue</label>
        <name>Atlas_ARO_Queue</name>
        <rejectionActions>
            <action>
                <name>Last_Approval_Level_ARO</name>
                <type>FieldUpdate</type>
            </action>
            <action>
                <name>Last_Rejected</name>
                <type>FieldUpdate</type>
            </action>
        </rejectionActions>
    </approvalStep>
    <approvalStep>
        <allowDelegate>true</allowDelegate>
        <approvalActions>
            <action>
                <name>Last_Approval_Level_Legal</name>
                <type>FieldUpdate</type>
            </action>
            <action>
                <name>Last_Approved</name>
                <type>FieldUpdate</type>
            </action>
            <action>
                <name>Legal_Approved_Date</name>
                <type>FieldUpdate</type>
            </action>
            <action>
                <name>Legal_Approver</name>
                <type>FieldUpdate</type>
            </action>
            <action>
                <name>Owner_to_Contracts</name>
                <type>FieldUpdate</type>
            </action>
        </approvalActions>
        <assignedApprover>
            <approver>
                <name>agnesles@meta.com</name>
                <type>user</type>
            </approver>
            <whenMultipleApprovers>FirstResponse</whenMultipleApprovers>
        </assignedApprover>
        <description>Step 2 Legal - Kimya Hoffman</description>
        <label>Legal Approval</label>
        <name>Legal_Approval</name>
        <rejectBehavior>
            <type>RejectRequest</type>
        </rejectBehavior>
        <rejectionActions>
            <action>
                <name>Last_Approval_Level_Legal</name>
                <type>FieldUpdate</type>
            </action>
            <action>
                <name>Last_Rejected</name>
                <type>FieldUpdate</type>
            </action>
        </rejectionActions>
    </approvalStep>
    <approvalStep>
        <allowDelegate>true</allowDelegate>
        <approvalActions>
            <action>
                <name>Contracts_Approved_on</name>
                <type>FieldUpdate</type>
            </action>
            <action>
                <name>Contracts_Approver</name>
                <type>FieldUpdate</type>
            </action>
            <action>
                <name>Last_Approval_CONTRACTS</name>
                <type>FieldUpdate</type>
            </action>
            <action>
                <name>Last_Approved</name>
                <type>FieldUpdate</type>
            </action>
        </approvalActions>
        <assignedApprover>
            <approver>
                <name>agnesles@meta.com</name>
                <type>user</type>
            </approver>
            <whenMultipleApprovers>FirstResponse</whenMultipleApprovers>
        </assignedApprover>
        <description>Step 3 Contracts Queue</description>
        <label>Atlas Contracts Queue</label>
        <name>Atlas_Contracts_Queue</name>
        <rejectBehavior>
            <type>RejectRequest</type>
        </rejectBehavior>
        <rejectionActions>
            <action>
                <name>Last_Approval_CONTRACTS</name>
                <type>FieldUpdate</type>
            </action>
            <action>
                <name>Last_Rejected</name>
                <type>FieldUpdate</type>
            </action>
        </rejectionActions>
    </approvalStep>
    <description>All Atlas contracts will go through this process</description>
    <emailTemplate>Atlas_Contracts_Approval_Process/Atlas_Approval_Request</emailTemplate>
    <enableMobileDeviceAccess>false</enableMobileDeviceAccess>
    <finalApprovalActions>
        <action>
            <name>Create_New_Agreement</name>
            <type>FieldUpdate</type>
        </action>
        <action>
            <name>Notify_AM</name>
            <type>Alert</type>
        </action>
        <action>
            <name>Status_to_Approved</name>
            <type>FieldUpdate</type>
        </action>
        <action>
            <name>Update_Record_Type_to_Locked</name>
            <type>FieldUpdate</type>
        </action>
    </finalApprovalActions>
    <finalApprovalRecordLock>true</finalApprovalRecordLock>
    <finalRejectionActions>
        <action>
            <name>NULL_ARO_Approved_Date</name>
            <type>FieldUpdate</type>
        </action>
        <action>
            <name>NULL_ARO_Approver</name>
            <type>FieldUpdate</type>
        </action>
        <action>
            <name>NULL_Contracts_Approved_on</name>
            <type>FieldUpdate</type>
        </action>
        <action>
            <name>NULL_Contracts_Approver</name>
            <type>FieldUpdate</type>
        </action>
        <action>
            <name>NULL_Legal_Approved_Date</name>
            <type>FieldUpdate</type>
        </action>
        <action>
            <name>NULL_Legal_Approver</name>
            <type>FieldUpdate</type>
        </action>
        <action>
            <name>NULL_Submitted_By</name>
            <type>FieldUpdate</type>
        </action>
        <action>
            <name>NULL_Submitted_On</name>
            <type>FieldUpdate</type>
        </action>
        <action>
            <name>Record_Type_to_Rejected</name>
            <type>FieldUpdate</type>
        </action>
        <action>
            <name>Update_Record_Type_to_Locked</name>
            <type>FieldUpdate</type>
        </action>
    </finalRejectionActions>
    <finalRejectionRecordLock>false</finalRejectionRecordLock>
    <initialSubmissionActions>
        <action>
            <name>Status_to_Submitted</name>
            <type>FieldUpdate</type>
        </action>
        <action>
            <name>Submitted_By</name>
            <type>FieldUpdate</type>
        </action>
        <action>
            <name>Submitted_On</name>
            <type>FieldUpdate</type>
        </action>
        <action>
            <name>Submitter_Email</name>
            <type>FieldUpdate</type>
        </action>
    </initialSubmissionActions>
    <label>Atlas Contract Approvals v4 - Demo</label>
    <processOrder>1</processOrder>
    <recallActions>
        <action>
            <name>Status_to_Draft</name>
            <type>FieldUpdate</type>
        </action>
    </recallActions>
    <recordEditability>AdminOnly</recordEditability>
    <showApprovalHistory>true</showApprovalHistory>
</ApprovalProcess>
