<?xml version="1.0" encoding="UTF-8"?>
<ApprovalProcess xmlns="http://soap.sforce.com/2006/04/metadata">
    <active>false</active>
    <allowRecall>false</allowRecall>
    <allowedSubmitters>
        <type>owner</type>
    </allowedSubmitters>
    <approvalPageFields>
        <field>Name</field>
        <field>Owner</field>
        <field>Client_Recipient_Email__c</field>
        <field>Submitted_By__c</field>
        <field>Submitted_On__c</field>
        <field>Customer_Account_Text__c</field>
    </approvalPageFields>
    <approvalStep>
        <allowDelegate>false</allowDelegate>
        <approvalActions>
            <action>
                <name>ARO_Approved_Date</name>
                <type>FieldUpdate</type>
            </action>
            <action>
                <name>ARO_Approver</name>
                <type>FieldUpdate</type>
            </action>
        </approvalActions>
        <assignedApprover>
            <approver>
                <name>Atlas_ARO_Queue</name>
                <type>queue</type>
            </approver>
            <whenMultipleApprovers>FirstResponse</whenMultipleApprovers>
        </assignedApprover>
        <label>Atlas ARO Queue</label>
        <name>Atlas_ARO_Queue</name>
    </approvalStep>
    <description>Approval process for Locked, Unmodified Amendments</description>
    <emailTemplate>Atlas_Contracts_Approval_Process/Atlas_Contract_Approval</emailTemplate>
    <enableMobileDeviceAccess>false</enableMobileDeviceAccess>
    <entryCriteria>
        <criteriaItems>
            <field>Atlas_Contract__c.RecordType</field>
            <operation>equals</operation>
            <value>&quot;Unmodified, Locked Amendment&quot;</value>
        </criteriaItems>
        <criteriaItems>
            <field>Atlas_Contract__c.GMS_Director_Approver__c</field>
            <operation>equals</operation>
        </criteriaItems>
    </entryCriteria>
    <finalApprovalActions>
        <action>
            <name>Create_New_Agreement</name>
            <type>FieldUpdate</type>
        </action>
    </finalApprovalActions>
    <finalApprovalRecordLock>true</finalApprovalRecordLock>
    <finalRejectionActions>
        <action>
            <name>NULL_Contracts_Approved_on</name>
            <type>FieldUpdate</type>
        </action>
        <action>
            <name>NULL_Contracts_Approver</name>
            <type>FieldUpdate</type>
        </action>
        <action>
            <name>NULL_GMS_Director_Approved_on</name>
            <type>FieldUpdate</type>
        </action>
        <action>
            <name>NULL_GMS_Director_Approver</name>
            <type>FieldUpdate</type>
        </action>
        <action>
            <name>NULL_Legal_Approved_Date</name>
            <type>FieldUpdate</type>
        </action>
        <action>
            <name>NULL_Legal_Approver</name>
            <type>FieldUpdate</type>
        </action>
        <action>
            <name>NULL_Submitted_By</name>
            <type>FieldUpdate</type>
        </action>
        <action>
            <name>NULL_Submitted_On</name>
            <type>FieldUpdate</type>
        </action>
        <action>
            <name>Status_to_Rejected</name>
            <type>FieldUpdate</type>
        </action>
    </finalRejectionActions>
    <finalRejectionRecordLock>false</finalRejectionRecordLock>
    <initialSubmissionActions>
        <action>
            <name>GMS_Director_Approved_on</name>
            <type>FieldUpdate</type>
        </action>
        <action>
            <name>GMS_Director_Approver</name>
            <type>FieldUpdate</type>
        </action>
        <action>
            <name>NULL_ARO_Approved_Date</name>
            <type>FieldUpdate</type>
        </action>
        <action>
            <name>NULL_ARO_Approver</name>
            <type>FieldUpdate</type>
        </action>
        <action>
            <name>Submitted_By</name>
            <type>FieldUpdate</type>
        </action>
        <action>
            <name>Submitted_On</name>
            <type>FieldUpdate</type>
        </action>
        <action>
            <name>Update_Status_to_Submitted</name>
            <type>FieldUpdate</type>
        </action>
    </initialSubmissionActions>
    <label>Atlas Contract Approvals v4 Locked</label>
    <processOrder>1</processOrder>
    <recallActions>
        <action>
            <name>Status_to_Draft</name>
            <type>FieldUpdate</type>
        </action>
    </recallActions>
    <recordEditability>AdminOnly</recordEditability>
    <showApprovalHistory>false</showApprovalHistory>
</ApprovalProcess>
