<?xml version="1.0" encoding="UTF-8"?>
<ApprovalProcess xmlns="http://soap.sforce.com/2006/04/metadata">
    <active>false</active>
    <allowRecall>true</allowRecall>
    <allowedSubmitters>
        <type>owner</type>
    </allowedSubmitters>
    <approvalPageFields>
        <field>Name</field>
        <field>Owner</field>
        <field>Submitted_By__c</field>
        <field>Submitted_On__c</field>
        <field>Status__c</field>
        <field>Client_Recipient_Email__c</field>
        <field>Customer_Account_Text__c</field>
    </approvalPageFields>
    <approvalStep>
        <allowDelegate>false</allowDelegate>
        <approvalActions>
            <action>
                <name>ARO_Approved_Date</name>
                <type>FieldUpdate</type>
            </action>
            <action>
                <name>ARO_Approver</name>
                <type>FieldUpdate</type>
            </action>
        </approvalActions>
        <assignedApprover>
            <approver>
                <name>Atlas_ARO_Queue</name>
                <type>queue</type>
            </approver>
            <whenMultipleApprovers>FirstResponse</whenMultipleApprovers>
        </assignedApprover>
        <label>Atlas ARO Queue</label>
        <name>Atlas_ARO_Queue</name>
    </approvalStep>
    <approvalStep>
        <allowDelegate>false</allowDelegate>
        <approvalActions>
            <action>
                <name>Legal_Approved_Date</name>
                <type>FieldUpdate</type>
            </action>
            <action>
                <name>Legal_Approver</name>
                <type>FieldUpdate</type>
            </action>
        </approvalActions>
        <assignedApprover>
            <approver>
                <name>winston@meta.com</name>
                <type>user</type>
            </approver>
            <whenMultipleApprovers>FirstResponse</whenMultipleApprovers>
        </assignedApprover>
        <label>Winston Su</label>
        <name>Winston_Su</name>
        <rejectBehavior>
            <type>RejectRequest</type>
        </rejectBehavior>
    </approvalStep>
    <description>Approval process for MSA and Modified, Unlocked Amendment Contracts.</description>
    <emailTemplate>Atlas_Contracts_Approval_Process/Atlas_Contract_Approval</emailTemplate>
    <enableMobileDeviceAccess>true</enableMobileDeviceAccess>
    <entryCriteria>
        <criteriaItems>
            <field>Atlas_Contract__c.RecordType</field>
            <operation>equals</operation>
            <value>Master Services Agreement,&quot;Modified, Unlocked Amendment&quot;</value>
        </criteriaItems>
        <criteriaItems>
            <field>Atlas_Contract__c.GMS_Director_Approved_on__c</field>
            <operation>equals</operation>
        </criteriaItems>
        <criteriaItems>
            <field>Atlas_Contract__c.Status__c</field>
            <operation>equals</operation>
            <value>Draft</value>
        </criteriaItems>
    </entryCriteria>
    <finalApprovalActions>
        <action>
            <name>Notify_Upon_MSA_Approval</name>
            <type>Alert</type>
        </action>
    </finalApprovalActions>
    <finalApprovalRecordLock>true</finalApprovalRecordLock>
    <finalRejectionRecordLock>false</finalRejectionRecordLock>
    <initialSubmissionActions>
        <action>
            <name>NULL_ARO_Approved_Date</name>
            <type>FieldUpdate</type>
        </action>
        <action>
            <name>NULL_ARO_Approver</name>
            <type>FieldUpdate</type>
        </action>
        <action>
            <name>NULL_GMS_Director_Approved_on</name>
            <type>FieldUpdate</type>
        </action>
        <action>
            <name>NULL_GMS_Director_Approver</name>
            <type>FieldUpdate</type>
        </action>
        <action>
            <name>NULL_Legal_Approved_Date</name>
            <type>FieldUpdate</type>
        </action>
        <action>
            <name>NULL_Legal_Approver</name>
            <type>FieldUpdate</type>
        </action>
        <action>
            <name>Submitted_By</name>
            <type>FieldUpdate</type>
        </action>
        <action>
            <name>Submitted_On</name>
            <type>FieldUpdate</type>
        </action>
        <action>
            <name>Update_Status_to_Submitted</name>
            <type>FieldUpdate</type>
        </action>
    </initialSubmissionActions>
    <label>Atlas Contract Approvals v4 MSA/Unlocked</label>
    <processOrder>1</processOrder>
    <recordEditability>AdminOnly</recordEditability>
    <showApprovalHistory>false</showApprovalHistory>
</ApprovalProcess>
