<?xml version="1.0" encoding="UTF-8"?>
<ApprovalProcess xmlns="http://soap.sforce.com/2006/04/metadata">
    <active>false</active>
    <allowRecall>true</allowRecall>
    <allowedSubmitters>
        <type>creator</type>
    </allowedSubmitters>
    <allowedSubmitters>
        <type>owner</type>
    </allowedSubmitters>
    <approvalPageFields>
        <field>Name</field>
        <field>Type__c</field>
        <field>Effective_Date__c</field>
        <field>Sold_To_Account__c</field>
        <field>Approval_Status__c</field>
        <field>Owner</field>
        <field>Submitted_By__c</field>
        <field>Submitted_On__c</field>
    </approvalPageFields>
    <approvalStep>
        <allowDelegate>true</allowDelegate>
        <approvalActions>
            <action>
                <name>ARO_Approved_Date</name>
                <type>FieldUpdate</type>
            </action>
            <action>
                <name>ARO_Approver</name>
                <type>FieldUpdate</type>
            </action>
            <action>
                <name>Last_Approval_Level_ARO</name>
                <type>FieldUpdate</type>
            </action>
            <action>
                <name>Last_Decision_Approved</name>
                <type>FieldUpdate</type>
            </action>
            <action>
                <name>Owner_to_Legal_Queue</name>
                <type>FieldUpdate</type>
            </action>
        </approvalActions>
        <assignedApprover>
            <approver>
                <name>Atlas_Contract_Approver_ARO</name>
                <type>queue</type>
            </approver>
            <whenMultipleApprovers>FirstResponse</whenMultipleApprovers>
        </assignedApprover>
        <description>Step 1 ARO Queue</description>
        <label>Atlas ARO Queue</label>
        <name>Atlas_ARO_Queue</name>
        <rejectionActions>
            <action>
                <name>Last_Approval_Level_ARO</name>
                <type>FieldUpdate</type>
            </action>
            <action>
                <name>Last_Decision_Rejected</name>
                <type>FieldUpdate</type>
            </action>
        </rejectionActions>
    </approvalStep>
    <approvalStep>
        <allowDelegate>true</allowDelegate>
        <approvalActions>
            <action>
                <name>Last_Approval_Level_Legal</name>
                <type>FieldUpdate</type>
            </action>
            <action>
                <name>Last_Decision_Approved</name>
                <type>FieldUpdate</type>
            </action>
            <action>
                <name>Legal_Approved_Date</name>
                <type>FieldUpdate</type>
            </action>
            <action>
                <name>Legal_Approver</name>
                <type>FieldUpdate</type>
            </action>
            <action>
                <name>Owner_to_Contracts</name>
                <type>FieldUpdate</type>
            </action>
        </approvalActions>
        <assignedApprover>
            <approver>
                <name>Atlas_Contract_Approver_LEGAL</name>
                <type>queue</type>
            </approver>
            <whenMultipleApprovers>FirstResponse</whenMultipleApprovers>
        </assignedApprover>
        <description>Step 2 Legal</description>
        <label>Legal Approval</label>
        <name>Legal_Approval</name>
        <rejectBehavior>
            <type>RejectRequest</type>
        </rejectBehavior>
        <rejectionActions>
            <action>
                <name>Last_Approval_Level_Legal</name>
                <type>FieldUpdate</type>
            </action>
            <action>
                <name>Last_Decision_Rejected</name>
                <type>FieldUpdate</type>
            </action>
        </rejectionActions>
    </approvalStep>
    <approvalStep>
        <allowDelegate>true</allowDelegate>
        <approvalActions>
            <action>
                <name>Contracts_Approved_Date_Time</name>
                <type>FieldUpdate</type>
            </action>
            <action>
                <name>Contracts_Approver</name>
                <type>FieldUpdate</type>
            </action>
            <action>
                <name>Last_Approval_CONTRACTS</name>
                <type>FieldUpdate</type>
            </action>
            <action>
                <name>Last_Decision_Approved</name>
                <type>FieldUpdate</type>
            </action>
        </approvalActions>
        <assignedApprover>
            <approver>
                <name>Atlas_Contract_Approver_CONTRACT</name>
                <type>queue</type>
            </approver>
            <whenMultipleApprovers>FirstResponse</whenMultipleApprovers>
        </assignedApprover>
        <description>Step 3 Contracts Queue</description>
        <label>Atlas Contracts Queue</label>
        <name>Atlas_Contracts_Queue</name>
        <rejectBehavior>
            <type>RejectRequest</type>
        </rejectBehavior>
        <rejectionActions>
            <action>
                <name>Last_Approval_CONTRACTS</name>
                <type>FieldUpdate</type>
            </action>
            <action>
                <name>Last_Decision_Rejected</name>
                <type>FieldUpdate</type>
            </action>
        </rejectionActions>
    </approvalStep>
    <description>Task 10117338 - Atlas Contracts and Order Forms go through this approval proces.</description>
    <emailTemplate>Atlas_Templates/Atlas_Contract_Approval_Request</emailTemplate>
    <enableMobileDeviceAccess>false</enableMobileDeviceAccess>
    <entryCriteria>
        <formula>AND(
    OR( RecordType.Name = &quot;Master Services Agreement&quot;,
        RecordType.Name = &quot;Order Form&quot;),
    OR( TEXT(Approval_Status__c) = &quot;Required&quot;,
        TEXT(Approval_Status__c) = &quot;Recalled&quot;,
        TEXT(Approval_Status__c) = &quot;Rejected&quot;)
)</formula>
    </entryCriteria>
    <finalApprovalActions>
        <action>
            <name>ApprovalStatus_Internal_Review_Completed</name>
            <type>FieldUpdate</type>
        </action>
        <action>
            <name>Create_New_Agreement</name>
            <type>FieldUpdate</type>
        </action>
    </finalApprovalActions>
    <finalApprovalRecordLock>false</finalApprovalRecordLock>
    <finalRejectionActions>
        <action>
            <name>Approval_Status_to_Rejected</name>
            <type>FieldUpdate</type>
        </action>
        <action>
            <name>Notify_Submitter_Atlas_Contract_Rejected</name>
            <type>Alert</type>
        </action>
        <action>
            <name>NULL_ARO_Approved_Date</name>
            <type>FieldUpdate</type>
        </action>
        <action>
            <name>NULL_ARO_Approver</name>
            <type>FieldUpdate</type>
        </action>
        <action>
            <name>NULL_Contract_Approved_Date</name>
            <type>FieldUpdate</type>
        </action>
        <action>
            <name>NULL_Contracts_Approver</name>
            <type>FieldUpdate</type>
        </action>
        <action>
            <name>NULL_Legal_Approved_Date</name>
            <type>FieldUpdate</type>
        </action>
        <action>
            <name>NULL_Legal_Approver</name>
            <type>FieldUpdate</type>
        </action>
        <action>
            <name>Rejected_By</name>
            <type>FieldUpdate</type>
        </action>
    </finalRejectionActions>
    <finalRejectionRecordLock>false</finalRejectionRecordLock>
    <initialSubmissionActions>
        <action>
            <name>Approval_Status_to_Submitted</name>
            <type>FieldUpdate</type>
        </action>
        <action>
            <name>Backup_Submitter_ID</name>
            <type>FieldUpdate</type>
        </action>
        <action>
            <name>Owner_to_ARO_Queue</name>
            <type>FieldUpdate</type>
        </action>
        <action>
            <name>Submitted_By</name>
            <type>FieldUpdate</type>
        </action>
        <action>
            <name>Submitted_On</name>
            <type>FieldUpdate</type>
        </action>
        <action>
            <name>Update_Submitter_Email</name>
            <type>FieldUpdate</type>
        </action>
    </initialSubmissionActions>
    <label>Atlas Contract Approval Process</label>
    <processOrder>2</processOrder>
    <recallActions>
        <action>
            <name>Approval_Status_to_Recalled</name>
            <type>FieldUpdate</type>
        </action>
    </recallActions>
    <recordEditability>AdminOrCurrentApprover</recordEditability>
    <showApprovalHistory>true</showApprovalHistory>
</ApprovalProcess>
