<?xml version="1.0" encoding="UTF-8"?>
<ApprovalProcess xmlns="http://soap.sforce.com/2006/04/metadata">
    <active>false</active>
    <allowRecall>false</allowRecall>
    <allowedSubmitters>
        <type>creator</type>
    </allowedSubmitters>
    <allowedSubmitters>
        <type>owner</type>
    </allowedSubmitters>
    <approvalPageFields>
        <field>Name</field>
        <field>Owner</field>
    </approvalPageFields>
    <approvalStep>
        <allowDelegate>false</allowDelegate>
        <assignedApprover>
            <approver>
                <name>kenriquez@meta.com</name>
                <type>user</type>
            </approver>
            <whenMultipleApprovers>FirstResponse</whenMultipleApprovers>
        </assignedApprover>
        <description>T126134294
T130867937</description>
        <entryCriteria>
            <formula>AND(
OR(
ISPICKVAL(Types_of_asset__c ,&quot;Blog posts&quot;),
ISPICKVAL(Types_of_asset__c ,&quot;Press Release/Articles&quot;)
),
NOT(ISPICKVAL(Language_of_Asset__c, &quot;Turkish&quot;)
)
)</formula>
        </entryCriteria>
        <ifCriteriaNotMet>GotoNextStep</ifCriteriaNotMet>
        <label>Level -1 Campaign Asset Approval</label>
        <name>Level_1_Campaign_Asset_Approval</name>
    </approvalStep>
    <approvalStep>
        <allowDelegate>false</allowDelegate>
        <assignedApprover>
            <approver>
                <name>anipandey@business.fb.com</name>
                <type>user</type>
            </approver>
            <approver>
                <name>ilibang@meta.com</name>
                <type>user</type>
            </approver>
            <approver>
                <name>jfu@meta.com</name>
                <type>user</type>
            </approver>
            <approver>
                <name>veronicaz12@meta.com</name>
                <type>user</type>
            </approver>
            <whenMultipleApprovers>FirstResponse</whenMultipleApprovers>
        </assignedApprover>
        <description>T142405252
T126134294
T130867937
T133331669</description>
        <entryCriteria>
            <formula>AND(
OR(
ISPICKVAL(Types_of_asset__c ,&quot;Blog posts&quot;),
ISPICKVAL(Types_of_asset__c ,&quot;Press Release/Articles&quot;)
),
ISPICKVAL(Language_of_Asset__c, &quot;Turkish&quot;)
)</formula>
        </entryCriteria>
        <ifCriteriaNotMet>GotoNextStep</ifCriteriaNotMet>
        <label>Level -2 Campaign Asset Approval</label>
        <name>Level_2_Campaign_Asset_Approval</name>
        <rejectBehavior>
            <type>RejectRequest</type>
        </rejectBehavior>
    </approvalStep>
    <approvalStep>
        <allowDelegate>false</allowDelegate>
        <assignedApprover>
            <approver>
                <name>jocelynsantos@meta.com</name>
                <type>user</type>
            </approver>
            <approver>
                <name>veronicaz12@meta.com</name>
                <type>user</type>
            </approver>
            <whenMultipleApprovers>FirstResponse</whenMultipleApprovers>
        </assignedApprover>
        <description>T126134294
T130867937
T133331669</description>
        <entryCriteria>
            <formula>AND(
NOT(
OR((ISPICKVAL(Types_of_asset__c ,&quot;Blog posts&quot;)),
(ISPICKVAL(Types_of_asset__c ,&quot;Press Release/Articles&quot;))
)
),
ISPICKVAL(Language_of_Asset__c, &quot;English&quot;)
)</formula>
        </entryCriteria>
        <ifCriteriaNotMet>GotoNextStep</ifCriteriaNotMet>
        <label>Level -3 Campaign Asset Approval</label>
        <name>Level_3_Campaign_Asset_Approval</name>
        <rejectBehavior>
            <type>RejectRequest</type>
        </rejectBehavior>
    </approvalStep>
    <approvalStep>
        <allowDelegate>false</allowDelegate>
        <assignedApprover>
            <approver>
                <name>anipandey@business.fb.com</name>
                <type>user</type>
            </approver>
            <approver>
                <name>ilibang@meta.com</name>
                <type>user</type>
            </approver>
            <approver>
                <name>jfu@meta.com</name>
                <type>user</type>
            </approver>
            <approver>
                <name>veronicaz12@meta.com</name>
                <type>user</type>
            </approver>
            <whenMultipleApprovers>FirstResponse</whenMultipleApprovers>
        </assignedApprover>
        <description>T133331669</description>
        <entryCriteria>
            <formula>AND(
NOT(
OR((ISPICKVAL(Types_of_asset__c ,&quot;Blog posts&quot;)),
(ISPICKVAL(Types_of_asset__c ,&quot;Press Release/Articles&quot;))
)
),
NOT(
ISPICKVAL(Language_of_Asset__c, &quot;English&quot;)
)
)</formula>
        </entryCriteria>
        <label>Level -4 Campaign Asset Approval</label>
        <name>Level_4_Campaign_Asset_Approval</name>
        <rejectBehavior>
            <type>RejectRequest</type>
        </rejectBehavior>
    </approvalStep>
    <description>T102450111 - Campaign Asset Approval Process
T133331669</description>
    <enableMobileDeviceAccess>false</enableMobileDeviceAccess>
    <entryCriteria>
        <criteriaItems>
            <field>Campaign_Asset__c.RecordType</field>
            <operation>equals</operation>
            <value>BMG Enterprise</value>
        </criteriaItems>
    </entryCriteria>
    <finalApprovalActions>
        <action>
            <name>Send_Approval_Email_alert_to_Record_Creator</name>
            <type>Alert</type>
        </action>
        <action>
            <name>Update_Requestor_Status_to_Approved</name>
            <type>FieldUpdate</type>
        </action>
    </finalApprovalActions>
    <finalApprovalRecordLock>true</finalApprovalRecordLock>
    <finalRejectionActions>
        <action>
            <name>Email_alert_to_Partner_for_Campaign_Asset_rejection</name>
            <type>Alert</type>
        </action>
        <action>
            <name>Update_Requestor_Status_to_Rejected</name>
            <type>FieldUpdate</type>
        </action>
    </finalRejectionActions>
    <finalRejectionRecordLock>false</finalRejectionRecordLock>
    <initialSubmissionActions>
        <action>
            <name>Send_an_email_alert_to_MM_Team</name>
            <type>Alert</type>
        </action>
        <action>
            <name>Send_an_email_alert_to_Partner_user</name>
            <type>Alert</type>
        </action>
        <action>
            <name>Update_Requestor_Status_to_Submitted</name>
            <type>FieldUpdate</type>
        </action>
    </initialSubmissionActions>
    <label>BMG Campaign Asset Approval Process</label>
    <processOrder>1</processOrder>
    <recordEditability>AdminOrCurrentApprover</recordEditability>
    <showApprovalHistory>false</showApprovalHistory>
</ApprovalProcess>
