<?xml version="1.0" encoding="UTF-8"?>
<ApprovalProcess xmlns="http://soap.sforce.com/2006/04/metadata">
    <active>false</active>
    <allowRecall>false</allowRecall>
    <allowedSubmitters>
        <type>creator</type>
    </allowedSubmitters>
    <allowedSubmitters>
        <type>owner</type>
    </allowedSubmitters>
    <allowedSubmitters>
        <submitter>bhambhus@fb.com.bm</submitter>
        <type>partnerUser</type>
    </allowedSubmitters>
    <approvalPageFields>
        <field>Name</field>
        <field>Owner</field>
    </approvalPageFields>
    <approvalStep>
        <allowDelegate>false</allowDelegate>
        <assignedApprover>
            <approver>
                <name>ishanitaneja@meta.com</name>
                <type>user</type>
            </approver>
            <whenMultipleApprovers>FirstResponse</whenMultipleApprovers>
        </assignedApprover>
        <label>WABA Campaign Asset Approval</label>
        <name>WABA_Campaign_Asset_Approval</name>
    </approvalStep>
    <approvalStep>
        <allowDelegate>false</allowDelegate>
        <assignedApprover>
            <approver>
                <name>saritachhatoi@meta.com</name>
                <type>user</type>
            </approver>
            <whenMultipleApprovers>FirstResponse</whenMultipleApprovers>
        </assignedApprover>
        <label>Reassign For Review</label>
        <name>Reassign_For_Review</name>
        <rejectBehavior>
            <type>RejectRequest</type>
        </rejectBehavior>
    </approvalStep>
    <description>T102450111 - Campaign Asset Approval Process</description>
    <enableMobileDeviceAccess>false</enableMobileDeviceAccess>
    <entryCriteria>
        <criteriaItems>
            <field>Campaign_Asset__c.RecordType</field>
            <operation>equals</operation>
            <value>WABA Enterprise</value>
        </criteriaItems>
    </entryCriteria>
    <finalApprovalActions>
        <action>
            <name>Send_Approval_Email_alert_to_Record_Creator</name>
            <type>Alert</type>
        </action>
        <action>
            <name>Update_Requestor_Status_to_Approved</name>
            <type>FieldUpdate</type>
        </action>
    </finalApprovalActions>
    <finalApprovalRecordLock>true</finalApprovalRecordLock>
    <finalRejectionActions>
        <action>
            <name>Email_alert_to_Partner_for_Campaign_Asset_rejection</name>
            <type>Alert</type>
        </action>
        <action>
            <name>Update_Requestor_Status_to_Rejected</name>
            <type>FieldUpdate</type>
        </action>
    </finalRejectionActions>
    <finalRejectionRecordLock>false</finalRejectionRecordLock>
    <initialSubmissionActions>
        <action>
            <name>Send_an_email_alert_to_MM_Team</name>
            <type>Alert</type>
        </action>
        <action>
            <name>Send_an_email_alert_to_Partner_user</name>
            <type>Alert</type>
        </action>
        <action>
            <name>Update_Requestor_Status_to_Submitted</name>
            <type>FieldUpdate</type>
        </action>
    </initialSubmissionActions>
    <label>WABA Campaign Asset Approval Process</label>
    <processOrder>1</processOrder>
    <recordEditability>AdminOrCurrentApprover</recordEditability>
    <showApprovalHistory>false</showApprovalHistory>
</ApprovalProcess>
