<?xml version="1.0" encoding="UTF-8"?>
<ApprovalProcess xmlns="http://soap.sforce.com/2006/04/metadata">
    <active>false</active>
    <allowRecall>true</allowRecall>
    <allowedSubmitters>
        <type>creator</type>
    </allowedSubmitters>
    <allowedSubmitters>
        <type>owner</type>
    </allowedSubmitters>
    <approvalPageFields>
        <field>Name</field>
        <field>Owner</field>
        <field>Partner_Account__c</field>
        <field>Partner_Contact__c</field>
        <field>Affiliated_Campaign_Link__c</field>
        <field>Status</field>
        <field>StartDate</field>
    </approvalPageFields>
    <approvalStep>
        <allowDelegate>false</allowDelegate>
        <assignedApprover>
            <approver>
                <name>dajrawat@meta.com</name>
                <type>user</type>
            </approver>
            <approver>
                <name>rajnijain@meta.com</name>
                <type>user</type>
            </approver>
            <whenMultipleApprovers>FirstResponse</whenMultipleApprovers>
        </assignedApprover>
        <label>Affiliated Campaign Approval- Step</label>
        <name>Affiliated_Campaign_Approval_Step</name>
    </approvalStep>
    <description>T63732183</description>
    <emailTemplate>Workplace_templates/WP_Affiliated_campaign_Submission</emailTemplate>
    <enableMobileDeviceAccess>false</enableMobileDeviceAccess>
    <entryCriteria>
        <criteriaItems>
            <field>Campaign.RecordType</field>
            <operation>equals</operation>
            <value>FB@Work</value>
        </criteriaItems>
        <criteriaItems>
            <field>Campaign.WP_Partner_Program__c</field>
            <operation>equals</operation>
            <value>Affiliated Campaign,MDF Campaign</value>
        </criteriaItems>
    </entryCriteria>
    <finalApprovalActions>
        <action>
            <name>Send_Email_Alert_to_Submitter_and_Partner_Contact</name>
            <type>Alert</type>
        </action>
        <action>
            <name>Update_Campaign_Status</name>
            <type>FieldUpdate</type>
        </action>
    </finalApprovalActions>
    <finalApprovalRecordLock>false</finalApprovalRecordLock>
    <finalRejectionActions>
        <action>
            <name>Send_Email_for_Campaign_rejection</name>
            <type>Alert</type>
        </action>
        <action>
            <name>Update_Campaign_Status_Rejected</name>
            <type>FieldUpdate</type>
        </action>
    </finalRejectionActions>
    <finalRejectionRecordLock>false</finalRejectionRecordLock>
    <label>Affiliated Campaign Approval</label>
    <processOrder>1</processOrder>
    <recordEditability>AdminOrCurrentApprover</recordEditability>
    <showApprovalHistory>true</showApprovalHistory>
</ApprovalProcess>
