<?xml version="1.0" encoding="UTF-8"?>
<ApprovalProcess xmlns="http://soap.sforce.com/2006/04/metadata">
    <active>true</active>
    <allowRecall>true</allowRecall>
    <allowedSubmitters>
        <submitter>ARVR_Retail_TPM_Marketing_CMM</submitter>
        <type>group</type>
    </allowedSubmitters>
    <allowedSubmitters>
        <type>owner</type>
    </allowedSubmitters>
    <allowedSubmitters>
        <submitter>sgundluru@meta.com</submitter>
        <type>user</type>
    </allowedSubmitters>
    <allowedSubmitters>
        <submitter>tciaravino@meta.com</submitter>
        <type>user</type>
    </allowedSubmitters>
    <approvalPageFields>
        <field>Name</field>
        <field>Owner</field>
        <field>CurrencyIsoCode</field>
        <field>Campaign__c</field>
        <field>Roll_up_Amount_Requested__c</field>
        <field>Country_Calc__c</field>
    </approvalPageFields>
    <approvalStep>
        <allowDelegate>true</allowDelegate>
        <assignedApprover>
            <approver>
                <type>userHierarchyField</type>
            </approver>
        </assignedApprover>
        <description>Manager - Elisa Tran</description>
        <label>Manager PEM</label>
        <name>Manager_PEM</name>
    </approvalStep>
    <approvalStep>
        <allowDelegate>true</allowDelegate>
        <assignedApprover>
            <approver>
                <name>katiesimmons@meta.com</name>
                <type>user</type>
            </approver>
            <whenMultipleApprovers>FirstResponse</whenMultipleApprovers>
        </assignedApprover>
        <description>Director of Sales: Katie Simons</description>
        <entryCriteria>
            <criteriaItems>
                <field>CoMarketing__c.Roll_up_Amount_Requested_Summary__c</field>
                <operation>greaterOrEqual</operation>
                <value>&quot;USD 100,000&quot;</value>
            </criteriaItems>
        </entryCriteria>
        <ifCriteriaNotMet>GotoNextStep</ifCriteriaNotMet>
        <label>Director Sales</label>
        <name>Director_Sales</name>
        <rejectBehavior>
            <type>RejectRequest</type>
        </rejectBehavior>
    </approvalStep>
    <approvalStep>
        <allowDelegate>true</allowDelegate>
        <assignedApprover>
            <approver>
                <name>cwitt@meta.com</name>
                <type>user</type>
            </approver>
            <whenMultipleApprovers>FirstResponse</whenMultipleApprovers>
        </assignedApprover>
        <description>Global Sales Director - Christa Whittenberg
Threshold &gt;= 1M</description>
        <entryCriteria>
            <criteriaItems>
                <field>CoMarketing__c.Roll_up_Amount_Requested_Summary__c</field>
                <operation>greaterOrEqual</operation>
                <value>&quot;USD 1,000,000&quot;</value>
            </criteriaItems>
        </entryCriteria>
        <ifCriteriaNotMet>GotoNextStep</ifCriteriaNotMet>
        <label>Global Sales Director</label>
        <name>Global_Sales_Director</name>
        <rejectBehavior>
            <type>RejectRequest</type>
        </rejectBehavior>
    </approvalStep>
    <approvalStep>
        <allowDelegate>true</allowDelegate>
        <assignedApprover>
            <approver>
                <name>zswenson@meta.com</name>
                <type>user</type>
            </approver>
            <whenMultipleApprovers>FirstResponse</whenMultipleApprovers>
        </assignedApprover>
        <description>AR Finance Approval &gt;= 100K - Zachary Swenson</description>
        <entryCriteria>
            <criteriaItems>
                <field>CoMarketing__c.Roll_up_Amount_Requested_Summary__c</field>
                <operation>greaterOrEqual</operation>
                <value>&quot;USD 100,000&quot;</value>
            </criteriaItems>
            <criteriaItems>
                <field>CoMarketing__c.Product_Brand__c</field>
                <operation>equals</operation>
                <value>AR</value>
            </criteriaItems>
        </entryCriteria>
        <ifCriteriaNotMet>GotoNextStep</ifCriteriaNotMet>
        <label>Finance Approval</label>
        <name>Finance_Approval</name>
        <rejectBehavior>
            <type>RejectRequest</type>
        </rejectBehavior>
    </approvalStep>
    <approvalStep>
        <allowDelegate>true</allowDelegate>
        <assignedApprover>
            <approver>
                <name>rmchang@meta.com</name>
                <type>user</type>
            </approver>
            <whenMultipleApprovers>FirstResponse</whenMultipleApprovers>
        </assignedApprover>
        <description>VR Finance Approval &gt;= 100K - Rachel Chang</description>
        <entryCriteria>
            <criteriaItems>
                <field>CoMarketing__c.Roll_up_Amount_Requested_Summary__c</field>
                <operation>greaterOrEqual</operation>
                <value>&quot;USD 100,000&quot;</value>
            </criteriaItems>
            <criteriaItems>
                <field>CoMarketing__c.Product_Brand__c</field>
                <operation>equals</operation>
                <value>VR,VR Accessory</value>
            </criteriaItems>
        </entryCriteria>
        <label>Finance Approval</label>
        <name>Finance_Approval2</name>
        <rejectBehavior>
            <type>RejectRequest</type>
        </rejectBehavior>
    </approvalStep>
    <description>T223646903 - CoMarketing Approval Process consolidation for NA 3PR</description>
    <emailTemplate>ARVR_Retail_CoMarketing_Email_Templates/TPM_Funding_Request_Approval_4</emailTemplate>
    <enableMobileDeviceAccess>false</enableMobileDeviceAccess>
    <entryCriteria>
        <formula>AND (TEXT(Status__c) = &apos;Draft&apos; &amp;&amp;
     TEXT(Plan__r.GEO__c) = &apos;NA&apos; &amp;&amp;
     Plan__r.ChannelSalesTeam__c = &apos;3P Retail&apos; &amp;&amp;
     NOT(ISNULL(Roll_up_Amount_Requested_Summary__c)) &amp;&amp;
     Roll_up_Amount_Requested_Summary__c &gt; 0 &amp;&amp;
     Roll_up_Amount_Requested_Summary__c &gt;= 
     BLANKVALUE (Roll_up_Amount_Latest_Estimate_Summary__c,0)&amp;&amp;
     OR (OR (ISPICKVAL( Type__c , &apos;Fixed Comarketing Spend&apos;), 
             ISBLANK(TEXT(Type__c)) ),
         AND (BLANKVALUE(Total_Percent_Activities__c, 0) * 100 = 100,
               CONTAINS (TEXT(Type__c),&apos;Accrual&apos;) )
        )
)</formula>
    </entryCriteria>
    <finalApprovalActions>
        <action>
            <name>Flag_Has_Been_Approved</name>
            <type>FieldUpdate</type>
        </action>
        <action>
            <name>Nullify_Approval_Step_Name</name>
            <type>FieldUpdate</type>
        </action>
        <action>
            <name>Nullify_Assigned_Approver</name>
            <type>FieldUpdate</type>
        </action>
        <action>
            <name>Nullify_Assigned_Date_Time</name>
            <type>FieldUpdate</type>
        </action>
        <action>
            <name>Nullify_Assigned_Delegated_Approver</name>
            <type>FieldUpdate</type>
        </action>
        <action>
            <name>RL_CoMarketing_Request_Approved_Notification</name>
            <type>Alert</type>
        </action>
        <action>
            <name>Stamp_Date_Approved</name>
            <type>FieldUpdate</type>
        </action>
        <action>
            <name>Sync_Co_Marketing_to_Facebook</name>
            <type>FieldUpdate</type>
        </action>
        <action>
            <name>Sync_Co_Marketing_to_Unity</name>
            <type>FieldUpdate</type>
        </action>
        <action>
            <name>Update_Status_to_Approved</name>
            <type>FieldUpdate</type>
        </action>
    </finalApprovalActions>
    <finalApprovalRecordLock>false</finalApprovalRecordLock>
    <finalRejectionActions>
        <action>
            <name>Nullify_Approval_Step_Name</name>
            <type>FieldUpdate</type>
        </action>
        <action>
            <name>Nullify_Assigned_Approver</name>
            <type>FieldUpdate</type>
        </action>
        <action>
            <name>Nullify_Assigned_Date_Time</name>
            <type>FieldUpdate</type>
        </action>
        <action>
            <name>Nullify_Assigned_Delegated_Approver</name>
            <type>FieldUpdate</type>
        </action>
        <action>
            <name>RL_CoMarketing_Request_Rejected_Notification</name>
            <type>Alert</type>
        </action>
        <action>
            <name>Update_Status_to_Draft</name>
            <type>FieldUpdate</type>
        </action>
    </finalRejectionActions>
    <finalRejectionRecordLock>false</finalRejectionRecordLock>
    <initialSubmissionActions>
        <action>
            <name>Stamp_Date_Submitted</name>
            <type>FieldUpdate</type>
        </action>
        <action>
            <name>Update_Status_to_Submitted</name>
            <type>FieldUpdate</type>
        </action>
    </initialSubmissionActions>
    <label>RL NA 3PR CoMKTG</label>
    <nextAutomatedApprover>
        <useApproverFieldOfRecordOwner>true</useApproverFieldOfRecordOwner>
        <userHierarchyField>Manager</userHierarchyField>
    </nextAutomatedApprover>
    <processOrder>1</processOrder>
    <recallActions>
        <action>
            <name>Nullify_Approval_Step_Name</name>
            <type>FieldUpdate</type>
        </action>
        <action>
            <name>Nullify_Assigned_Approver</name>
            <type>FieldUpdate</type>
        </action>
        <action>
            <name>Nullify_Assigned_Date_Time</name>
            <type>FieldUpdate</type>
        </action>
        <action>
            <name>Nullify_Assigned_Delegated_Approver</name>
            <type>FieldUpdate</type>
        </action>
        <action>
            <name>Update_Status_to_Draft</name>
            <type>FieldUpdate</type>
        </action>
    </recallActions>
    <recordEditability>AdminOnly</recordEditability>
    <showApprovalHistory>false</showApprovalHistory>
</ApprovalProcess>
