<?xml version="1.0" encoding="UTF-8"?>
<ApprovalProcess xmlns="http://soap.sforce.com/2006/04/metadata">
    <active>false</active>
    <allowRecall>true</allowRecall>
    <allowedSubmitters>
        <submitter>ARVR_Retail_TPM_Marketing_CMM</submitter>
        <type>group</type>
    </allowedSubmitters>
    <allowedSubmitters>
        <type>owner</type>
    </allowedSubmitters>
    <allowedSubmitters>
        <submitter>agnesles@meta.com</submitter>
        <type>user</type>
    </allowedSubmitters>
    <allowedSubmitters>
        <submitter>sgundluru@meta.com</submitter>
        <type>user</type>
    </allowedSubmitters>
    <allowedSubmitters>
        <submitter>tciaravino@meta.com</submitter>
        <type>user</type>
    </allowedSubmitters>
    <approvalPageFields>
        <field>Name</field>
        <field>Owner</field>
        <field>CurrencyIsoCode</field>
        <field>Roll_up_Amount_Requested__c</field>
        <field>Campaign__c</field>
        <field>Country_Calc__c</field>
    </approvalPageFields>
    <approvalStep>
        <allowDelegate>true</allowDelegate>
        <assignedApprover>
            <approver>
                <type>userHierarchyField</type>
            </approver>
        </assignedApprover>
        <description>Manager VR - Nina Suzuki</description>
        <label>Manager CMM</label>
        <name>Manager_CMM</name>
    </approvalStep>
    <approvalStep>
        <allowDelegate>true</allowDelegate>
        <assignedApprover>
            <approver>
                <name>ninasuzuki@meta.com</name>
                <type>user</type>
            </approver>
            <whenMultipleApprovers>FirstResponse</whenMultipleApprovers>
        </assignedApprover>
        <description>Director CMM: Nina Suzuki
100K or More</description>
        <entryCriteria>
            <criteriaItems>
                <field>CoMarketing__c.Roll_up_Amount_Requested__c</field>
                <operation>greaterOrEqual</operation>
                <value>&quot;USD 100,000&quot;</value>
            </criteriaItems>
        </entryCriteria>
        <ifCriteriaNotMet>GotoNextStep</ifCriteriaNotMet>
        <label>Director CMM</label>
        <name>X100K_or_More_Director_CMM</name>
        <rejectBehavior>
            <type>RejectRequest</type>
        </rejectBehavior>
    </approvalStep>
    <approvalStep>
        <allowDelegate>true</allowDelegate>
        <assignedApprover>
            <approver>
                <name>guilhemrogez@meta.com</name>
                <type>user</type>
            </approver>
            <whenMultipleApprovers>FirstResponse</whenMultipleApprovers>
        </assignedApprover>
        <description>Director Sales: Guilhem Rogez
100K or More</description>
        <entryCriteria>
            <criteriaItems>
                <field>CoMarketing__c.Roll_up_Amount_Requested__c</field>
                <operation>greaterOrEqual</operation>
                <value>&quot;USD 100,000&quot;</value>
            </criteriaItems>
        </entryCriteria>
        <ifCriteriaNotMet>GotoNextStep</ifCriteriaNotMet>
        <label>Director Sales</label>
        <name>X100K_or_More_Director_Sales</name>
        <rejectBehavior>
            <type>RejectRequest</type>
        </rejectBehavior>
    </approvalStep>
    <approvalStep>
        <allowDelegate>true</allowDelegate>
        <assignedApprover>
            <approver>
                <name>cwitt@meta.com</name>
                <type>user</type>
            </approver>
            <whenMultipleApprovers>FirstResponse</whenMultipleApprovers>
        </assignedApprover>
        <description>Director Global Sales: Christa Whittenberg
Greater than 1M</description>
        <entryCriteria>
            <criteriaItems>
                <field>CoMarketing__c.Roll_up_Amount_Requested__c</field>
                <operation>greaterThan</operation>
                <value>&quot;USD 1,000,000&quot;</value>
            </criteriaItems>
        </entryCriteria>
        <ifCriteriaNotMet>GotoNextStep</ifCriteriaNotMet>
        <label>Global Sales Director</label>
        <name>Greater_than_1M_Director_Global_Sales</name>
        <rejectBehavior>
            <type>RejectRequest</type>
        </rejectBehavior>
    </approvalStep>
    <approvalStep>
        <allowDelegate>true</allowDelegate>
        <assignedApprover>
            <approver>
                <name>joshchiu@meta.com</name>
                <type>user</type>
            </approver>
            <whenMultipleApprovers>FirstResponse</whenMultipleApprovers>
        </assignedApprover>
        <description>100K or More - Josh Chiu</description>
        <entryCriteria>
            <criteriaItems>
                <field>CoMarketing__c.Roll_up_Amount_Requested__c</field>
                <operation>greaterOrEqual</operation>
                <value>&quot;USD 100,000&quot;</value>
            </criteriaItems>
        </entryCriteria>
        <ifCriteriaNotMet>GotoNextStep</ifCriteriaNotMet>
        <label>Finance Approval</label>
        <name>X100K_or_More_Finance</name>
        <rejectBehavior>
            <type>RejectRequest</type>
        </rejectBehavior>
    </approvalStep>
    <approvalStep>
        <allowDelegate>true</allowDelegate>
        <assignedApprover>
            <approver>
                <name>colans@meta.com</name>
                <type>user</type>
            </approver>
            <whenMultipleApprovers>FirstResponse</whenMultipleApprovers>
        </assignedApprover>
        <description>VP Sales: Colan Sewell
Greater than 5M</description>
        <entryCriteria>
            <criteriaItems>
                <field>CoMarketing__c.Roll_up_Amount_Requested__c</field>
                <operation>greaterThan</operation>
                <value>&quot;USD 5,000,000&quot;</value>
            </criteriaItems>
        </entryCriteria>
        <label>VP Sales</label>
        <name>Greater_than_5M_VP_Sales</name>
        <rejectBehavior>
            <type>RejectRequest</type>
        </rejectBehavior>
    </approvalStep>
    <description>T142993677
T125647441 - JPN and EMEA (Non-NA)
T110043255 - add public group Facebook ARVR Retail - TPM Marketing CMM as submitters; remove old MDF ARVR public groups.; T110307786; T122013957 - skip the JPN queue;
T128772560 - JP only
T131765715 - differentiate carrier vs 3P retail
T136034897</description>
    <emailTemplate>ARVR_Retail_CoMarketing_Email_Templates/TPM_Funding_Request_Approval_4</emailTemplate>
    <enableMobileDeviceAccess>false</enableMobileDeviceAccess>
    <entryCriteria>
        <formula>Plan__r.ChannelSalesTeam__c = &apos;3P Retail&apos; &amp;&amp;
ISPICKVAL(Status__c, &apos;Draft&apos;) &amp;&amp;
Country_Calc__c = &apos;JP&apos; &amp;&amp;
Roll_up_Amount_Requested__c &gt; 0 &amp;&amp;
NOT(ISNULL(Roll_up_Amount_Requested__c)) &amp;&amp;
Roll_up_Amount_Requested__c &gt;= Roll_up_Amount_Latest_Estimate__c</formula>
    </entryCriteria>
    <finalApprovalActions>
        <action>
            <name>Flag_Has_Been_Approved</name>
            <type>FieldUpdate</type>
        </action>
        <action>
            <name>Nullify_Approval_Step_Name</name>
            <type>FieldUpdate</type>
        </action>
        <action>
            <name>Nullify_Assigned_Approver</name>
            <type>FieldUpdate</type>
        </action>
        <action>
            <name>Nullify_Assigned_Date_Time</name>
            <type>FieldUpdate</type>
        </action>
        <action>
            <name>Nullify_Assigned_Delegated_Approver</name>
            <type>FieldUpdate</type>
        </action>
        <action>
            <name>RL_CoMarketing_Request_Approved_Notification</name>
            <type>Alert</type>
        </action>
        <action>
            <name>Stamp_Date_Approved</name>
            <type>FieldUpdate</type>
        </action>
        <action>
            <name>Sync_Co_Marketing_to_Facebook</name>
            <type>FieldUpdate</type>
        </action>
        <action>
            <name>Sync_Co_Marketing_to_Unity</name>
            <type>FieldUpdate</type>
        </action>
        <action>
            <name>Update_Status_to_Approved</name>
            <type>FieldUpdate</type>
        </action>
    </finalApprovalActions>
    <finalApprovalRecordLock>false</finalApprovalRecordLock>
    <finalRejectionActions>
        <action>
            <name>Nullify_Approval_Step_Name</name>
            <type>FieldUpdate</type>
        </action>
        <action>
            <name>Nullify_Assigned_Approver</name>
            <type>FieldUpdate</type>
        </action>
        <action>
            <name>Nullify_Assigned_Date_Time</name>
            <type>FieldUpdate</type>
        </action>
        <action>
            <name>Nullify_Assigned_Delegated_Approver</name>
            <type>FieldUpdate</type>
        </action>
        <action>
            <name>RL_CoMarketing_Request_Rejected_Notification</name>
            <type>Alert</type>
        </action>
        <action>
            <name>Update_Status_to_Draft</name>
            <type>FieldUpdate</type>
        </action>
    </finalRejectionActions>
    <finalRejectionRecordLock>false</finalRejectionRecordLock>
    <initialSubmissionActions>
        <action>
            <name>Stamp_Date_Submitted</name>
            <type>FieldUpdate</type>
        </action>
        <action>
            <name>Update_Status_to_Submitted</name>
            <type>FieldUpdate</type>
        </action>
    </initialSubmissionActions>
    <label>RL APAC-JP CoMktg Approval Tiered v1</label>
    <nextAutomatedApprover>
        <useApproverFieldOfRecordOwner>true</useApproverFieldOfRecordOwner>
        <userHierarchyField>Manager</userHierarchyField>
    </nextAutomatedApprover>
    <processOrder>4</processOrder>
    <recallActions>
        <action>
            <name>Nullify_Approval_Step_Name</name>
            <type>FieldUpdate</type>
        </action>
        <action>
            <name>Nullify_Assigned_Approver</name>
            <type>FieldUpdate</type>
        </action>
        <action>
            <name>Nullify_Assigned_Date_Time</name>
            <type>FieldUpdate</type>
        </action>
        <action>
            <name>Nullify_Assigned_Delegated_Approver</name>
            <type>FieldUpdate</type>
        </action>
        <action>
            <name>Update_Status_to_Draft</name>
            <type>FieldUpdate</type>
        </action>
    </recallActions>
    <recordEditability>AdminOnly</recordEditability>
    <showApprovalHistory>false</showApprovalHistory>
</ApprovalProcess>
