<?xml version="1.0" encoding="UTF-8"?>
<ApprovalProcess xmlns="http://soap.sforce.com/2006/04/metadata">
    <active>false</active>
    <allowRecall>true</allowRecall>
    <allowedSubmitters>
        <submitter>ARVR_Retail_TPM_Marketing_CMM</submitter>
        <type>group</type>
    </allowedSubmitters>
    <allowedSubmitters>
        <type>owner</type>
    </allowedSubmitters>
    <allowedSubmitters>
        <submitter>sgundluru@meta.com</submitter>
        <type>user</type>
    </allowedSubmitters>
    <allowedSubmitters>
        <submitter>tciaravino@meta.com</submitter>
        <type>user</type>
    </allowedSubmitters>
    <approvalPageFields>
        <field>Name</field>
        <field>Owner</field>
        <field>CurrencyIsoCode</field>
        <field>Campaign__c</field>
        <field>Roll_up_Amount_Requested__c</field>
        <field>Country_Calc__c</field>
    </approvalPageFields>
    <approvalStep>
        <allowDelegate>true</allowDelegate>
        <assignedApprover>
            <approver>
                <type>userHierarchyField</type>
            </approver>
        </assignedApprover>
        <description>Manager - Elisa Tran
Skip if Owner Manager = Andy Coughlin &amp;&amp;
Rollup Amount Requested &gt;= 100K</description>
        <entryCriteria>
            <booleanFilter>1 OR ( 2 AND 3)</booleanFilter>
            <criteriaItems>
                <field>CoMarketing__c.Roll_up_Amount_Requested__c</field>
                <operation>lessThan</operation>
                <value>&quot;USD 100,000&quot;</value>
            </criteriaItems>
            <criteriaItems>
                <field>CoMarketing__c.Roll_up_Amount_Requested__c</field>
                <operation>greaterOrEqual</operation>
                <value>&quot;USD 100,000&quot;</value>
            </criteriaItems>
            <criteriaItems>
                <field>CoMarketing__c.OwnerManagerName__c</field>
                <operation>notEqual</operation>
                <value>Andy Coughlin</value>
            </criteriaItems>
        </entryCriteria>
        <ifCriteriaNotMet>GotoNextStep</ifCriteriaNotMet>
        <label>Manager CMM</label>
        <name>Manager_CMM</name>
    </approvalStep>
    <approvalStep>
        <allowDelegate>true</allowDelegate>
        <assignedApprover>
            <approver>
                <name>andyco@meta.com</name>
                <type>user</type>
            </approver>
            <whenMultipleApprovers>FirstResponse</whenMultipleApprovers>
        </assignedApprover>
        <description>Director CMM - Andy Coughlin</description>
        <entryCriteria>
            <criteriaItems>
                <field>CoMarketing__c.Roll_up_Amount_Requested__c</field>
                <operation>greaterOrEqual</operation>
                <value>&quot;USD 100,000&quot;</value>
            </criteriaItems>
        </entryCriteria>
        <ifCriteriaNotMet>GotoNextStep</ifCriteriaNotMet>
        <label>Director CMM</label>
        <name>Director_CMM</name>
        <rejectBehavior>
            <type>RejectRequest</type>
        </rejectBehavior>
    </approvalStep>
    <approvalStep>
        <allowDelegate>true</allowDelegate>
        <assignedApprover>
            <approver>
                <name>katiesimmons@meta.com</name>
                <type>user</type>
            </approver>
            <approver>
                <name>kchatfield@meta.com</name>
                <type>user</type>
            </approver>
            <approver>
                <name>tciaravino@meta.com</name>
                <type>user</type>
            </approver>
            <whenMultipleApprovers>FirstResponse</whenMultipleApprovers>
        </assignedApprover>
        <description>Director of Sales: Katie Simons</description>
        <entryCriteria>
            <criteriaItems>
                <field>CoMarketing__c.Roll_up_Amount_Requested__c</field>
                <operation>greaterOrEqual</operation>
                <value>&quot;USD 500,000&quot;</value>
            </criteriaItems>
        </entryCriteria>
        <ifCriteriaNotMet>GotoNextStep</ifCriteriaNotMet>
        <label>Director Sales</label>
        <name>Director_Sales</name>
        <rejectBehavior>
            <type>RejectRequest</type>
        </rejectBehavior>
    </approvalStep>
    <approvalStep>
        <allowDelegate>true</allowDelegate>
        <assignedApprover>
            <approver>
                <name>cwitt@meta.com</name>
                <type>user</type>
            </approver>
            <whenMultipleApprovers>FirstResponse</whenMultipleApprovers>
        </assignedApprover>
        <description>Global Sales Director - Christa Whittenberg
Threshold &gt; 1M</description>
        <entryCriteria>
            <criteriaItems>
                <field>CoMarketing__c.Roll_up_Amount_Requested__c</field>
                <operation>greaterThan</operation>
                <value>&quot;USD 1,000,000&quot;</value>
            </criteriaItems>
        </entryCriteria>
        <ifCriteriaNotMet>GotoNextStep</ifCriteriaNotMet>
        <label>Global Sales Director</label>
        <name>Global_Sales_Director</name>
        <rejectBehavior>
            <type>RejectRequest</type>
        </rejectBehavior>
    </approvalStep>
    <approvalStep>
        <allowDelegate>true</allowDelegate>
        <assignedApprover>
            <approver>
                <name>joshchiu@meta.com</name>
                <type>user</type>
            </approver>
            <whenMultipleApprovers>FirstResponse</whenMultipleApprovers>
        </assignedApprover>
        <description>Finance Approval for requests greater or equal 100K - Josh Chiu</description>
        <entryCriteria>
            <criteriaItems>
                <field>CoMarketing__c.Roll_up_Amount_Requested__c</field>
                <operation>greaterOrEqual</operation>
                <value>&quot;USD 100,000&quot;</value>
            </criteriaItems>
        </entryCriteria>
        <ifCriteriaNotMet>GotoNextStep</ifCriteriaNotMet>
        <label>Finance Approval</label>
        <name>Finance_Approval</name>
        <rejectBehavior>
            <type>RejectRequest</type>
        </rejectBehavior>
    </approvalStep>
    <approvalStep>
        <allowDelegate>true</allowDelegate>
        <assignedApprover>
            <approver>
                <name>colans@meta.com</name>
                <type>user</type>
            </approver>
            <whenMultipleApprovers>FirstResponse</whenMultipleApprovers>
        </assignedApprover>
        <description>VP Sales - Colan Sewall
Threshold &gt; 5M</description>
        <entryCriteria>
            <criteriaItems>
                <field>CoMarketing__c.Roll_up_Amount_Requested__c</field>
                <operation>greaterThan</operation>
                <value>&quot;USD 5,000,000&quot;</value>
            </criteriaItems>
        </entryCriteria>
        <label>VP Sales</label>
        <name>VP_Sales</name>
        <rejectBehavior>
            <type>RejectRequest</type>
        </rejectBehavior>
    </approvalStep>
    <description>T165847337; T168160685 - re-activate.
T159710003 - Add AU for NA region; remove AU from (Non-NA, Non-EMEA, APAC region)
T151656548
T147070400
T142993677
T184486433
T125647441 - New RL  NA CMM approval flow
T127680312 - New threshold amounts
T131765715 - differentiate carrier and non carrier
T136034897
T136135200</description>
    <emailTemplate>ARVR_Retail_CoMarketing_Email_Templates/TPM_Funding_Request_Approval_4</emailTemplate>
    <enableMobileDeviceAccess>false</enableMobileDeviceAccess>
    <entryCriteria>
        <formula>Plan__r.ChannelSalesTeam__c = &apos;3P Retail&apos; &amp;&amp;
ISPICKVAL(Status__c, &apos;Draft&apos;) &amp;&amp;
OR (ISPICKVAL( Type__c , &apos;Fixed Comarketing Spend&apos;), ISBLANK(TEXT(Type__c)))&amp;&amp; 
OR (ISPICKVAL(Plan__r.GEO__c, &apos;NA&apos;),
    Country_Calc__c = &apos;AU&apos;) &amp;&amp;
Roll_up_Amount_Requested__c &gt; 0 &amp;&amp;
NOT(ISNULL(Roll_up_Amount_Requested__c)) &amp;&amp;
Roll_up_Amount_Requested__c &gt;= Roll_up_Amount_Latest_Estimate__c</formula>
    </entryCriteria>
    <finalApprovalActions>
        <action>
            <name>Flag_Has_Been_Approved</name>
            <type>FieldUpdate</type>
        </action>
        <action>
            <name>Nullify_Approval_Step_Name</name>
            <type>FieldUpdate</type>
        </action>
        <action>
            <name>Nullify_Assigned_Approver</name>
            <type>FieldUpdate</type>
        </action>
        <action>
            <name>Nullify_Assigned_Date_Time</name>
            <type>FieldUpdate</type>
        </action>
        <action>
            <name>Nullify_Assigned_Delegated_Approver</name>
            <type>FieldUpdate</type>
        </action>
        <action>
            <name>RL_CoMarketing_Request_Approved_Notification</name>
            <type>Alert</type>
        </action>
        <action>
            <name>Stamp_Date_Approved</name>
            <type>FieldUpdate</type>
        </action>
        <action>
            <name>Sync_Co_Marketing_to_Facebook</name>
            <type>FieldUpdate</type>
        </action>
        <action>
            <name>Sync_Co_Marketing_to_Unity</name>
            <type>FieldUpdate</type>
        </action>
        <action>
            <name>Update_Status_to_Approved</name>
            <type>FieldUpdate</type>
        </action>
    </finalApprovalActions>
    <finalApprovalRecordLock>false</finalApprovalRecordLock>
    <finalRejectionActions>
        <action>
            <name>Nullify_Approval_Step_Name</name>
            <type>FieldUpdate</type>
        </action>
        <action>
            <name>Nullify_Assigned_Approver</name>
            <type>FieldUpdate</type>
        </action>
        <action>
            <name>Nullify_Assigned_Date_Time</name>
            <type>FieldUpdate</type>
        </action>
        <action>
            <name>Nullify_Assigned_Delegated_Approver</name>
            <type>FieldUpdate</type>
        </action>
        <action>
            <name>RL_CoMarketing_Request_Rejected_Notification</name>
            <type>Alert</type>
        </action>
        <action>
            <name>Update_Status_to_Draft</name>
            <type>FieldUpdate</type>
        </action>
    </finalRejectionActions>
    <finalRejectionRecordLock>false</finalRejectionRecordLock>
    <initialSubmissionActions>
        <action>
            <name>Stamp_Date_Submitted</name>
            <type>FieldUpdate</type>
        </action>
        <action>
            <name>Update_Status_to_Submitted</name>
            <type>FieldUpdate</type>
        </action>
    </initialSubmissionActions>
    <label>RL NA CoMarketing Approval Tiered v4.3</label>
    <nextAutomatedApprover>
        <useApproverFieldOfRecordOwner>true</useApproverFieldOfRecordOwner>
        <userHierarchyField>Manager</userHierarchyField>
    </nextAutomatedApprover>
    <processOrder>25</processOrder>
    <recallActions>
        <action>
            <name>Nullify_Approval_Step_Name</name>
            <type>FieldUpdate</type>
        </action>
        <action>
            <name>Nullify_Assigned_Approver</name>
            <type>FieldUpdate</type>
        </action>
        <action>
            <name>Nullify_Assigned_Date_Time</name>
            <type>FieldUpdate</type>
        </action>
        <action>
            <name>Nullify_Assigned_Delegated_Approver</name>
            <type>FieldUpdate</type>
        </action>
        <action>
            <name>Update_Status_to_Draft</name>
            <type>FieldUpdate</type>
        </action>
    </recallActions>
    <recordEditability>AdminOnly</recordEditability>
    <showApprovalHistory>false</showApprovalHistory>
</ApprovalProcess>
