<?xml version="1.0" encoding="UTF-8"?>
<ApprovalProcess xmlns="http://soap.sforce.com/2006/04/metadata">
    <active>false</active>
    <allowRecall>true</allowRecall>
    <allowedSubmitters>
        <submitter>ARVR_Retail_TPM_Marketing_CMM</submitter>
        <type>group</type>
    </allowedSubmitters>
    <allowedSubmitters>
        <type>owner</type>
    </allowedSubmitters>
    <allowedSubmitters>
        <submitter>sgundluru@meta.com</submitter>
        <type>user</type>
    </allowedSubmitters>
    <allowedSubmitters>
        <submitter>tciaravino@meta.com</submitter>
        <type>user</type>
    </allowedSubmitters>
    <approvalPageFields>
        <field>Name</field>
        <field>Owner</field>
        <field>CurrencyIsoCode</field>
        <field>Roll_up_Amount_Requested__c</field>
        <field>Campaign__c</field>
        <field>MSRP_Amount_Latest_Estimate__c</field>
        <field>MSRP_Amount_Requested__c</field>
        <field>Country_Calc__c</field>
    </approvalPageFields>
    <approvalStep>
        <allowDelegate>true</allowDelegate>
        <assignedApprover>
            <approver>
                <type>userHierarchyField</type>
            </approver>
        </assignedApprover>
        <description>Manager approval
Skip if Rollup Amount (Requested) &gt;= 100K &amp;&amp; Owner Manager Name =. Guilhem Rogez</description>
        <entryCriteria>
            <booleanFilter>1 OR (2 AND 3)</booleanFilter>
            <criteriaItems>
                <field>CoMarketing__c.TRADE_Amount_Latest_Estimate__c</field>
                <operation>lessThan</operation>
                <value>&quot;USD 100,000&quot;</value>
            </criteriaItems>
            <criteriaItems>
                <field>CoMarketing__c.TRADE_Amount_Latest_Estimate__c</field>
                <operation>greaterOrEqual</operation>
                <value>&quot;USD 100,000&quot;</value>
            </criteriaItems>
            <criteriaItems>
                <field>CoMarketing__c.OwnerManagerName__c</field>
                <operation>notEqual</operation>
                <value>Guilhem Rogez</value>
            </criteriaItems>
        </entryCriteria>
        <ifCriteriaNotMet>GotoNextStep</ifCriteriaNotMet>
        <label>Manager CMM</label>
        <name>Manager_CMM</name>
    </approvalStep>
    <approvalStep>
        <allowDelegate>true</allowDelegate>
        <assignedApprover>
            <approver>
                <name>guilhemrogez@meta.com</name>
                <type>user</type>
            </approver>
            <whenMultipleApprovers>FirstResponse</whenMultipleApprovers>
        </assignedApprover>
        <description>Director Sales: Guilhem Rogez</description>
        <entryCriteria>
            <criteriaItems>
                <field>CoMarketing__c.TRADE_Amount_Latest_Estimate__c</field>
                <operation>greaterOrEqual</operation>
                <value>&quot;USD 100,000&quot;</value>
            </criteriaItems>
        </entryCriteria>
        <ifCriteriaNotMet>GotoNextStep</ifCriteriaNotMet>
        <label>Director Sales</label>
        <name>X100K_or_More_Director_Sales</name>
        <rejectBehavior>
            <type>RejectRequest</type>
        </rejectBehavior>
    </approvalStep>
    <approvalStep>
        <allowDelegate>true</allowDelegate>
        <assignedApprover>
            <approver>
                <name>cwitt@meta.com</name>
                <type>user</type>
            </approver>
            <whenMultipleApprovers>FirstResponse</whenMultipleApprovers>
        </assignedApprover>
        <description>Director Global Sales: Christa Whittenberg
Greater than 1M</description>
        <entryCriteria>
            <criteriaItems>
                <field>CoMarketing__c.TRADE_Amount_Latest_Estimate__c</field>
                <operation>greaterThan</operation>
                <value>&quot;USD 1,000,000&quot;</value>
            </criteriaItems>
        </entryCriteria>
        <ifCriteriaNotMet>GotoNextStep</ifCriteriaNotMet>
        <label>Global Sales Director</label>
        <name>Greater_than_1M_Director_Global_Sales</name>
        <rejectBehavior>
            <type>RejectRequest</type>
        </rejectBehavior>
    </approvalStep>
    <approvalStep>
        <allowDelegate>true</allowDelegate>
        <assignedApprover>
            <approver>
                <name>zswenson@meta.com</name>
                <type>user</type>
            </approver>
            <whenMultipleApprovers>FirstResponse</whenMultipleApprovers>
        </assignedApprover>
        <description>100K or More - Luiza Ferreira Guimaraes</description>
        <entryCriteria>
            <criteriaItems>
                <field>CoMarketing__c.TRADE_Amount_Latest_Estimate__c</field>
                <operation>greaterOrEqual</operation>
                <value>&quot;USD 100,000&quot;</value>
            </criteriaItems>
        </entryCriteria>
        <ifCriteriaNotMet>GotoNextStep</ifCriteriaNotMet>
        <label>Finance Approval</label>
        <name>X100K_or_More_Finance</name>
        <rejectBehavior>
            <type>RejectRequest</type>
        </rejectBehavior>
    </approvalStep>
    <approvalStep>
        <allowDelegate>true</allowDelegate>
        <assignedApprover>
            <approver>
                <name>colans@meta.com</name>
                <type>user</type>
            </approver>
            <whenMultipleApprovers>FirstResponse</whenMultipleApprovers>
        </assignedApprover>
        <description>VP Sales: Colan Sewell
Greater than 5M</description>
        <entryCriteria>
            <criteriaItems>
                <field>CoMarketing__c.TRADE_Amount_Latest_Estimate__c</field>
                <operation>greaterThan</operation>
                <value>&quot;USD 5,000,000&quot;</value>
            </criteriaItems>
        </entryCriteria>
        <label>VP Sales</label>
        <name>Greater_than_5M_VP_Sales</name>
        <rejectBehavior>
            <type>RejectRequest</type>
        </rejectBehavior>
    </approvalStep>
    <emailTemplate>ARVR_Retail_CoMarketing_Email_Templates/TPM_Funding_Request_Approval_4</emailTemplate>
    <enableMobileDeviceAccess>false</enableMobileDeviceAccess>
    <entryCriteria>
        <formula>Plan__r.ChannelSalesTeam__c = &apos;3P Retail&apos; &amp;&amp;
ISPICKVAL(Status__c, &apos;Draft&apos;) &amp;&amp;
ISPICKVAL( Type__c , &apos;Trade Price Accrual Header&apos;) &amp;&amp;
(ISPICKVAL( Plan__r.GEO__c , &apos;APAC&apos;)) &amp;&amp;
(BLANKVALUE(Total_Percent_Activities__c, 0) * 100) = 100 &amp;&amp;
TRADE_Amount_Requested__c &gt; 0 &amp;&amp;
NOT(ISNULL(TRADE_Amount_Requested__c)) &amp;&amp;
TRADE_Amount_Requested__c &gt;= BLANKVALUE(TRADE_Amount_Latest_Estimate__c, 0)</formula>
    </entryCriteria>
    <finalApprovalActions>
        <action>
            <name>Flag_Has_Been_Approved</name>
            <type>FieldUpdate</type>
        </action>
        <action>
            <name>Nullify_Approval_Step_Name</name>
            <type>FieldUpdate</type>
        </action>
        <action>
            <name>Nullify_Assigned_Approver</name>
            <type>FieldUpdate</type>
        </action>
        <action>
            <name>Nullify_Assigned_Date_Time</name>
            <type>FieldUpdate</type>
        </action>
        <action>
            <name>Nullify_Assigned_Delegated_Approver</name>
            <type>FieldUpdate</type>
        </action>
        <action>
            <name>RL_CoMarketing_Request_Approved_Notification</name>
            <type>Alert</type>
        </action>
        <action>
            <name>Stamp_Date_Approved</name>
            <type>FieldUpdate</type>
        </action>
        <action>
            <name>Sync_Co_Marketing_to_Facebook</name>
            <type>FieldUpdate</type>
        </action>
        <action>
            <name>Sync_Co_Marketing_to_Unity</name>
            <type>FieldUpdate</type>
        </action>
        <action>
            <name>Update_Status_to_Approved</name>
            <type>FieldUpdate</type>
        </action>
    </finalApprovalActions>
    <finalApprovalRecordLock>false</finalApprovalRecordLock>
    <finalRejectionActions>
        <action>
            <name>Nullify_Approval_Step_Name</name>
            <type>FieldUpdate</type>
        </action>
        <action>
            <name>Nullify_Assigned_Approver</name>
            <type>FieldUpdate</type>
        </action>
        <action>
            <name>Nullify_Assigned_Date_Time</name>
            <type>FieldUpdate</type>
        </action>
        <action>
            <name>Nullify_Assigned_Delegated_Approver</name>
            <type>FieldUpdate</type>
        </action>
        <action>
            <name>RL_CoMarketing_Request_Rejected_Notification</name>
            <type>Alert</type>
        </action>
        <action>
            <name>Update_Status_to_Draft</name>
            <type>FieldUpdate</type>
        </action>
    </finalRejectionActions>
    <finalRejectionRecordLock>false</finalRejectionRecordLock>
    <initialSubmissionActions>
        <action>
            <name>Stamp_Date_Submitted</name>
            <type>FieldUpdate</type>
        </action>
        <action>
            <name>Update_Status_to_Submitted</name>
            <type>FieldUpdate</type>
        </action>
    </initialSubmissionActions>
    <label>RL APAC-JP CoMktg Approval Tiered TRDv1</label>
    <nextAutomatedApprover>
        <useApproverFieldOfRecordOwner>true</useApproverFieldOfRecordOwner>
        <userHierarchyField>Manager</userHierarchyField>
    </nextAutomatedApprover>
    <processOrder>18</processOrder>
    <recallActions>
        <action>
            <name>Nullify_Approval_Step_Name</name>
            <type>FieldUpdate</type>
        </action>
        <action>
            <name>Nullify_Assigned_Approver</name>
            <type>FieldUpdate</type>
        </action>
        <action>
            <name>Nullify_Assigned_Date_Time</name>
            <type>FieldUpdate</type>
        </action>
        <action>
            <name>Nullify_Assigned_Delegated_Approver</name>
            <type>FieldUpdate</type>
        </action>
        <action>
            <name>Update_Status_to_Draft</name>
            <type>FieldUpdate</type>
        </action>
    </recallActions>
    <recordEditability>AdminOnly</recordEditability>
    <showApprovalHistory>false</showApprovalHistory>
</ApprovalProcess>
