<?xml version="1.0" encoding="UTF-8"?>
<ApprovalProcess xmlns="http://soap.sforce.com/2006/04/metadata">
    <active>true</active>
    <allowRecall>true</allowRecall>
    <allowedSubmitters>
        <type>creator</type>
    </allowedSubmitters>
    <allowedSubmitters>
        <submitter>RL_All_Partners</submitter>
        <type>group</type>
    </allowedSubmitters>
    <allowedSubmitters>
        <type>owner</type>
    </allowedSubmitters>
    <allowedSubmitters>
        <submitter>Sales</submitter>
        <type>roleSubordinatesInternal</type>
    </allowedSubmitters>
    <approvalPageFields>
        <field>Name</field>
        <field>Owner</field>
        <field>CurrencyIsoCode</field>
        <field>Campaign__c</field>
        <field>Roll_up_Amount_Requested__c</field>
        <field>Co_Marketing_ID_for_Claims__c</field>
        <field>Country_Calc__c</field>
    </approvalPageFields>
    <approvalStep>
        <allowDelegate>true</allowDelegate>
        <approvalActions>
            <action>
                <name>Additional_Approval_Request_100K_Text</name>
                <type>FieldUpdate</type>
            </action>
            <action>
                <name>ApprovalReminderFalse</name>
                <type>FieldUpdate</type>
            </action>
        </approvalActions>
        <assignedApprover>
            <approver>
                <name>Owner</name>
                <type>relatedUserField</type>
            </approver>
            <approver>
                <name>clarkstephanie@meta.com</name>
                <type>user</type>
            </approver>
            <approver>
                <name>dajrawat@meta.com</name>
                <type>user</type>
            </approver>
            <whenMultipleApprovers>FirstResponse</whenMultipleApprovers>
        </assignedApprover>
        <entryCriteria>
            <formula>Amount_Requested_USD__c &gt; 0</formula>
        </entryCriteria>
        <ifCriteriaNotMet>GotoNextStep</ifCriteriaNotMet>
        <label>Regional CM</label>
        <name>Regional_CM</name>
        <rejectionActions>
            <action>
                <name>ApprovalReminderFalse</name>
                <type>FieldUpdate</type>
            </action>
        </rejectionActions>
    </approvalStep>
    <approvalStep>
        <allowDelegate>true</allowDelegate>
        <assignedApprover>
            <approver>
                <name>sallymano@meta.com</name>
                <type>user</type>
            </approver>
            <whenMultipleApprovers>FirstResponse</whenMultipleApprovers>
        </assignedApprover>
        <description>Amount Requested is Greater than &gt; 100000 Amount Requested is less than &lt;$150,000</description>
        <entryCriteria>
            <formula>(Amount_Requested_USD__c &gt; 100000 &amp;&amp; Amount_Requested_USD__c &lt; 150000 &amp;&amp;  RecordType.DeveloperName = &quot;RLC_Header&quot; ) || (Amount_Requested_USD__c &gt; 100000 &amp;&amp;  RecordType.DeveloperName = &quot;RLC_Activity&quot; )</formula>
        </entryCriteria>
        <ifCriteriaNotMet>GotoNextStep</ifCriteriaNotMet>
        <label>Head of Channel Marketing</label>
        <name>Amount_Requested_100000</name>
        <rejectBehavior>
            <type>RejectRequest</type>
        </rejectBehavior>
    </approvalStep>
    <approvalStep>
        <allowDelegate>false</allowDelegate>
        <assignedApprover>
            <approver>
                <name>christine@meta.com</name>
                <type>user</type>
            </approver>
            <whenMultipleApprovers>FirstResponse</whenMultipleApprovers>
        </assignedApprover>
        <entryCriteria>
            <formula>Amount_Requested_USD__c &gt;= 150000 &amp;&amp;  RecordType.DeveloperName = &quot;RLC_Header&quot;</formula>
        </entryCriteria>
        <label>Vice President</label>
        <name>Amount_Requested_150000</name>
        <rejectBehavior>
            <type>RejectRequest</type>
        </rejectBehavior>
    </approvalStep>
    <emailTemplate>FRL_Enterprise/TPM_RLC_Channel_Mktg_Budget_PoP_Approval_Request_Template_HTML</emailTemplate>
    <enableMobileDeviceAccess>false</enableMobileDeviceAccess>
    <entryCriteria>
        <formula>IF(  RecordType.DeveloperName = &quot;RLC_Activity&quot;,  Amount_Requested__c &lt;=   Header__r.Amount_Requested__c -  (Header__r.Roll_up_Activity_Amount_Approved__c +  Header__r.Roll_up_Activity_Amount_Submitted__c) , 
 Amount_Requested__c &gt; 0) &amp;&amp;
NOT(ISNULL(Amount_Requested__c)) &amp;&amp; ISPICKVAL(Status__c, &apos;Draft&apos;)</formula>
    </entryCriteria>
    <finalApprovalActions>
        <action>
            <name>Additional_Approval_Request_Text_Null</name>
            <type>FieldUpdate</type>
        </action>
        <action>
            <name>Amount_Approved</name>
            <type>FieldUpdate</type>
        </action>
        <action>
            <name>Has_Been_Approved</name>
            <type>FieldUpdate</type>
        </action>
        <action>
            <name>Stamp_Date_Approved</name>
            <type>FieldUpdate</type>
        </action>
        <action>
            <name>Update_to_Approved</name>
            <type>FieldUpdate</type>
        </action>
    </finalApprovalActions>
    <finalApprovalRecordLock>false</finalApprovalRecordLock>
    <finalRejectionActions>
        <action>
            <name>Additional_Approval_Request_Text_Reject</name>
            <type>FieldUpdate</type>
        </action>
        <action>
            <name>RL_PRM_CoMarketing_Status_Rejected</name>
            <type>FieldUpdate</type>
        </action>
    </finalRejectionActions>
    <finalRejectionRecordLock>false</finalRejectionRecordLock>
    <initialSubmissionActions>
        <action>
            <name>ApprovalReminderTrue</name>
            <type>FieldUpdate</type>
        </action>
        <action>
            <name>Stamp_Date_Submitted</name>
            <type>FieldUpdate</type>
        </action>
        <action>
            <name>Update_Status_to_Submitted</name>
            <type>FieldUpdate</type>
        </action>
    </initialSubmissionActions>
    <label>TPM RLC Channel Marketing Budget</label>
    <processOrder>1</processOrder>
    <recallActions>
        <action>
            <name>Set_Recall_Status_to_Draft</name>
            <type>FieldUpdate</type>
        </action>
    </recallActions>
    <recordEditability>AdminOnly</recordEditability>
    <showApprovalHistory>false</showApprovalHistory>
</ApprovalProcess>
