<?xml version="1.0" encoding="UTF-8"?>
<ApprovalProcess xmlns="http://soap.sforce.com/2006/04/metadata">
    <active>false</active>
    <allowRecall>true</allowRecall>
    <allowedSubmitters>
        <type>owner</type>
    </allowedSubmitters>
    <approvalPageFields>
        <field>ContractNumber</field>
        <field>Owner</field>
        <field>Account</field>
        <field>Name</field>
        <field>ActivatedDate</field>
        <field>CustomerSigned</field>
        <field>CustomerSignedDate</field>
        <field>Status</field>
    </approvalPageFields>
    <approvalStep>
        <allowDelegate>true</allowDelegate>
        <assignedApprover>
            <approver>
                <name>mhill@meta.com</name>
                <type>user</type>
            </approver>
            <whenMultipleApprovers>FirstResponse</whenMultipleApprovers>
        </assignedApprover>
        <description>2. AM submits agreement to moiaro@microsoft.com</description>
        <label>Step 1. Submit to MOIARO</label>
        <name>Step_1_Submit_to_MOIARO</name>
        <rejectionActions>
            <action>
                <name>Status_to_Rejected</name>
                <type>FieldUpdate</type>
            </action>
        </rejectionActions>
    </approvalStep>
    <approvalStep>
        <allowDelegate>true</allowDelegate>
        <assignedApprover>
            <approver>
                <name>mhill@meta.com</name>
                <type>user</type>
            </approver>
            <whenMultipleApprovers>FirstResponse</whenMultipleApprovers>
        </assignedApprover>
        <description>3. MOIARO reviews, sends to Byron/Matt for review</description>
        <label>Step 2. Submit to Byron/Matt</label>
        <name>Step_2_Submit_to_Byron_Matt</name>
        <rejectBehavior>
            <type>RejectRequest</type>
        </rejectBehavior>
        <rejectionActions>
            <action>
                <name>Status_to_Rejected</name>
                <type>FieldUpdate</type>
            </action>
        </rejectionActions>
    </approvalStep>
    <approvalStep>
        <allowDelegate>true</allowDelegate>
        <assignedApprover>
            <approver>
                <name>mhill@meta.com</name>
                <type>user</type>
            </approver>
            <whenMultipleApprovers>FirstResponse</whenMultipleApprovers>
        </assignedApprover>
        <description>4. Byron/Matt/MOI Approve sends to legal (Kimya Hoffman)</description>
        <label>Step 3. Submit to Legal</label>
        <name>Step_3_Submit_to_Legal</name>
        <rejectBehavior>
            <type>RejectRequest</type>
        </rejectBehavior>
    </approvalStep>
    <approvalStep>
        <allowDelegate>false</allowDelegate>
        <assignedApprover>
            <approver>
                <name>mhill@meta.com</name>
                <type>user</type>
            </approver>
            <whenMultipleApprovers>FirstResponse</whenMultipleApprovers>
        </assignedApprover>
        <description>5. Legal reviews, sends to contracts@fb.com with Elissa cc’d</description>
        <label>Step 4. Submit to Contracts AT fb.com</label>
        <name>Step_4_Submit_to_Contracts_AT_fb_com</name>
        <rejectBehavior>
            <type>RejectRequest</type>
        </rejectBehavior>
        <rejectionActions>
            <action>
                <name>Status_to_Rejected</name>
                <type>FieldUpdate</type>
            </action>
        </rejectionActions>
    </approvalStep>
    <approvalStep>
        <allowDelegate>true</allowDelegate>
        <assignedApprover>
            <approver>
                <name>mhill@meta.com</name>
                <type>user</type>
            </approver>
            <whenMultipleApprovers>FirstResponse</whenMultipleApprovers>
        </assignedApprover>
        <description>6. Contracts@ stamps, replies to email
7. Elissa sends to signatory
8. Signatory returns to Elissa
9. Elissa submits fully executed agreement to signedcontracts@fb.com and moiaro@microsoft.com; cc’s AM</description>
        <label>Step 5. Elissa to signatory to Elissa to SignedATfb.com</label>
        <name>Step_5_Elissa_to_signatory</name>
        <rejectBehavior>
            <type>RejectRequest</type>
        </rejectBehavior>
        <rejectionActions>
            <action>
                <name>Status_to_Rejected</name>
                <type>FieldUpdate</type>
            </action>
        </rejectionActions>
    </approvalStep>
    <description>All Atlas Contracts need to be approved so will fall into this process.</description>
    <enableMobileDeviceAccess>false</enableMobileDeviceAccess>
    <entryCriteria>
        <criteriaItems>
            <field>Contract.RecordType</field>
            <operation>equals</operation>
            <value>Atlas Contract</value>
        </criteriaItems>
    </entryCriteria>
    <finalApprovalActions>
        <action>
            <name>Status_to_Approved</name>
            <type>FieldUpdate</type>
        </action>
    </finalApprovalActions>
    <finalApprovalRecordLock>true</finalApprovalRecordLock>
    <finalRejectionActions>
        <action>
            <name>Status_to_Rejected</name>
            <type>FieldUpdate</type>
        </action>
    </finalRejectionActions>
    <finalRejectionRecordLock>false</finalRejectionRecordLock>
    <initialSubmissionActions>
        <action>
            <name>Status_to_In_Approval_Process</name>
            <type>FieldUpdate</type>
        </action>
    </initialSubmissionActions>
    <label>Atlas Contracts</label>
    <processOrder>0</processOrder>
    <recallActions>
        <action>
            <name>Status_to_Draft</name>
            <type>FieldUpdate</type>
        </action>
    </recallActions>
    <recordEditability>AdminOrCurrentApprover</recordEditability>
    <showApprovalHistory>true</showApprovalHistory>
</ApprovalProcess>
