<?xml version="1.0" encoding="UTF-8"?>
<ApprovalProcess xmlns="http://soap.sforce.com/2006/04/metadata">
    <active>true</active>
    <allowRecall>true</allowRecall>
    <allowedSubmitters>
        <submitter>AllInternalUsers3898313</submitter>
        <type>group</type>
    </allowedSubmitters>
    <allowedSubmitters>
        <type>owner</type>
    </allowedSubmitters>
    <approvalPageFields>
        <field>Name</field>
        <field>Owner</field>
    </approvalPageFields>
    <approvalStep>
        <allowDelegate>false</allowDelegate>
        <assignedApprover>
            <approver>
                <name>timpicka@meta.com</name>
                <type>user</type>
            </approver>
            <whenMultipleApprovers>FirstResponse</whenMultipleApprovers>
        </assignedApprover>
        <label>Glide</label>
        <name>Glide</name>
    </approvalStep>
    <emailTemplate>All_Email_templates/GLIDE_Approval_Contractor</emailTemplate>
    <enableMobileDeviceAccess>false</enableMobileDeviceAccess>
    <entryCriteria>
        <criteriaItems>
            <field>Contractor_Provisioning__c.Contingent_worker_type__c</field>
            <operation>equals</operation>
            <value>Contractor</value>
        </criteriaItems>
    </entryCriteria>
    <finalApprovalActions>
        <action>
            <name>Approved</name>
            <type>FieldUpdate</type>
        </action>
    </finalApprovalActions>
    <finalApprovalRecordLock>false</finalApprovalRecordLock>
    <finalRejectionActions>
        <action>
            <name>Rejected</name>
            <type>FieldUpdate</type>
        </action>
    </finalRejectionActions>
    <finalRejectionRecordLock>false</finalRejectionRecordLock>
    <initialSubmissionActions>
        <action>
            <name>Pending_Approvla</name>
            <type>FieldUpdate</type>
        </action>
    </initialSubmissionActions>
    <label>Glide Approval for Contractor</label>
    <nextAutomatedApprover>
        <useApproverFieldOfRecordOwner>false</useApproverFieldOfRecordOwner>
        <userHierarchyField>Manager</userHierarchyField>
    </nextAutomatedApprover>
    <processOrder>2</processOrder>
    <recordEditability>AdminOrCurrentApprover</recordEditability>
    <showApprovalHistory>true</showApprovalHistory>
</ApprovalProcess>
