<?xml version="1.0" encoding="UTF-8"?>
<ApprovalProcess xmlns="http://soap.sforce.com/2006/04/metadata">
    <active>true</active>
    <allowRecall>true</allowRecall>
    <allowedSubmitters>
        <type>creator</type>
    </allowedSubmitters>
    <allowedSubmitters>
        <type>owner</type>
    </allowedSubmitters>
    <approvalPageFields>
        <field>Name</field>
        <field>User__c</field>
        <field>Employee_Email__c</field>
        <field>Department__c</field>
        <field>Date_Applied__c</field>
        <field>I_have_read_the_US_T_E_Card_Policy__c</field>
        <field>I_accept_these_terms_and_conditions__c</field>
        <field>Rush_Delivery__c</field>
        <field>Owner</field>
    </approvalPageFields>
    <approvalStep>
        <allowDelegate>true</allowDelegate>
        <assignedApprover>
            <approver>
                <type>userHierarchyField</type>
            </approver>
        </assignedApprover>
        <description>When an application is submitted, the employee&apos;s manager must approve the application.</description>
        <label>Submit to Manager for Approval</label>
        <name>Submit_to_Manager_for_Approval</name>
    </approvalStep>
    <description>Once a user submits a credit card application, get approval from their manager before submitting it to GPO</description>
    <emailTemplate>Global_Procurement_Operations/Approve_Credit_Card_Application</emailTemplate>
    <enableMobileDeviceAccess>true</enableMobileDeviceAccess>
    <entryCriteria>
        <formula>AND( 
ISPICKVAL(Status__c, &quot;Not Submitted&quot;), 
!ISNULL(User__c) 
)</formula>
    </entryCriteria>
    <finalApprovalActions>
        <action>
            <name>Notify_employee_that_application_was_approved</name>
            <type>Alert</type>
        </action>
        <action>
            <name>Update_Date_Approved</name>
            <type>FieldUpdate</type>
        </action>
        <action>
            <name>Update_Status_to_Approved</name>
            <type>FieldUpdate</type>
        </action>
    </finalApprovalActions>
    <finalApprovalRecordLock>false</finalApprovalRecordLock>
    <finalRejectionActions>
        <action>
            <name>Notify_employee_that_application_was_rejected</name>
            <type>Alert</type>
        </action>
        <action>
            <name>Update_Status_to_Rejected</name>
            <type>FieldUpdate</type>
        </action>
    </finalRejectionActions>
    <finalRejectionRecordLock>true</finalRejectionRecordLock>
    <initialSubmissionActions>
        <action>
            <name>Notify_employee_that_application_has_been_submitted</name>
            <type>Alert</type>
        </action>
        <action>
            <name>Update_Date_Applied</name>
            <type>FieldUpdate</type>
        </action>
        <action>
            <name>Update_Status_to_Pending_Approval</name>
            <type>FieldUpdate</type>
        </action>
    </initialSubmissionActions>
    <label>Approve Credit Card Application</label>
    <nextAutomatedApprover>
        <useApproverFieldOfRecordOwner>true</useApproverFieldOfRecordOwner>
        <userHierarchyField>Manager</userHierarchyField>
    </nextAutomatedApprover>
    <processOrder>1</processOrder>
    <recallActions>
        <action>
            <name>Clear_Date_Applied</name>
            <type>FieldUpdate</type>
        </action>
        <action>
            <name>Update_Status_to_Not_Submitted</name>
            <type>FieldUpdate</type>
        </action>
    </recallActions>
    <recordEditability>AdminOrCurrentApprover</recordEditability>
    <showApprovalHistory>false</showApprovalHistory>
</ApprovalProcess>
