<?xml version="1.0" encoding="UTF-8"?>
<ApprovalProcess xmlns="http://soap.sforce.com/2006/04/metadata">
    <active>true</active>
    <allowRecall>true</allowRecall>
    <allowedSubmitters>
        <type>owner</type>
    </allowedSubmitters>
    <approvalPageFields>
        <field>Name</field>
        <field>Owner</field>
    </approvalPageFields>
    <approvalStep>
        <allowDelegate>false</allowDelegate>
        <approvalActions>
            <action>
                <name>Approver_Update_1</name>
                <type>FieldUpdate</type>
            </action>
            <action>
                <name>EDD_Outcome_Status_Sent_to_AML_Compl</name>
                <type>FieldUpdate</type>
            </action>
        </approvalActions>
        <assignedApprover>
            <approver>
                <name>Novi_EDD_Ops_Approvers</name>
                <type>queue</type>
            </approver>
            <whenMultipleApprovers>FirstResponse</whenMultipleApprovers>
        </assignedApprover>
        <description>First PEP/EDD approval layer - sign off from Head of Compliance Operations Required</description>
        <entryCriteria>
            <criteriaItems>
                <field>EDD_Investigation__c.Send_directly_to_MLRO__c</field>
                <operation>equals</operation>
                <value>False</value>
            </criteriaItems>
        </entryCriteria>
        <ifCriteriaNotMet>GotoNextStep</ifCriteriaNotMet>
        <label>Sign off from Head of Compliance Operations</label>
        <name>Sign_off_from_Head_of_Compliance_Operations</name>
        <rejectionActions>
            <action>
                <name>Approver_Update_1</name>
                <type>FieldUpdate</type>
            </action>
            <action>
                <name>EDD_Outcome_Status_Reject_Sent_to_Op</name>
                <type>FieldUpdate</type>
            </action>
            <action>
                <name>EDD_Reject_Sent_to_Ops</name>
                <type>Alert</type>
            </action>
        </rejectionActions>
    </approvalStep>
    <approvalStep>
        <allowDelegate>false</allowDelegate>
        <approvalActions>
            <action>
                <name>Approver_Update_2</name>
                <type>FieldUpdate</type>
            </action>
        </approvalActions>
        <assignedApprover>
            <approver>
                <name>almelia@meta.com</name>
                <type>user</type>
            </approver>
            <whenMultipleApprovers>FirstResponse</whenMultipleApprovers>
        </assignedApprover>
        <description>Second PEP/EDD approval layer - sign off from MLRO for respective jurisdiction is required</description>
        <entryCriteria>
            <criteriaItems>
                <field>EDD_Investigation__c.Region__c</field>
                <operation>equals</operation>
                <value>EMEA</value>
            </criteriaItems>
            <criteriaItems>
                <field>EDD_Investigation__c.Reason_for_review__c</field>
                <operation>equals</operation>
                <value>PEP EDD</value>
            </criteriaItems>
        </entryCriteria>
        <ifCriteriaNotMet>GotoNextStep</ifCriteriaNotMet>
        <label>Sign off from MLRO for EMA Jurisdiction</label>
        <name>Sign_off_from_MLRO_for_EMA_Jurisdiction</name>
        <rejectBehavior>
            <type>RejectRequest</type>
        </rejectBehavior>
        <rejectionActions>
            <action>
                <name>Approver_Update_2</name>
                <type>FieldUpdate</type>
            </action>
        </rejectionActions>
    </approvalStep>
    <approvalStep>
        <allowDelegate>false</allowDelegate>
        <assignedApprover>
            <approver>
                <name>Novi_FIU_Approvers</name>
                <type>queue</type>
            </approver>
            <approver>
                <name>almelia@meta.com</name>
                <type>user</type>
            </approver>
            <whenMultipleApprovers>FirstResponse</whenMultipleApprovers>
        </assignedApprover>
        <entryCriteria>
            <criteriaItems>
                <field>EDD_Investigation__c.Reason_for_review__c</field>
                <operation>notEqual</operation>
                <value>PEP EDD</value>
            </criteriaItems>
        </entryCriteria>
        <label>General EDD Approval</label>
        <name>General_EDD_Approval</name>
        <rejectBehavior>
            <type>RejectRequest</type>
        </rejectBehavior>
    </approvalStep>
    <description>First PEP/EDD Approval Process - EMEA</description>
    <emailTemplate>EDD_Investigations_Approval_Process/EDD_Sent_to_Approver</emailTemplate>
    <enableMobileDeviceAccess>false</enableMobileDeviceAccess>
    <entryCriteria>
        <criteriaItems>
            <field>EDD_Investigation__c.Region__c</field>
            <operation>equals</operation>
            <value>EMEA</value>
        </criteriaItems>
    </entryCriteria>
    <finalApprovalActions>
        <action>
            <name>EDD_Investigation_Approved</name>
            <type>Alert</type>
        </action>
        <action>
            <name>EDD_Outcome_Status_Approved</name>
            <type>FieldUpdate</type>
        </action>
    </finalApprovalActions>
    <finalApprovalRecordLock>false</finalApprovalRecordLock>
    <finalRejectionActions>
        <action>
            <name>EDD_Investigation_Rejected</name>
            <type>Alert</type>
        </action>
        <action>
            <name>EDD_Outcome_Status_Reject_Sent_to_Op</name>
            <type>FieldUpdate</type>
        </action>
    </finalRejectionActions>
    <finalRejectionRecordLock>false</finalRejectionRecordLock>
    <initialSubmissionActions>
        <action>
            <name>Set_Current_Time_Submission_Timestamp</name>
            <type>FieldUpdate</type>
        </action>
        <action>
            <name>Submitter_Update</name>
            <type>FieldUpdate</type>
        </action>
    </initialSubmissionActions>
    <label>EDD Investigation Approval - EMEA 2</label>
    <processOrder>1</processOrder>
    <recordEditability>AdminOrCurrentApprover</recordEditability>
    <showApprovalHistory>true</showApprovalHistory>
</ApprovalProcess>
