<?xml version="1.0" encoding="UTF-8"?>
<ApprovalProcess xmlns="http://soap.sforce.com/2006/04/metadata">
    <active>false</active>
    <allowRecall>true</allowRecall>
    <allowedSubmitters>
        <type>owner</type>
    </allowedSubmitters>
    <approvalPageFields>
        <field>Name</field>
        <field>Owner</field>
    </approvalPageFields>
    <approvalStep>
        <allowDelegate>false</allowDelegate>
        <approvalActions>
            <action>
                <name>Approver_Update_1</name>
                <type>FieldUpdate</type>
            </action>
        </approvalActions>
        <assignedApprover>
            <approver>
                <name>EDD_Ops_TL</name>
                <type>queue</type>
            </approver>
            <whenMultipleApprovers>FirstResponse</whenMultipleApprovers>
        </assignedApprover>
        <description>General need approve by Ops TLs</description>
        <label>Sign off from Ops TLs</label>
        <name>Sign_off_from_Ops_TLs</name>
        <rejectionActions>
            <action>
                <name>Approver_Update_1</name>
                <type>FieldUpdate</type>
            </action>
        </rejectionActions>
    </approvalStep>
    <description>First PEP/EDD Approval Process - General</description>
    <emailTemplate>EDD_Investigations_Approval_Process/EDD_Sent_to_Approver</emailTemplate>
    <enableMobileDeviceAccess>false</enableMobileDeviceAccess>
    <entryCriteria>
        <criteriaItems>
            <field>EDD_Investigation__c.Reason_for_review__c</field>
            <operation>startsWith</operation>
            <value>General</value>
        </criteriaItems>
    </entryCriteria>
    <finalApprovalActions>
        <action>
            <name>EDD_Investigation_Approved</name>
            <type>Alert</type>
        </action>
        <action>
            <name>EDD_Outcome_Status_Approved</name>
            <type>FieldUpdate</type>
        </action>
    </finalApprovalActions>
    <finalApprovalRecordLock>false</finalApprovalRecordLock>
    <finalRejectionActions>
        <action>
            <name>EDD_Investigation_Rejected</name>
            <type>Alert</type>
        </action>
        <action>
            <name>EDD_Outcome_Status_Reject_Sent_to_Op</name>
            <type>FieldUpdate</type>
        </action>
    </finalRejectionActions>
    <finalRejectionRecordLock>false</finalRejectionRecordLock>
    <initialSubmissionActions>
        <action>
            <name>Submitter_Update</name>
            <type>FieldUpdate</type>
        </action>
    </initialSubmissionActions>
    <label>EDD Investigation Approval - General v2</label>
    <processOrder>1</processOrder>
    <recordEditability>AdminOrCurrentApprover</recordEditability>
    <showApprovalHistory>true</showApprovalHistory>
</ApprovalProcess>
