<?xml version="1.0" encoding="UTF-8"?>
<ApprovalProcess xmlns="http://soap.sforce.com/2006/04/metadata">
    <active>false</active>
    <allowRecall>true</allowRecall>
    <allowedSubmitters>
        <type>owner</type>
    </allowedSubmitters>
    <approvalPageFields>
        <field>Name</field>
        <field>Owner</field>
    </approvalPageFields>
    <approvalStep>
        <allowDelegate>false</allowDelegate>
        <approvalActions>
            <action>
                <name>EDD_Outcome_Status_Sent_to_AML_Compl</name>
                <type>FieldUpdate</type>
            </action>
        </approvalActions>
        <assignedApprover>
            <approver>
                <type>adhoc</type>
            </approver>
        </assignedApprover>
        <description>First PEP/EDD approval layer - sign off from Head of Compliance Operations Required</description>
        <label>Sign off from Head of Compliance Operations</label>
        <name>Sign_off_from_Head_of_Compliance_Operations</name>
        <rejectionActions>
            <action>
                <name>EDD_Outcome_Status_Reject_Sent_to_Op</name>
                <type>FieldUpdate</type>
            </action>
            <action>
                <name>EDD_Reject_Sent_to_Ops</name>
                <type>Alert</type>
            </action>
        </rejectionActions>
    </approvalStep>
    <approvalStep>
        <allowDelegate>false</allowDelegate>
        <assignedApprover>
            <approver>
                <name>EDD_Ops_TL</name>
                <type>queue</type>
            </approver>
            <whenMultipleApprovers>FirstResponse</whenMultipleApprovers>
        </assignedApprover>
        <description>If &apos;EDD Outcome Status&apos; is Sent to Ops TLs</description>
        <entryCriteria>
            <criteriaItems>
                <field>EDD_Investigation__c.EDD_Outcome_Status__c</field>
                <operation>equals</operation>
                <value>Sent to AML Compliance Officer</value>
            </criteriaItems>
            <criteriaItems>
                <field>EDD_Investigation__c.Region__c</field>
                <operation>equals</operation>
                <value>NAM</value>
            </criteriaItems>
        </entryCriteria>
        <label>Sign off from Ops TLs</label>
        <name>Sign_off_from_Ops_TLs</name>
        <rejectBehavior>
            <type>RejectRequest</type>
        </rejectBehavior>
    </approvalStep>
    <description>First PEP/EDD Approval Process - General</description>
    <emailTemplate>EDD_Investigations_Approval_Process/EDD_Sent_to_Approver</emailTemplate>
    <enableMobileDeviceAccess>false</enableMobileDeviceAccess>
    <entryCriteria>
        <criteriaItems>
            <field>EDD_Investigation__c.Reason_for_review__c</field>
            <operation>startsWith</operation>
            <value>General</value>
        </criteriaItems>
    </entryCriteria>
    <finalApprovalActions>
        <action>
            <name>EDD_Investigation_Approved</name>
            <type>Alert</type>
        </action>
        <action>
            <name>EDD_Outcome_Status_Approved</name>
            <type>FieldUpdate</type>
        </action>
    </finalApprovalActions>
    <finalApprovalRecordLock>false</finalApprovalRecordLock>
    <finalRejectionActions>
        <action>
            <name>EDD_Investigation_Rejected</name>
            <type>Alert</type>
        </action>
        <action>
            <name>EDD_Outcome_Status_Reject_Sent_to_Op</name>
            <type>FieldUpdate</type>
        </action>
    </finalRejectionActions>
    <finalRejectionRecordLock>false</finalRejectionRecordLock>
    <label>EDD Investigation Approval - General</label>
    <processOrder>1</processOrder>
    <recordEditability>AdminOrCurrentApprover</recordEditability>
    <showApprovalHistory>true</showApprovalHistory>
</ApprovalProcess>
