<?xml version="1.0" encoding="UTF-8"?>
<ApprovalProcess xmlns="http://soap.sforce.com/2006/04/metadata">
    <active>false</active>
    <allowRecall>true</allowRecall>
    <allowedSubmitters>
        <type>owner</type>
    </allowedSubmitters>
    <allowedSubmitters>
        <submitter>DellVendorPartnerExecutive</submitter>
        <type>portalRoleSubordinates</type>
    </allowedSubmitters>
    <allowedSubmitters>
        <submitter>DellVendorPartnerManager</submitter>
        <type>portalRoleSubordinates</type>
    </allowedSubmitters>
    <allowedSubmitters>
        <submitter>DellVendorPartnerUser</submitter>
        <type>portalRoleSubordinates</type>
    </allowedSubmitters>
    <allowedSubmitters>
        <submitter>HPVendorPartnerExecutive</submitter>
        <type>portalRoleSubordinates</type>
    </allowedSubmitters>
    <allowedSubmitters>
        <submitter>HPVendorPartnerManager</submitter>
        <type>portalRoleSubordinates</type>
    </allowedSubmitters>
    <allowedSubmitters>
        <submitter>HPVendorPartnerUser</submitter>
        <type>portalRoleSubordinates</type>
    </allowedSubmitters>
    <allowedSubmitters>
        <submitter>QuantaVendorPartnerExecutive</submitter>
        <type>portalRoleSubordinates</type>
    </allowedSubmitters>
    <allowedSubmitters>
        <submitter>QuantaVendorPartnerManager</submitter>
        <type>portalRoleSubordinates</type>
    </allowedSubmitters>
    <allowedSubmitters>
        <submitter>QuantaVendorPartnerUser</submitter>
        <type>portalRoleSubordinates</type>
    </allowedSubmitters>
    <approvalPageFields>
        <field>Name</field>
        <field>Owner</field>
        <field>Active__c</field>
        <field>Consumable_Part__c</field>
        <field>Facebook_Part_Number__c</field>
        <field>Quantity__c</field>
        <field>Manufacturer__c</field>
        <field>Part_Sub_Type__c</field>
        <field>Part_Type__c</field>
        <field>Serialized_Part__c</field>
        <field>Vendor__c</field>
    </approvalPageFields>
    <approvalStep>
        <allowDelegate>false</allowDelegate>
        <assignedApprover>
            <approver>
                <name>VendorEditQueue</name>
                <type>queue</type>
            </approver>
            <whenMultipleApprovers>FirstResponse</whenMultipleApprovers>
        </assignedApprover>
        <label>Approve</label>
        <name>Approve</name>
    </approvalStep>
    <description>Approval process for the vendor partner user editing a part master</description>
    <emailTemplate>Consigned_Inventory/Vendor_Edit_Approval</emailTemplate>
    <enableMobileDeviceAccess>false</enableMobileDeviceAccess>
    <entryCriteria>
        <criteriaItems>
            <field>INV_Part_Master__c.Name</field>
            <operation>notEqual</operation>
        </criteriaItems>
    </entryCriteria>
    <finalApprovalRecordLock>false</finalApprovalRecordLock>
    <finalRejectionRecordLock>false</finalRejectionRecordLock>
    <label>Vendor Edit Approval</label>
    <nextAutomatedApprover>
        <useApproverFieldOfRecordOwner>false</useApproverFieldOfRecordOwner>
        <userHierarchyField>Manager</userHierarchyField>
    </nextAutomatedApprover>
    <processOrder>1</processOrder>
    <recordEditability>AdminOnly</recordEditability>
    <showApprovalHistory>true</showApprovalHistory>
</ApprovalProcess>
