<?xml version="1.0" encoding="UTF-8"?>
<ApprovalProcess xmlns="http://soap.sforce.com/2006/04/metadata">
    <active>true</active>
    <allowRecall>true</allowRecall>
    <allowedSubmitters>
        <type>owner</type>
    </allowedSubmitters>
    <approvalPageFields>
        <field>Name</field>
        <field>Owner</field>
    </approvalPageFields>
    <approvalStep>
        <allowDelegate>false</allowDelegate>
        <assignedApprover>
            <approver>
                <name>Investigation_Peer_Reviewer</name>
                <type>queue</type>
            </approver>
            <whenMultipleApprovers>FirstResponse</whenMultipleApprovers>
        </assignedApprover>
        <description>Escalate to FIU team</description>
        <label>Peer Review Approval</label>
        <name>Peer_Review_Approval</name>
    </approvalStep>
    <emailTemplate>Investigation_Form_Approval_Process/Investigation_Form_Sent_to_Approver</emailTemplate>
    <enableMobileDeviceAccess>false</enableMobileDeviceAccess>
    <entryCriteria>
        <criteriaItems>
            <field>Investigation_Form__c.Investigation_Type__c</field>
            <operation>equals</operation>
            <value>U.S. FinCEN Investigation</value>
        </criteriaItems>
        <criteriaItems>
            <field>Investigation_Form__c.Investigation_Form_Status__c</field>
            <operation>notEqual</operation>
            <value>Approved</value>
        </criteriaItems>
    </entryCriteria>
    <finalApprovalActions>
        <action>
            <name>Investigation_Form_Final_Approval</name>
            <type>Alert</type>
        </action>
        <action>
            <name>Investigation_Form_Final_Approval</name>
            <type>FieldUpdate</type>
        </action>
    </finalApprovalActions>
    <finalApprovalRecordLock>false</finalApprovalRecordLock>
    <finalRejectionActions>
        <action>
            <name>Investigation_Form_Final_Rejection</name>
            <type>Alert</type>
        </action>
        <action>
            <name>Investigation_Form_Final_Rejection</name>
            <type>FieldUpdate</type>
        </action>
    </finalRejectionActions>
    <finalRejectionRecordLock>false</finalRejectionRecordLock>
    <label>Investigation Form Approval</label>
    <processOrder>1</processOrder>
    <recordEditability>AdminOrCurrentApprover</recordEditability>
    <showApprovalHistory>true</showApprovalHistory>
</ApprovalProcess>
