<?xml version="1.0" encoding="UTF-8"?>
<ApprovalProcess xmlns="http://soap.sforce.com/2006/04/metadata">
    <active>false</active>
    <allowRecall>true</allowRecall>
    <allowedSubmitters>
        <submitter>AllInternalUsers3898313</submitter>
        <type>group</type>
    </allowedSubmitters>
    <allowedSubmitters>
        <type>owner</type>
    </allowedSubmitters>
    <approvalPageFields>
        <field>Name</field>
        <field>Amount_of_Credit__c</field>
        <field>Credit_Region__c</field>
        <field>Invoice__c</field>
        <field>Invoice_Amount__c</field>
        <field>Omega_Account__c</field>
        <field>Reason__c</field>
        <field>Owner</field>
        <field>CreatedBy</field>
    </approvalPageFields>
    <approvalStep>
        <allowDelegate>true</allowDelegate>
        <assignedApprover>
            <approver>
                <name>aislingkelly@meta.com</name>
                <type>user</type>
            </approver>
            <whenMultipleApprovers>FirstResponse</whenMultipleApprovers>
        </assignedApprover>
        <description>all records enter here, final approval for CM and Rebill</description>
        <label>1. First Level, all Adjustments</label>
        <name>X1_First_Level_all_Adjustments</name>
    </approvalStep>
    <approvalStep>
        <allowDelegate>true</allowDelegate>
        <assignedApprover>
            <approver>
                <name>mhill@meta.com</name>
                <type>user</type>
            </approver>
            <whenMultipleApprovers>FirstResponse</whenMultipleApprovers>
        </assignedApprover>
        <description>Over 250k, Credit Memo or Manual Invoice</description>
        <entryCriteria>
            <criteriaItems>
                <field>Invoice_Adjustment__c.Amount_of_Credit__c</field>
                <operation>greaterOrEqual</operation>
                <value>&quot;USD 250,000&quot;</value>
            </criteriaItems>
            <criteriaItems>
                <field>Invoice_Adjustment__c.RecordType</field>
                <operation>equals</operation>
                <value>Credit Memo,Manual Invoice</value>
            </criteriaItems>
        </entryCriteria>
        <ifCriteriaNotMet>ApproveRecord</ifCriteriaNotMet>
        <label>2. Over 250k CM or Manual Invoice</label>
        <name>X2_Over_250k_CM_or_Manual_Invoice</name>
        <rejectBehavior>
            <type>RejectRequest</type>
        </rejectBehavior>
    </approvalStep>
    <approvalStep>
        <allowDelegate>true</allowDelegate>
        <assignedApprover>
            <approver>
                <name>mhill@meta.com</name>
                <type>user</type>
            </approver>
            <whenMultipleApprovers>FirstResponse</whenMultipleApprovers>
        </assignedApprover>
        <description>Over 1MM Credit Memo or Manual Invoice</description>
        <entryCriteria>
            <criteriaItems>
                <field>Invoice_Adjustment__c.Amount_of_Credit__c</field>
                <operation>greaterOrEqual</operation>
                <value>&quot;USD 1,000,000&quot;</value>
            </criteriaItems>
            <criteriaItems>
                <field>Invoice_Adjustment__c.RecordType</field>
                <operation>equals</operation>
                <value>Credit Memo,Manual Invoice</value>
            </criteriaItems>
        </entryCriteria>
        <ifCriteriaNotMet>ApproveRecord</ifCriteriaNotMet>
        <label>3. Over 1MM CM or Manual Invoice</label>
        <name>X3_Over_1MM_CM_or_Manual_Invoice</name>
        <rejectBehavior>
            <type>RejectRequest</type>
        </rejectBehavior>
    </approvalStep>
    <approvalStep>
        <allowDelegate>true</allowDelegate>
        <assignedApprover>
            <approver>
                <name>mhill@meta.com</name>
                <type>user</type>
            </approver>
            <whenMultipleApprovers>FirstResponse</whenMultipleApprovers>
        </assignedApprover>
        <description>Over 1MM Credit Memo or Manual Invoice</description>
        <entryCriteria>
            <criteriaItems>
                <field>Invoice_Adjustment__c.Amount_of_Credit__c</field>
                <operation>greaterOrEqual</operation>
                <value>&quot;USD 5,000,000&quot;</value>
            </criteriaItems>
            <criteriaItems>
                <field>Invoice_Adjustment__c.RecordType</field>
                <operation>equals</operation>
                <value>Credit Memo,Manual Invoice</value>
            </criteriaItems>
        </entryCriteria>
        <ifCriteriaNotMet>ApproveRecord</ifCriteriaNotMet>
        <label>4. Over 5MM CM or Manual Invoice</label>
        <name>X4_Over_5MM_CM_or_Manual_Invoice</name>
        <rejectBehavior>
            <type>RejectRequest</type>
        </rejectBehavior>
    </approvalStep>
    <approvalStep>
        <allowDelegate>true</allowDelegate>
        <assignedApprover>
            <approver>
                <name>mhill@meta.com</name>
                <type>user</type>
            </approver>
            <whenMultipleApprovers>FirstResponse</whenMultipleApprovers>
        </assignedApprover>
        <description>Over 20MM Credit Memo or Manual Invoice</description>
        <entryCriteria>
            <criteriaItems>
                <field>Invoice_Adjustment__c.Amount_of_Credit__c</field>
                <operation>greaterOrEqual</operation>
                <value>&quot;USD 20,000,000&quot;</value>
            </criteriaItems>
            <criteriaItems>
                <field>Invoice_Adjustment__c.RecordType</field>
                <operation>equals</operation>
                <value>Credit Memo,Manual Invoice</value>
            </criteriaItems>
        </entryCriteria>
        <label>5. Over 20MM CM or Manual Invoice</label>
        <name>X5_Over_20MM_CM_or_Manual_Invoice</name>
        <rejectBehavior>
            <type>RejectRequest</type>
        </rejectBehavior>
    </approvalStep>
    <description>https://our.intern.facebook.com/intern/tasks/?t=10435592</description>
    <enableMobileDeviceAccess>false</enableMobileDeviceAccess>
    <entryCriteria>
        <criteriaItems>
            <field>Invoice_Adjustment__c.Status__c</field>
            <operation>equals</operation>
            <value>Draft,Rejected</value>
        </criteriaItems>
        <criteriaItems>
            <field>Invoice_Adjustment__c.Credit_Region__c</field>
            <operation>notEqual</operation>
            <value>US/CA</value>
        </criteriaItems>
    </entryCriteria>
    <finalApprovalActions>
        <action>
            <name>Status_to_Approved</name>
            <type>FieldUpdate</type>
        </action>
    </finalApprovalActions>
    <finalApprovalRecordLock>true</finalApprovalRecordLock>
    <finalRejectionActions>
        <action>
            <name>Status_to_Rejected</name>
            <type>FieldUpdate</type>
        </action>
    </finalRejectionActions>
    <finalRejectionRecordLock>false</finalRejectionRecordLock>
    <initialSubmissionActions>
        <action>
            <name>Status_to_Submitted</name>
            <type>FieldUpdate</type>
        </action>
    </initialSubmissionActions>
    <label>Invoice Adjustments ROW r1</label>
    <processOrder>0</processOrder>
    <recallActions>
        <action>
            <name>Status_to_Draft</name>
            <type>FieldUpdate</type>
        </action>
    </recallActions>
    <recordEditability>AdminOrCurrentApprover</recordEditability>
    <showApprovalHistory>true</showApprovalHistory>
</ApprovalProcess>
