<?xml version="1.0" encoding="UTF-8"?>
<ApprovalProcess xmlns="http://soap.sforce.com/2006/04/metadata">
    <active>true</active>
    <allowRecall>false</allowRecall>
    <allowedSubmitters>
        <type>owner</type>
    </allowedSubmitters>
    <approvalPageFields>
        <field>Name</field>
        <field>Owner</field>
    </approvalPageFields>
    <approvalStep>
        <allowDelegate>false</allowDelegate>
        <assignedApprover>
            <approver>
                <type>adhoc</type>
            </approver>
        </assignedApprover>
        <label>Step 1</label>
        <name>Step_1</name>
    </approvalStep>
    <emailTemplate>WABA_Email_Templates/Joint_Business_Plan_has_been_Submitted_for_Approval_to_SPM</emailTemplate>
    <enableMobileDeviceAccess>false</enableMobileDeviceAccess>
    <entryCriteria>
        <booleanFilter>1 OR 2 OR 3</booleanFilter>
        <criteriaItems>
            <field>User.Profile</field>
            <operation>equals</operation>
            <value>BMG Partner</value>
        </criteriaItems>
        <criteriaItems>
            <field>User.FirstName</field>
            <operation>contains</operation>
            <value>Mythreyee</value>
        </criteriaItems>
        <criteriaItems>
            <field>User.Profile</field>
            <operation>equals</operation>
            <value>BMG Tech Partner</value>
        </criteriaItems>
    </entryCriteria>
    <finalApprovalActions>
        <action>
            <name>Joint_Business_Plan_Request_has_been_Approved_to_Partner</name>
            <type>Alert</type>
        </action>
        <action>
            <name>Update_JBP_Approved_By</name>
            <type>FieldUpdate</type>
        </action>
        <action>
            <name>Update_Request_Status_to_Approved</name>
            <type>FieldUpdate</type>
        </action>
    </finalApprovalActions>
    <finalApprovalRecordLock>true</finalApprovalRecordLock>
    <finalRejectionActions>
        <action>
            <name>Joint_Business_Plan_request_has_been_rejected</name>
            <type>Alert</type>
        </action>
        <action>
            <name>Update_Request_Status_to_Rejected</name>
            <type>FieldUpdate</type>
        </action>
    </finalRejectionActions>
    <finalRejectionRecordLock>false</finalRejectionRecordLock>
    <initialSubmissionActions>
        <action>
            <name>Update_Requestor_Status_to_Submitted</name>
            <type>FieldUpdate</type>
        </action>
    </initialSubmissionActions>
    <label>Joint Business Plan Approval Process</label>
    <processOrder>1</processOrder>
    <recordEditability>AdminOnly</recordEditability>
    <showApprovalHistory>true</showApprovalHistory>
</ApprovalProcess>
