<?xml version="1.0" encoding="UTF-8"?>
<ApprovalProcess xmlns="http://soap.sforce.com/2006/04/metadata">
    <active>true</active>
    <allowRecall>true</allowRecall>
    <allowedSubmitters>
        <type>creator</type>
    </allowedSubmitters>
    <allowedSubmitters>
        <type>owner</type>
    </allowedSubmitters>
    <approvalPageFields>
        <field>Name</field>
        <field>Company</field>
        <field>Email</field>
        <field>Phone</field>
        <field>WP_Aggregated_Company_Size__c</field>
        <field>Address</field>
        <field>WP_Deal_Size__c</field>
        <field>Original_Lead_Source_Detail__c</field>
        <field>Asset__c</field>
        <field>Converted_Account__c</field>
        <field>Converted_Contact__c</field>
        <field>Converted_Opportunity__c</field>
        <field>Lead__c</field>
        <field>WP_Authority__c</field>
        <field>WP_Need__c</field>
        <field>WP_Urgency__c</field>
        <field>WP_Money__c</field>
        <field>Qualification_Status__c</field>
        <field>CreatedBy</field>
        <field>Owner</field>
        <field>Lead_Id_18_Digit__c</field>
        <field>Rejection_Reason_Code__c</field>
    </approvalPageFields>
    <approvalStep>
        <allowDelegate>false</allowDelegate>
        <assignedApprover>
            <approver>
                <type>adhoc</type>
            </approver>
        </assignedApprover>
        <description>T71559498: SPM Action</description>
        <label>SPM Action</label>
        <name>SPM_Action</name>
    </approvalStep>
    <description>T71559498 - WP PRM New Approval Process.
T135291246 - WP Approval process based on Owner Profile for leads transferred to Partner</description>
    <enableMobileDeviceAccess>false</enableMobileDeviceAccess>
    <entryCriteria>
        <formula>AND(RecordType.DeveloperName = &apos;FB_Work&apos;, OR(CreatedBy.Profile.Name == &quot;Facebook@Work - Partner&quot;, Lead_Owner_Profile__c == &quot;00e1H000000fJOMQA2&quot;, Lead_Owner_Profile__c == &quot;00e1H000000fJOM&quot;), OR(TEXT(Qualification_Status__c) = &apos;Submitted&apos;, TEXT(Qualification_Status__c) = &apos;In Review&apos;))</formula>
    </entryCriteria>
    <finalApprovalActions>
        <action>
            <name>Lead_Approval_Status</name>
            <type>FieldUpdate</type>
        </action>
        <action>
            <name>WP_PRM_Lead_Deal_Registration_Action_Dt</name>
            <type>FieldUpdate</type>
        </action>
    </finalApprovalActions>
    <finalApprovalRecordLock>false</finalApprovalRecordLock>
    <finalRejectionActions>
        <action>
            <name>Lead_Status_to_Rejected</name>
            <type>FieldUpdate</type>
        </action>
        <action>
            <name>Update_lead_status_to_disqualified</name>
            <type>FieldUpdate</type>
        </action>
        <action>
            <name>Workplace_Partner_lead_rejection_notification</name>
            <type>Alert</type>
        </action>
        <action>
            <name>WP_PRM_Lead_Deal_Registration_Action_Dt</name>
            <type>FieldUpdate</type>
        </action>
        <action>
            <name>WP_PRM_Lead_Qual_Status_Disqualified</name>
            <type>FieldUpdate</type>
        </action>
    </finalRejectionActions>
    <finalRejectionRecordLock>true</finalRejectionRecordLock>
    <initialSubmissionActions>
        <action>
            <name>WP_PRM_Lead_Deal_Registration_Submitted</name>
            <type>FieldUpdate</type>
        </action>
        <action>
            <name>WP_PRM_Lead_Qual_Status_InReview</name>
            <type>FieldUpdate</type>
        </action>
        <action>
            <name>WP_PRM_Send_Approval_Request_to_Partner_Manager</name>
            <type>Alert</type>
        </action>
    </initialSubmissionActions>
    <label>WP PRM Lead Approval</label>
    <processOrder>3</processOrder>
    <recallActions>
        <action>
            <name>WP_PRM_Lead_Qual_Status_Not_Submitted</name>
            <type>FieldUpdate</type>
        </action>
    </recallActions>
    <recordEditability>AdminOrCurrentApprover</recordEditability>
    <showApprovalHistory>true</showApprovalHistory>
</ApprovalProcess>
