<?xml version="1.0" encoding="UTF-8"?>
<ApprovalProcess xmlns="http://soap.sforce.com/2006/04/metadata">
    <active>true</active>
    <allowRecall>true</allowRecall>
    <allowedSubmitters>
        <type>creator</type>
    </allowedSubmitters>
    <allowedSubmitters>
        <type>owner</type>
    </allowedSubmitters>
    <approvalPageFields>
        <field>Name</field>
        <field>Owner</field>
        <field>Company</field>
    </approvalPageFields>
    <approvalStep>
        <allowDelegate>false</allowDelegate>
        <assignedApprover>
            <approver>
                <name>FRL_PM_s_Queue</name>
                <type>queue</type>
            </approver>
            <whenMultipleApprovers>FirstResponse</whenMultipleApprovers>
        </assignedApprover>
        <label>Approval Action</label>
        <name>Approval_Action</name>
    </approvalStep>
    <description>T75199818</description>
    <enableMobileDeviceAccess>false</enableMobileDeviceAccess>
    <entryCriteria>
        <formula>AND( CreatedBy.Profile.Name = 
&quot;FRL Enterprise-ISV Partner&quot;,
RecordType.DeveloperName = &quot;AR_VR_Enterprise&quot;)</formula>
    </entryCriteria>
    <finalApprovalActions>
        <action>
            <name>Deal_Reg_Approval_Notification</name>
            <type>Alert</type>
        </action>
        <action>
            <name>Update_Approval_Status</name>
            <type>FieldUpdate</type>
        </action>
        <action>
            <name>Update_Deal_reg_action</name>
            <type>FieldUpdate</type>
        </action>
    </finalApprovalActions>
    <finalApprovalRecordLock>true</finalApprovalRecordLock>
    <finalRejectionActions>
        <action>
            <name>Deal_Reg_Rejection_Notification</name>
            <type>Alert</type>
        </action>
        <action>
            <name>Update_Approval_Status_Rejected</name>
            <type>FieldUpdate</type>
        </action>
        <action>
            <name>Update_Deal_reg_action</name>
            <type>FieldUpdate</type>
        </action>
    </finalRejectionActions>
    <finalRejectionRecordLock>false</finalRejectionRecordLock>
    <initialSubmissionActions>
        <action>
            <name>Partner_Deal_Reg_Submission_Notiifcation</name>
            <type>Alert</type>
        </action>
        <action>
            <name>Update_Approval_Status_Pending</name>
            <type>FieldUpdate</type>
        </action>
        <action>
            <name>WP_PRM_Lead_Deal_Registration_Submitted</name>
            <type>FieldUpdate</type>
        </action>
    </initialSubmissionActions>
    <label>FRL - ISV  Partner lead approval</label>
    <processOrder>1</processOrder>
    <recallActions>
        <action>
            <name>Update_Approval_Status_No_Submitted</name>
            <type>FieldUpdate</type>
        </action>
    </recallActions>
    <recordEditability>AdminOrCurrentApprover</recordEditability>
    <showApprovalHistory>false</showApprovalHistory>
</ApprovalProcess>
