<?xml version="1.0" encoding="UTF-8"?>
<ApprovalProcess xmlns="http://soap.sforce.com/2006/04/metadata">
    <active>true</active>
    <allowRecall>true</allowRecall>
    <allowedSubmitters>
        <type>creator</type>
    </allowedSubmitters>
    <allowedSubmitters>
        <type>owner</type>
    </allowedSubmitters>
    <approvalPageFields>
        <field>Name</field>
        <field>Company</field>
        <field>Email</field>
        <field>Phone</field>
        <field>WP_Aggregated_Company_Size__c</field>
        <field>Address</field>
        <field>WP_Deal_Size__c</field>
        <field>Original_Lead_Source_Detail__c</field>
        <field>Asset__c</field>
        <field>Converted_Account__c</field>
        <field>Converted_Contact__c</field>
        <field>Converted_Opportunity__c</field>
        <field>Lead__c</field>
        <field>WP_Authority__c</field>
        <field>WP_Need__c</field>
        <field>WP_Urgency__c</field>
        <field>WP_Money__c</field>
        <field>Qualification_Status__c</field>
        <field>CreatedBy</field>
        <field>Owner</field>
        <field>Lead_Id_18_Digit__c</field>
        <field>Rejection_Reason_Code__c</field>
    </approvalPageFields>
    <approvalStep>
        <allowDelegate>true</allowDelegate>
        <assignedApprover>
            <approver>
                <name>BMG_Partner_Lead_Approval</name>
                <type>queue</type>
            </approver>
            <whenMultipleApprovers>FirstResponse</whenMultipleApprovers>
        </assignedApprover>
        <description>Program Team Review</description>
        <entryCriteria>
            <formula>NOT($User.WA_Partner_Type__c  = &apos;Services Partner&apos;)</formula>
        </entryCriteria>
        <ifCriteriaNotMet>GotoNextStep</ifCriteriaNotMet>
        <label>Program Team Review</label>
        <name>Program_Team_Review</name>
    </approvalStep>
    <approvalStep>
        <allowDelegate>false</allowDelegate>
        <assignedApprover>
            <approver>
                <name>BMG_Service_Lead_Approval</name>
                <type>queue</type>
            </approver>
            <whenMultipleApprovers>FirstResponse</whenMultipleApprovers>
        </assignedApprover>
        <description>Service Lead Review</description>
        <entryCriteria>
            <formula>$User.WA_Partner_Type__c = &apos;Services Partner&apos;</formula>
        </entryCriteria>
        <label>Service Lead Review</label>
        <name>Service_Lead_Review</name>
        <rejectBehavior>
            <type>RejectRequest</type>
        </rejectBehavior>
    </approvalStep>
    <description>T128955313: BMG PRM New Approval Process.
T150714666 - Adding Service Partner
T167741276 - [Partner Portal Bug] - Unable to approve/reject leads

Flow (Email notification for BSP and Service Team)
BMG - Service Lead has been submitted for review
BMG - BSP Lead has been submitted for review</description>
    <enableMobileDeviceAccess>false</enableMobileDeviceAccess>
    <entryCriteria>
        <formula>AND(CreatedBy.Profile.Name = &quot;BMG Partner&quot;, RecordType.DeveloperName = &apos;WABA_Enterprise&apos;, 
OR(TEXT(Qualification_Status__c) = &apos;Not Submitted&apos;, TEXT(Qualification_Status__c) = &apos;Rejected&apos;, TEXT(Lead_Approval_Status__c) = &apos;Not Submitted&apos;, 
TEXT(Lead_Approval_Status__c) = &apos;Rejected&apos;))</formula>
    </entryCriteria>
    <finalApprovalActions>
        <action>
            <name>Lead_Approval_Status</name>
            <type>FieldUpdate</type>
        </action>
        <action>
            <name>WP_PRM_Lead_Deal_Registration_Action_Dt</name>
            <type>FieldUpdate</type>
        </action>
        <action>
            <name>WP_PRM_Lead_Qual_Status_Qualified</name>
            <type>FieldUpdate</type>
        </action>
    </finalApprovalActions>
    <finalApprovalRecordLock>false</finalApprovalRecordLock>
    <finalRejectionActions>
        <action>
            <name>BMG_PRM_Lead_Qual_Status_Rejected</name>
            <type>FieldUpdate</type>
        </action>
        <action>
            <name>Lead_Status_to_Rejected</name>
            <type>FieldUpdate</type>
        </action>
        <action>
            <name>Send_Email_Alert_To_Partner_Contact_Rejection</name>
            <type>Alert</type>
        </action>
        <action>
            <name>WP_PRM_Lead_Deal_Registration_Action_Dt</name>
            <type>FieldUpdate</type>
        </action>
    </finalRejectionActions>
    <finalRejectionRecordLock>false</finalRejectionRecordLock>
    <initialSubmissionActions>
        <action>
            <name>Email_Alert</name>
            <type>Alert</type>
        </action>
        <action>
            <name>Update_Approval_Status_Pending</name>
            <type>FieldUpdate</type>
        </action>
        <action>
            <name>WP_PRM_Lead_Qual_Status_InReview</name>
            <type>FieldUpdate</type>
        </action>
    </initialSubmissionActions>
    <label>BMG PRM Lead Approval</label>
    <processOrder>5</processOrder>
    <recallActions>
        <action>
            <name>Update_Approval_Status_No_Submitted</name>
            <type>FieldUpdate</type>
        </action>
        <action>
            <name>WP_PRM_Lead_Qual_Status_Not_Submitted</name>
            <type>FieldUpdate</type>
        </action>
    </recallActions>
    <recordEditability>AdminOrCurrentApprover</recordEditability>
    <showApprovalHistory>true</showApprovalHistory>
</ApprovalProcess>
