<?xml version="1.0" encoding="UTF-8"?>
<ApprovalProcess xmlns="http://soap.sforce.com/2006/04/metadata">
    <active>false</active>
    <allowRecall>false</allowRecall>
    <allowedSubmitters>
        <type>creator</type>
    </allowedSubmitters>
    <allowedSubmitters>
        <type>owner</type>
    </allowedSubmitters>
    <approvalPageFields>
        <field>Name</field>
        <field>Company</field>
        <field>Email</field>
        <field>Phone</field>
        <field>WP_Aggregated_Company_Size__c</field>
        <field>Address</field>
        <field>WP_Deal_Size__c</field>
        <field>Original_Lead_Source_Detail__c</field>
        <field>Asset__c</field>
        <field>Converted_Account__c</field>
        <field>Converted_Contact__c</field>
        <field>Converted_Opportunity__c</field>
        <field>Lead__c</field>
        <field>WP_Authority__c</field>
        <field>WP_Need__c</field>
        <field>WP_Urgency__c</field>
        <field>WP_Money__c</field>
        <field>Qualification_Status__c</field>
        <field>CreatedBy</field>
        <field>Owner</field>
        <field>Lead_Id_18_Digit__c</field>
    </approvalPageFields>
    <approvalStep>
        <allowDelegate>true</allowDelegate>
        <assignedApprover>
            <approver>
                <name>Partner_Manager__c</name>
                <type>relatedUserField</type>
            </approver>
            <whenMultipleApprovers>FirstResponse</whenMultipleApprovers>
        </assignedApprover>
        <entryCriteria>
            <formula>OR(Converted_Contact__c != null, Lead__c != null, Converted_Opportunity__c != null,  Converted_Account__c != null)</formula>
        </entryCriteria>
        <ifCriteriaNotMet>ApproveRecord</ifCriteriaNotMet>
        <label>Step 1</label>
        <name>Step_1</name>
    </approvalStep>
    <description>T29191372 - Partner lead routing and approval process
T73910709 - Ticked the &apos;Allow Delegate Approver&apos; checkbox in Step 1
T71559498: This Approval process is only for Non-WP PRM
T88422362 - Approval process was not required for NON WP PRM leads.</description>
    <emailTemplate>Workplace_templates/workplace_Partner_Lead_Approval_Request</emailTemplate>
    <enableMobileDeviceAccess>false</enableMobileDeviceAccess>
    <entryCriteria>
        <formula>AND(RecordType.DeveloperName == &quot;FB_Work&quot;, CreatedBy.Profile.Name &lt;&gt; &quot;Facebook@Work - Partner&quot;, ISPICKVAL(Lead_Approval_Status__c, &quot;Not Submitted&quot;),   NOT(ISPICKVAL( Status ,&quot;DisQualified&quot;) ) /*,
 Partner_Manager__r.IsActive == TRUE*/)</formula>
    </entryCriteria>
    <finalApprovalActions>
        <action>
            <name>Lead_Approval_Status</name>
            <type>FieldUpdate</type>
        </action>
        <action>
            <name>Workplace_Partner_lead_approval_notification</name>
            <type>Alert</type>
        </action>
        <action>
            <name>Workplace_Partner_Lead_Approval_Notification_To_PM</name>
            <type>Alert</type>
        </action>
    </finalApprovalActions>
    <finalApprovalRecordLock>false</finalApprovalRecordLock>
    <finalRejectionActions>
        <action>
            <name>Lead_Status_to_Rejected</name>
            <type>FieldUpdate</type>
        </action>
        <action>
            <name>Update_lead_status_to_disqualified</name>
            <type>FieldUpdate</type>
        </action>
        <action>
            <name>Workplace_Partner_lead_rejection_notification</name>
            <type>Alert</type>
        </action>
    </finalRejectionActions>
    <finalRejectionRecordLock>true</finalRejectionRecordLock>
    <initialSubmissionActions>
        <action>
            <name>WP_Lead_Status_to_Pending</name>
            <type>FieldUpdate</type>
        </action>
    </initialSubmissionActions>
    <label>@Workplace - Partner Lead approval</label>
    <processOrder>1</processOrder>
    <recordEditability>AdminOrCurrentApprover</recordEditability>
    <showApprovalHistory>true</showApprovalHistory>
</ApprovalProcess>
