<?xml version="1.0" encoding="UTF-8"?>
<ApprovalProcess xmlns="http://soap.sforce.com/2006/04/metadata">
    <active>false</active>
    <allowRecall>false</allowRecall>
    <allowedSubmitters>
        <type>creator</type>
    </allowedSubmitters>
    <approvalPageFields>
        <field>Name</field>
        <field>Owner</field>
    </approvalPageFields>
    <approvalStep>
        <allowDelegate>false</allowDelegate>
        <assignedApprover>
            <approver>
                <name>nalakurthi@meta.com</name>
                <type>user</type>
            </approver>
            <whenMultipleApprovers>FirstResponse</whenMultipleApprovers>
        </assignedApprover>
        <entryCriteria>
            <formula>OR(Converted_Contact__c != null, Lead__c != null, Converted_Opportunity__c != null,  Converted_Account__c != null)</formula>
        </entryCriteria>
        <ifCriteriaNotMet>ApproveRecord</ifCriteriaNotMet>
        <label>Step 1</label>
        <name>Step_1</name>
    </approvalStep>
    <description>T29191372 - Partner lead routing and approval process</description>
    <emailTemplate>Workplace_templates/workplace_Partner_Lead_Approval_Request</emailTemplate>
    <enableMobileDeviceAccess>false</enableMobileDeviceAccess>
    <entryCriteria>
        <formula>AND(RecordType.DeveloperName == &quot;FB_Work&quot;, CreatedBy.Profile.Name == &quot;Facebook@Work - Partner&quot;,  ISPICKVAL(Lead_Approval_Status__c, &quot;Not Submitted&quot;))</formula>
    </entryCriteria>
    <finalApprovalActions>
        <action>
            <name>Lead_Approval_Status</name>
            <type>FieldUpdate</type>
        </action>
        <action>
            <name>Workplace_Partner_lead_approval_notification</name>
            <type>Alert</type>
        </action>
    </finalApprovalActions>
    <finalApprovalRecordLock>false</finalApprovalRecordLock>
    <finalRejectionActions>
        <action>
            <name>Lead_Status_to_Rejected</name>
            <type>FieldUpdate</type>
        </action>
        <action>
            <name>Update_lead_status_to_disqualified</name>
            <type>FieldUpdate</type>
        </action>
        <action>
            <name>Workplace_Partner_lead_rejection_notification</name>
            <type>Alert</type>
        </action>
    </finalRejectionActions>
    <finalRejectionRecordLock>true</finalRejectionRecordLock>
    <initialSubmissionActions>
        <action>
            <name>WP_Lead_Status_to_Pending</name>
            <type>FieldUpdate</type>
        </action>
    </initialSubmissionActions>
    <label>@Workplace - Partner Lead approval - Tes</label>
    <processOrder>1</processOrder>
    <recordEditability>AdminOrCurrentApprover</recordEditability>
    <showApprovalHistory>true</showApprovalHistory>
</ApprovalProcess>
