<?xml version="1.0" encoding="UTF-8"?>
<ApprovalProcess xmlns="http://soap.sforce.com/2006/04/metadata">
    <active>false</active>
    <allowRecall>true</allowRecall>
    <allowedSubmitters>
        <type>owner</type>
    </allowedSubmitters>
    <approvalPageFields>
        <field>Name</field>
        <field>Owner</field>
    </approvalPageFields>
    <approvalStep>
        <allowDelegate>false</allowDelegate>
        <approvalActions>
            <action>
                <name>Approver_Update_1</name>
                <type>FieldUpdate</type>
            </action>
            <action>
                <name>Update_Resolution_Status_Peer_Reviewed</name>
                <type>FieldUpdate</type>
            </action>
        </approvalActions>
        <assignedApprover>
            <approver>
                <name>Novi_FIU_Manager</name>
                <type>queue</type>
            </approver>
            <whenMultipleApprovers>Unanimous</whenMultipleApprovers>
        </assignedApprover>
        <entryCriteria>
            <criteriaItems>
                <field>User.Profile_Name_Text__c</field>
                <operation>equals</operation>
                <value>Facebook Novi L4</value>
            </criteriaItems>
        </entryCriteria>
        <ifCriteriaNotMet>ApproveRecord</ifCriteriaNotMet>
        <label>Submit for Peer Review #1</label>
        <name>Submit_for_Peer_Review_1</name>
        <rejectionActions>
            <action>
                <name>Approver_Update_1</name>
                <type>FieldUpdate</type>
            </action>
        </rejectionActions>
    </approvalStep>
    <approvalStep>
        <allowDelegate>false</allowDelegate>
        <approvalActions>
            <action>
                <name>Approver_Update_2</name>
                <type>FieldUpdate</type>
            </action>
            <action>
                <name>Update_Resolution_Status_Peer_Reviewed</name>
                <type>FieldUpdate</type>
            </action>
        </approvalActions>
        <assignedApprover>
            <approver>
                <name>Novi_L3_Investigator</name>
                <type>queue</type>
            </approver>
            <whenMultipleApprovers>FirstResponse</whenMultipleApprovers>
        </assignedApprover>
        <entryCriteria>
            <criteriaItems>
                <field>Novi_Suspicious_Activity__c.Total_local_currency_amount__c</field>
                <operation>lessThan</operation>
                <value>&quot;USD 15,000&quot;</value>
            </criteriaItems>
        </entryCriteria>
        <label>Submit for Peer Review #2</label>
        <name>Submit_for_Peer_Review_2</name>
        <rejectBehavior>
            <type>RejectRequest</type>
        </rejectBehavior>
        <rejectionActions>
            <action>
                <name>Approver_Update_2</name>
                <type>FieldUpdate</type>
            </action>
        </rejectionActions>
    </approvalStep>
    <description>1st Stage Peer Review</description>
    <emailTemplate>Novi_Approval_Process/Novi_Submitted_for_Peer_Review_Approval_Request</emailTemplate>
    <enableMobileDeviceAccess>false</enableMobileDeviceAccess>
    <entryCriteria>
        <criteriaItems>
            <field>Novi_Suspicious_Activity__c.Resolution_Status__c</field>
            <operation>equals</operation>
            <value>Awaiting Peer Review</value>
        </criteriaItems>
    </entryCriteria>
    <finalApprovalActions>
        <action>
            <name>Novi_Final_Approval_Notification_Email</name>
            <type>Alert</type>
        </action>
        <action>
            <name>Update_Approved_Date_Time</name>
            <type>FieldUpdate</type>
        </action>
        <action>
            <name>Updated_Resolution_Status_Approved</name>
            <type>FieldUpdate</type>
        </action>
    </finalApprovalActions>
    <finalApprovalRecordLock>false</finalApprovalRecordLock>
    <finalRejectionActions>
        <action>
            <name>Novi_Final_Rejection_Notification_Email</name>
            <type>Alert</type>
        </action>
        <action>
            <name>Update_Resolution_Status_Rejected</name>
            <type>FieldUpdate</type>
        </action>
    </finalRejectionActions>
    <finalRejectionRecordLock>false</finalRejectionRecordLock>
    <initialSubmissionActions>
        <action>
            <name>Submitter_Update</name>
            <type>FieldUpdate</type>
        </action>
    </initialSubmissionActions>
    <label>01 Novi - Peer Review DEL</label>
    <processOrder>1</processOrder>
    <recordEditability>AdminOrCurrentApprover</recordEditability>
    <showApprovalHistory>true</showApprovalHistory>
</ApprovalProcess>
