<?xml version="1.0" encoding="UTF-8"?>
<ApprovalProcess xmlns="http://soap.sforce.com/2006/04/metadata">
    <active>false</active>
    <allowRecall>true</allowRecall>
    <allowedSubmitters>
        <type>owner</type>
    </allowedSubmitters>
    <approvalPageFields>
        <field>Name</field>
        <field>Owner</field>
    </approvalPageFields>
    <approvalStep>
        <allowDelegate>false</allowDelegate>
        <approvalActions>
            <action>
                <name>Approver_Update_1</name>
                <type>FieldUpdate</type>
            </action>
            <action>
                <name>Update_Resolution_Status_Peer_Reviewed</name>
                <type>FieldUpdate</type>
            </action>
        </approvalActions>
        <assignedApprover>
            <approver>
                <name>Novi_L3_Investigator</name>
                <type>queue</type>
            </approver>
            <whenMultipleApprovers>Unanimous</whenMultipleApprovers>
        </assignedApprover>
        <description>If Resolution status is &apos;Awaiting Peer Review&apos; Submit for peer review approval</description>
        <label>Submitted for Peer Review</label>
        <name>Submitted_for_Peer_Review</name>
        <rejectionActions>
            <action>
                <name>Approver_Update_1</name>
                <type>FieldUpdate</type>
            </action>
        </rejectionActions>
    </approvalStep>
    <approvalStep>
        <allowDelegate>false</allowDelegate>
        <assignedApprover>
            <approver>
                <name>Novi_L3_Team_Lead</name>
                <type>queue</type>
            </approver>
            <whenMultipleApprovers>FirstResponse</whenMultipleApprovers>
        </assignedApprover>
        <description>&apos;total currency amount (converted)&apos; is less than 75,000</description>
        <entryCriteria>
            <booleanFilter>1</booleanFilter>
            <criteriaItems>
                <field>Novi_Suspicious_Activity__c.Total_local_currency_amount__c</field>
                <operation>lessThan</operation>
                <value>&quot;USD 75,000&quot;</value>
            </criteriaItems>
        </entryCriteria>
        <label>Submitted for L3 Team Lead Review</label>
        <name>Submitted_for_L3_Team_Lead_Review</name>
        <rejectBehavior>
            <type>RejectRequest</type>
        </rejectBehavior>
    </approvalStep>
    <description>If &apos;risk category&apos; is one of below AND &apos;total currency amount (converted)&apos; is less than 75,000

Structuring
Other (elder financial abuse)
Illegal Sex Services
&quot;Unusual Transactions (no apparent economic, business, or lawful purpose)&quot;
Money Laundering (aiding and abetting)
Robbery or Theft
Illegal Firearms
Insider Trading/Market Manipulation/
Corporate Malfeasance
Tax Evasion
Environmental Crime
Unregistered MSB</description>
    <emailTemplate>Novi_Approval_Process/Novi_Submitted_for_Peer_Review_Approval_Request</emailTemplate>
    <enableMobileDeviceAccess>false</enableMobileDeviceAccess>
    <entryCriteria>
        <booleanFilter>1 AND (2 OR 3) AND 4</booleanFilter>
        <criteriaItems>
            <field>Novi_Suspicious_Activity__c.Resolution_Status__c</field>
            <operation>equals</operation>
            <value>Awaiting Peer Review</value>
        </criteriaItems>
        <criteriaItems>
            <field>Novi_Suspicious_Activity__c.Risk_Category__c</field>
            <operation>includes</operation>
            <value>Structuring,Other (elder financial abuse),Illegal Sex Services,&quot;Unusual Transactions (no apparent economic, business, or lawful purpose)&quot;,Money Laundering (aiding and abetting),Robbery or Theft,Illegal Firearms</value>
        </criteriaItems>
        <criteriaItems>
            <field>Novi_Suspicious_Activity__c.Risk_Category__c</field>
            <operation>includes</operation>
            <value>Insider Trading/Market Manipulation/,Corporate Malfeasance,Tax Evasion,Environmental Crime,Unregistered MSB</value>
        </criteriaItems>
        <criteriaItems>
            <field>Novi_Suspicious_Activity__c.Total_local_currency_amount__c</field>
            <operation>lessThan</operation>
            <value>&quot;USD 75,000&quot;</value>
        </criteriaItems>
    </entryCriteria>
    <finalApprovalActions>
        <action>
            <name>Novi_Final_Approval_Notification_Email</name>
            <type>Alert</type>
        </action>
        <action>
            <name>Update_Approved_Date_Time</name>
            <type>FieldUpdate</type>
        </action>
        <action>
            <name>Updated_Resolution_Status_Approved</name>
            <type>FieldUpdate</type>
        </action>
    </finalApprovalActions>
    <finalApprovalRecordLock>false</finalApprovalRecordLock>
    <finalRejectionActions>
        <action>
            <name>Novi_Final_Rejection_Notification_Email</name>
            <type>Alert</type>
        </action>
        <action>
            <name>Update_Resolution_Status_Rejected</name>
            <type>FieldUpdate</type>
        </action>
    </finalRejectionActions>
    <finalRejectionRecordLock>false</finalRejectionRecordLock>
    <initialSubmissionActions>
        <action>
            <name>Submitter_Update</name>
            <type>FieldUpdate</type>
        </action>
    </initialSubmissionActions>
    <label>03 Novi - L3 Team Lead - Less Than 75K</label>
    <processOrder>1</processOrder>
    <recordEditability>AdminOrCurrentApprover</recordEditability>
    <showApprovalHistory>true</showApprovalHistory>
</ApprovalProcess>
