<?xml version="1.0" encoding="UTF-8"?>
<ApprovalProcess xmlns="http://soap.sforce.com/2006/04/metadata">
    <active>false</active>
    <allowRecall>false</allowRecall>
    <allowedSubmitters>
        <type>owner</type>
    </allowedSubmitters>
    <approvalPageFields>
        <field>Name</field>
        <field>Owner</field>
    </approvalPageFields>
    <approvalStep>
        <allowDelegate>true</allowDelegate>
        <approvalActions>
            <action>
                <name>Approver_Update_2</name>
                <type>FieldUpdate</type>
            </action>
        </approvalActions>
        <assignedApprover>
            <approver>
                <name>rhanspal@meta.com</name>
                <type>user</type>
            </approver>
            <whenMultipleApprovers>FirstResponse</whenMultipleApprovers>
        </assignedApprover>
        <entryCriteria>
            <criteriaItems>
                <field>Novi_Suspicious_Activity__c.Filing_Entity__c</field>
                <operation>equals</operation>
                <value>AMLC - Philippines,AMLO - Thailand,Bank Negara - Malaysia</value>
            </criteriaItems>
        </entryCriteria>
        <ifCriteriaNotMet>RejectRecord</ifCriteriaNotMet>
        <label>Step 1</label>
        <name>Step_1</name>
    </approvalStep>
    <enableMobileDeviceAccess>false</enableMobileDeviceAccess>
    <entryCriteria>
        <criteriaItems>
            <field>Novi_Suspicious_Activity__c.Resolution_Status__c</field>
            <operation>equals</operation>
            <value>Peer Reviewed</value>
        </criteriaItems>
        <criteriaItems>
            <field>Novi_Suspicious_Activity__c.Filing_Entity__c</field>
            <operation>notEqual</operation>
            <value>FinCEN - US</value>
        </criteriaItems>
    </entryCriteria>
    <finalApprovalActions>
        <action>
            <name>Novi_Approved</name>
            <type>FieldUpdate</type>
        </action>
        <action>
            <name>Novi_Final_Approval_Notification_Email</name>
            <type>Alert</type>
        </action>
        <action>
            <name>Update_Approved_Date_Time</name>
            <type>FieldUpdate</type>
        </action>
        <action>
            <name>Update_SLA_Expire_On</name>
            <type>FieldUpdate</type>
        </action>
    </finalApprovalActions>
    <finalApprovalRecordLock>true</finalApprovalRecordLock>
    <finalRejectionActions>
        <action>
            <name>Novi_Final_Rejection_Notification_Email</name>
            <type>Alert</type>
        </action>
        <action>
            <name>Update_Resolution_Status_Rejected</name>
            <type>FieldUpdate</type>
        </action>
    </finalRejectionActions>
    <finalRejectionRecordLock>false</finalRejectionRecordLock>
    <label>Non-FinCEN old</label>
    <processOrder>3</processOrder>
    <recordEditability>AdminOnly</recordEditability>
    <showApprovalHistory>true</showApprovalHistory>
</ApprovalProcess>
