<?xml version="1.0" encoding="UTF-8"?>
<ApprovalProcess xmlns="http://soap.sforce.com/2006/04/metadata">
    <active>false</active>
    <allowRecall>true</allowRecall>
    <allowedSubmitters>
        <type>owner</type>
    </allowedSubmitters>
    <approvalPageFields>
        <field>Name</field>
        <field>Owner</field>
    </approvalPageFields>
    <approvalStep>
        <allowDelegate>false</allowDelegate>
        <approvalActions>
            <action>
                <name>Approver_Update_1</name>
                <type>FieldUpdate</type>
            </action>
            <action>
                <name>Update_Resolution_Status_MLRO</name>
                <type>FieldUpdate</type>
            </action>
        </approvalActions>
        <assignedApprover>
            <approver>
                <name>Novi_L3_Investigator</name>
                <type>queue</type>
            </approver>
            <whenMultipleApprovers>Unanimous</whenMultipleApprovers>
        </assignedApprover>
        <description>If Resolution status is &apos;Awaiting Peer Review&apos; Submit for peer review approval</description>
        <label>Submitted for Peer Review</label>
        <name>Submitted_for_Peer_Review</name>
        <rejectionActions>
            <action>
                <name>Approver_Update_1</name>
                <type>FieldUpdate</type>
            </action>
        </rejectionActions>
    </approvalStep>
    <approvalStep>
        <allowDelegate>false</allowDelegate>
        <assignedApprover>
            <approver>
                <name>almelia@meta.com</name>
                <type>user</type>
            </approver>
            <whenMultipleApprovers>FirstResponse</whenMultipleApprovers>
        </assignedApprover>
        <description>&apos;total currency amount (converted)&apos; is more than 150,000 AND IF filing entity is either GoAML Ireland OR NCA OR Israel</description>
        <entryCriteria>
            <booleanFilter>1</booleanFilter>
            <criteriaItems>
                <field>Novi_Suspicious_Activity__c.Total_local_currency_amount__c</field>
                <operation>greaterThan</operation>
                <value>&quot;USD 150,000&quot;</value>
            </criteriaItems>
        </entryCriteria>
        <label>Submitted for MLRO Review</label>
        <name>Submitted_for_MLRO_Review</name>
        <rejectBehavior>
            <type>RejectRequest</type>
        </rejectBehavior>
    </approvalStep>
    <description>If &apos;risk category&apos; is one of below AND &apos;total currency amount (converted)&apos; is more than 150,000 AND IF filing entity is either GoAML Ireland OR NCA OR Israel

Account Takeover
CC Fraud 
Chargeback
Identity Theft/Forgery 
Illegal Gambling 
Fraud Scam/Scheme
Darknet Markets 
Counterfeiting Currency
Structuring 
Other (elder financial abuse) 
Illegal Sex Services 
Unusual Transactions (no apparent economic, business, or lawful purpose) 
Money Laundering (aiding and abetting)
Robbery or Theft 
Illegal Firearms 
&quot;Insider Trading/Market Manipulation/
Corporate Malfeasance &quot;
Tax Evasion 
Environmental Crime
Unregistered MSB
Illegal Drugs
Extortion/Sextortion
Piracy/Hijacking 
Smuggling, trafficking in stolen/counterfeit goods  
Cybercrime</description>
    <emailTemplate>Novi_Approval_Process/Novi_Submitted_for_Peer_Review_Approval_Request</emailTemplate>
    <enableMobileDeviceAccess>false</enableMobileDeviceAccess>
    <entryCriteria>
        <booleanFilter>1 AND (2 or 3 or 4) AND 5</booleanFilter>
        <criteriaItems>
            <field>Novi_Suspicious_Activity__c.Resolution_Status__c</field>
            <operation>equals</operation>
            <value>Awaiting Peer Review</value>
        </criteriaItems>
        <criteriaItems>
            <field>Novi_Suspicious_Activity__c.Risk_Category__c</field>
            <operation>includes</operation>
            <value>Account Takeover,CC Fraud,Chargeback,Identity Theft/Forgery,Illegal Gambling,Fraud Scam/Scheme,Darknet Markets,Counterfeiting Currency,Structuring,Other (elder financial abuse),Illegal Sex Services</value>
        </criteriaItems>
        <criteriaItems>
            <field>Novi_Suspicious_Activity__c.Risk_Category__c</field>
            <operation>includes</operation>
            <value>&quot;Unusual Transactions (no apparent economic, business, or lawful purpose)&quot;,Money Laundering (aiding and abetting),Robbery or Theft,Illegal Firearms,Insider Trading/Market Manipulation/</value>
        </criteriaItems>
        <criteriaItems>
            <field>Novi_Suspicious_Activity__c.Risk_Category__c</field>
            <operation>includes</operation>
            <value>Corporate Malfeasance,Tax Evasion,Environmental Crime,Unregistered MSB,Illegal Drugs,Extortion/Sextortion,Piracy/Hijacking,&quot;Smuggling, trafficking in stolen/counterfeit goods&quot;,Cybercrime</value>
        </criteriaItems>
        <criteriaItems>
            <field>Novi_Suspicious_Activity__c.Total_local_currency_amount__c</field>
            <operation>greaterThan</operation>
            <value>&quot;USD 150,000&quot;</value>
        </criteriaItems>
    </entryCriteria>
    <finalApprovalActions>
        <action>
            <name>Novi_Final_Approval_Notification_Email</name>
            <type>Alert</type>
        </action>
        <action>
            <name>Update_Approved_Date_Time</name>
            <type>FieldUpdate</type>
        </action>
        <action>
            <name>Updated_Resolution_Status_Approved</name>
            <type>FieldUpdate</type>
        </action>
    </finalApprovalActions>
    <finalApprovalRecordLock>false</finalApprovalRecordLock>
    <finalRejectionActions>
        <action>
            <name>Novi_Final_Rejection_Notification_Email</name>
            <type>Alert</type>
        </action>
        <action>
            <name>Update_Resolution_Status_Rejected</name>
            <type>FieldUpdate</type>
        </action>
    </finalRejectionActions>
    <finalRejectionRecordLock>false</finalRejectionRecordLock>
    <initialSubmissionActions>
        <action>
            <name>Submitter_Update</name>
            <type>FieldUpdate</type>
        </action>
    </initialSubmissionActions>
    <label>10 Novi - MLRO Approval 2 - MoreThan15K</label>
    <processOrder>1</processOrder>
    <recordEditability>AdminOrCurrentApprover</recordEditability>
    <showApprovalHistory>true</showApprovalHistory>
</ApprovalProcess>
