<?xml version="1.0" encoding="UTF-8"?>
<ApprovalProcess xmlns="http://soap.sforce.com/2006/04/metadata">
    <active>false</active>
    <allowRecall>false</allowRecall>
    <allowedSubmitters>
        <type>owner</type>
    </allowedSubmitters>
    <approvalPageFields>
        <field>Name</field>
        <field>Owner</field>
    </approvalPageFields>
    <approvalStep>
        <allowDelegate>false</allowDelegate>
        <approvalActions>
            <action>
                <name>Novi_Peer_Reviewed_Approved</name>
                <type>FieldUpdate</type>
            </action>
        </approvalActions>
        <assignedApprover>
            <approver>
                <name>Novi_Peer_Review_Approver</name>
                <type>queue</type>
            </approver>
            <whenMultipleApprovers>FirstResponse</whenMultipleApprovers>
        </assignedApprover>
        <label>Step 1</label>
        <name>Step_1</name>
        <rejectionActions>
            <action>
                <name>Novi_Peer_Review_Rejected</name>
                <type>FieldUpdate</type>
            </action>
        </rejectionActions>
    </approvalStep>
    <approvalStep>
        <allowDelegate>false</allowDelegate>
        <approvalActions>
            <action>
                <name>Novi_Resolution_Approved</name>
                <type>FieldUpdate</type>
            </action>
        </approvalActions>
        <assignedApprover>
            <approver>
                <name>Novi_Peer_Review_Approver</name>
                <type>queue</type>
            </approver>
            <whenMultipleApprovers>FirstResponse</whenMultipleApprovers>
        </assignedApprover>
        <entryCriteria>
            <formula>AND(
OR(
 INCLUDES(Risk_Category__c, &quot;Account Takeover&quot;),
 INCLUDES(Risk_Category__c, &quot;CC Fraud&quot;),
 INCLUDES(Risk_Category__c, &quot;Chargeback&quot;),
 INCLUDES(Risk_Category__c, &quot;Identity Theft/Forgery&quot;),
 INCLUDES(Risk_Category__c, &quot;Identity Theft/Forgery&quot;),
 INCLUDES(Risk_Category__c, &quot;Illegal Gambling&quot;),
 INCLUDES(Risk_Category__c, &quot;Fraud Scam/Scheme&quot;),
 INCLUDES(Risk_Category__c, &quot;Darknet Markets&quot;),
 INCLUDES(Risk_Category__c, &quot;Counterfeiting Currency&quot;)),
  Total_local_currency_amount__c &lt; 15000)</formula>
        </entryCriteria>
        <ifCriteriaNotMet>ApproveRecord</ifCriteriaNotMet>
        <label>Novi L3 Investigator Approval</label>
        <name>Novi_L3_Investigator_Approval</name>
        <rejectBehavior>
            <type>RejectRequest</type>
        </rejectBehavior>
        <rejectionActions>
            <action>
                <name>Novi_L3_Investigator_Rejected</name>
                <type>FieldUpdate</type>
            </action>
        </rejectionActions>
    </approvalStep>
    <approvalStep>
        <allowDelegate>false</allowDelegate>
        <approvalActions>
            <action>
                <name>Novi_FIU_MLRO_Approved</name>
                <type>FieldUpdate</type>
            </action>
        </approvalActions>
        <assignedApprover>
            <approver>
                <name>Novi_FIU_MLRO_Reviewer</name>
                <type>queue</type>
            </approver>
            <whenMultipleApprovers>FirstResponse</whenMultipleApprovers>
        </assignedApprover>
        <entryCriteria>
            <formula>(OR(
   INCLUDES(Risk_Category__c, &quot;Illegal Drugs&quot;),
   INCLUDES(Risk_Category__c, &quot;Extortion/Sextortion&quot;),
   INCLUDES(Risk_Category__c, &quot;Piracy/Hijacking&quot;),
   INCLUDES(Risk_Category__c, &quot;Smuggling, trafficking in stolen/counterfeit goods&quot;),
   INCLUDES(Risk_Category__c, &quot;Cybercrime&quot;)) &amp;&amp;
  Total_local_currency_amount__c &lt; 15000)
||
 (OR(
   INCLUDES(Risk_Category__c, &quot;Structuring&quot;),
   INCLUDES(Risk_Category__c, &quot;Other (elder financial abuse)&quot;),
   INCLUDES(Risk_Category__c, &quot;Illegal Sex Services&quot;),
   INCLUDES(Risk_Category__c, &quot;Unusual Transactions (no apparent economic, business, or lawful purpose)&quot;),
   INCLUDES(Risk_Category__c, &quot;Money Laundering (aiding and abetting)&quot;),
   INCLUDES(Risk_Category__c, &quot;Robbery or Theft&quot;),
   INCLUDES(Risk_Category__c, &quot;Illegal Firearms&quot;),
   INCLUDES(Risk_Category__c, &quot;Insider Trading/Market Manipulation/&quot;),
   INCLUDES(Risk_Category__c, &quot;Corporate Malfeasance&quot;),
   INCLUDES(Risk_Category__c, &quot;Tax Evasion&quot;),
   INCLUDES(Risk_Category__c, &quot;Environmental Crime&quot;),
   INCLUDES(Risk_Category__c, &quot;Unregistered MSB&quot;)) &amp;&amp;
  Total_local_currency_amount__c &lt; 75000 &amp;&amp;
  Total_local_currency_amount__c &gt;= 15000)</formula>
        </entryCriteria>
        <label>Novi L3 Team Lead Approval</label>
        <name>Novi_L3_Team_Lead_Approval</name>
        <rejectBehavior>
            <type>RejectRequest</type>
        </rejectBehavior>
    </approvalStep>
    <enableMobileDeviceAccess>false</enableMobileDeviceAccess>
    <entryCriteria>
        <criteriaItems>
            <field>Novi_Suspicious_Activity__c.Resolution_Status__c</field>
            <operation>equals</operation>
            <value>Awaiting Peer Review</value>
        </criteriaItems>
    </entryCriteria>
    <finalApprovalRecordLock>true</finalApprovalRecordLock>
    <finalRejectionRecordLock>false</finalRejectionRecordLock>
    <initialSubmissionActions>
        <action>
            <name>Novi_Open</name>
            <type>FieldUpdate</type>
        </action>
    </initialSubmissionActions>
    <label>Peer Review Approval</label>
    <processOrder>0</processOrder>
    <recordEditability>AdminOnly</recordEditability>
    <showApprovalHistory>true</showApprovalHistory>
</ApprovalProcess>
