<?xml version="1.0" encoding="UTF-8"?>
<ApprovalProcess xmlns="http://soap.sforce.com/2006/04/metadata">
    <active>true</active>
    <allowRecall>true</allowRecall>
    <allowedSubmitters>
        <type>owner</type>
    </allowedSubmitters>
    <approvalPageFields>
        <field>Name</field>
        <field>Owner</field>
        <field>Project__c</field>
        <field>MG_Lookback_Window__c</field>
        <field>MG_Revenue_Model__c</field>
        <field>Expected_Retail_Price__c</field>
        <field>MG_TPV_Target__c</field>
    </approvalPageFields>
    <approvalStep>
        <allowDelegate>true</allowDelegate>
        <approvalActions>
            <action>
                <name>OCEM_StatusUpdateReview</name>
                <type>FieldUpdate</type>
            </action>
        </approvalActions>
        <assignedApprover>
            <approver>
                <type>adhoc</type>
            </approver>
        </assignedApprover>
        <label>Data Science Team Approval</label>
        <name>DataScienceTeamApproval</name>
    </approvalStep>
    <description>For OCEM Approval</description>
    <emailTemplate>All_Email_templates/OCEM_Initial_Approval_Request</emailTemplate>
    <enableMobileDeviceAccess>false</enableMobileDeviceAccess>
    <entryCriteria>
        <criteriaItems>
            <field>OCEM__c.MG_OCEM_Status__c</field>
            <operation>equals</operation>
            <value>Draft</value>
        </criteriaItems>
    </entryCriteria>
    <finalApprovalActions>
        <action>
            <name>Approved_notification</name>
            <type>Alert</type>
        </action>
        <action>
            <name>LastApprovedDateUpdate</name>
            <type>FieldUpdate</type>
        </action>
        <action>
            <name>LastApproverUpdate</name>
            <type>FieldUpdate</type>
        </action>
        <action>
            <name>OCEM_StatusUpdateApproved</name>
            <type>FieldUpdate</type>
        </action>
    </finalApprovalActions>
    <finalApprovalRecordLock>true</finalApprovalRecordLock>
    <finalRejectionActions>
        <action>
            <name>OCEM_StatusUpdateDraft</name>
            <type>FieldUpdate</type>
        </action>
        <action>
            <name>Rejected_notification</name>
            <type>Alert</type>
        </action>
    </finalRejectionActions>
    <finalRejectionRecordLock>false</finalRejectionRecordLock>
    <initialSubmissionActions>
        <action>
            <name>OCEM_StatusUpdateReview</name>
            <type>FieldUpdate</type>
        </action>
        <action>
            <name>Set_Current_Approval_Requestor</name>
            <type>FieldUpdate</type>
        </action>
    </initialSubmissionActions>
    <label>OCEM Approval</label>
    <processOrder>1</processOrder>
    <recallActions>
        <action>
            <name>OCEM_StatusUpdateDraft</name>
            <type>FieldUpdate</type>
        </action>
        <action>
            <name>Recall_notification</name>
            <type>Alert</type>
        </action>
    </recallActions>
    <recordEditability>AdminOrCurrentApprover</recordEditability>
    <showApprovalHistory>true</showApprovalHistory>
</ApprovalProcess>
