<?xml version="1.0" encoding="UTF-8"?>
<ApprovalProcess xmlns="http://soap.sforce.com/2006/04/metadata">
    <active>false</active>
    <allowRecall>true</allowRecall>
    <allowedSubmitters>
        <type>owner</type>
    </allowedSubmitters>
    <allowedSubmitters>
        <submitter>Workplace_Global_Lead</submitter>
        <type>roleSubordinates</type>
    </allowedSubmitters>
    <approvalPageFields>
        <field>Name</field>
        <field>Account</field>
        <field>Launch_Size__c</field>
        <field>Employees__c</field>
        <field>Client_IT_Sign_Off__c</field>
        <field>Amount</field>
        <field>Owner</field>
        <field>Region__c</field>
    </approvalPageFields>
    <approvalStep>
        <allowDelegate>true</allowDelegate>
        <approvalActions>
            <action>
                <name>Opportunity_Status_to_Pricing_Approved</name>
                <type>FieldUpdate</type>
            </action>
        </approvalActions>
        <assignedApprover>
            <approver>
                <name>markregan@fb.com</name>
                <type>user</type>
            </approver>
            <approver>
                <name>thomasr@meta.com</name>
                <type>user</type>
            </approver>
            <whenMultipleApprovers>FirstResponse</whenMultipleApprovers>
        </assignedApprover>
        <description>Pricing Approval over 10%</description>
        <label>1. Pricing Approval over 10%</label>
        <name>X1_Pricing_Approval_over_10</name>
    </approvalStep>
    <approvalStep>
        <allowDelegate>true</allowDelegate>
        <approvalActions>
            <action>
                <name>Opportunity_Status_to_Ready_for_Legal</name>
                <type>FieldUpdate</type>
            </action>
        </approvalActions>
        <assignedApprover>
            <approver>
                <name>lesleyyoung@fb.com</name>
                <type>user</type>
            </approver>
            <approver>
                <name>rasarkis@meta.com</name>
                <type>user</type>
            </approver>
            <whenMultipleApprovers>FirstResponse</whenMultipleApprovers>
        </assignedApprover>
        <description>Pricing Approval over 50%</description>
        <label>2. Pricing Approval over 50%</label>
        <name>X2_Pricing_Approval_over_50</name>
        <rejectBehavior>
            <type>RejectRequest</type>
        </rejectBehavior>
    </approvalStep>
    <approvalStep>
        <allowDelegate>true</allowDelegate>
        <approvalActions>
            <action>
                <name>Opportunity_Status_to_Ready_for_Finance</name>
                <type>FieldUpdate</type>
            </action>
        </approvalActions>
        <assignedApprover>
            <approver>
                <name>adamwright@meta.com</name>
                <type>user</type>
            </approver>
            <approver>
                <name>antti@fb.com</name>
                <type>user</type>
            </approver>
            <approver>
                <name>coreywallace@meta.com</name>
                <type>user</type>
            </approver>
            <approver>
                <name>gruffudd@meta.com</name>
                <type>user</type>
            </approver>
            <approver>
                <name>jackcoombes@meta.com</name>
                <type>user</type>
            </approver>
            <approver>
                <name>kerenst@meta.com</name>
                <type>user</type>
            </approver>
            <approver>
                <name>nrucker@meta.com</name>
                <type>user</type>
            </approver>
            <approver>
                <name>yospang@fb.com</name>
                <type>user</type>
            </approver>
            <whenMultipleApprovers>FirstResponse</whenMultipleApprovers>
        </assignedApprover>
        <entryCriteria>
            <criteriaItems>
                <field>Opportunity.Agreement_Type__c</field>
                <operation>equals</operation>
                <value>Custom Paper</value>
            </criteriaItems>
        </entryCriteria>
        <ifCriteriaNotMet>ApproveRecord</ifCriteriaNotMet>
        <label>3. Legal Review</label>
        <name>X3_Legal_Review</name>
        <rejectBehavior>
            <type>RejectRequest</type>
        </rejectBehavior>
    </approvalStep>
    <approvalStep>
        <allowDelegate>true</allowDelegate>
        <assignedApprover>
            <approver>
                <name>lindseyhogan3@meta.com</name>
                <type>user</type>
            </approver>
            <approver>
                <name>nbyrne@meta.com</name>
                <type>user</type>
            </approver>
            <approver>
                <name>nehash@meta.com</name>
                <type>user</type>
            </approver>
            <whenMultipleApprovers>FirstResponse</whenMultipleApprovers>
        </assignedApprover>
        <label>4. Finance Review</label>
        <name>X4_Finance_Review</name>
        <rejectBehavior>
            <type>RejectRequest</type>
        </rejectBehavior>
    </approvalStep>
    <approvalStep>
        <allowDelegate>true</allowDelegate>
        <assignedApprover>
            <approver>
                <name>gen_int@fb.com</name>
                <type>user</type>
            </approver>
            <whenMultipleApprovers>FirstResponse</whenMultipleApprovers>
        </assignedApprover>
        <label>5. Customer then Director Signatures</label>
        <name>X5_Customer_then_Director_Signatures</name>
        <rejectBehavior>
            <type>RejectRequest</type>
        </rejectBehavior>
    </approvalStep>
    <description>T29872602 - Credit Card Standard Terms with or without Pricing discounts
T71616329 - gutted steps</description>
    <emailTemplate>Workplace_templates/WP_Opportunity_Approval</emailTemplate>
    <enableMobileDeviceAccess>false</enableMobileDeviceAccess>
    <entryCriteria>
        <criteriaItems>
            <field>Opportunity.RecordType</field>
            <operation>equals</operation>
            <value>FB@Work Enterprise,FB@Work SMB,FB@Work Expansion Wave</value>
        </criteriaItems>
        <criteriaItems>
            <field>Opportunity.StageName</field>
            <operation>equals</operation>
            <value>Contracting,Align</value>
        </criteriaItems>
        <criteriaItems>
            <field>Opportunity.Payment_Type__c</field>
            <operation>equals</operation>
            <value>Credit Card</value>
        </criteriaItems>
        <criteriaItems>
            <field>Opportunity.Sales_Approved__c</field>
            <operation>equals</operation>
            <value>False</value>
        </criteriaItems>
    </entryCriteria>
    <finalApprovalActions>
        <action>
            <name>Opportunity_Status_to_Pricing_Approved</name>
            <type>FieldUpdate</type>
        </action>
        <action>
            <name>Sales_Approval_Status_Approved</name>
            <type>FieldUpdate</type>
        </action>
        <action>
            <name>Sales_Approval_Status_Date_Time</name>
            <type>FieldUpdate</type>
        </action>
        <action>
            <name>Sales_Approved_to_True</name>
            <type>FieldUpdate</type>
        </action>
        <action>
            <name>Stage_to_Contracting</name>
            <type>FieldUpdate</type>
        </action>
        <action>
            <name>WP_Oppty_Approved</name>
            <type>Alert</type>
        </action>
    </finalApprovalActions>
    <finalApprovalRecordLock>false</finalApprovalRecordLock>
    <finalRejectionActions>
        <action>
            <name>Opportunity_Status_to_NULL</name>
            <type>FieldUpdate</type>
        </action>
        <action>
            <name>Sales_Approval_Status_Date_Time_NULL</name>
            <type>FieldUpdate</type>
        </action>
        <action>
            <name>Sales_Approval_Status_Rejected</name>
            <type>FieldUpdate</type>
        </action>
        <action>
            <name>Sales_Approved_to_False</name>
            <type>FieldUpdate</type>
        </action>
        <action>
            <name>Stage_to_Align</name>
            <type>FieldUpdate</type>
        </action>
        <action>
            <name>WP_Oppty_Rejected</name>
            <type>Alert</type>
        </action>
    </finalRejectionActions>
    <finalRejectionRecordLock>false</finalRejectionRecordLock>
    <initialSubmissionActions>
        <action>
            <name>Opportunity_Status_to_Submitted</name>
            <type>FieldUpdate</type>
        </action>
        <action>
            <name>Sales_Approval_Status_Submitted</name>
            <type>FieldUpdate</type>
        </action>
    </initialSubmissionActions>
    <label>@WP Oppty Approval CC FULL</label>
    <processOrder>7</processOrder>
    <recallActions>
        <action>
            <name>Opportunity_Status_to_Recall</name>
            <type>FieldUpdate</type>
        </action>
        <action>
            <name>Sales_Approval_Status_Date_Time_NULL</name>
            <type>FieldUpdate</type>
        </action>
        <action>
            <name>Sales_Approval_Status_Recalled</name>
            <type>FieldUpdate</type>
        </action>
        <action>
            <name>Sales_Approved_to_False</name>
            <type>FieldUpdate</type>
        </action>
        <action>
            <name>Stage_to_Align</name>
            <type>FieldUpdate</type>
        </action>
    </recallActions>
    <recordEditability>AdminOrCurrentApprover</recordEditability>
    <showApprovalHistory>true</showApprovalHistory>
</ApprovalProcess>
