<?xml version="1.0" encoding="UTF-8"?>
<ApprovalProcess xmlns="http://soap.sforce.com/2006/04/metadata">
    <active>true</active>
    <allowRecall>true</allowRecall>
    <allowedSubmitters>
        <type>owner</type>
    </allowedSubmitters>
    <allowedSubmitters>
        <submitter>mmachra@meta.com</submitter>
        <type>user</type>
    </allowedSubmitters>
    <allowedSubmitters>
        <submitter>nathanielmockry@meta.com</submitter>
        <type>user</type>
    </allowedSubmitters>
    <allowedSubmitters>
        <submitter>rajnijain@meta.com</submitter>
        <type>user</type>
    </allowedSubmitters>
    <allowedSubmitters>
        <submitter>yvonnelay@meta.com</submitter>
        <type>user</type>
    </allowedSubmitters>
    <approvalPageFields>
        <field>Name</field>
        <field>Owner</field>
    </approvalPageFields>
    <approvalStep>
        <allowDelegate>true</allowDelegate>
        <assignedApprover>
            <approver>
                <name>aned@meta.com</name>
                <type>user</type>
            </approver>
            <approver>
                <name>nikaip@meta.com</name>
                <type>user</type>
            </approver>
            <approver>
                <name>thanhdong@meta.com</name>
                <type>user</type>
            </approver>
            <whenMultipleApprovers>FirstResponse</whenMultipleApprovers>
        </assignedApprover>
        <description>T107555147</description>
        <label>Deal Desk Review</label>
        <name>Deal_Desk_Review</name>
    </approvalStep>
    <description>T130661252, T131994300 - Removed Closed/won field update
T134840721 - update Finance approval status
T135855085 - Added Thanh dong as an approver
T140043079,T140078392 - BMG rollout issue with recordtype name</description>
    <enableMobileDeviceAccess>false</enableMobileDeviceAccess>
    <entryCriteria>
        <criteriaItems>
            <field>Opportunity.RecordType</field>
            <operation>equals</operation>
            <value>BMG Enterprise</value>
        </criteriaItems>
        <criteriaItems>
            <field>Opportunity.Finance_Approval_Status__c</field>
            <operation>equals</operation>
            <value>Ready,Rejected,Recalled</value>
        </criteriaItems>
        <criteriaItems>
            <field>Opportunity.BP_O_Approval_Status__c</field>
            <operation>equals</operation>
            <value>Approved</value>
        </criteriaItems>
        <criteriaItems>
            <field>Opportunity.Opportunity_Type__c</field>
            <operation>equals</operation>
            <value>Existing Customer - Existing Use Case,Existing Customer - New Use Case</value>
        </criteriaItems>
    </entryCriteria>
    <finalApprovalActions>
        <action>
            <name>Update_Finance_Approval_STatus</name>
            <type>FieldUpdate</type>
        </action>
        <action>
            <name>Update_Stage_to_Closed_won</name>
            <type>FieldUpdate</type>
        </action>
        <action>
            <name>WABA_Deal_Desk_Stauts_Approved</name>
            <type>FieldUpdate</type>
        </action>
        <action>
            <name>WABA_Opp_Approved_by_Deal_Desk</name>
            <type>Alert</type>
        </action>
    </finalApprovalActions>
    <finalApprovalRecordLock>false</finalApprovalRecordLock>
    <finalRejectionActions>
        <action>
            <name>Sales_Approval_Status_Ready</name>
            <type>FieldUpdate</type>
        </action>
        <action>
            <name>WABA_Deal_Desk_Status_Rejected</name>
            <type>FieldUpdate</type>
        </action>
        <action>
            <name>WABA_Opp_Finance_Approval_Rejected</name>
            <type>FieldUpdate</type>
        </action>
        <action>
            <name>WABA_Opp_Rejected_by_Deal_Desk</name>
            <type>Alert</type>
        </action>
    </finalRejectionActions>
    <finalRejectionRecordLock>false</finalRejectionRecordLock>
    <initialSubmissionActions>
        <action>
            <name>WABA_Opp_Finance_Approval_Submitted</name>
            <type>FieldUpdate</type>
        </action>
        <action>
            <name>WABA_Submitted_fro_Deal_Desk</name>
            <type>Alert</type>
        </action>
        <action>
            <name>WABA_Update_Deal_Desk_Approval_Status</name>
            <type>FieldUpdate</type>
        </action>
    </initialSubmissionActions>
    <label>WABA Expansion opp Deal Desk approval</label>
    <processOrder>11</processOrder>
    <recallActions>
        <action>
            <name>WABA_Opp_Finance_Approval_Ready</name>
            <type>FieldUpdate</type>
        </action>
    </recallActions>
    <recordEditability>AdminOrCurrentApprover</recordEditability>
    <showApprovalHistory>true</showApprovalHistory>
</ApprovalProcess>
