<?xml version="1.0" encoding="UTF-8"?>
<ApprovalProcess xmlns="http://soap.sforce.com/2006/04/metadata">
    <active>false</active>
    <allowRecall>true</allowRecall>
    <allowedSubmitters>
        <type>owner</type>
    </allowedSubmitters>
    <allowedSubmitters>
        <submitter>Workplace_Global_Lead</submitter>
        <type>roleSubordinates</type>
    </allowedSubmitters>
    <approvalPageFields>
        <field>Name</field>
        <field>Account</field>
        <field>Reseller_Agency__c</field>
        <field>Employees__c</field>
        <field>Client_IT_Sign_Off__c</field>
        <field>Amount</field>
        <field>Owner</field>
        <field>Region_Soldtocountry__c</field>
        <field>StageName</field>
    </approvalPageFields>
    <approvalStep>
        <allowDelegate>true</allowDelegate>
        <assignedApprover>
            <approver>
                <name>gen_int@fb.com</name>
                <type>user</type>
            </approver>
            <whenMultipleApprovers>FirstResponse</whenMultipleApprovers>
        </assignedApprover>
        <description>Customer and Director signatures via AdobeSign</description>
        <entryCriteria>
            <criteriaItems>
                <field>Opportunity.Agreement_Type__c</field>
                <operation>equals</operation>
                <value>Custom Paper</value>
            </criteriaItems>
        </entryCriteria>
        <ifCriteriaNotMet>ApproveRecord</ifCriteriaNotMet>
        <label>5. BETA Customer then Director Signatures</label>
        <name>X5_BETA_Customer_then_Director_Signatures</name>
    </approvalStep>
    <description>T29872602 - Credit Line - Customer &amp; FB Director - DEal BETA
T43378550 - Deal BETA</description>
    <emailTemplate>Workplace_templates/WP_Opportunity_Approval</emailTemplate>
    <enableMobileDeviceAccess>false</enableMobileDeviceAccess>
    <entryCriteria>
        <criteriaItems>
            <field>Opportunity.RecordType</field>
            <operation>equals</operation>
            <value>FB@Work Enterprise</value>
        </criteriaItems>
        <criteriaItems>
            <field>Opportunity.StageName</field>
            <operation>equals</operation>
            <value>Contracting</value>
        </criteriaItems>
        <criteriaItems>
            <field>Opportunity.Opportunity_Status__c</field>
            <operation>equals</operation>
            <value>Send for Signature</value>
        </criteriaItems>
        <criteriaItems>
            <field>Opportunity.Payment_Type__c</field>
            <operation>equals</operation>
            <value>Invoicing</value>
        </criteriaItems>
        <criteriaItems>
            <field>User.Profile</field>
            <operation>equals</operation>
            <value>Facebook@Work - Deal BETA,System Administrator - Limited,Facebook System Admin</value>
        </criteriaItems>
    </entryCriteria>
    <finalApprovalActions>
        <action>
            <name>Opportunity_Status_to_Signed</name>
            <type>FieldUpdate</type>
        </action>
        <action>
            <name>Resync_To_Pricing_Tool</name>
            <type>FieldUpdate</type>
        </action>
        <action>
            <name>Stage_to_Confirmed</name>
            <type>FieldUpdate</type>
        </action>
        <action>
            <name>WP_Oppty_Approved</name>
            <type>Alert</type>
        </action>
    </finalApprovalActions>
    <finalApprovalRecordLock>false</finalApprovalRecordLock>
    <finalRejectionActions>
        <action>
            <name>Opportunity_Status_to_Ready_for_eSign</name>
            <type>FieldUpdate</type>
        </action>
        <action>
            <name>WP_Oppty_Rejected</name>
            <type>Alert</type>
        </action>
    </finalRejectionActions>
    <finalRejectionRecordLock>false</finalRejectionRecordLock>
    <initialSubmissionActions>
        <action>
            <name>OpportunityStatusToCreateAndSendAgreemen</name>
            <type>FieldUpdate</type>
        </action>
    </initialSubmissionActions>
    <label>@WP Oppty Approval CL #3 r1 - Deal BETA</label>
    <processOrder>8</processOrder>
    <recallActions>
        <action>
            <name>Opportunity_Status_to_Ready_for_eSign</name>
            <type>FieldUpdate</type>
        </action>
    </recallActions>
    <recordEditability>AdminOrCurrentApprover</recordEditability>
    <showApprovalHistory>true</showApprovalHistory>
</ApprovalProcess>
