<?xml version="1.0" encoding="UTF-8"?>
<ApprovalProcess xmlns="http://soap.sforce.com/2006/04/metadata">
    <active>true</active>
    <allowRecall>true</allowRecall>
    <allowedSubmitters>
        <type>creator</type>
    </allowedSubmitters>
    <allowedSubmitters>
        <type>owner</type>
    </allowedSubmitters>
    <allowedSubmitters>
        <submitter>Workplace_Global_Lead</submitter>
        <type>role</type>
    </allowedSubmitters>
    <allowedSubmitters>
        <submitter>WhatsApp_Global_Sales_Lead</submitter>
        <type>roleSubordinates</type>
    </allowedSubmitters>
    <allowedSubmitters>
        <submitter>rajnijain@meta.com</submitter>
        <type>user</type>
    </allowedSubmitters>
    <approvalPageFields>
        <field>Name</field>
        <field>Owner</field>
    </approvalPageFields>
    <approvalStep>
        <allowDelegate>false</allowDelegate>
        <approvalActions>
            <action>
                <name>Sales_Approval_Level_1_Approved</name>
                <type>FieldUpdate</type>
            </action>
        </approvalActions>
        <assignedApprover>
            <approver>
                <name>hanbyuljang@meta.com</name>
                <type>user</type>
            </approver>
            <approver>
                <name>mmachra@meta.com</name>
                <type>user</type>
            </approver>
            <approver>
                <name>yvonnelay@meta.com</name>
                <type>user</type>
            </approver>
            <whenMultipleApprovers>FirstResponse</whenMultipleApprovers>
        </assignedApprover>
        <description>Expansion Deals- BP&amp;O Approval</description>
        <entryCriteria>
            <criteriaItems>
                <field>Opportunity.Total_Requested_Discount__c</field>
                <operation>greaterThan</operation>
                <value>0</value>
            </criteriaItems>
        </entryCriteria>
        <ifCriteriaNotMet>ApproveRecord</ifCriteriaNotMet>
        <label>Expansion Deals- BP&amp;O Approval</label>
        <name>Expansion_Deals_BP_O_Approval</name>
        <rejectionActions>
            <action>
                <name>Sales_Approval_Level_1_Rejected</name>
                <type>FieldUpdate</type>
            </action>
        </rejectionActions>
    </approvalStep>
    <description>T128220930 - BMG pricing Approval for Expansion Opportunity
T140043079,T140078392 - BMG rollout issue with recordtype name
T131881760 - Updated to fire only for Existing Customer - New Use Case only
T152886406- Removed Nathaniel</description>
    <emailTemplate>WABA_Email_Templates/WA_Opportunity_Pricing_Approval_Submission</emailTemplate>
    <enableMobileDeviceAccess>false</enableMobileDeviceAccess>
    <entryCriteria>
        <criteriaItems>
            <field>Opportunity.WA_Price_Approval__c</field>
            <operation>includes</operation>
            <value>Level1,Level2,Level3</value>
        </criteriaItems>
        <criteriaItems>
            <field>Opportunity.RecordType</field>
            <operation>equals</operation>
            <value>BMG Enterprise</value>
        </criteriaItems>
        <criteriaItems>
            <field>Opportunity.Sales_Approval_Status__c</field>
            <operation>equals</operation>
            <value>Ready,Recalled,Rejected</value>
        </criteriaItems>
        <criteriaItems>
            <field>Opportunity.Opportunity_Type__c</field>
            <operation>equals</operation>
            <value>Existing Customer - New Use Case</value>
        </criteriaItems>
    </entryCriteria>
    <finalApprovalActions>
        <action>
            <name>BP_O_Approval_Status_Approved</name>
            <type>FieldUpdate</type>
        </action>
        <action>
            <name>Sales_Approval_Status_Approved</name>
            <type>FieldUpdate</type>
        </action>
        <action>
            <name>Stage_to_Contracting</name>
            <type>FieldUpdate</type>
        </action>
        <action>
            <name>WA_EA_Opp_Pricing_Approval_To_Opportunity_Owner</name>
            <type>Alert</type>
        </action>
    </finalApprovalActions>
    <finalApprovalRecordLock>false</finalApprovalRecordLock>
    <finalRejectionActions>
        <action>
            <name>Sales_Approval_Status_Rejected</name>
            <type>FieldUpdate</type>
        </action>
        <action>
            <name>Stage_to_Align</name>
            <type>FieldUpdate</type>
        </action>
        <action>
            <name>Update_BP_O_Approval_Status</name>
            <type>FieldUpdate</type>
        </action>
        <action>
            <name>WA_EA_Opp_Pricing_Rejection_To_Owner</name>
            <type>Alert</type>
        </action>
    </finalRejectionActions>
    <finalRejectionRecordLock>false</finalRejectionRecordLock>
    <initialSubmissionActions>
        <action>
            <name>Sales_Approval_Status_Submitted</name>
            <type>FieldUpdate</type>
        </action>
        <action>
            <name>Update_BP_O_Approval_to_Submitted</name>
            <type>FieldUpdate</type>
        </action>
    </initialSubmissionActions>
    <label>WABA - Pricing Approval Expansion Deals</label>
    <processOrder>10</processOrder>
    <recallActions>
        <action>
            <name>Sales_Approval_Status_Recalled</name>
            <type>FieldUpdate</type>
        </action>
    </recallActions>
    <recordEditability>AdminOrCurrentApprover</recordEditability>
    <showApprovalHistory>false</showApprovalHistory>
</ApprovalProcess>
