<?xml version="1.0" encoding="UTF-8"?>
<ApprovalProcess xmlns="http://soap.sforce.com/2006/04/metadata">
    <active>false</active>
    <allowRecall>false</allowRecall>
    <allowedSubmitters>
        <type>creator</type>
    </allowedSubmitters>
    <allowedSubmitters>
        <submitter>All_Global_Hierarchy</submitter>
        <type>group</type>
    </allowedSubmitters>
    <allowedSubmitters>
        <type>owner</type>
    </allowedSubmitters>
    <approvalPageFields>
        <field>Name</field>
        <field>Owner</field>
        <field>Reseller_Agency_Selected__c</field>
        <field>Account_Legal_Name__c</field>
        <field>Amount</field>
        <field>Sales_Approval_Status__c</field>
        <field>Finance_Approval_Status__c</field>
    </approvalPageFields>
    <approvalStep>
        <allowDelegate>true</allowDelegate>
        <approvalActions>
            <action>
                <name>Sales_Approval_Status_Approved</name>
                <type>FieldUpdate</type>
            </action>
        </approvalActions>
        <assignedApprover>
            <approver>
                <name>mhill@meta.com</name>
                <type>user</type>
            </approver>
            <whenMultipleApprovers>FirstResponse</whenMultipleApprovers>
        </assignedApprover>
        <entryCriteria>
            <criteriaItems>
                <field>Opportunity.TotalOpportunityQuantity</field>
                <operation>greaterOrEqual</operation>
                <value>1,000,000</value>
            </criteriaItems>
        </entryCriteria>
        <ifCriteriaNotMet>GotoNextStep</ifCriteriaNotMet>
        <label>Quantity GT Threshold</label>
        <name>Quantity_GT_Threshold</name>
        <rejectionActions>
            <action>
                <name>Sales_Approval_Status_Rejected</name>
                <type>FieldUpdate</type>
            </action>
        </rejectionActions>
    </approvalStep>
    <approvalStep>
        <allowDelegate>false</allowDelegate>
        <assignedApprover>
            <approver>
                <name>mhill@meta.com</name>
                <type>user</type>
            </approver>
            <whenMultipleApprovers>FirstResponse</whenMultipleApprovers>
        </assignedApprover>
        <entryCriteria>
            <criteriaItems>
                <field>Opportunity.TotalOpportunityQuantity</field>
                <operation>lessOrEqual</operation>
                <value>499</value>
            </criteriaItems>
            <criteriaItems>
                <field>Opportunity.LR_Discount__c</field>
                <operation>greaterThan</operation>
                <value>0</value>
            </criteriaItems>
        </entryCriteria>
        <ifCriteriaNotMet>GotoNextStep</ifCriteriaNotMet>
        <label>Below 500 with any discount</label>
        <name>Below_500_with_any_discount</name>
        <rejectBehavior>
            <type>RejectRequest</type>
        </rejectBehavior>
    </approvalStep>
    <approvalStep>
        <allowDelegate>false</allowDelegate>
        <approvalActions>
            <action>
                <name>Sales_Approved_Tier_to_1</name>
                <type>FieldUpdate</type>
            </action>
        </approvalActions>
        <assignedApprover>
            <approver>
                <name>mhill@meta.com</name>
                <type>user</type>
            </approver>
            <whenMultipleApprovers>FirstResponse</whenMultipleApprovers>
        </assignedApprover>
        <entryCriteria>
            <booleanFilter>(1 AND 2) AND (3 AND 4)</booleanFilter>
            <criteriaItems>
                <field>Opportunity.TotalOpportunityQuantity</field>
                <operation>greaterOrEqual</operation>
                <value>500</value>
            </criteriaItems>
            <criteriaItems>
                <field>Opportunity.TotalOpportunityQuantity</field>
                <operation>lessOrEqual</operation>
                <value>1000</value>
            </criteriaItems>
            <criteriaItems>
                <field>Opportunity.LR_Discount__c</field>
                <operation>greaterOrEqual</operation>
                <value>1</value>
            </criteriaItems>
            <criteriaItems>
                <field>Opportunity.LR_Discount__c</field>
                <operation>lessOrEqual</operation>
                <value>5</value>
            </criteriaItems>
        </entryCriteria>
        <ifCriteriaNotMet>GotoNextStep</ifCriteriaNotMet>
        <label>1 to 5% and 500 to 1k SALES</label>
        <name>X1_to_5_and_500_to_1k_SALES</name>
        <rejectBehavior>
            <type>RejectRequest</type>
        </rejectBehavior>
        <rejectionActions>
            <action>
                <name>Sales_Approval_Status_Rejected</name>
                <type>FieldUpdate</type>
            </action>
            <action>
                <name>Sales_Approved_Tier</name>
                <type>FieldUpdate</type>
            </action>
        </rejectionActions>
    </approvalStep>
    <approvalStep>
        <allowDelegate>false</allowDelegate>
        <approvalActions>
            <action>
                <name>Sales_Approval_Status_Approved</name>
                <type>FieldUpdate</type>
            </action>
            <action>
                <name>Sales_Approval_Status_Date_Time</name>
                <type>FieldUpdate</type>
            </action>
            <action>
                <name>Sales_Approved_Tier_to_2</name>
                <type>FieldUpdate</type>
            </action>
        </approvalActions>
        <assignedApprover>
            <approver>
                <name>mhill@meta.com</name>
                <type>user</type>
            </approver>
            <whenMultipleApprovers>FirstResponse</whenMultipleApprovers>
        </assignedApprover>
        <entryCriteria>
            <booleanFilter>(1 AND 2) AND (3 AND 4) AND 5</booleanFilter>
            <criteriaItems>
                <field>Opportunity.TotalOpportunityQuantity</field>
                <operation>greaterOrEqual</operation>
                <value>500</value>
            </criteriaItems>
            <criteriaItems>
                <field>Opportunity.TotalOpportunityQuantity</field>
                <operation>lessOrEqual</operation>
                <value>1000</value>
            </criteriaItems>
            <criteriaItems>
                <field>Opportunity.LR_Discount__c</field>
                <operation>greaterOrEqual</operation>
                <value>1</value>
            </criteriaItems>
            <criteriaItems>
                <field>Opportunity.LR_Discount__c</field>
                <operation>lessOrEqual</operation>
                <value>5</value>
            </criteriaItems>
            <criteriaItems>
                <field>Opportunity.Sales_Approved_Tier__c</field>
                <operation>equals</operation>
                <value>1</value>
            </criteriaItems>
        </entryCriteria>
        <ifCriteriaNotMet>GotoNextStep</ifCriteriaNotMet>
        <label>1 to 5% and 500 to 1k BUSINESS</label>
        <name>X1_to_5_and_500_to_1k_BUSINESS</name>
        <rejectBehavior>
            <type>RejectRequest</type>
        </rejectBehavior>
        <rejectionActions>
            <action>
                <name>Sales_Approval_Status_Rejected</name>
                <type>FieldUpdate</type>
            </action>
            <action>
                <name>Sales_Approved_Tier</name>
                <type>FieldUpdate</type>
            </action>
        </rejectionActions>
    </approvalStep>
    <approvalStep>
        <allowDelegate>false</allowDelegate>
        <approvalActions>
            <action>
                <name>Finance_Approval_Status_Approved</name>
                <type>FieldUpdate</type>
            </action>
        </approvalActions>
        <assignedApprover>
            <approver>
                <name>mhill@meta.com</name>
                <type>user</type>
            </approver>
            <whenMultipleApprovers>FirstResponse</whenMultipleApprovers>
        </assignedApprover>
        <entryCriteria>
            <booleanFilter>(1 AND 2) AND (3 AND 4) AND 5 AND 6</booleanFilter>
            <criteriaItems>
                <field>Opportunity.TotalOpportunityQuantity</field>
                <operation>greaterOrEqual</operation>
                <value>500</value>
            </criteriaItems>
            <criteriaItems>
                <field>Opportunity.TotalOpportunityQuantity</field>
                <operation>lessOrEqual</operation>
                <value>1000</value>
            </criteriaItems>
            <criteriaItems>
                <field>Opportunity.LR_Discount__c</field>
                <operation>greaterOrEqual</operation>
                <value>1</value>
            </criteriaItems>
            <criteriaItems>
                <field>Opportunity.LR_Discount__c</field>
                <operation>lessOrEqual</operation>
                <value>5</value>
            </criteriaItems>
            <criteriaItems>
                <field>Opportunity.Sales_Approval_Tier__c</field>
                <operation>equals</operation>
                <value>2</value>
            </criteriaItems>
            <criteriaItems>
                <field>Opportunity.Sales_Approval_Status__c</field>
                <operation>equals</operation>
                <value>Approved</value>
            </criteriaItems>
        </entryCriteria>
        <ifCriteriaNotMet>GotoNextStep</ifCriteriaNotMet>
        <label>1 to 5% and 500 to 1k FINANCE</label>
        <name>X1_to_5_and_500_to_1k_FINANCE</name>
        <rejectBehavior>
            <type>RejectRequest</type>
        </rejectBehavior>
        <rejectionActions>
            <action>
                <name>Finance_Approval_Status_Rejected</name>
                <type>FieldUpdate</type>
            </action>
        </rejectionActions>
    </approvalStep>
    <approvalStep>
        <allowDelegate>false</allowDelegate>
        <approvalActions>
            <action>
                <name>Sales_Approved_Tier_to_1</name>
                <type>FieldUpdate</type>
            </action>
        </approvalActions>
        <assignedApprover>
            <approver>
                <name>mhill@meta.com</name>
                <type>user</type>
            </approver>
            <whenMultipleApprovers>FirstResponse</whenMultipleApprovers>
        </assignedApprover>
        <entryCriteria>
            <booleanFilter>(1 AND 2) AND (3 AND 4)</booleanFilter>
            <criteriaItems>
                <field>Opportunity.TotalOpportunityQuantity</field>
                <operation>greaterOrEqual</operation>
                <value>1001</value>
            </criteriaItems>
            <criteriaItems>
                <field>Opportunity.TotalOpportunityQuantity</field>
                <operation>lessOrEqual</operation>
                <value>5000</value>
            </criteriaItems>
            <criteriaItems>
                <field>Opportunity.LR_Discount__c</field>
                <operation>greaterOrEqual</operation>
                <value>6</value>
            </criteriaItems>
            <criteriaItems>
                <field>Opportunity.LR_Discount__c</field>
                <operation>lessOrEqual</operation>
                <value>15</value>
            </criteriaItems>
        </entryCriteria>
        <ifCriteriaNotMet>GotoNextStep</ifCriteriaNotMet>
        <label>6 to 15% and 1k to 5k SALES</label>
        <name>X6_to_15_and_1k_to_5k_SALES</name>
        <rejectBehavior>
            <type>RejectRequest</type>
        </rejectBehavior>
        <rejectionActions>
            <action>
                <name>Sales_Approval_Status_Rejected</name>
                <type>FieldUpdate</type>
            </action>
            <action>
                <name>Sales_Approved_Tier</name>
                <type>FieldUpdate</type>
            </action>
        </rejectionActions>
    </approvalStep>
    <approvalStep>
        <allowDelegate>false</allowDelegate>
        <approvalActions>
            <action>
                <name>Sales_Approval_Status_Approved</name>
                <type>FieldUpdate</type>
            </action>
            <action>
                <name>Sales_Approval_Status_Date_Time</name>
                <type>FieldUpdate</type>
            </action>
            <action>
                <name>Sales_Approved_Tier_to_2</name>
                <type>FieldUpdate</type>
            </action>
        </approvalActions>
        <assignedApprover>
            <approver>
                <name>mhill@meta.com</name>
                <type>user</type>
            </approver>
            <whenMultipleApprovers>FirstResponse</whenMultipleApprovers>
        </assignedApprover>
        <entryCriteria>
            <booleanFilter>(1 AND 2) AND (3 AND 4) AND 5</booleanFilter>
            <criteriaItems>
                <field>Opportunity.TotalOpportunityQuantity</field>
                <operation>greaterOrEqual</operation>
                <value>1001</value>
            </criteriaItems>
            <criteriaItems>
                <field>Opportunity.TotalOpportunityQuantity</field>
                <operation>lessOrEqual</operation>
                <value>5000</value>
            </criteriaItems>
            <criteriaItems>
                <field>Opportunity.LR_Discount__c</field>
                <operation>greaterOrEqual</operation>
                <value>6</value>
            </criteriaItems>
            <criteriaItems>
                <field>Opportunity.LR_Discount__c</field>
                <operation>lessOrEqual</operation>
                <value>15</value>
            </criteriaItems>
            <criteriaItems>
                <field>Opportunity.Sales_Approval_Tier__c</field>
                <operation>equals</operation>
                <value>1</value>
            </criteriaItems>
        </entryCriteria>
        <ifCriteriaNotMet>GotoNextStep</ifCriteriaNotMet>
        <label>6 to 15% and 1k to 5k BUSINESS</label>
        <name>X6_to_15_and_1k_to_5k_BUSINESS</name>
        <rejectBehavior>
            <type>RejectRequest</type>
        </rejectBehavior>
        <rejectionActions>
            <action>
                <name>Sales_Approval_Status_Rejected</name>
                <type>FieldUpdate</type>
            </action>
            <action>
                <name>Sales_Approved_Tier</name>
                <type>FieldUpdate</type>
            </action>
        </rejectionActions>
    </approvalStep>
    <approvalStep>
        <allowDelegate>false</allowDelegate>
        <approvalActions>
            <action>
                <name>Finance_Approval_Status_Approved</name>
                <type>FieldUpdate</type>
            </action>
        </approvalActions>
        <assignedApprover>
            <approver>
                <name>mhill@meta.com</name>
                <type>user</type>
            </approver>
            <whenMultipleApprovers>FirstResponse</whenMultipleApprovers>
        </assignedApprover>
        <entryCriteria>
            <booleanFilter>(1 AND 2) AND (3 AND 4) AND 5 AND 6</booleanFilter>
            <criteriaItems>
                <field>Opportunity.TotalOpportunityQuantity</field>
                <operation>greaterOrEqual</operation>
                <value>1001</value>
            </criteriaItems>
            <criteriaItems>
                <field>Opportunity.TotalOpportunityQuantity</field>
                <operation>lessOrEqual</operation>
                <value>5000</value>
            </criteriaItems>
            <criteriaItems>
                <field>Opportunity.LR_Discount__c</field>
                <operation>greaterOrEqual</operation>
                <value>6</value>
            </criteriaItems>
            <criteriaItems>
                <field>Opportunity.LR_Discount__c</field>
                <operation>lessOrEqual</operation>
                <value>15</value>
            </criteriaItems>
            <criteriaItems>
                <field>Opportunity.Sales_Approval_Tier__c</field>
                <operation>equals</operation>
                <value>2</value>
            </criteriaItems>
            <criteriaItems>
                <field>Opportunity.Sales_Approval_Status__c</field>
                <operation>equals</operation>
                <value>Approved</value>
            </criteriaItems>
        </entryCriteria>
        <ifCriteriaNotMet>GotoNextStep</ifCriteriaNotMet>
        <label>6 to 15% and 1k to 5k FINANCE</label>
        <name>X6_to_15_and_1k_to_5k_FINANCE</name>
        <rejectBehavior>
            <type>RejectRequest</type>
        </rejectBehavior>
        <rejectionActions>
            <action>
                <name>Finance_Approval_Status_Rejected</name>
                <type>FieldUpdate</type>
            </action>
        </rejectionActions>
    </approvalStep>
    <approvalStep>
        <allowDelegate>false</allowDelegate>
        <approvalActions>
            <action>
                <name>Sales_Approved_Tier_to_1</name>
                <type>FieldUpdate</type>
            </action>
        </approvalActions>
        <assignedApprover>
            <approver>
                <name>mhill@meta.com</name>
                <type>user</type>
            </approver>
            <whenMultipleApprovers>FirstResponse</whenMultipleApprovers>
        </assignedApprover>
        <entryCriteria>
            <booleanFilter>(1 AND 2) AND (3 AND 4)</booleanFilter>
            <criteriaItems>
                <field>Opportunity.TotalOpportunityQuantity</field>
                <operation>greaterOrEqual</operation>
                <value>5001</value>
            </criteriaItems>
            <criteriaItems>
                <field>Opportunity.TotalOpportunityQuantity</field>
                <operation>lessOrEqual</operation>
                <value>10000</value>
            </criteriaItems>
            <criteriaItems>
                <field>Opportunity.LR_Discount__c</field>
                <operation>greaterOrEqual</operation>
                <value>16</value>
            </criteriaItems>
            <criteriaItems>
                <field>Opportunity.LR_Discount__c</field>
                <operation>lessOrEqual</operation>
                <value>25</value>
            </criteriaItems>
        </entryCriteria>
        <ifCriteriaNotMet>GotoNextStep</ifCriteriaNotMet>
        <label>16 to 25% and 5k to 10k SALES</label>
        <name>X16_to_25_and_5k_to_10k_SALES</name>
        <rejectBehavior>
            <type>RejectRequest</type>
        </rejectBehavior>
        <rejectionActions>
            <action>
                <name>Sales_Approval_Status_Rejected</name>
                <type>FieldUpdate</type>
            </action>
            <action>
                <name>Sales_Approved_Tier</name>
                <type>FieldUpdate</type>
            </action>
        </rejectionActions>
    </approvalStep>
    <approvalStep>
        <allowDelegate>false</allowDelegate>
        <approvalActions>
            <action>
                <name>Sales_Approval_Status_Approved</name>
                <type>FieldUpdate</type>
            </action>
            <action>
                <name>Sales_Approval_Status_Date_Time</name>
                <type>FieldUpdate</type>
            </action>
            <action>
                <name>Sales_Approved_Tier_to_2</name>
                <type>FieldUpdate</type>
            </action>
        </approvalActions>
        <assignedApprover>
            <approver>
                <name>mhill@meta.com</name>
                <type>user</type>
            </approver>
            <whenMultipleApprovers>FirstResponse</whenMultipleApprovers>
        </assignedApprover>
        <entryCriteria>
            <booleanFilter>(1 AND 2) AND (3 AND 4) AND 5</booleanFilter>
            <criteriaItems>
                <field>Opportunity.TotalOpportunityQuantity</field>
                <operation>greaterOrEqual</operation>
                <value>5001</value>
            </criteriaItems>
            <criteriaItems>
                <field>Opportunity.TotalOpportunityQuantity</field>
                <operation>lessOrEqual</operation>
                <value>10000</value>
            </criteriaItems>
            <criteriaItems>
                <field>Opportunity.LR_Discount__c</field>
                <operation>greaterOrEqual</operation>
                <value>16</value>
            </criteriaItems>
            <criteriaItems>
                <field>Opportunity.LR_Discount__c</field>
                <operation>lessOrEqual</operation>
                <value>25</value>
            </criteriaItems>
            <criteriaItems>
                <field>Opportunity.Sales_Approved_Tier__c</field>
                <operation>equals</operation>
                <value>1</value>
            </criteriaItems>
        </entryCriteria>
        <ifCriteriaNotMet>GotoNextStep</ifCriteriaNotMet>
        <label>16 to 25% and 5k to 10k BUSINESS</label>
        <name>X16_to_25_and_5k_to_10k_BUSINESS</name>
        <rejectBehavior>
            <type>RejectRequest</type>
        </rejectBehavior>
        <rejectionActions>
            <action>
                <name>Sales_Approval_Status_Rejected</name>
                <type>FieldUpdate</type>
            </action>
            <action>
                <name>Sales_Approved_Tier</name>
                <type>FieldUpdate</type>
            </action>
        </rejectionActions>
    </approvalStep>
    <approvalStep>
        <allowDelegate>false</allowDelegate>
        <approvalActions>
            <action>
                <name>Finance_Approval_Status_Approved</name>
                <type>FieldUpdate</type>
            </action>
        </approvalActions>
        <assignedApprover>
            <approver>
                <name>mhill@meta.com</name>
                <type>user</type>
            </approver>
            <whenMultipleApprovers>FirstResponse</whenMultipleApprovers>
        </assignedApprover>
        <entryCriteria>
            <booleanFilter>(1 AND 2) AND (3 AND 4) AND 5 AND 6</booleanFilter>
            <criteriaItems>
                <field>Opportunity.TotalOpportunityQuantity</field>
                <operation>greaterOrEqual</operation>
                <value>5001</value>
            </criteriaItems>
            <criteriaItems>
                <field>Opportunity.TotalOpportunityQuantity</field>
                <operation>lessOrEqual</operation>
                <value>10000</value>
            </criteriaItems>
            <criteriaItems>
                <field>Opportunity.LR_Discount__c</field>
                <operation>greaterOrEqual</operation>
                <value>16</value>
            </criteriaItems>
            <criteriaItems>
                <field>Opportunity.LR_Discount__c</field>
                <operation>lessOrEqual</operation>
                <value>25</value>
            </criteriaItems>
            <criteriaItems>
                <field>Opportunity.Sales_Approved_Tier__c</field>
                <operation>equals</operation>
                <value>2</value>
            </criteriaItems>
            <criteriaItems>
                <field>Opportunity.Sales_Approval_Status__c</field>
                <operation>equals</operation>
                <value>Approved</value>
            </criteriaItems>
        </entryCriteria>
        <ifCriteriaNotMet>GotoNextStep</ifCriteriaNotMet>
        <label>16 to 25% and 5k to 10k FINANCE</label>
        <name>X16_to_25_and_5k_to_10k_FINANCE</name>
        <rejectBehavior>
            <type>RejectRequest</type>
        </rejectBehavior>
        <rejectionActions>
            <action>
                <name>Finance_Approval_Status_Rejected</name>
                <type>FieldUpdate</type>
            </action>
        </rejectionActions>
    </approvalStep>
    <approvalStep>
        <allowDelegate>false</allowDelegate>
        <approvalActions>
            <action>
                <name>Sales_Approved_Tier_to_1</name>
                <type>FieldUpdate</type>
            </action>
        </approvalActions>
        <assignedApprover>
            <approver>
                <name>mhill@meta.com</name>
                <type>user</type>
            </approver>
            <whenMultipleApprovers>FirstResponse</whenMultipleApprovers>
        </assignedApprover>
        <entryCriteria>
            <criteriaItems>
                <field>Opportunity.TotalOpportunityQuantity</field>
                <operation>greaterOrEqual</operation>
                <value>10001</value>
            </criteriaItems>
            <criteriaItems>
                <field>Opportunity.LR_Discount__c</field>
                <operation>greaterOrEqual</operation>
                <value>26</value>
            </criteriaItems>
        </entryCriteria>
        <ifCriteriaNotMet>GotoNextStep</ifCriteriaNotMet>
        <label>Over 25% and Over 10k SALES</label>
        <name>Over_25_and_Over_10k_SALES</name>
        <rejectBehavior>
            <type>RejectRequest</type>
        </rejectBehavior>
        <rejectionActions>
            <action>
                <name>Sales_Approval_Status_Rejected</name>
                <type>FieldUpdate</type>
            </action>
            <action>
                <name>Sales_Approved_Tier</name>
                <type>FieldUpdate</type>
            </action>
        </rejectionActions>
    </approvalStep>
    <approvalStep>
        <allowDelegate>false</allowDelegate>
        <approvalActions>
            <action>
                <name>Sales_Approval_Status_Approved</name>
                <type>FieldUpdate</type>
            </action>
            <action>
                <name>Sales_Approval_Status_Date_Time</name>
                <type>FieldUpdate</type>
            </action>
            <action>
                <name>Sales_Approved_Tier_to_2</name>
                <type>FieldUpdate</type>
            </action>
        </approvalActions>
        <assignedApprover>
            <approver>
                <name>mhill@meta.com</name>
                <type>user</type>
            </approver>
            <whenMultipleApprovers>FirstResponse</whenMultipleApprovers>
        </assignedApprover>
        <entryCriteria>
            <criteriaItems>
                <field>Opportunity.TotalOpportunityQuantity</field>
                <operation>greaterOrEqual</operation>
                <value>10001</value>
            </criteriaItems>
            <criteriaItems>
                <field>Opportunity.LR_Discount__c</field>
                <operation>greaterOrEqual</operation>
                <value>26</value>
            </criteriaItems>
            <criteriaItems>
                <field>Opportunity.Sales_Approved_Tier__c</field>
                <operation>equals</operation>
                <value>1</value>
            </criteriaItems>
        </entryCriteria>
        <ifCriteriaNotMet>GotoNextStep</ifCriteriaNotMet>
        <label>Over 25% and Over 10k BUSINESS</label>
        <name>Over_25_and_Over_10k_BUSINESS</name>
        <rejectBehavior>
            <type>RejectRequest</type>
        </rejectBehavior>
        <rejectionActions>
            <action>
                <name>Sales_Approval_Status_Rejected</name>
                <type>FieldUpdate</type>
            </action>
            <action>
                <name>Sales_Approved_Tier</name>
                <type>FieldUpdate</type>
            </action>
        </rejectionActions>
    </approvalStep>
    <approvalStep>
        <allowDelegate>false</allowDelegate>
        <approvalActions>
            <action>
                <name>Finance_Approval_Status_Approved</name>
                <type>FieldUpdate</type>
            </action>
        </approvalActions>
        <assignedApprover>
            <approver>
                <name>mhill@meta.com</name>
                <type>user</type>
            </approver>
            <whenMultipleApprovers>FirstResponse</whenMultipleApprovers>
        </assignedApprover>
        <entryCriteria>
            <criteriaItems>
                <field>Opportunity.TotalOpportunityQuantity</field>
                <operation>greaterOrEqual</operation>
                <value>10001</value>
            </criteriaItems>
            <criteriaItems>
                <field>Opportunity.LR_Discount__c</field>
                <operation>greaterOrEqual</operation>
                <value>26</value>
            </criteriaItems>
            <criteriaItems>
                <field>Opportunity.Sales_Approved_Tier__c</field>
                <operation>equals</operation>
                <value>2</value>
            </criteriaItems>
            <criteriaItems>
                <field>Opportunity.Sales_Approval_Status__c</field>
                <operation>equals</operation>
                <value>Approved</value>
            </criteriaItems>
        </entryCriteria>
        <label>Over 25% and Over 10k FINANCE</label>
        <name>Over_25_and_Over_10k_FINANCE</name>
        <rejectBehavior>
            <type>RejectRequest</type>
        </rejectBehavior>
        <rejectionActions>
            <action>
                <name>Finance_Approval_Status_Rejected</name>
                <type>FieldUpdate</type>
            </action>
        </rejectionActions>
    </approvalStep>
    <description>T150989942 - creation task</description>
    <enableMobileDeviceAccess>false</enableMobileDeviceAccess>
    <entryCriteria>
        <criteriaItems>
            <field>Opportunity.RecordType</field>
            <operation>equals</operation>
            <value>FRL Enterprise Sales</value>
        </criteriaItems>
    </entryCriteria>
    <finalApprovalRecordLock>true</finalApprovalRecordLock>
    <finalRejectionRecordLock>false</finalRejectionRecordLock>
    <label>RL Enterprise r1</label>
    <processOrder>15</processOrder>
    <recordEditability>AdminOrCurrentApprover</recordEditability>
    <showApprovalHistory>true</showApprovalHistory>
</ApprovalProcess>
