<?xml version="1.0" encoding="UTF-8"?>
<ApprovalProcess xmlns="http://soap.sforce.com/2006/04/metadata">
    <active>true</active>
    <allowRecall>true</allowRecall>
    <allowedSubmitters>
        <type>creator</type>
    </allowedSubmitters>
    <allowedSubmitters>
        <submitter>All_Global_Hierarchy</submitter>
        <type>group</type>
    </allowedSubmitters>
    <allowedSubmitters>
        <type>owner</type>
    </allowedSubmitters>
    <allowedSubmitters>
        <submitter>Sales</submitter>
        <type>roleSubordinates</type>
    </allowedSubmitters>
    <approvalPageFields>
        <field>Name</field>
        <field>Owner</field>
        <field>Reseller_Agency_Selected__c</field>
        <field>Account_Legal_Name__c</field>
        <field>Amount</field>
        <field>Sales_Approval_Status__c</field>
        <field>Finance_Approval_Status__c</field>
    </approvalPageFields>
    <approvalStep>
        <allowDelegate>true</allowDelegate>
        <approvalActions>
            <action>
                <name>Sales_Approval_Status_Approved</name>
                <type>FieldUpdate</type>
            </action>
        </approvalActions>
        <assignedApprover>
            <approver>
                <name>era@meta.com</name>
                <type>user</type>
            </approver>
            <approver>
                <name>mitalibhende@meta.com</name>
                <type>user</type>
            </approver>
            <approver>
                <name>zswenson@meta.com</name>
                <type>user</type>
            </approver>
            <whenMultipleApprovers>Unanimous</whenMultipleApprovers>
        </assignedApprover>
        <entryCriteria>
            <booleanFilter>(1 AND 2) AND (3 AND 4)</booleanFilter>
            <criteriaItems>
                <field>Opportunity.Product_Quantity__c</field>
                <operation>greaterOrEqual</operation>
                <value>500</value>
            </criteriaItems>
            <criteriaItems>
                <field>Opportunity.Product_Quantity__c</field>
                <operation>lessThan</operation>
                <value>1000</value>
            </criteriaItems>
            <criteriaItems>
                <field>Opportunity.LR_Discount__c</field>
                <operation>greaterOrEqual</operation>
                <value>1</value>
            </criteriaItems>
            <criteriaItems>
                <field>Opportunity.LR_Discount__c</field>
                <operation>lessOrEqual</operation>
                <value>5</value>
            </criteriaItems>
        </entryCriteria>
        <ifCriteriaNotMet>GotoNextStep</ifCriteriaNotMet>
        <label>1 to 5% and 500 to 1k</label>
        <name>X1_to_5_and_500_to_1k</name>
        <rejectionActions>
            <action>
                <name>Sales_Approval_Status_Rejected</name>
                <type>FieldUpdate</type>
            </action>
        </rejectionActions>
    </approvalStep>
    <approvalStep>
        <allowDelegate>true</allowDelegate>
        <approvalActions>
            <action>
                <name>Sales_Approval_Status_Approved</name>
                <type>FieldUpdate</type>
            </action>
        </approvalActions>
        <assignedApprover>
            <approver>
                <name>era@meta.com</name>
                <type>user</type>
            </approver>
            <approver>
                <name>mitalibhende@meta.com</name>
                <type>user</type>
            </approver>
            <approver>
                <name>zswenson@meta.com</name>
                <type>user</type>
            </approver>
            <whenMultipleApprovers>Unanimous</whenMultipleApprovers>
        </assignedApprover>
        <entryCriteria>
            <criteriaItems>
                <field>Opportunity.Product_Quantity__c</field>
                <operation>greaterOrEqual</operation>
                <value>1000</value>
            </criteriaItems>
            <criteriaItems>
                <field>Opportunity.LR_Discount__c</field>
                <operation>greaterOrEqual</operation>
                <value>1</value>
            </criteriaItems>
            <criteriaItems>
                <field>Opportunity.LR_Discount__c</field>
                <operation>lessOrEqual</operation>
                <value>15</value>
            </criteriaItems>
        </entryCriteria>
        <ifCriteriaNotMet>GotoNextStep</ifCriteriaNotMet>
        <label>up to 15% and over 999</label>
        <name>up_to_15_and_over_999</name>
        <rejectBehavior>
            <type>RejectRequest</type>
        </rejectBehavior>
        <rejectionActions>
            <action>
                <name>Sales_Approval_Status_Rejected</name>
                <type>FieldUpdate</type>
            </action>
        </rejectionActions>
    </approvalStep>
    <approvalStep>
        <allowDelegate>true</allowDelegate>
        <approvalActions>
            <action>
                <name>Sales_Approval_Status_Approved</name>
                <type>FieldUpdate</type>
            </action>
        </approvalActions>
        <assignedApprover>
            <approver>
                <name>era@meta.com</name>
                <type>user</type>
            </approver>
            <approver>
                <name>gunjans@meta.com</name>
                <type>user</type>
            </approver>
            <approver>
                <name>zswenson@meta.com</name>
                <type>user</type>
            </approver>
            <whenMultipleApprovers>Unanimous</whenMultipleApprovers>
        </assignedApprover>
        <entryCriteria>
            <criteriaItems>
                <field>Opportunity.Sales_Approval_Status__c</field>
                <operation>notEqual</operation>
                <value>Approved</value>
            </criteriaItems>
            <criteriaItems>
                <field>Opportunity.LR_Discount__c</field>
                <operation>greaterThan</operation>
                <value>0</value>
            </criteriaItems>
        </entryCriteria>
        <label>Final Catch</label>
        <name>Final_Catch</name>
        <rejectBehavior>
            <type>RejectRequest</type>
        </rejectBehavior>
        <rejectionActions>
            <action>
                <name>Sales_Approval_Status_Rejected</name>
                <type>FieldUpdate</type>
            </action>
        </rejectionActions>
    </approvalStep>
    <description>RL w/a discount request
T150989942 - creation task
T161042537 - update third level approvers</description>
    <emailTemplate>RL_Commercial_Email_Templates/RL_Opp_Approval_Request</emailTemplate>
    <enableMobileDeviceAccess>false</enableMobileDeviceAccess>
    <entryCriteria>
        <criteriaItems>
            <field>Opportunity.RecordType</field>
            <operation>equals</operation>
            <value>FRL Enterprise Sales</value>
        </criteriaItems>
        <criteriaItems>
            <field>Opportunity.StageName</field>
            <operation>equals</operation>
            <value>Align</value>
        </criteriaItems>
        <criteriaItems>
            <field>Opportunity.LR_Discount__c</field>
            <operation>notEqual</operation>
            <value>0</value>
        </criteriaItems>
    </entryCriteria>
    <finalApprovalActions>
        <action>
            <name>Generate_Deal_ID</name>
            <type>FieldUpdate</type>
        </action>
        <action>
            <name>RL_Partner_Opportunity_Discount_Approved</name>
            <type>Alert</type>
        </action>
        <action>
            <name>Sales_Approval_Status_Date_Time</name>
            <type>FieldUpdate</type>
        </action>
        <action>
            <name>Stage_to_Committed</name>
            <type>FieldUpdate</type>
        </action>
    </finalApprovalActions>
    <finalApprovalRecordLock>false</finalApprovalRecordLock>
    <finalRejectionActions>
        <action>
            <name>RL_Partner_Opportunity_Discount_Rejected</name>
            <type>Alert</type>
        </action>
        <action>
            <name>Stage_to_Align</name>
            <type>FieldUpdate</type>
        </action>
    </finalRejectionActions>
    <finalRejectionRecordLock>false</finalRejectionRecordLock>
    <initialSubmissionActions>
        <action>
            <name>Sales_Approval_Status_Submitted</name>
            <type>FieldUpdate</type>
        </action>
    </initialSubmissionActions>
    <label>RL Enterprise r11</label>
    <processOrder>14</processOrder>
    <recallActions>
        <action>
            <name>Opportunity_Status_to_Recall</name>
            <type>FieldUpdate</type>
        </action>
        <action>
            <name>Stage_to_Align</name>
            <type>FieldUpdate</type>
        </action>
        <action>
            <name>Status_Update_To_Recall</name>
            <type>FieldUpdate</type>
        </action>
    </recallActions>
    <recordEditability>AdminOrCurrentApprover</recordEditability>
    <showApprovalHistory>true</showApprovalHistory>
</ApprovalProcess>
