<?xml version="1.0" encoding="UTF-8"?>
<ApprovalProcess xmlns="http://soap.sforce.com/2006/04/metadata">
    <active>false</active>
    <allowRecall>true</allowRecall>
    <allowedSubmitters>
        <type>owner</type>
    </allowedSubmitters>
    <allowedSubmitters>
        <submitter>Workplace_Global_Lead</submitter>
        <type>roleSubordinates</type>
    </allowedSubmitters>
    <approvalPageFields>
        <field>Name</field>
        <field>Account</field>
        <field>Reseller_Agency__c</field>
        <field>Employees__c</field>
        <field>Client_IT_Sign_Off__c</field>
        <field>Amount</field>
        <field>Owner</field>
        <field>Region_Soldtocountry__c</field>
        <field>StageName</field>
    </approvalPageFields>
    <approvalStep>
        <allowDelegate>true</allowDelegate>
        <approvalActions>
            <action>
                <name>Sales_Approved_Tier_to_1</name>
                <type>FieldUpdate</type>
            </action>
        </approvalActions>
        <assignedApprover>
            <approver>
                <name>iinbar@meta.com</name>
                <type>user</type>
            </approver>
            <approver>
                <name>kcameron@fb.com</name>
                <type>user</type>
            </approver>
            <approver>
                <name>markregan@fb.com</name>
                <type>user</type>
            </approver>
            <approver>
                <name>sarabrowne@fb.com</name>
                <type>user</type>
            </approver>
            <approver>
                <name>thomasr@meta.com</name>
                <type>user</type>
            </approver>
            <whenMultipleApprovers>FirstResponse</whenMultipleApprovers>
        </assignedApprover>
        <description>Pricing Approval over 10% or ANY Frontline Workers</description>
        <entryCriteria>
            <booleanFilter>1 or 2</booleanFilter>
            <criteriaItems>
                <field>Opportunity.Sales_Approval_Tier__c</field>
                <operation>greaterOrEqual</operation>
                <value>1</value>
            </criteriaItems>
            <criteriaItems>
                <field>Opportunity.Sales_Approval_Level__c</field>
                <operation>equals</operation>
                <value>Primary,Secondary</value>
            </criteriaItems>
        </entryCriteria>
        <ifCriteriaNotMet>ApproveRecord</ifCriteriaNotMet>
        <label>1. BETA Manager</label>
        <name>X1_BETA_Pricing_Approval_over_10</name>
    </approvalStep>
    <approvalStep>
        <allowDelegate>true</allowDelegate>
        <approvalActions>
            <action>
                <name>Sales_Approved_Tier_to_2</name>
                <type>FieldUpdate</type>
            </action>
        </approvalActions>
        <assignedApprover>
            <approver>
                <name>iinbar@meta.com</name>
                <type>user</type>
            </approver>
            <approver>
                <name>kcameron@fb.com</name>
                <type>user</type>
            </approver>
            <approver>
                <name>lesleyyoung@fb.com</name>
                <type>user</type>
            </approver>
            <approver>
                <name>markregan@fb.com</name>
                <type>user</type>
            </approver>
            <approver>
                <name>rasarkis@meta.com</name>
                <type>user</type>
            </approver>
            <approver>
                <name>sarabrowne@fb.com</name>
                <type>user</type>
            </approver>
            <approver>
                <name>thomasr@meta.com</name>
                <type>user</type>
            </approver>
            <whenMultipleApprovers>FirstResponse</whenMultipleApprovers>
        </assignedApprover>
        <description>Pricing Approval over 50%</description>
        <entryCriteria>
            <booleanFilter>1 or 2</booleanFilter>
            <criteriaItems>
                <field>Opportunity.Sales_Approval_Tier__c</field>
                <operation>greaterOrEqual</operation>
                <value>2</value>
            </criteriaItems>
            <criteriaItems>
                <field>Opportunity.Sales_Approval_Level__c</field>
                <operation>equals</operation>
                <value>Secondary</value>
            </criteriaItems>
        </entryCriteria>
        <ifCriteriaNotMet>ApproveRecord</ifCriteriaNotMet>
        <label>2. BETA Regional Director</label>
        <name>X2_BETA_Pricing_Approval_over_50</name>
        <rejectBehavior>
            <type>RejectRequest</type>
        </rejectBehavior>
    </approvalStep>
    <approvalStep>
        <allowDelegate>false</allowDelegate>
        <approvalActions>
            <action>
                <name>Sales_Approved_Tier_to_3</name>
                <type>FieldUpdate</type>
            </action>
        </approvalActions>
        <assignedApprover>
            <approver>
                <name>glambe@fb.com</name>
                <type>user</type>
            </approver>
            <whenMultipleApprovers>FirstResponse</whenMultipleApprovers>
        </assignedApprover>
        <entryCriteria>
            <criteriaItems>
                <field>Opportunity.Sales_Approval_Tier__c</field>
                <operation>greaterOrEqual</operation>
                <value>3</value>
            </criteriaItems>
        </entryCriteria>
        <label>3. BETA SP&amp;O</label>
        <name>X3_BETA_SP_O</name>
        <rejectBehavior>
            <type>RejectRequest</type>
        </rejectBehavior>
    </approvalStep>
    <description>T29872602 - Credit Line - Pricing
T40077381 - add Frontline Workers to Step 1
T43378550 - Deal BETA
For Bill To country as Non- US or CA.</description>
    <emailTemplate>Workplace_templates/WP_Opportunity_Approval</emailTemplate>
    <enableMobileDeviceAccess>false</enableMobileDeviceAccess>
    <entryCriteria>
        <criteriaItems>
            <field>Opportunity.RecordType</field>
            <operation>equals</operation>
            <value>FB@Work Enterprise</value>
        </criteriaItems>
        <criteriaItems>
            <field>Opportunity.StageName</field>
            <operation>equals</operation>
            <value>Align</value>
        </criteriaItems>
        <criteriaItems>
            <field>User.Profile</field>
            <operation>equals</operation>
            <value>Facebook@Work - Deal BETA,System Administrator - Limited,Facebook System Admin</value>
        </criteriaItems>
        <criteriaItems>
            <field>Opportunity.Sales_Approval_Status__c</field>
            <operation>equals</operation>
            <value>Ready,Rejected,Recalled</value>
        </criteriaItems>
        <criteriaItems>
            <field>Opportunity.Billing_Country__c</field>
            <operation>notContain</operation>
            <value>US,CA</value>
        </criteriaItems>
    </entryCriteria>
    <finalApprovalActions>
        <action>
            <name>eSign_Approval_Status_to_Ready</name>
            <type>FieldUpdate</type>
        </action>
        <action>
            <name>Finance_Approval_Status_to_Ready</name>
            <type>FieldUpdate</type>
        </action>
        <action>
            <name>Opportunity_Status_to_Pricing_Approved</name>
            <type>FieldUpdate</type>
        </action>
        <action>
            <name>RecordLockedToFalse</name>
            <type>FieldUpdate</type>
        </action>
        <action>
            <name>Sales_Approval_Status_Approved</name>
            <type>FieldUpdate</type>
        </action>
        <action>
            <name>Sales_Approval_Status_Date_Time</name>
            <type>FieldUpdate</type>
        </action>
        <action>
            <name>Sales_Approved_to_True</name>
            <type>FieldUpdate</type>
        </action>
        <action>
            <name>Stage_to_Contracting</name>
            <type>FieldUpdate</type>
        </action>
        <action>
            <name>WP_Oppty_Price_Approved</name>
            <type>Alert</type>
        </action>
    </finalApprovalActions>
    <finalApprovalRecordLock>false</finalApprovalRecordLock>
    <finalRejectionActions>
        <action>
            <name>eSign_Approval_Status_to_NULL</name>
            <type>FieldUpdate</type>
        </action>
        <action>
            <name>Finance_Approval_Status_to_NULL</name>
            <type>FieldUpdate</type>
        </action>
        <action>
            <name>Opportunity_Status_to_NULL</name>
            <type>FieldUpdate</type>
        </action>
        <action>
            <name>RecordLockedToFalse</name>
            <type>FieldUpdate</type>
        </action>
        <action>
            <name>Sales_Approval_Status_Date_Time_NULL</name>
            <type>FieldUpdate</type>
        </action>
        <action>
            <name>Sales_Approval_Status_Rejected</name>
            <type>FieldUpdate</type>
        </action>
        <action>
            <name>Sales_Approved_to_False</name>
            <type>FieldUpdate</type>
        </action>
        <action>
            <name>Stage_to_Align</name>
            <type>FieldUpdate</type>
        </action>
        <action>
            <name>WP_Oppty_Rejected</name>
            <type>Alert</type>
        </action>
    </finalRejectionActions>
    <finalRejectionRecordLock>false</finalRejectionRecordLock>
    <initialSubmissionActions>
        <action>
            <name>Opportunity_Status_to_Submitted</name>
            <type>FieldUpdate</type>
        </action>
        <action>
            <name>RecordLockedToTrue</name>
            <type>FieldUpdate</type>
        </action>
        <action>
            <name>Sales_Approval_Status_Submitted</name>
            <type>FieldUpdate</type>
        </action>
        <action>
            <name>Sales_Approved_Tier_to_0</name>
            <type>FieldUpdate</type>
        </action>
    </initialSubmissionActions>
    <label>@WP Sales NonUS Approval #1 r1-Deal BETA</label>
    <processOrder>1</processOrder>
    <recallActions>
        <action>
            <name>eSign_Approval_Status_to_NULL</name>
            <type>FieldUpdate</type>
        </action>
        <action>
            <name>Finance_Approval_Status_to_NULL</name>
            <type>FieldUpdate</type>
        </action>
        <action>
            <name>Opportunity_Status_to_NULL</name>
            <type>FieldUpdate</type>
        </action>
        <action>
            <name>RecordLockedToFalse</name>
            <type>FieldUpdate</type>
        </action>
        <action>
            <name>Sales_Approval_Status_Date_Time_NULL</name>
            <type>FieldUpdate</type>
        </action>
        <action>
            <name>Sales_Approval_Status_Recalled</name>
            <type>FieldUpdate</type>
        </action>
        <action>
            <name>Sales_Approved_to_False</name>
            <type>FieldUpdate</type>
        </action>
        <action>
            <name>Stage_to_Align</name>
            <type>FieldUpdate</type>
        </action>
    </recallActions>
    <recordEditability>AdminOrCurrentApprover</recordEditability>
    <showApprovalHistory>true</showApprovalHistory>
</ApprovalProcess>
