<?xml version="1.0" encoding="UTF-8"?>
<ApprovalProcess xmlns="http://soap.sforce.com/2006/04/metadata">
    <active>true</active>
    <allowRecall>false</allowRecall>
    <allowedSubmitters>
        <submitter>WA_Deal_Desk_Users</submitter>
        <type>group</type>
    </allowedSubmitters>
    <approvalPageFields>
        <field>Name</field>
        <field>Owner</field>
    </approvalPageFields>
    <approvalStep>
        <allowDelegate>true</allowDelegate>
        <assignedApprover>
            <approver>
                <name>jessicakosinski@meta.com</name>
                <type>user</type>
            </approver>
            <whenMultipleApprovers>FirstResponse</whenMultipleApprovers>
        </assignedApprover>
        <description>T158573598 - Removed Christopher; T107555147 , T131723710 - Added Jessica in WABA Fiannace Approvals</description>
        <label>Finance Review</label>
        <name>Finance_Review</name>
    </approvalStep>
    <description>T104215549- WhatsApp Finance Approval for Negotiated Deals
04/19 T117563630 remove Deepali
04/26 T114584778 - Adding Rob and Deepali to the Negotiated Deals
T121560849 remove Deepali 5.24.22
T130661252 - Updated to exclude Expansion opp
T148840025 - update for Existing customer - existing use case
T131994300- Removed closed won field update
T140043079,T140078392 - BMG rollout issue with recordtype name</description>
    <enableMobileDeviceAccess>false</enableMobileDeviceAccess>
    <entryCriteria>
        <booleanFilter>(1 AND 2 AND 3 ) OR (1 AND 2 AND 4 AND 5)</booleanFilter>
        <criteriaItems>
            <field>Opportunity.RecordType</field>
            <operation>equals</operation>
            <value>BMG Enterprise</value>
        </criteriaItems>
        <criteriaItems>
            <field>Opportunity.Finance_Approval_Status__c</field>
            <operation>equals</operation>
            <value>Ready,Rejected,Recalled</value>
        </criteriaItems>
        <criteriaItems>
            <field>Opportunity.Opportunity_Type__c</field>
            <operation>equals</operation>
            <value>New Customer - New Use Case,Existing Customer - Existing Use Case</value>
        </criteriaItems>
        <criteriaItems>
            <field>Opportunity.Opportunity_Type__c</field>
            <operation>equals</operation>
            <value>Existing Customer - New Use Case</value>
        </criteriaItems>
        <criteriaItems>
            <field>Opportunity.BP_O_Approval_Status__c</field>
            <operation>equals</operation>
            <value>Rejected</value>
        </criteriaItems>
    </entryCriteria>
    <finalApprovalActions>
        <action>
            <name>WA_EA_Opp_Finance_Approved</name>
            <type>Alert</type>
        </action>
        <action>
            <name>WABA_Opp_Finance_Approval_Approved</name>
            <type>FieldUpdate</type>
        </action>
    </finalApprovalActions>
    <finalApprovalRecordLock>true</finalApprovalRecordLock>
    <finalRejectionActions>
        <action>
            <name>Sales_Approval_Status_Ready</name>
            <type>FieldUpdate</type>
        </action>
        <action>
            <name>WA_EA_Opp_Finance_Rejection</name>
            <type>Alert</type>
        </action>
        <action>
            <name>WABA_Opp_Finance_Approval_Rejected</name>
            <type>FieldUpdate</type>
        </action>
    </finalRejectionActions>
    <finalRejectionRecordLock>false</finalRejectionRecordLock>
    <initialSubmissionActions>
        <action>
            <name>WA_EA_Opp_Finance_Submission</name>
            <type>Alert</type>
        </action>
        <action>
            <name>WABA_Opp_Finance_Approval_Submitted</name>
            <type>FieldUpdate</type>
        </action>
    </initialSubmissionActions>
    <label>WABA Opportunity Finance Approval v1</label>
    <processOrder>9</processOrder>
    <recallActions>
        <action>
            <name>WABA_Opp_Finance_Approval_Ready</name>
            <type>FieldUpdate</type>
        </action>
    </recallActions>
    <recordEditability>AdminOrCurrentApprover</recordEditability>
    <showApprovalHistory>true</showApprovalHistory>
</ApprovalProcess>
