<?xml version="1.0" encoding="UTF-8"?>
<ApprovalProcess xmlns="http://soap.sforce.com/2006/04/metadata">
    <active>false</active>
    <allowRecall>true</allowRecall>
    <allowedSubmitters>
        <type>owner</type>
    </allowedSubmitters>
    <allowedSubmitters>
        <submitter>Workplace_Global_Lead</submitter>
        <type>roleSubordinates</type>
    </allowedSubmitters>
    <approvalPageFields>
        <field>Name</field>
        <field>Account</field>
        <field>Launch_Size__c</field>
        <field>Employees__c</field>
        <field>Client_IT_Sign_Off__c</field>
        <field>Amount</field>
        <field>Owner</field>
        <field>Region__c</field>
    </approvalPageFields>
    <approvalStep>
        <allowDelegate>true</allowDelegate>
        <approvalActions>
            <action>
                <name>Opportunity_Status_to_Ready_for_Finance</name>
                <type>FieldUpdate</type>
            </action>
        </approvalActions>
        <assignedApprover>
            <approver>
                <name>adamwright@meta.com</name>
                <type>user</type>
            </approver>
            <approver>
                <name>antti@fb.com</name>
                <type>user</type>
            </approver>
            <approver>
                <name>coreywallace@meta.com</name>
                <type>user</type>
            </approver>
            <approver>
                <name>jackcoombes@meta.com</name>
                <type>user</type>
            </approver>
            <approver>
                <name>kerenst@meta.com</name>
                <type>user</type>
            </approver>
            <approver>
                <name>yospang@fb.com</name>
                <type>user</type>
            </approver>
            <whenMultipleApprovers>FirstResponse</whenMultipleApprovers>
        </assignedApprover>
        <entryCriteria>
            <criteriaItems>
                <field>Opportunity.Agreement_Type__c</field>
                <operation>equals</operation>
                <value>,Custom Paper</value>
            </criteriaItems>
        </entryCriteria>
        <ifCriteriaNotMet>GotoNextStep</ifCriteriaNotMet>
        <label>3. Legal Review</label>
        <name>X3_Legal_Review</name>
    </approvalStep>
    <approvalStep>
        <allowDelegate>true</allowDelegate>
        <assignedApprover>
            <approver>
                <name>francisgraham@fb.com</name>
                <type>user</type>
            </approver>
            <approver>
                <name>lindseyhogan3@meta.com</name>
                <type>user</type>
            </approver>
            <approver>
                <name>nehash@meta.com</name>
                <type>user</type>
            </approver>
            <whenMultipleApprovers>FirstResponse</whenMultipleApprovers>
        </assignedApprover>
        <label>4. Finance Review</label>
        <name>X4_Finance_Review</name>
        <rejectBehavior>
            <type>RejectRequest</type>
        </rejectBehavior>
    </approvalStep>
    <description>T29872602 - Credit Line - Legal, Revenue Assurance
2.14 replace Niamh (maternity leave for 12 months) with Francis
T71616329 - gutted steps</description>
    <emailTemplate>Workplace_templates/WP_Opportunity_Approval</emailTemplate>
    <enableMobileDeviceAccess>false</enableMobileDeviceAccess>
    <entryCriteria>
        <booleanFilter>1 AND 2 AND 3 AND 4 AND 5 AND 6</booleanFilter>
        <criteriaItems>
            <field>Opportunity.RecordType</field>
            <operation>equals</operation>
            <value>FB@Work Enterprise,FB@Work SMB</value>
        </criteriaItems>
        <criteriaItems>
            <field>Opportunity.StageName</field>
            <operation>equals</operation>
            <value>Contracting</value>
        </criteriaItems>
        <criteriaItems>
            <field>Opportunity.Payment_Type__c</field>
            <operation>equals</operation>
            <value>Invoicing</value>
        </criteriaItems>
        <criteriaItems>
            <field>Opportunity.Sales_Approved__c</field>
            <operation>equals</operation>
            <value>True</value>
        </criteriaItems>
        <criteriaItems>
            <field>Opportunity.Opportunity_Status__c</field>
            <operation>equals</operation>
            <value>Pricing Approved</value>
        </criteriaItems>
        <criteriaItems>
            <field>Account.Verification_Status__c</field>
            <operation>equals</operation>
            <value>Verified</value>
        </criteriaItems>
    </entryCriteria>
    <finalApprovalActions>
        <action>
            <name>Opportunity_Status_to_Ready_for_eSign</name>
            <type>FieldUpdate</type>
        </action>
        <action>
            <name>Update_RA_Approval_Datetime</name>
            <type>FieldUpdate</type>
        </action>
        <action>
            <name>Update_RA_Approval_Notes</name>
            <type>FieldUpdate</type>
        </action>
        <action>
            <name>Update_RA_Approval_Status</name>
            <type>FieldUpdate</type>
        </action>
        <action>
            <name>WP_Oppty_Approved</name>
            <type>Alert</type>
        </action>
    </finalApprovalActions>
    <finalApprovalRecordLock>true</finalApprovalRecordLock>
    <finalRejectionActions>
        <action>
            <name>Opportunity_Status_to_Pricing_Approved</name>
            <type>FieldUpdate</type>
        </action>
        <action>
            <name>Stage_to_Contracting</name>
            <type>FieldUpdate</type>
        </action>
        <action>
            <name>WP_Oppty_Rejected</name>
            <type>Alert</type>
        </action>
    </finalRejectionActions>
    <finalRejectionRecordLock>false</finalRejectionRecordLock>
    <initialSubmissionActions>
        <action>
            <name>Opportunity_Status_to_Ready_for_Legal</name>
            <type>FieldUpdate</type>
        </action>
    </initialSubmissionActions>
    <label>@WP Oppty Approval CL #2 r2</label>
    <processOrder>2</processOrder>
    <recallActions>
        <action>
            <name>Opportunity_Status_to_Pricing_Approved</name>
            <type>FieldUpdate</type>
        </action>
        <action>
            <name>Stage_to_Contracting</name>
            <type>FieldUpdate</type>
        </action>
    </recallActions>
    <recordEditability>AdminOrCurrentApprover</recordEditability>
    <showApprovalHistory>true</showApprovalHistory>
</ApprovalProcess>
