<?xml version="1.0" encoding="UTF-8"?>
<ApprovalProcess xmlns="http://soap.sforce.com/2006/04/metadata">
    <active>false</active>
    <allowRecall>true</allowRecall>
    <allowedSubmitters>
        <type>owner</type>
    </allowedSubmitters>
    <approvalPageFields>
        <field>Account</field>
        <field>Name</field>
        <field>Owner</field>
        <field>LR_Monthly_LRC_Supply_Impressions__c</field>
        <field>Amount</field>
        <field>Partner_Incentive_Amount__c</field>
    </approvalPageFields>
    <approvalStep>
        <allowDelegate>true</allowDelegate>
        <approvalActions>
            <action>
                <name>Discount_Level_1</name>
                <type>FieldUpdate</type>
            </action>
        </approvalActions>
        <assignedApprover>
            <approver>
                <type>userHierarchyField</type>
            </approver>
        </assignedApprover>
        <description>Manager Approval Level</description>
        <entryCriteria>
            <formula>LR_Discount__c &gt; 0 &amp;&amp;
LR_Discount__c &lt;= 0.1</formula>
        </entryCriteria>
        <ifCriteriaNotMet>GotoNextStep</ifCriteriaNotMet>
        <label>Level 1: Discount &lt;= 10%</label>
        <name>Level_1_Discount_10</name>
        <rejectionActions>
            <action>
                <name>Discount_Level_1</name>
                <type>FieldUpdate</type>
            </action>
        </rejectionActions>
    </approvalStep>
    <approvalStep>
        <allowDelegate>false</allowDelegate>
        <approvalActions>
            <action>
                <name>Discount_Level_2</name>
                <type>FieldUpdate</type>
            </action>
        </approvalActions>
        <assignedApprover>
            <approver>
                <type>userHierarchyField</type>
            </approver>
        </assignedApprover>
        <description>Regional Manager (which is assumed as the Opportunity owner manager)</description>
        <entryCriteria>
            <formula>LR_Discount__c &gt; 0.1 &amp;&amp;
 LR_Discount__c &lt;= 0.2</formula>
        </entryCriteria>
        <ifCriteriaNotMet>GotoNextStep</ifCriteriaNotMet>
        <label>Level 2 Discount &gt;10% and &lt;=20%</label>
        <name>Level_2_Discount_10_and_20</name>
        <rejectBehavior>
            <type>RejectRequest</type>
        </rejectBehavior>
        <rejectionActions>
            <action>
                <name>Discount_Level_2</name>
                <type>FieldUpdate</type>
            </action>
        </rejectionActions>
    </approvalStep>
    <approvalStep>
        <allowDelegate>false</allowDelegate>
        <approvalActions>
            <action>
                <name>Discount_Level_3</name>
                <type>FieldUpdate</type>
            </action>
        </approvalActions>
        <assignedApprover>
            <approver>
                <type>userHierarchyField</type>
            </approver>
        </assignedApprover>
        <description>Approver is Alvin Bowles</description>
        <entryCriteria>
            <formula>LR_Discount__c &gt; 0.2 &amp;&amp;
LR_Discount__c &lt;= 0.3</formula>
        </entryCriteria>
        <ifCriteriaNotMet>GotoNextStep</ifCriteriaNotMet>
        <label>Level 3 Discount &gt;20% and &lt;= 30%</label>
        <name>Level_3_Discount_20_and_30</name>
        <rejectBehavior>
            <type>RejectRequest</type>
        </rejectBehavior>
        <rejectionActions>
            <action>
                <name>Discount_Level_3</name>
                <type>FieldUpdate</type>
            </action>
        </rejectionActions>
    </approvalStep>
    <approvalStep>
        <allowDelegate>true</allowDelegate>
        <approvalActions>
            <action>
                <name>Discount_Level_4</name>
                <type>FieldUpdate</type>
            </action>
        </approvalActions>
        <assignedApprover>
            <approver>
                <name>dstotland@fb.com</name>
                <type>user</type>
            </approver>
            <whenMultipleApprovers>FirstResponse</whenMultipleApprovers>
        </assignedApprover>
        <description>Approver is Doug Stotland</description>
        <entryCriteria>
            <formula>LR_Discount__c &gt; 0.3</formula>
        </entryCriteria>
        <label>Level 4 Discount &gt; 30%</label>
        <name>Level_4_Discount_30</name>
        <rejectBehavior>
            <type>RejectRequest</type>
        </rejectBehavior>
        <rejectionActions>
            <action>
                <name>Discount_Level_4</name>
                <type>FieldUpdate</type>
            </action>
        </rejectionActions>
    </approvalStep>
    <description>Task 9677018 - approval process for Video SSP opportunity record type.</description>
    <emailTemplate>LiveRail_Business_Approvals/LRVideo_SSP_Approval_Request</emailTemplate>
    <enableMobileDeviceAccess>false</enableMobileDeviceAccess>
    <entryCriteria>
        <criteriaItems>
            <field>Opportunity.LR_Sales_Approval_Status__c</field>
            <operation>equals</operation>
            <value>Approval Required,Recalled,Rejected</value>
        </criteriaItems>
        <criteriaItems>
            <field>Opportunity.RecordType</field>
            <operation>equals</operation>
            <value>Video SSP - Supply</value>
        </criteriaItems>
        <criteriaItems>
            <field>Opportunity.LR_Discount__c</field>
            <operation>greaterThan</operation>
            <value>0</value>
        </criteriaItems>
    </entryCriteria>
    <finalApprovalActions>
        <action>
            <name>Decision_Approved</name>
            <type>FieldUpdate</type>
        </action>
        <action>
            <name>LR_Update_Approval_Status_to_Approved</name>
            <type>FieldUpdate</type>
        </action>
        <action>
            <name>LR_Video_SSP_Approved_Alert</name>
            <type>Alert</type>
        </action>
    </finalApprovalActions>
    <finalApprovalRecordLock>false</finalApprovalRecordLock>
    <finalRejectionActions>
        <action>
            <name>Decision_Rejected</name>
            <type>FieldUpdate</type>
        </action>
        <action>
            <name>LR_Update_Approval_Status_to_Rejected</name>
            <type>FieldUpdate</type>
        </action>
        <action>
            <name>LR_Video_SSP_Rejected_Alert</name>
            <type>Alert</type>
        </action>
    </finalRejectionActions>
    <finalRejectionRecordLock>false</finalRejectionRecordLock>
    <initialSubmissionActions>
        <action>
            <name>LR_Update_Approval_Status_to_Pending</name>
            <type>FieldUpdate</type>
        </action>
    </initialSubmissionActions>
    <label>LR SSP Discount Approval Process</label>
    <nextAutomatedApprover>
        <useApproverFieldOfRecordOwner>true</useApproverFieldOfRecordOwner>
        <userHierarchyField>Manager</userHierarchyField>
    </nextAutomatedApprover>
    <postTemplate>LR_Approval_Request_Post_Template</postTemplate>
    <processOrder>8</processOrder>
    <recallActions>
        <action>
            <name>LR_Update_Approval_Status_to_Recalled</name>
            <type>FieldUpdate</type>
        </action>
    </recallActions>
    <recordEditability>AdminOnly</recordEditability>
    <showApprovalHistory>false</showApprovalHistory>
</ApprovalProcess>
