<?xml version="1.0" encoding="UTF-8"?>
<ApprovalProcess xmlns="http://soap.sforce.com/2006/04/metadata">
    <active>false</active>
    <allowRecall>true</allowRecall>
    <allowedSubmitters>
        <type>owner</type>
    </allowedSubmitters>
    <allowedSubmitters>
        <submitter>Workplace_Global_Lead</submitter>
        <type>roleSubordinates</type>
    </allowedSubmitters>
    <approvalPageFields>
        <field>Name</field>
        <field>Account</field>
        <field>Reseller_Agency__c</field>
        <field>Employees__c</field>
        <field>Client_IT_Sign_Off__c</field>
        <field>Amount</field>
        <field>Owner</field>
        <field>Region_Soldtocountry__c</field>
        <field>StageName</field>
    </approvalPageFields>
    <approvalStep>
        <allowDelegate>true</allowDelegate>
        <approvalActions>
            <action>
                <name>Sales_Approved_Tier_to_2</name>
                <type>FieldUpdate</type>
            </action>
        </approvalActions>
        <assignedApprover>
            <approver>
                <name>adrianom@meta.com</name>
                <type>user</type>
            </approver>
            <approver>
                <name>era@meta.com</name>
                <type>user</type>
            </approver>
            <approver>
                <name>imariyamu@meta.com</name>
                <type>user</type>
            </approver>
            <approver>
                <name>jamesmensforth@meta.com</name>
                <type>user</type>
            </approver>
            <approver>
                <name>nazir@meta.com</name>
                <type>user</type>
            </approver>
            <approver>
                <name>neildelaney@fb.com</name>
                <type>user</type>
            </approver>
            <approver>
                <name>vicks@meta.com</name>
                <type>user</type>
            </approver>
            <whenMultipleApprovers>FirstResponse</whenMultipleApprovers>
        </assignedApprover>
        <entryCriteria>
            <criteriaItems>
                <field>Opportunity.Sales_Approval_Tier__c</field>
                <operation>greaterOrEqual</operation>
                <value>1</value>
            </criteriaItems>
        </entryCriteria>
        <ifCriteriaNotMet>ApproveRecord</ifCriteriaNotMet>
        <label>Pricing Approval Escalation 1</label>
        <name>Pricing_Approval_Escalation_1</name>
    </approvalStep>
    <approvalStep>
        <allowDelegate>true</allowDelegate>
        <approvalActions>
            <action>
                <name>Sales_Approved_Tier_to_3</name>
                <type>FieldUpdate</type>
            </action>
        </approvalActions>
        <assignedApprover>
            <approver>
                <name>codorniou@fb.com</name>
                <type>user</type>
            </approver>
            <approver>
                <name>etey@fb.com</name>
                <type>user</type>
            </approver>
            <approver>
                <name>imariyamu@meta.com</name>
                <type>user</type>
            </approver>
            <approver>
                <name>kreasner@meta.com</name>
                <type>user</type>
            </approver>
            <approver>
                <name>maritzajl@meta.com</name>
                <type>user</type>
            </approver>
            <whenMultipleApprovers>FirstResponse</whenMultipleApprovers>
        </assignedApprover>
        <entryCriteria>
            <criteriaItems>
                <field>Opportunity.Sales_Approval_Tier__c</field>
                <operation>greaterOrEqual</operation>
                <value>3</value>
            </criteriaItems>
        </entryCriteria>
        <label>Global Approval Escalation 2</label>
        <name>Global_Approval_Escalation_2</name>
        <rejectBehavior>
            <type>RejectRequest</type>
        </rejectBehavior>
    </approvalStep>
    <description>Pricing Approval - Discount Framework

T29872602; T40077381; T43378550; T44627961; T52599922; T54513819; T59272233; T64242291; T67587792; T69555078; T74783814; T77128566; T80639633; T82870699;T82926193; T89702434; T90984635; T91787853; T92893660; T93384996; 

T98735516 - deactivate</description>
    <emailTemplate>Workplace_templates/WP_Opportunity_Approval</emailTemplate>
    <enableMobileDeviceAccess>false</enableMobileDeviceAccess>
    <entryCriteria>
        <criteriaItems>
            <field>Opportunity.RecordType</field>
            <operation>equals</operation>
            <value>FB@Work Enterprise</value>
        </criteriaItems>
        <criteriaItems>
            <field>Opportunity.StageName</field>
            <operation>equals</operation>
            <value>Align</value>
        </criteriaItems>
        <criteriaItems>
            <field>Opportunity.Sales_Approval_Status__c</field>
            <operation>equals</operation>
            <value>Ready,Rejected,Recalled</value>
        </criteriaItems>
    </entryCriteria>
    <finalApprovalActions>
        <action>
            <name>eSign_Approval_Status_to_Ready</name>
            <type>FieldUpdate</type>
        </action>
        <action>
            <name>Finance_Approval_Status_to_Ready</name>
            <type>FieldUpdate</type>
        </action>
        <action>
            <name>RecordLockedToFalse</name>
            <type>FieldUpdate</type>
        </action>
        <action>
            <name>Sales_Approval_Status_Approved</name>
            <type>FieldUpdate</type>
        </action>
        <action>
            <name>Sales_Approval_Status_Date_Time</name>
            <type>FieldUpdate</type>
        </action>
        <action>
            <name>Sales_Approved_to_True</name>
            <type>FieldUpdate</type>
        </action>
        <action>
            <name>Stage_to_Contracting</name>
            <type>FieldUpdate</type>
        </action>
        <action>
            <name>WP_Oppty_Price_Approved</name>
            <type>Alert</type>
        </action>
    </finalApprovalActions>
    <finalApprovalRecordLock>false</finalApprovalRecordLock>
    <finalRejectionActions>
        <action>
            <name>eSign_Approval_Status_to_NULL</name>
            <type>FieldUpdate</type>
        </action>
        <action>
            <name>Finance_Approval_Status_to_NULL</name>
            <type>FieldUpdate</type>
        </action>
        <action>
            <name>RecordLockedToFalse</name>
            <type>FieldUpdate</type>
        </action>
        <action>
            <name>Sales_Approval_Status_Date_Time_NULL</name>
            <type>FieldUpdate</type>
        </action>
        <action>
            <name>Sales_Approval_Status_Rejected</name>
            <type>FieldUpdate</type>
        </action>
        <action>
            <name>Sales_Approved_to_False</name>
            <type>FieldUpdate</type>
        </action>
        <action>
            <name>Stage_to_Align</name>
            <type>FieldUpdate</type>
        </action>
        <action>
            <name>WP_Oppty_Rejected</name>
            <type>Alert</type>
        </action>
    </finalRejectionActions>
    <finalRejectionRecordLock>false</finalRejectionRecordLock>
    <initialSubmissionActions>
        <action>
            <name>RecordLockedToTrue</name>
            <type>FieldUpdate</type>
        </action>
        <action>
            <name>Sales_Approval_Status_Submitted</name>
            <type>FieldUpdate</type>
        </action>
        <action>
            <name>Sales_Approved_Tier_to_0</name>
            <type>FieldUpdate</type>
        </action>
        <action>
            <name>Submitter_Email</name>
            <type>FieldUpdate</type>
        </action>
    </initialSubmissionActions>
    <label>@WP Enterprise #1 r4 - Price Approval</label>
    <processOrder>9</processOrder>
    <recallActions>
        <action>
            <name>eSign_Approval_Status_to_NULL</name>
            <type>FieldUpdate</type>
        </action>
        <action>
            <name>Finance_Approval_Status_to_NULL</name>
            <type>FieldUpdate</type>
        </action>
        <action>
            <name>RecordLockedToFalse</name>
            <type>FieldUpdate</type>
        </action>
        <action>
            <name>Sales_Approval_Status_Date_Time_NULL</name>
            <type>FieldUpdate</type>
        </action>
        <action>
            <name>Sales_Approval_Status_Recalled</name>
            <type>FieldUpdate</type>
        </action>
        <action>
            <name>Sales_Approved_to_False</name>
            <type>FieldUpdate</type>
        </action>
        <action>
            <name>Stage_to_Align</name>
            <type>FieldUpdate</type>
        </action>
    </recallActions>
    <recordEditability>AdminOrCurrentApprover</recordEditability>
    <showApprovalHistory>true</showApprovalHistory>
</ApprovalProcess>
