<?xml version="1.0" encoding="UTF-8"?>
<ApprovalProcess xmlns="http://soap.sforce.com/2006/04/metadata">
    <active>false</active>
    <allowRecall>true</allowRecall>
    <allowedSubmitters>
        <type>owner</type>
    </allowedSubmitters>
    <allowedSubmitters>
        <submitter>Workplace_Global_Lead</submitter>
        <type>roleSubordinates</type>
    </allowedSubmitters>
    <approvalPageFields>
        <field>Name</field>
        <field>Account</field>
        <field>Reseller_Agency__c</field>
        <field>Employees__c</field>
        <field>Client_IT_Sign_Off__c</field>
        <field>Amount</field>
        <field>Owner</field>
        <field>Region_Soldtocountry__c</field>
        <field>StageName</field>
    </approvalPageFields>
    <approvalStep>
        <allowDelegate>true</allowDelegate>
        <approvalActions>
            <action>
                <name>Sales_Approved_Tier_to_1</name>
                <type>FieldUpdate</type>
            </action>
        </approvalActions>
        <assignedApprover>
            <approver>
                <name>mhill@meta.com</name>
                <type>user</type>
            </approver>
            <whenMultipleApprovers>FirstResponse</whenMultipleApprovers>
        </assignedApprover>
        <entryCriteria>
            <criteriaItems>
                <field>Opportunity.Sales_Approval_Tier__c</field>
                <operation>greaterOrEqual</operation>
                <value>1</value>
            </criteriaItems>
        </entryCriteria>
        <ifCriteriaNotMet>ApproveRecord</ifCriteriaNotMet>
        <label>Get UNSTUCK</label>
        <name>Get_UNSTUCK</name>
    </approvalStep>
    <description>T69002933 Opp stuck trying to figure out how to &quot;shake&quot; off the existing approval process</description>
    <emailTemplate>Workplace_templates/WP_Opportunity_Approval</emailTemplate>
    <enableMobileDeviceAccess>false</enableMobileDeviceAccess>
    <entryCriteria>
        <criteriaItems>
            <field>Opportunity.RecordType</field>
            <operation>equals</operation>
            <value>FB@Work Enterprise</value>
        </criteriaItems>
        <criteriaItems>
            <field>Opportunity.StageName</field>
            <operation>equals</operation>
            <value>Align</value>
        </criteriaItems>
    </entryCriteria>
    <finalApprovalActions>
        <action>
            <name>RecordLockedToFalse</name>
            <type>FieldUpdate</type>
        </action>
    </finalApprovalActions>
    <finalApprovalRecordLock>false</finalApprovalRecordLock>
    <finalRejectionActions>
        <action>
            <name>RecordLockedToFalse</name>
            <type>FieldUpdate</type>
        </action>
    </finalRejectionActions>
    <finalRejectionRecordLock>false</finalRejectionRecordLock>
    <initialSubmissionActions>
        <action>
            <name>RecordLockedToTrue</name>
            <type>FieldUpdate</type>
        </action>
    </initialSubmissionActions>
    <label>@WP Stuck Opp - Get UNSTUCK process</label>
    <processOrder>5</processOrder>
    <recallActions>
        <action>
            <name>RecordLockedToFalse</name>
            <type>FieldUpdate</type>
        </action>
    </recallActions>
    <recordEditability>AdminOrCurrentApprover</recordEditability>
    <showApprovalHistory>true</showApprovalHistory>
</ApprovalProcess>
