<?xml version="1.0" encoding="UTF-8"?>
<ApprovalProcess xmlns="http://soap.sforce.com/2006/04/metadata">
    <active>true</active>
    <allowRecall>true</allowRecall>
    <allowedSubmitters>
        <type>owner</type>
    </allowedSubmitters>
    <allowedSubmitters>
        <submitter>Workplace_Global_Lead</submitter>
        <type>roleSubordinates</type>
    </allowedSubmitters>
    <approvalPageFields>
        <field>Name</field>
        <field>Account</field>
        <field>Reseller_Agency__c</field>
        <field>Employees__c</field>
        <field>Client_IT_Sign_Off__c</field>
        <field>Amount</field>
        <field>Owner</field>
        <field>Region_Soldtocountry__c</field>
        <field>StageName</field>
    </approvalPageFields>
    <approvalStep>
        <allowDelegate>true</allowDelegate>
        <approvalActions>
            <action>
                <name>Sales_Approved_Tier_to_1</name>
                <type>FieldUpdate</type>
            </action>
        </approvalActions>
        <assignedApprover>
            <approver>
                <name>anvee@meta.com</name>
                <type>user</type>
            </approver>
            <approver>
                <name>era@meta.com</name>
                <type>user</type>
            </approver>
            <approver>
                <name>gladysw@meta.com</name>
                <type>user</type>
            </approver>
            <approver>
                <name>hoop@meta.com</name>
                <type>user</type>
            </approver>
            <approver>
                <name>mdjeffrey@meta.com</name>
                <type>user</type>
            </approver>
            <whenMultipleApprovers>FirstResponse</whenMultipleApprovers>
        </assignedApprover>
        <entryCriteria>
            <criteriaItems>
                <field>Opportunity.Sales_Approval_Tier__c</field>
                <operation>greaterOrEqual</operation>
                <value>1</value>
            </criteriaItems>
        </entryCriteria>
        <ifCriteriaNotMet>ApproveRecord</ifCriteriaNotMet>
        <label>1. Deal - SP&amp;O Review</label>
        <name>X1_Deal_SP_O_Review</name>
    </approvalStep>
    <description>Channel Renewals Pricing Approval - SPO only

T44669452; T52599922; T48437529; T48437529; T59272233; T67587792; T69555078;T70399215;T74017577; T82448426; T99085568; T100762161; T112759021;

T130835642 - 8.30 update approvers
T133813319 - remove Yasmin Bastow 10.06.22

T154045071 - removed Majekodunmi Samuel</description>
    <emailTemplate>Workplace_templates/WP_Opportunity_Approval</emailTemplate>
    <enableMobileDeviceAccess>false</enableMobileDeviceAccess>
    <entryCriteria>
        <criteriaItems>
            <field>Opportunity.RecordType</field>
            <operation>equals</operation>
            <value>FB@Work Renewal</value>
        </criteriaItems>
        <criteriaItems>
            <field>Opportunity.StageName</field>
            <operation>equals</operation>
            <value>Contracting Renewal,Align Renewal</value>
        </criteriaItems>
        <criteriaItems>
            <field>Opportunity.Sales_Approval_Status__c</field>
            <operation>equals</operation>
            <value>Ready,Rejected,Recalled</value>
        </criteriaItems>
        <criteriaItems>
            <field>Pricebook2.Name</field>
            <operation>equals</operation>
            <value>Workplace-Reseller</value>
        </criteriaItems>
    </entryCriteria>
    <finalApprovalActions>
        <action>
            <name>eSign_Approval_Status_to_Ready</name>
            <type>FieldUpdate</type>
        </action>
        <action>
            <name>Finance_Approval_Status_to_Ready</name>
            <type>FieldUpdate</type>
        </action>
        <action>
            <name>RecordLockedToFalse</name>
            <type>FieldUpdate</type>
        </action>
        <action>
            <name>Sales_Approval_Status_Approved</name>
            <type>FieldUpdate</type>
        </action>
        <action>
            <name>Sales_Approval_Status_Date_Time</name>
            <type>FieldUpdate</type>
        </action>
        <action>
            <name>Sales_Approved_to_True</name>
            <type>FieldUpdate</type>
        </action>
        <action>
            <name>Stage_to_Contracting_Renewal</name>
            <type>FieldUpdate</type>
        </action>
        <action>
            <name>WP_Oppty_Price_Approved</name>
            <type>Alert</type>
        </action>
    </finalApprovalActions>
    <finalApprovalRecordLock>false</finalApprovalRecordLock>
    <finalRejectionActions>
        <action>
            <name>eSign_Approval_Status_to_NULL</name>
            <type>FieldUpdate</type>
        </action>
        <action>
            <name>Finance_Approval_Status_to_NULL</name>
            <type>FieldUpdate</type>
        </action>
        <action>
            <name>RecordLockedToFalse</name>
            <type>FieldUpdate</type>
        </action>
        <action>
            <name>Sales_Approval_Status_Date_Time_NULL</name>
            <type>FieldUpdate</type>
        </action>
        <action>
            <name>Sales_Approval_Status_Rejected</name>
            <type>FieldUpdate</type>
        </action>
        <action>
            <name>Sales_Approved_to_False</name>
            <type>FieldUpdate</type>
        </action>
        <action>
            <name>WP_Oppty_Rejected</name>
            <type>Alert</type>
        </action>
    </finalRejectionActions>
    <finalRejectionRecordLock>false</finalRejectionRecordLock>
    <initialSubmissionActions>
        <action>
            <name>RecordLockedToTrue</name>
            <type>FieldUpdate</type>
        </action>
        <action>
            <name>Sales_Approval_Status_Submitted</name>
            <type>FieldUpdate</type>
        </action>
        <action>
            <name>Sales_Approved_Tier_to_0</name>
            <type>FieldUpdate</type>
        </action>
        <action>
            <name>Submitter_Email</name>
            <type>FieldUpdate</type>
        </action>
    </initialSubmissionActions>
    <label>@WP Renewal #1 r1 - Deal Desk - Channel</label>
    <processOrder>4</processOrder>
    <recallActions>
        <action>
            <name>eSign_Approval_Status_to_NULL</name>
            <type>FieldUpdate</type>
        </action>
        <action>
            <name>Finance_Approval_Status_to_NULL</name>
            <type>FieldUpdate</type>
        </action>
        <action>
            <name>RecordLockedToFalse</name>
            <type>FieldUpdate</type>
        </action>
        <action>
            <name>Sales_Approval_Status_Date_Time_NULL</name>
            <type>FieldUpdate</type>
        </action>
        <action>
            <name>Sales_Approval_Status_Recalled</name>
            <type>FieldUpdate</type>
        </action>
        <action>
            <name>Sales_Approved_to_False</name>
            <type>FieldUpdate</type>
        </action>
    </recallActions>
    <recordEditability>AdminOrCurrentApprover</recordEditability>
    <showApprovalHistory>true</showApprovalHistory>
</ApprovalProcess>
