<?xml version="1.0" encoding="UTF-8"?>
<ApprovalProcess xmlns="http://soap.sforce.com/2006/04/metadata">
    <active>false</active>
    <allowRecall>true</allowRecall>
    <allowedSubmitters>
        <type>creator</type>
    </allowedSubmitters>
    <allowedSubmitters>
        <type>owner</type>
    </allowedSubmitters>
    <approvalPageFields>
        <field>Name</field>
        <field>Owner</field>
        <field>Account</field>
        <field>Advertiser__c</field>
        <field>Amount</field>
        <field>Country__c</field>
        <field>Start_Date__c</field>
        <field>End_Date__c</field>
    </approvalPageFields>
    <approvalStep>
        <allowDelegate>true</allowDelegate>
        <assignedApprover>
            <approver>
                <name>amycole@meta.com</name>
                <type>user</type>
            </approver>
            <approver>
                <name>ericmedge@fb.com</name>
                <type>user</type>
            </approver>
            <approver>
                <name>geoff@fb.com</name>
                <type>user</type>
            </approver>
            <approver>
                <name>habashi@fb.com</name>
                <type>user</type>
            </approver>
            <approver>
                <name>joelle@fb.com</name>
                <type>user</type>
            </approver>
            <approver>
                <name>jsherrets@meta.com</name>
                <type>user</type>
            </approver>
            <approver>
                <name>krovai@meta.com</name>
                <type>user</type>
            </approver>
            <approver>
                <name>mhondorp@fb.com</name>
                <type>user</type>
            </approver>
            <approver>
                <name>pjmacgregor@fb.com</name>
                <type>user</type>
            </approver>
            <approver>
                <name>sblachford@fb.com</name>
                <type>user</type>
            </approver>
            <approver>
                <name>tyaverbaun@fb.com</name>
                <type>user</type>
            </approver>
            <approver>
                <name>workman@fb.com</name>
                <type>user</type>
            </approver>
            <whenMultipleApprovers>FirstResponse</whenMultipleApprovers>
        </assignedApprover>
        <description>MH 01/29/15: set to Auto Approve</description>
        <entryCriteria>
            <criteriaItems>
                <field>Opportunity.Instagram_Oppty__c</field>
                <operation>equals</operation>
                <value>False</value>
            </criteriaItems>
        </entryCriteria>
        <ifCriteriaNotMet>ApproveRecord</ifCriteriaNotMet>
        <label>BDL Approval Required</label>
        <name>BDL_Approval_Required</name>
    </approvalStep>
    <description>Before this Oppty becomes an IO for IG, it must first be approved buy the BDL&apos;s
t=4754104

DEACTIVATED per task: https://our.intern.facebook.com/intern/tasks/?t=6096249</description>
    <emailTemplate>Quote_Templates/IG_Oppty_submitted_for_BDL</emailTemplate>
    <enableMobileDeviceAccess>false</enableMobileDeviceAccess>
    <entryCriteria>
        <criteriaItems>
            <field>Opportunity.RecordType</field>
            <operation>equals</operation>
            <value>Standard Instagram</value>
        </criteriaItems>
    </entryCriteria>
    <finalApprovalActions>
        <action>
            <name>Record_Type_Standard</name>
            <type>FieldUpdate</type>
        </action>
    </finalApprovalActions>
    <finalApprovalRecordLock>false</finalApprovalRecordLock>
    <finalRejectionRecordLock>false</finalRejectionRecordLock>
    <label>Instagram Opportunity BDL flow</label>
    <processOrder>2</processOrder>
    <recordEditability>AdminOrCurrentApprover</recordEditability>
    <showApprovalHistory>true</showApprovalHistory>
</ApprovalProcess>
