<?xml version="1.0" encoding="UTF-8"?>
<ApprovalProcess xmlns="http://soap.sforce.com/2006/04/metadata">
    <active>true</active>
    <allowRecall>false</allowRecall>
    <allowedSubmitters>
        <submitter>FRL_Enterprise_ISV_Partners</submitter>
        <type>group</type>
    </allowedSubmitters>
    <allowedSubmitters>
        <submitter>FRL_Enterprise_Reseller_Partners</submitter>
        <type>group</type>
    </allowedSubmitters>
    <allowedSubmitters>
        <type>owner</type>
    </allowedSubmitters>
    <approvalPageFields>
        <field>Name</field>
        <field>Owner</field>
        <field>Reseller_Agency__c</field>
    </approvalPageFields>
    <approvalStep>
        <allowDelegate>true</allowDelegate>
        <assignedApprover>
            <approver>
                <name>Owner</name>
                <type>relatedUserField</type>
            </approver>
            <whenMultipleApprovers>FirstResponse</whenMultipleApprovers>
        </assignedApprover>
        <label>Approval1</label>
        <name>Approval1</name>
    </approvalStep>
    <description>T81049264</description>
    <emailTemplate>FRL_Enterprise/FRL_POP_submission_to_Opportunity_owner</emailTemplate>
    <enableMobileDeviceAccess>false</enableMobileDeviceAccess>
    <entryCriteria>
        <booleanFilter>1 OR  2</booleanFilter>
        <criteriaItems>
            <field>Opportunity.FRL_Deal_Reg_Status__c</field>
            <operation>equals</operation>
            <value>Claim Submitted</value>
        </criteriaItems>
        <criteriaItems>
            <field>Opportunity.FRL_Deal_Reg_Status__c</field>
            <operation>equals</operation>
            <value>Proof of Performance Submitted</value>
        </criteriaItems>
    </entryCriteria>
    <finalApprovalActions>
        <action>
            <name>Send_Email_To_partner_Contact_for_POP_Approval</name>
            <type>Alert</type>
        </action>
        <action>
            <name>Update_FRL_Deal_Reg_Status</name>
            <type>FieldUpdate</type>
        </action>
    </finalApprovalActions>
    <finalApprovalRecordLock>true</finalApprovalRecordLock>
    <finalRejectionActions>
        <action>
            <name>Send_Rejection_email_for_POP_to_partner</name>
            <type>Alert</type>
        </action>
        <action>
            <name>Update_FRL_Deal_reg_status_rejected</name>
            <type>FieldUpdate</type>
        </action>
    </finalRejectionActions>
    <finalRejectionRecordLock>false</finalRejectionRecordLock>
    <label>FRL - ES- POP Approval</label>
    <processOrder>8</processOrder>
    <recordEditability>AdminOnly</recordEditability>
    <showApprovalHistory>false</showApprovalHistory>
</ApprovalProcess>
