<?xml version="1.0" encoding="UTF-8"?>
<ApprovalProcess xmlns="http://soap.sforce.com/2006/04/metadata">
    <active>false</active>
    <allowRecall>true</allowRecall>
    <allowedSubmitters>
        <type>owner</type>
    </allowedSubmitters>
    <approvalPageFields>
        <field>Account</field>
        <field>Name</field>
        <field>Owner</field>
        <field>CloseDate</field>
        <field>LR_Baseline_Monthly_Impressions_Volume__c</field>
        <field>Amount</field>
        <field>Partner_Incentive_Amount__c</field>
    </approvalPageFields>
    <approvalStep>
        <allowDelegate>true</allowDelegate>
        <assignedApprover>
            <approver>
                <name>agnesles@meta.com</name>
                <type>user</type>
            </approver>
            <whenMultipleApprovers>FirstResponse</whenMultipleApprovers>
        </assignedApprover>
        <description>Task 9677018 - demand with third party billing source needs approval from manager.</description>
        <label>LR demand with third party billing source</label>
        <name>LR_demand_with_third_party_billing_source</name>
    </approvalStep>
    <description>Task 9677018 - LR Demand Third Party Billing Source</description>
    <emailTemplate>LiveRail_Business_Approvals/LR_Demand_Third_Party_Approval_Request</emailTemplate>
    <enableMobileDeviceAccess>false</enableMobileDeviceAccess>
    <entryCriteria>
        <criteriaItems>
            <field>Opportunity.RecordType</field>
            <operation>equals</operation>
            <value>LIC - Demand,RTB - Demand</value>
        </criteriaItems>
        <criteriaItems>
            <field>Opportunity.LR_Sales_Approval_Status__c</field>
            <operation>equals</operation>
            <value>Approval Required,Recalled,Rejected</value>
        </criteriaItems>
    </entryCriteria>
    <finalApprovalActions>
        <action>
            <name>LR_Demand_Approved_Alert</name>
            <type>Alert</type>
        </action>
        <action>
            <name>LR_Update_Approval_Status_to_Approved</name>
            <type>FieldUpdate</type>
        </action>
    </finalApprovalActions>
    <finalApprovalRecordLock>false</finalApprovalRecordLock>
    <finalRejectionActions>
        <action>
            <name>LR_Demand_Rejected_Alert</name>
            <type>Alert</type>
        </action>
        <action>
            <name>LR_Update_Approval_Status_to_Rejected</name>
            <type>FieldUpdate</type>
        </action>
    </finalRejectionActions>
    <finalRejectionRecordLock>false</finalRejectionRecordLock>
    <initialSubmissionActions>
        <action>
            <name>LR_Update_Approval_Status_to_Pending</name>
            <type>FieldUpdate</type>
        </action>
    </initialSubmissionActions>
    <label>LR Demand Third Party Billing Source</label>
    <nextAutomatedApprover>
        <useApproverFieldOfRecordOwner>true</useApproverFieldOfRecordOwner>
        <userHierarchyField>Manager</userHierarchyField>
    </nextAutomatedApprover>
    <postTemplate>LR_Approval_Request_Post_Template</postTemplate>
    <processOrder>8</processOrder>
    <recallActions>
        <action>
            <name>LR_Update_Approval_Status_to_Recalled</name>
            <type>FieldUpdate</type>
        </action>
    </recallActions>
    <recordEditability>AdminOnly</recordEditability>
    <showApprovalHistory>false</showApprovalHistory>
</ApprovalProcess>
