<?xml version="1.0" encoding="UTF-8"?>
<ApprovalProcess xmlns="http://soap.sforce.com/2006/04/metadata">
    <active>true</active>
    <allowRecall>true</allowRecall>
    <allowedSubmitters>
        <type>owner</type>
    </allowedSubmitters>
    <allowedSubmitters>
        <submitter>Workplace_Global_Lead</submitter>
        <type>roleSubordinates</type>
    </allowedSubmitters>
    <approvalPageFields>
        <field>Name</field>
        <field>Account</field>
        <field>Launch_Size__c</field>
        <field>Employees__c</field>
        <field>Client_IT_Sign_Off__c</field>
        <field>Amount</field>
        <field>Owner</field>
        <field>Region_Soldtocountry__c</field>
    </approvalPageFields>
    <approvalStep>
        <allowDelegate>true</allowDelegate>
        <approvalActions>
            <action>
                <name>Update_RA_Approval_Notes</name>
                <type>FieldUpdate</type>
            </action>
        </approvalActions>
        <assignedApprover>
            <approver>
                <name>antoniosmith@meta.com</name>
                <type>user</type>
            </approver>
            <approver>
                <name>noelmcloughlin@meta.com</name>
                <type>user</type>
            </approver>
            <approver>
                <name>rduff@meta.com</name>
                <type>user</type>
            </approver>
            <whenMultipleApprovers>FirstResponse</whenMultipleApprovers>
        </assignedApprover>
        <entryCriteria>
            <booleanFilter>1 or (2 AND 3) or 4 or 5</booleanFilter>
            <criteriaItems>
                <field>Opportunity.Agreement_Type__c</field>
                <operation>equals</operation>
                <value>Custom Paper</value>
            </criteriaItems>
            <criteriaItems>
                <field>Opportunity.Account_Omega_Acct_Num__c</field>
                <operation>equals</operation>
            </criteriaItems>
            <criteriaItems>
                <field>Opportunity.Payment_Type__c</field>
                <operation>equals</operation>
                <value>Invoicing</value>
            </criteriaItems>
            <criteriaItems>
                <field>Opportunity.Billing_Frequency__c</field>
                <operation>equals</operation>
                <value>QUARTELY,YEARLY</value>
            </criteriaItems>
            <criteriaItems>
                <field>Opportunity.Contractual_Lockin__c</field>
                <operation>equals</operation>
                <value>FIRST_YEAR,FIRST_2_YEARS,FIRST_3_YEARS,FULL_TERM</value>
            </criteriaItems>
        </entryCriteria>
        <ifCriteriaNotMet>ApproveRecord</ifCriteriaNotMet>
        <label>2. Deal - Finance Review</label>
        <name>X2_Deal_Finance_Review</name>
    </approvalStep>
    <description>Renewal - Credit Line - Finance Approval 

T59272233 - new flow - separating from Enterprise, if Std T&amp;C auto-approve Finance
T29872602; T43378550; T43821137; T45771715; T44669452; T53440969; T60146603; T60453982; T64321661; T67587792; T70776383; T69736330; T74203007; T77518971; T78049948; T94012679; T88711226; T89619718; T90526204; T94012679; T89619718; T94671356; T103466477; T98952844; T99146208; T103466477; T117563630; T134784479; T138628294; T149248978; T172118530;
T173191784 MH 1.9 add Antonio
T200846989 Removed Barry McCarthy (Finance)</description>
    <emailTemplate>Workplace_templates/WP_Opportunity_Approval</emailTemplate>
    <enableMobileDeviceAccess>false</enableMobileDeviceAccess>
    <entryCriteria>
        <criteriaItems>
            <field>Opportunity.RecordType</field>
            <operation>equals</operation>
            <value>FB@Work Renewal</value>
        </criteriaItems>
        <criteriaItems>
            <field>Opportunity.StageName</field>
            <operation>equals</operation>
            <value>Contracting Renewal</value>
        </criteriaItems>
        <criteriaItems>
            <field>Opportunity.Sales_Approval_Status__c</field>
            <operation>equals</operation>
            <value>Approved</value>
        </criteriaItems>
        <criteriaItems>
            <field>Opportunity.Finance_Approval_Status__c</field>
            <operation>equals</operation>
            <value>Ready,Rejected,Recalled</value>
        </criteriaItems>
    </entryCriteria>
    <finalApprovalActions>
        <action>
            <name>Finance_Approval_Status_Approved</name>
            <type>FieldUpdate</type>
        </action>
        <action>
            <name>RecordLockedToFalse</name>
            <type>FieldUpdate</type>
        </action>
        <action>
            <name>Update_RA_Approval_Datetime</name>
            <type>FieldUpdate</type>
        </action>
        <action>
            <name>Update_RA_Approval_Note_Unity_Bot</name>
            <type>FieldUpdate</type>
        </action>
        <action>
            <name>Update_RA_Approval_Status</name>
            <type>FieldUpdate</type>
        </action>
        <action>
            <name>WP_Oppty_Approved</name>
            <type>Alert</type>
        </action>
    </finalApprovalActions>
    <finalApprovalRecordLock>false</finalApprovalRecordLock>
    <finalRejectionActions>
        <action>
            <name>eSign_Approval_Status_to_Ready</name>
            <type>FieldUpdate</type>
        </action>
        <action>
            <name>Finance_Approval_Status_Rejected</name>
            <type>FieldUpdate</type>
        </action>
        <action>
            <name>RecordLockedToFalse</name>
            <type>FieldUpdate</type>
        </action>
        <action>
            <name>WP_Oppty_Rejected</name>
            <type>Alert</type>
        </action>
    </finalRejectionActions>
    <finalRejectionRecordLock>false</finalRejectionRecordLock>
    <initialSubmissionActions>
        <action>
            <name>Finance_Approval_Status_Submitted</name>
            <type>FieldUpdate</type>
        </action>
        <action>
            <name>RecordLockedToTrue</name>
            <type>FieldUpdate</type>
        </action>
        <action>
            <name>Submitter_Email</name>
            <type>FieldUpdate</type>
        </action>
        <action>
            <name>WPRA_fb_com_Alias_email</name>
            <type>Alert</type>
        </action>
    </initialSubmissionActions>
    <label>@WP Renewal #2 r1 - Finance</label>
    <processOrder>7</processOrder>
    <recallActions>
        <action>
            <name>eSign_Approval_Status_to_Ready</name>
            <type>FieldUpdate</type>
        </action>
        <action>
            <name>Finance_Approval_Status_to_Ready</name>
            <type>FieldUpdate</type>
        </action>
        <action>
            <name>RecordLockedToFalse</name>
            <type>FieldUpdate</type>
        </action>
    </recallActions>
    <recordEditability>AdminOrCurrentApprover</recordEditability>
    <showApprovalHistory>true</showApprovalHistory>
</ApprovalProcess>
