<?xml version="1.0" encoding="UTF-8"?>
<ApprovalProcess xmlns="http://soap.sforce.com/2006/04/metadata">
    <active>false</active>
    <allowRecall>true</allowRecall>
    <allowedSubmitters>
        <type>owner</type>
    </allowedSubmitters>
    <allowedSubmitters>
        <submitter>Workplace_Global_Lead</submitter>
        <type>roleSubordinates</type>
    </allowedSubmitters>
    <approvalPageFields>
        <field>Name</field>
        <field>Account</field>
        <field>Reseller_Agency__c</field>
        <field>Employees__c</field>
        <field>Client_IT_Sign_Off__c</field>
        <field>Amount</field>
        <field>Owner</field>
        <field>Region_Soldtocountry__c</field>
        <field>StageName</field>
    </approvalPageFields>
    <approvalStep>
        <allowDelegate>true</allowDelegate>
        <approvalActions>
            <action>
                <name>Sales_Approved_Tier_to_1</name>
                <type>FieldUpdate</type>
            </action>
        </approvalActions>
        <assignedApprover>
            <approver>
                <name>gladysw@meta.com</name>
                <type>user</type>
            </approver>
            <approver>
                <name>iinbar@meta.com</name>
                <type>user</type>
            </approver>
            <approver>
                <name>kcameron@fb.com</name>
                <type>user</type>
            </approver>
            <approver>
                <name>sarabrowne@fb.com</name>
                <type>user</type>
            </approver>
            <whenMultipleApprovers>FirstResponse</whenMultipleApprovers>
        </assignedApprover>
        <description>This Opp is flagged are requiring Fixed Fee review either due to size, discount or non-Fixed Fee product selected</description>
        <label>1. Fixed Fee Approval</label>
        <name>X1_Fixed_Fee_Approval</name>
    </approvalStep>
    <description>T43378550 - All Enterprise non-fixed fee as well as fixed-fee over 29%
T45093978;  T47171533;
T52599922 add Gladys Williams, remove Mark Regan
T52969848</description>
    <emailTemplate>Workplace_templates/WP_Opportunity_Approval</emailTemplate>
    <enableMobileDeviceAccess>false</enableMobileDeviceAccess>
    <entryCriteria>
        <booleanFilter>1 AND 2 AND 3 AND 4 AND 5 and 6</booleanFilter>
        <criteriaItems>
            <field>Opportunity.RecordType</field>
            <operation>equals</operation>
            <value>FB@Work Enterprise</value>
        </criteriaItems>
        <criteriaItems>
            <field>Opportunity.StageName</field>
            <operation>equals</operation>
            <value>Align</value>
        </criteriaItems>
        <criteriaItems>
            <field>Opportunity.Sales_Approval_Status__c</field>
            <operation>equals</operation>
            <value>Ready,Rejected,Recalled</value>
        </criteriaItems>
        <criteriaItems>
            <field>Opportunity.Sales_Approved__c</field>
            <operation>equals</operation>
            <value>False</value>
        </criteriaItems>
        <criteriaItems>
            <field>Opportunity.Opportunity_Status__c</field>
            <operation>equals</operation>
            <value>Fixed Fee - SP&amp;O Approval Required</value>
        </criteriaItems>
        <criteriaItems>
            <field>Opportunity.Payment_Type__c</field>
            <operation>notEqual</operation>
            <value>NGO/EDU</value>
        </criteriaItems>
    </entryCriteria>
    <finalApprovalActions>
        <action>
            <name>eSign_Approval_Status_to_Ready</name>
            <type>FieldUpdate</type>
        </action>
        <action>
            <name>Finance_Approval_Status_to_Ready</name>
            <type>FieldUpdate</type>
        </action>
        <action>
            <name>RecordLockedToFalse</name>
            <type>FieldUpdate</type>
        </action>
        <action>
            <name>Sales_Approval_Status_Approved</name>
            <type>FieldUpdate</type>
        </action>
        <action>
            <name>Sales_Approval_Status_Date_Time</name>
            <type>FieldUpdate</type>
        </action>
        <action>
            <name>Sales_Approved_to_True</name>
            <type>FieldUpdate</type>
        </action>
        <action>
            <name>Stage_to_Contracting</name>
            <type>FieldUpdate</type>
        </action>
        <action>
            <name>WP_Oppty_Price_Approved</name>
            <type>Alert</type>
        </action>
    </finalApprovalActions>
    <finalApprovalRecordLock>false</finalApprovalRecordLock>
    <finalRejectionActions>
        <action>
            <name>eSign_Approval_Status_to_NULL</name>
            <type>FieldUpdate</type>
        </action>
        <action>
            <name>Finance_Approval_Status_to_NULL</name>
            <type>FieldUpdate</type>
        </action>
        <action>
            <name>Opportunity_Status_to_Fixed_Fee_SP_O_A</name>
            <type>FieldUpdate</type>
        </action>
        <action>
            <name>RecordLockedToFalse</name>
            <type>FieldUpdate</type>
        </action>
        <action>
            <name>Sales_Approval_Status_Date_Time_NULL</name>
            <type>FieldUpdate</type>
        </action>
        <action>
            <name>Sales_Approval_Status_Rejected</name>
            <type>FieldUpdate</type>
        </action>
        <action>
            <name>Sales_Approved_to_False</name>
            <type>FieldUpdate</type>
        </action>
        <action>
            <name>Stage_to_Align</name>
            <type>FieldUpdate</type>
        </action>
        <action>
            <name>WP_Oppty_Rejected</name>
            <type>Alert</type>
        </action>
    </finalRejectionActions>
    <finalRejectionRecordLock>false</finalRejectionRecordLock>
    <initialSubmissionActions>
        <action>
            <name>RecordLockedToTrue</name>
            <type>FieldUpdate</type>
        </action>
        <action>
            <name>Sales_Approval_Status_Submitted</name>
            <type>FieldUpdate</type>
        </action>
        <action>
            <name>Sales_Approved_Tier_to_0</name>
            <type>FieldUpdate</type>
        </action>
    </initialSubmissionActions>
    <label>@WP Oppty #1 - Fixed Fee</label>
    <processOrder>1</processOrder>
    <recallActions>
        <action>
            <name>eSign_Approval_Status_to_NULL</name>
            <type>FieldUpdate</type>
        </action>
        <action>
            <name>Finance_Approval_Status_to_NULL</name>
            <type>FieldUpdate</type>
        </action>
        <action>
            <name>Opportunity_Status_to_Fixed_Fee_SP_O_A</name>
            <type>FieldUpdate</type>
        </action>
        <action>
            <name>RecordLockedToFalse</name>
            <type>FieldUpdate</type>
        </action>
        <action>
            <name>Sales_Approval_Status_Date_Time_NULL</name>
            <type>FieldUpdate</type>
        </action>
        <action>
            <name>Sales_Approval_Status_Recalled</name>
            <type>FieldUpdate</type>
        </action>
        <action>
            <name>Sales_Approved_to_False</name>
            <type>FieldUpdate</type>
        </action>
        <action>
            <name>Stage_to_Align</name>
            <type>FieldUpdate</type>
        </action>
    </recallActions>
    <recordEditability>AdminOrCurrentApprover</recordEditability>
    <showApprovalHistory>true</showApprovalHistory>
</ApprovalProcess>
