<?xml version="1.0" encoding="UTF-8"?>
<ApprovalProcess xmlns="http://soap.sforce.com/2006/04/metadata">
    <active>false</active>
    <allowRecall>true</allowRecall>
    <allowedSubmitters>
        <type>creator</type>
    </allowedSubmitters>
    <allowedSubmitters>
        <type>owner</type>
    </allowedSubmitters>
    <allowedSubmitters>
        <submitter>Workplace_Global_Lead</submitter>
        <type>role</type>
    </allowedSubmitters>
    <allowedSubmitters>
        <submitter>WhatsApp_Global_Sales_Lead</submitter>
        <type>roleSubordinates</type>
    </allowedSubmitters>
    <allowedSubmitters>
        <submitter>rajnijain@meta.com</submitter>
        <type>user</type>
    </allowedSubmitters>
    <approvalPageFields>
        <field>Name</field>
        <field>Owner</field>
    </approvalPageFields>
    <approvalStep>
        <allowDelegate>true</allowDelegate>
        <approvalActions>
            <action>
                <name>Sales_Approval_Level_1_Approved</name>
                <type>FieldUpdate</type>
            </action>
        </approvalActions>
        <assignedApprover>
            <approver>
                <name>marcoso@meta.com</name>
                <type>user</type>
            </approver>
            <whenMultipleApprovers>FirstResponse</whenMultipleApprovers>
        </assignedApprover>
        <description>Level1 Regional Lead LATAM</description>
        <entryCriteria>
            <formula>AND(TEXT(Messaging_Region__c) = &apos;LATAM&apos;, INCLUDES(WA_Price_Approval__c, &apos;Level1&apos;))</formula>
        </entryCriteria>
        <ifCriteriaNotMet>GotoNextStep</ifCriteriaNotMet>
        <label>Level 1 Regional Lead LATAM</label>
        <name>Level_1_Regional_Lead_LATAM</name>
        <rejectionActions>
            <action>
                <name>Sales_Approval_Level_1_Rejected</name>
                <type>FieldUpdate</type>
            </action>
        </rejectionActions>
    </approvalStep>
    <approvalStep>
        <allowDelegate>true</allowDelegate>
        <approvalActions>
            <action>
                <name>Sales_Approval_Level_1_Approved</name>
                <type>FieldUpdate</type>
            </action>
        </approvalActions>
        <assignedApprover>
            <approver>
                <name>dtrivedi@meta.com</name>
                <type>user</type>
            </approver>
            <whenMultipleApprovers>FirstResponse</whenMultipleApprovers>
        </assignedApprover>
        <description>Level 1 APAC</description>
        <entryCriteria>
            <formula>AND(TEXT(Messaging_Region__c) = &apos;APAC&apos;, INCLUDES(WA_Price_Approval__c, &apos;Level1&apos;))</formula>
        </entryCriteria>
        <ifCriteriaNotMet>GotoNextStep</ifCriteriaNotMet>
        <label>Level 1 Regional Lead APAC</label>
        <name>Level_1_Regional_Lead_APAC</name>
        <rejectBehavior>
            <type>RejectRequest</type>
        </rejectBehavior>
        <rejectionActions>
            <action>
                <name>Sales_Approval_Level_1_Rejected</name>
                <type>FieldUpdate</type>
            </action>
        </rejectionActions>
    </approvalStep>
    <approvalStep>
        <allowDelegate>false</allowDelegate>
        <approvalActions>
            <action>
                <name>Sales_Approval_Level_1_Approved</name>
                <type>FieldUpdate</type>
            </action>
        </approvalActions>
        <assignedApprover>
            <approver>
                <name>ravigarg1@meta.com</name>
                <type>user</type>
            </approver>
            <whenMultipleApprovers>FirstResponse</whenMultipleApprovers>
        </assignedApprover>
        <description>Level 1 Regional Lead India</description>
        <entryCriteria>
            <formula>AND(TEXT(Messaging_Region__c) = &apos;INDIA&apos; , INCLUDES(WA_Price_Approval__c, &apos;Level1&apos;))</formula>
        </entryCriteria>
        <ifCriteriaNotMet>GotoNextStep</ifCriteriaNotMet>
        <label>Level 1 Regional Lead India</label>
        <name>Level_1_Regional_Lead_India1</name>
        <rejectBehavior>
            <type>RejectRequest</type>
        </rejectBehavior>
        <rejectionActions>
            <action>
                <name>Sales_Approval_Level_1_Rejected</name>
                <type>FieldUpdate</type>
            </action>
        </rejectionActions>
    </approvalStep>
    <approvalStep>
        <allowDelegate>false</allowDelegate>
        <approvalActions>
            <action>
                <name>Sales_Approval_Level_1_Approved</name>
                <type>FieldUpdate</type>
            </action>
        </approvalActions>
        <assignedApprover>
            <approver>
                <name>sanjayj@meta.com</name>
                <type>user</type>
            </approver>
            <whenMultipleApprovers>FirstResponse</whenMultipleApprovers>
        </assignedApprover>
        <description>Level 1 Regional Lead NA</description>
        <entryCriteria>
            <formula>AND(TEXT(Messaging_Region__c) = &apos;NA&apos;, INCLUDES(WA_Price_Approval__c, &apos;Level1&apos;))</formula>
        </entryCriteria>
        <ifCriteriaNotMet>GotoNextStep</ifCriteriaNotMet>
        <label>Level 1 Regional Lead NA</label>
        <name>Level_1_Regional_Lead_NA</name>
        <rejectBehavior>
            <type>RejectRequest</type>
        </rejectBehavior>
        <rejectionActions>
            <action>
                <name>Sales_Approval_Level_1_Rejected</name>
                <type>FieldUpdate</type>
            </action>
        </rejectionActions>
    </approvalStep>
    <approvalStep>
        <allowDelegate>false</allowDelegate>
        <approvalActions>
            <action>
                <name>Sales_Approval_Level_1_Approved</name>
                <type>FieldUpdate</type>
            </action>
        </approvalActions>
        <assignedApprover>
            <approver>
                <name>danlenan@meta.com</name>
                <type>user</type>
            </approver>
            <whenMultipleApprovers>FirstResponse</whenMultipleApprovers>
        </assignedApprover>
        <description>Level 1 Regional Lead EMEA</description>
        <entryCriteria>
            <formula>AND(TEXT(Messaging_Region__c) = &apos;EMEA&apos;, INCLUDES(WA_Price_Approval__c, &apos;Level1&apos;))</formula>
        </entryCriteria>
        <ifCriteriaNotMet>GotoNextStep</ifCriteriaNotMet>
        <label>Level 1 Regional Lead EMEA</label>
        <name>Level_1_Regional_Lead_EMEA</name>
        <rejectBehavior>
            <type>RejectRequest</type>
        </rejectBehavior>
        <rejectionActions>
            <action>
                <name>Sales_Approval_Level_1_Rejected</name>
                <type>FieldUpdate</type>
            </action>
        </rejectionActions>
    </approvalStep>
    <approvalStep>
        <allowDelegate>false</allowDelegate>
        <approvalActions>
            <action>
                <name>Sales_Approval_Level_2_Approved</name>
                <type>FieldUpdate</type>
            </action>
        </approvalActions>
        <assignedApprover>
            <approver>
                <name>aned@meta.com</name>
                <type>user</type>
            </approver>
            <approver>
                <name>mbarksdale0703@meta.com</name>
                <type>user</type>
            </approver>
            <approver>
                <name>rharracksingh@meta.com</name>
                <type>user</type>
            </approver>
            <whenMultipleApprovers>FirstResponse</whenMultipleApprovers>
        </assignedApprover>
        <entryCriteria>
            <formula>AND( ISPICKVAL( Sales_Approval_Level__c , &apos;Level 1 Approved&apos;) , Total_Requested_Discount__c &gt; Max_Level_1_Discount__c, INCLUDES(WA_Price_Approval__c, &apos;Level2&apos; ))</formula>
        </entryCriteria>
        <ifCriteriaNotMet>GotoNextStep</ifCriteriaNotMet>
        <label>Level 2 Approval</label>
        <name>Level_2_Approval</name>
        <rejectBehavior>
            <type>RejectRequest</type>
        </rejectBehavior>
        <rejectionActions>
            <action>
                <name>Sales_Approval_Level_2_Rejected</name>
                <type>FieldUpdate</type>
            </action>
        </rejectionActions>
    </approvalStep>
    <approvalStep>
        <allowDelegate>false</allowDelegate>
        <approvalActions>
            <action>
                <name>Sales_Approval_Level_3_Approved</name>
                <type>FieldUpdate</type>
            </action>
        </approvalActions>
        <assignedApprover>
            <approver>
                <name>kylejenke@meta.com</name>
                <type>user</type>
            </approver>
            <whenMultipleApprovers>FirstResponse</whenMultipleApprovers>
        </assignedApprover>
        <entryCriteria>
            <formula>AND(ISPICKVAL(Sales_Approval_Level__c, &apos;Level 2 Approved&apos;), Total_Requested_Discount__c &gt; Max_Level_1_Discount__c, INCLUDES(WA_Price_Approval__c, &apos;Level3&apos;))</formula>
        </entryCriteria>
        <label>Level 3 Approval</label>
        <name>Level_3_Approval</name>
        <rejectBehavior>
            <type>RejectRequest</type>
        </rejectBehavior>
        <rejectionActions>
            <action>
                <name>Sales_Approval_Level_3_Rejected</name>
                <type>FieldUpdate</type>
            </action>
        </rejectionActions>
    </approvalStep>
    <description>T105741096: WABA Opportunity Pricing Approval
T104215549 approvers</description>
    <emailTemplate>WABA_Email_Templates/WA_Opportunity_Pricing_Approval_Submission</emailTemplate>
    <enableMobileDeviceAccess>false</enableMobileDeviceAccess>
    <entryCriteria>
        <criteriaItems>
            <field>Opportunity.WA_Price_Approval__c</field>
            <operation>includes</operation>
            <value>Level1,Level2,Level3</value>
        </criteriaItems>
        <criteriaItems>
            <field>Opportunity.RecordType</field>
            <operation>equals</operation>
            <value>WABA Enterprise</value>
        </criteriaItems>
        <criteriaItems>
            <field>Opportunity.Sales_Approval_Status__c</field>
            <operation>equals</operation>
            <value>Ready,Recalled,Rejected</value>
        </criteriaItems>
    </entryCriteria>
    <finalApprovalActions>
        <action>
            <name>Sales_Approval_Status_Approved</name>
            <type>FieldUpdate</type>
        </action>
        <action>
            <name>Stage_to_Contracting</name>
            <type>FieldUpdate</type>
        </action>
        <action>
            <name>WA_EA_Opp_Pricing_Approval_To_Opportunity_Owner</name>
            <type>Alert</type>
        </action>
    </finalApprovalActions>
    <finalApprovalRecordLock>false</finalApprovalRecordLock>
    <finalRejectionActions>
        <action>
            <name>Sales_Approval_Status_Rejected</name>
            <type>FieldUpdate</type>
        </action>
        <action>
            <name>Stage_to_Align</name>
            <type>FieldUpdate</type>
        </action>
        <action>
            <name>WA_EA_Opp_Pricing_Rejection_To_Owner</name>
            <type>Alert</type>
        </action>
    </finalRejectionActions>
    <finalRejectionRecordLock>false</finalRejectionRecordLock>
    <initialSubmissionActions>
        <action>
            <name>Sales_Approval_Status_Submitted</name>
            <type>FieldUpdate</type>
        </action>
    </initialSubmissionActions>
    <label>WABA - Pricing Approval v1</label>
    <processOrder>9</processOrder>
    <recallActions>
        <action>
            <name>Sales_Approval_Status_Recalled</name>
            <type>FieldUpdate</type>
        </action>
    </recallActions>
    <recordEditability>AdminOrCurrentApprover</recordEditability>
    <showApprovalHistory>false</showApprovalHistory>
</ApprovalProcess>
