<?xml version="1.0" encoding="UTF-8"?>
<ApprovalProcess xmlns="http://soap.sforce.com/2006/04/metadata">
    <active>true</active>
    <allowRecall>true</allowRecall>
    <allowedSubmitters>
        <type>owner</type>
    </allowedSubmitters>
    <approvalPageFields>
        <field>Name</field>
        <field>Quote_Number__c</field>
        <field>Account_Name__c</field>
        <field>Advertiser_Name__c</field>
        <field>Account_Executive__c</field>
        <field>Account_Manager__c</field>
        <field>Ad_Operations__c</field>
        <field>Owner</field>
    </approvalPageFields>
    <approvalStep>
        <allowDelegate>true</allowDelegate>
        <assignedApprover>
            <approver>
                <name>christinahughes@meta.com</name>
                <type>user</type>
            </approver>
            <approver>
                <name>sowmyar@meta.com</name>
                <type>user</type>
            </approver>
            <whenMultipleApprovers>FirstResponse</whenMultipleApprovers>
        </assignedApprover>
        <entryCriteria>
            <criteriaItems>
                <field>Order_Approval__c.Approval_Required__c</field>
                <operation>equals</operation>
                <value>True</value>
            </criteriaItems>
            <criteriaItems>
                <field>Order_Approval__c.Instagram_Order__c</field>
                <operation>equals</operation>
                <value>True</value>
            </criteriaItems>
        </entryCriteria>
        <ifCriteriaNotMet>GotoNextStep</ifCriteriaNotMet>
        <label>PYM Instagram step</label>
        <name>PYM_Instagram_step</name>
    </approvalStep>
    <approvalStep>
        <allowDelegate>true</allowDelegate>
        <assignedApprover>
            <approver>
                <name>nadiat@meta.com</name>
                <type>user</type>
            </approver>
            <whenMultipleApprovers>FirstResponse</whenMultipleApprovers>
        </assignedApprover>
        <entryCriteria>
            <criteriaItems>
                <field>Order_Approval__c.Approval_Required__c</field>
                <operation>equals</operation>
                <value>True</value>
            </criteriaItems>
            <criteriaItems>
                <field>Order_Approval__c.Instagram_Order__c</field>
                <operation>equals</operation>
                <value>False</value>
            </criteriaItems>
        </entryCriteria>
        <label>Pricing Yield Management</label>
        <name>Pricing_Yield_Management</name>
        <rejectBehavior>
            <type>RejectRequest</type>
        </rejectBehavior>
    </approvalStep>
    <description>This is the approvals flow for Queue based Approvals: 
https://our.intern.facebook.com/intern/tasks/?t=3796291
-modify PYM approver: https://our.intern.facebook.com/intern/tasks/?t=4720770
-remove Ming add Nadia t=5700470
-add Sowmya t=6370669
-add two IG: t=7858036</description>
    <emailTemplate>Order_Templates/PYM_Order_Approval_Request</emailTemplate>
    <enableMobileDeviceAccess>false</enableMobileDeviceAccess>
    <entryCriteria>
        <criteriaItems>
            <field>Order_Approval__c.RecordType</field>
            <operation>equals</operation>
            <value>PYM</value>
        </criteriaItems>
        <criteriaItems>
            <field>Order_Approval__c.Status__c</field>
            <operation>equals</operation>
        </criteriaItems>
        <criteriaItems>
            <field>Order_Approval__c.Approval_Required__c</field>
            <operation>equals</operation>
            <value>True</value>
        </criteriaItems>
    </entryCriteria>
    <finalApprovalActions>
        <action>
            <name>IO_Approval_Status_Approved</name>
            <type>FieldUpdate</type>
        </action>
        <action>
            <name>PYM_Order_Approved</name>
            <type>Alert</type>
        </action>
        <action>
            <name>Set_Approved_Date_Time</name>
            <type>FieldUpdate</type>
        </action>
    </finalApprovalActions>
    <finalApprovalRecordLock>true</finalApprovalRecordLock>
    <finalRejectionActions>
        <action>
            <name>IO_Approval_Status_Rejected</name>
            <type>FieldUpdate</type>
        </action>
        <action>
            <name>PYM_Order_Rejected</name>
            <type>Alert</type>
        </action>
        <action>
            <name>Set_Rejected_Date_Time</name>
            <type>FieldUpdate</type>
        </action>
    </finalRejectionActions>
    <finalRejectionRecordLock>false</finalRejectionRecordLock>
    <initialSubmissionActions>
        <action>
            <name>IO_Approval_Status_Submitted</name>
            <type>FieldUpdate</type>
        </action>
        <action>
            <name>Set_Submitted_Date_Time</name>
            <type>FieldUpdate</type>
        </action>
    </initialSubmissionActions>
    <label>PYM Order Approval Process - Queue</label>
    <processOrder>2</processOrder>
    <recallActions>
        <action>
            <name>IO_Approval_Status_Recalled</name>
            <type>FieldUpdate</type>
        </action>
        <action>
            <name>Set_Recalled_Date_Time</name>
            <type>FieldUpdate</type>
        </action>
    </recallActions>
    <recordEditability>AdminOrCurrentApprover</recordEditability>
    <showApprovalHistory>true</showApprovalHistory>
</ApprovalProcess>
