<?xml version="1.0" encoding="UTF-8"?>
<ApprovalProcess xmlns="http://soap.sforce.com/2006/04/metadata">
    <active>true</active>
    <allowRecall>true</allowRecall>
    <allowedSubmitters>
        <type>owner</type>
    </allowedSubmitters>
    <approvalPageFields>
        <field>Name</field>
        <field>Owner</field>
        <field>Quote_Number__c</field>
        <field>Account_Name__c</field>
        <field>Advertiser_Name__c</field>
        <field>Account_Manager__c</field>
        <field>Account_Executive__c</field>
        <field>Ad_Operations__c</field>
    </approvalPageFields>
    <approvalStep>
        <allowDelegate>true</allowDelegate>
        <assignedApprover>
            <approver>
                <name>antonycascante@meta.com</name>
                <type>user</type>
            </approver>
            <approver>
                <name>freddiephua@meta.com</name>
                <type>user</type>
            </approver>
            <approver>
                <name>jfaulkner@meta.com</name>
                <type>user</type>
            </approver>
            <approver>
                <name>khairulnisa@meta.com</name>
                <type>user</type>
            </approver>
            <approver>
                <name>laurenlovett@meta.com</name>
                <type>user</type>
            </approver>
            <approver>
                <name>marikoise@meta.com</name>
                <type>user</type>
            </approver>
            <approver>
                <name>mikachatterjee@meta.com</name>
                <type>user</type>
            </approver>
            <approver>
                <name>penadavid@fb.com</name>
                <type>user</type>
            </approver>
            <approver>
                <name>ruthxie@meta.com</name>
                <type>user</type>
            </approver>
            <approver>
                <name>sarahcdp@fb.com</name>
                <type>user</type>
            </approver>
            <approver>
                <name>sylviaholmberg@meta.com</name>
                <type>user</type>
            </approver>
            <approver>
                <name>timothyyu0611@meta.com</name>
                <type>user</type>
            </approver>
            <whenMultipleApprovers>FirstResponse</whenMultipleApprovers>
        </assignedApprover>
        <entryCriteria>
            <criteriaItems>
                <field>Order_Approval__c.Approval_Required__c</field>
                <operation>equals</operation>
                <value>True</value>
            </criteriaItems>
        </entryCriteria>
        <ifCriteriaNotMet>ApproveRecord</ifCriteriaNotMet>
        <label>Credit</label>
        <name>Credit</name>
    </approvalStep>
    <description>T134388135 - new Global approval process
03/29 T149284760 - MH update approvers

original tasks: T9328479; t9560769; t10500867; t11217078; T21894304; T24004734; T35488274; T35545479; T68874919; T134388135; T75047514; T140676725; T134388135</description>
    <emailTemplate>Order_Templates/Credit_Order_Approval_Request</emailTemplate>
    <enableMobileDeviceAccess>false</enableMobileDeviceAccess>
    <entryCriteria>
        <criteriaItems>
            <field>Order_Approval__c.RecordType</field>
            <operation>equals</operation>
            <value>Credit</value>
        </criteriaItems>
        <criteriaItems>
            <field>Order_Approval__c.Status__c</field>
            <operation>equals</operation>
        </criteriaItems>
        <criteriaItems>
            <field>Order_Approval__c.Approval_Required__c</field>
            <operation>equals</operation>
            <value>True</value>
        </criteriaItems>
    </entryCriteria>
    <finalApprovalActions>
        <action>
            <name>Credit_Order_Approved</name>
            <type>Alert</type>
        </action>
        <action>
            <name>IO_Approval_Status_Approved</name>
            <type>FieldUpdate</type>
        </action>
        <action>
            <name>Set_Approved_Date_Time</name>
            <type>FieldUpdate</type>
        </action>
    </finalApprovalActions>
    <finalApprovalRecordLock>true</finalApprovalRecordLock>
    <finalRejectionActions>
        <action>
            <name>Credit_Order_Rejected</name>
            <type>Alert</type>
        </action>
        <action>
            <name>IO_Approval_Status_Rejected</name>
            <type>FieldUpdate</type>
        </action>
        <action>
            <name>Set_Rejected_Date_Time</name>
            <type>FieldUpdate</type>
        </action>
    </finalRejectionActions>
    <finalRejectionRecordLock>false</finalRejectionRecordLock>
    <initialSubmissionActions>
        <action>
            <name>IO_Approval_Status_Submitted</name>
            <type>FieldUpdate</type>
        </action>
        <action>
            <name>Set_Submitted_Date_Time</name>
            <type>FieldUpdate</type>
        </action>
    </initialSubmissionActions>
    <label>Credit Approval Process - all regions</label>
    <processOrder>1</processOrder>
    <recallActions>
        <action>
            <name>IO_Approval_Status_Recalled</name>
            <type>FieldUpdate</type>
        </action>
        <action>
            <name>Set_Recalled_Date_Time</name>
            <type>FieldUpdate</type>
        </action>
    </recallActions>
    <recordEditability>AdminOrCurrentApprover</recordEditability>
    <showApprovalHistory>false</showApprovalHistory>
</ApprovalProcess>
