<?xml version="1.0" encoding="UTF-8"?>
<ApprovalProcess xmlns="http://soap.sforce.com/2006/04/metadata">
    <active>true</active>
    <allowRecall>true</allowRecall>
    <allowedSubmitters>
        <type>creator</type>
    </allowedSubmitters>
    <allowedSubmitters>
        <type>owner</type>
    </allowedSubmitters>
    <approvalPageFields>
        <field>Name</field>
        <field>Owner</field>
    </approvalPageFields>
    <approvalStep>
        <allowDelegate>false</allowDelegate>
        <approvalActions>
            <action>
                <name>BMG_PDF_Send_Email_to_L2_Approver</name>
                <type>Alert</type>
            </action>
            <action>
                <name>When_SPM_hasbeen_approved</name>
                <type>FieldUpdate</type>
            </action>
        </approvalActions>
        <assignedApprover>
            <approver>
                <name>jbhatia@meta.com</name>
                <type>user</type>
            </approver>
            <approver>
                <name>noecebreros@meta.com</name>
                <type>user</type>
            </approver>
            <approver>
                <name>siddroy@meta.com</name>
                <type>user</type>
            </approver>
            <whenMultipleApprovers>FirstResponse</whenMultipleApprovers>
        </assignedApprover>
        <entryCriteria>
            <criteriaItems>
                <field>Partner_Incentive__c.Status__c</field>
                <operation>equals</operation>
                <value>Submitted</value>
            </criteriaItems>
        </entryCriteria>
        <ifCriteriaNotMet>GotoNextStep</ifCriteriaNotMet>
        <label>Level 1 Approver</label>
        <name>Level_1_Approver</name>
        <rejectionActions>
            <action>
                <name>If_SPM_or_Regional_Lead_hadbeen_rejected</name>
                <type>FieldUpdate</type>
            </action>
        </rejectionActions>
    </approvalStep>
    <approvalStep>
        <allowDelegate>false</allowDelegate>
        <approvalActions>
            <action>
                <name>Approved</name>
                <type>FieldUpdate</type>
            </action>
            <action>
                <name>BMG_PDF_request_approved_Email_Template</name>
                <type>Alert</type>
            </action>
        </approvalActions>
        <assignedApprover>
            <approver>
                <name>emmalam@meta.com</name>
                <type>user</type>
            </approver>
            <approver>
                <name>mscharmack@meta.com</name>
                <type>user</type>
            </approver>
            <approver>
                <name>travisjourdan@meta.com</name>
                <type>user</type>
            </approver>
            <whenMultipleApprovers>FirstResponse</whenMultipleApprovers>
        </assignedApprover>
        <entryCriteria>
            <criteriaItems>
                <field>Partner_Incentive__c.Status__c</field>
                <operation>equals</operation>
                <value>Level 1 Approved</value>
            </criteriaItems>
        </entryCriteria>
        <label>Final Approver</label>
        <name>Final_Approver</name>
        <rejectBehavior>
            <type>RejectRequest</type>
        </rejectBehavior>
        <rejectionActions>
            <action>
                <name>BMG_PDF_request_rejected_Email_Template</name>
                <type>Alert</type>
            </action>
            <action>
                <name>Rejected</name>
                <type>FieldUpdate</type>
            </action>
        </rejectionActions>
    </approvalStep>
    <description>T210946796</description>
    <emailTemplate>unfiled$public/BMG_review_approval_request</emailTemplate>
    <enableMobileDeviceAccess>false</enableMobileDeviceAccess>
    <entryCriteria>
        <criteriaItems>
            <field>Partner_Incentive__c.RecordType</field>
            <operation>equals</operation>
            <value>Product Development Fund</value>
        </criteriaItems>
        <criteriaItems>
            <field>Partner_Incentive__c.Status__c</field>
            <operation>equals</operation>
            <value>Draft</value>
        </criteriaItems>
    </entryCriteria>
    <finalApprovalRecordLock>false</finalApprovalRecordLock>
    <finalRejectionRecordLock>false</finalRejectionRecordLock>
    <initialSubmissionActions>
        <action>
            <name>BMG_PDF_Send_Email_to_SPM_Approver</name>
            <type>Alert</type>
        </action>
        <action>
            <name>BMG_PDF_Status_Submitted</name>
            <type>FieldUpdate</type>
        </action>
    </initialSubmissionActions>
    <label>BMG PDF Approvals 2</label>
    <processOrder>3</processOrder>
    <recallActions>
        <action>
            <name>PI_HiPo_SOWbeen_Recalled</name>
            <type>FieldUpdate</type>
        </action>
    </recallActions>
    <recordEditability>AdminOnly</recordEditability>
    <showApprovalHistory>true</showApprovalHistory>
</ApprovalProcess>
