<?xml version="1.0" encoding="UTF-8"?>
<ApprovalProcess xmlns="http://soap.sforce.com/2006/04/metadata">
    <active>true</active>
    <allowRecall>true</allowRecall>
    <allowedSubmitters>
        <type>owner</type>
    </allowedSubmitters>
    <approvalPageFields>
        <field>Name</field>
        <field>Owner</field>
    </approvalPageFields>
    <approvalStep>
        <allowDelegate>false</allowDelegate>
        <approvalActions>
            <action>
                <name>Proof_of_completion_approved</name>
                <type>FieldUpdate</type>
            </action>
        </approvalActions>
        <assignedApprover>
            <approver>
                <name>mscharmack@meta.com</name>
                <type>user</type>
            </approver>
            <approver>
                <name>travisjourdan@meta.com</name>
                <type>user</type>
            </approver>
            <whenMultipleApprovers>FirstResponse</whenMultipleApprovers>
        </assignedApprover>
        <label>Proof of Completion Review</label>
        <name>Step_6</name>
        <rejectionActions>
            <action>
                <name>If_deal_desk_rejects_proof_of_completion</name>
                <type>FieldUpdate</type>
            </action>
        </rejectionActions>
    </approvalStep>
    <description>The Approval process name is used in Custom Label and referred in code. So when approval process name is updated, it has to be updated in custom label as well. 

Custom Label - BMG_PRM_PI_Approval_Process_Second
T195576670 - Updated Approver</description>
    <emailTemplate>WABA_Email_Templates/Send_email_for_Proof_of_Completion_Review</emailTemplate>
    <enableMobileDeviceAccess>false</enableMobileDeviceAccess>
    <entryCriteria>
        <criteriaItems>
            <field>User.Profile</field>
            <operation>equals</operation>
            <value>BMG Partner</value>
        </criteriaItems>
        <criteriaItems>
            <field>Partner_Incentive__c.RecordType</field>
            <operation>equals</operation>
            <value>Hipo</value>
        </criteriaItems>
    </entryCriteria>
    <finalApprovalRecordLock>false</finalApprovalRecordLock>
    <finalRejectionRecordLock>false</finalRejectionRecordLock>
    <label>Hipo - Proof of Completion Approval</label>
    <processOrder>1</processOrder>
    <recallActions>
        <action>
            <name>PI_HiPo_Recalled</name>
            <type>FieldUpdate</type>
        </action>
    </recallActions>
    <recordEditability>AdminOnly</recordEditability>
    <showApprovalHistory>true</showApprovalHistory>
</ApprovalProcess>
