<?xml version="1.0" encoding="UTF-8"?>
<ApprovalProcess xmlns="http://soap.sforce.com/2006/04/metadata">
    <active>true</active>
    <allowRecall>false</allowRecall>
    <allowedSubmitters>
        <type>owner</type>
    </allowedSubmitters>
    <approvalPageFields>
        <field>Name</field>
        <field>Owner</field>
        <field>RequestedAmount</field>
        <field>Budget</field>
        <field>Allocation</field>
        <field>Fund_Type__c</field>
    </approvalPageFields>
    <approvalStep>
        <allowDelegate>false</allowDelegate>
        <assignedApprover>
            <approver>
                <name>WP_Partner_MDF_Requests_Approval_Queue</name>
                <type>queue</type>
            </approver>
            <whenMultipleApprovers>FirstResponse</whenMultipleApprovers>
        </assignedApprover>
        <label>Step 1</label>
        <name>Step_1</name>
    </approvalStep>
    <description>T30172573 - Approval process for partner fund requests
T78492944- added Email Alerts for approval/rejection/submission notification</description>
    <enableMobileDeviceAccess>false</enableMobileDeviceAccess>
    <entryCriteria>
        <criteriaItems>
            <field>PartnerFundRequest.RecordType</field>
            <operation>equals</operation>
            <value>FB@Work</value>
        </criteriaItems>
        <criteriaItems>
            <field>PartnerFundRequest.Status</field>
            <operation>equals</operation>
            <value>Draft</value>
        </criteriaItems>
    </entryCriteria>
    <finalApprovalActions>
        <action>
            <name>Send_Email_Notification_TO_Partner_approval</name>
            <type>Alert</type>
        </action>
        <action>
            <name>WP_MDF_Status_in_Approved</name>
            <type>FieldUpdate</type>
        </action>
    </finalApprovalActions>
    <finalApprovalRecordLock>true</finalApprovalRecordLock>
    <finalRejectionActions>
        <action>
            <name>Send_Notification_to_partner_Rejection</name>
            <type>Alert</type>
        </action>
        <action>
            <name>WP_MDF_Status_in_Rejected</name>
            <type>FieldUpdate</type>
        </action>
    </finalRejectionActions>
    <finalRejectionRecordLock>false</finalRejectionRecordLock>
    <initialSubmissionActions>
        <action>
            <name>Send_Submission_Notification</name>
            <type>Alert</type>
        </action>
        <action>
            <name>WP_MDF_Status_in_Submitted</name>
            <type>FieldUpdate</type>
        </action>
    </initialSubmissionActions>
    <label>WP Partner Fund Requests approval</label>
    <processOrder>1</processOrder>
    <recordEditability>AdminOrCurrentApprover</recordEditability>
    <showApprovalHistory>true</showApprovalHistory>
</ApprovalProcess>
