<?xml version="1.0" encoding="UTF-8"?>
<ApprovalProcess xmlns="http://soap.sforce.com/2006/04/metadata">
    <active>false</active>
    <allowRecall>false</allowRecall>
    <allowedSubmitters>
        <type>owner</type>
    </allowedSubmitters>
    <approvalPageFields>
        <field>Name</field>
        <field>Owner</field>
    </approvalPageFields>
    <approvalStep>
        <allowDelegate>false</allowDelegate>
        <assignedApprover>
            <approver>
                <name>balavishal@meta.com</name>
                <type>user</type>
            </approver>
            <approver>
                <name>ishanitaneja@meta.com</name>
                <type>user</type>
            </approver>
            <approver>
                <name>jocelynsantos@meta.com</name>
                <type>user</type>
            </approver>
            <whenMultipleApprovers>FirstResponse</whenMultipleApprovers>
        </assignedApprover>
        <label>WP Partner Fund Claim</label>
        <name>WP_Partner_Fund_Claim</name>
    </approvalStep>
    <description>T91992695 - WABA Partner Fund Claim approval process</description>
    <enableMobileDeviceAccess>false</enableMobileDeviceAccess>
    <entryCriteria>
        <criteriaItems>
            <field>PartnerFundClaim.Status</field>
            <operation>equals</operation>
            <value>Draft,Rejected</value>
        </criteriaItems>
        <criteriaItems>
            <field>PartnerFundClaim.RecordType</field>
            <operation>equals</operation>
            <value>WABA</value>
        </criteriaItems>
    </entryCriteria>
    <finalApprovalActions>
        <action>
            <name>PFC_Approved</name>
            <type>FieldUpdate</type>
        </action>
        <action>
            <name>PFC_Fund_Claim_Approval_email_to_Deal_Desk</name>
            <type>Alert</type>
        </action>
        <action>
            <name>PFC_Fund_Claim_Approval_email_to_Partner</name>
            <type>Alert</type>
        </action>
        <action>
            <name>Send_Approval_Email_Alert_To_Partner_Manager</name>
            <type>Alert</type>
        </action>
    </finalApprovalActions>
    <finalApprovalRecordLock>false</finalApprovalRecordLock>
    <finalRejectionActions>
        <action>
            <name>PFC_Fund_Claim_Rejection_email_to_Partner</name>
            <type>Alert</type>
        </action>
        <action>
            <name>PFC_Rejected</name>
            <type>FieldUpdate</type>
        </action>
        <action>
            <name>Send_Email_Alert_To_Partner_Manager</name>
            <type>Alert</type>
        </action>
    </finalRejectionActions>
    <finalRejectionRecordLock>false</finalRejectionRecordLock>
    <initialSubmissionActions>
        <action>
            <name>PFC_Fund_Claim_Submission_email_to_Marketing_Manager</name>
            <type>Alert</type>
        </action>
        <action>
            <name>PFC_Fund_Claim_Submission_email_to_Record_Creator</name>
            <type>Alert</type>
        </action>
        <action>
            <name>Update_Status_to_Submitted</name>
            <type>FieldUpdate</type>
        </action>
    </initialSubmissionActions>
    <label>WABA Partner Fund Claim</label>
    <processOrder>2</processOrder>
    <recallActions>
        <action>
            <name>PFC_Draft</name>
            <type>FieldUpdate</type>
        </action>
    </recallActions>
    <recordEditability>AdminOrCurrentApprover</recordEditability>
    <showApprovalHistory>false</showApprovalHistory>
</ApprovalProcess>
