<?xml version="1.0" encoding="UTF-8"?>
<ApprovalProcess xmlns="http://soap.sforce.com/2006/04/metadata">
    <active>true</active>
    <allowRecall>true</allowRecall>
    <allowedSubmitters>
        <type>creator</type>
    </allowedSubmitters>
    <allowedSubmitters>
        <type>owner</type>
    </allowedSubmitters>
    <approvalPageFields>
        <field>Name</field>
        <field>Owner</field>
        <field>RequestedAmount</field>
        <field>Budget</field>
        <field>Allocation</field>
        <field>Fund_Type__c</field>
    </approvalPageFields>
    <approvalStep>
        <allowDelegate>false</allowDelegate>
        <assignedApprover>
            <approver>
                <name>balavishal@meta.com</name>
                <type>user</type>
            </approver>
            <approver>
                <name>elizabethjoyce@meta.com</name>
                <type>user</type>
            </approver>
            <approver>
                <name>jasonsingh@meta.com</name>
                <type>user</type>
            </approver>
            <whenMultipleApprovers>FirstResponse</whenMultipleApprovers>
        </assignedApprover>
        <label>Step 1</label>
        <name>Step_1</name>
    </approvalStep>
    <description>T91992695 - Approval process for WABA partner fund requests</description>
    <emailTemplate>All_Email_templates/PFR_Submission_Email_to_Marketing_Manager</emailTemplate>
    <enableMobileDeviceAccess>false</enableMobileDeviceAccess>
    <entryCriteria>
        <criteriaItems>
            <field>PartnerFundRequest.RecordType</field>
            <operation>equals</operation>
            <value>BMG</value>
        </criteriaItems>
        <criteriaItems>
            <field>PartnerFundRequest.Status</field>
            <operation>equals</operation>
            <value>Draft,Rejected</value>
        </criteriaItems>
    </entryCriteria>
    <finalApprovalActions>
        <action>
            <name>PFR_Approval_Email_to_Deal_Desk</name>
            <type>Alert</type>
        </action>
        <action>
            <name>PFR_Approval_Email_to_Partner</name>
            <type>Alert</type>
        </action>
        <action>
            <name>Update_Status_Approved</name>
            <type>FieldUpdate</type>
        </action>
    </finalApprovalActions>
    <finalApprovalRecordLock>false</finalApprovalRecordLock>
    <finalRejectionActions>
        <action>
            <name>Update_Status_Rejected</name>
            <type>FieldUpdate</type>
        </action>
    </finalRejectionActions>
    <finalRejectionRecordLock>false</finalRejectionRecordLock>
    <initialSubmissionActions>
        <action>
            <name>PFR_Submission_Email_to_Marketing_Manager</name>
            <type>Alert</type>
        </action>
        <action>
            <name>Update_Status_Submitted</name>
            <type>FieldUpdate</type>
        </action>
    </initialSubmissionActions>
    <label>WABA Fund Request Approval Process</label>
    <processOrder>2</processOrder>
    <recallActions>
        <action>
            <name>Update_Status_to_Draft</name>
            <type>FieldUpdate</type>
        </action>
    </recallActions>
    <recordEditability>AdminOrCurrentApprover</recordEditability>
    <showApprovalHistory>true</showApprovalHistory>
</ApprovalProcess>
