<?xml version="1.0" encoding="UTF-8"?>
<ApprovalProcess xmlns="http://soap.sforce.com/2006/04/metadata">
    <active>false</active>
    <allowRecall>true</allowRecall>
    <allowedSubmitters>
        <submitter>ARVR_Group_Retail_Approval_Submitters</submitter>
        <type>group</type>
    </allowedSubmitters>
    <allowedSubmitters>
        <type>owner</type>
    </allowedSubmitters>
    <approvalPageFields>
        <field>Name</field>
        <field>Requested_Amount__c</field>
        <field>Amount</field>
        <field>Prior_Amount__c</field>
        <field>Product_Family__c</field>
        <field>Budget</field>
        <field>Region1__c</field>
        <field>Owner</field>
    </approvalPageFields>
    <approvalStep>
        <allowDelegate>true</allowDelegate>
        <approvalActions>
            <action>
                <name>Update_Amount</name>
                <type>FieldUpdate</type>
            </action>
            <action>
                <name>Update_Approval_Status_to_Approved</name>
                <type>FieldUpdate</type>
            </action>
            <action>
                <name>Update_Last_Requested_Amount</name>
                <type>FieldUpdate</type>
            </action>
            <action>
                <name>Update_Status_to_Approved</name>
                <type>FieldUpdate</type>
            </action>
        </approvalActions>
        <assignedApprover>
            <approver>
                <type>userHierarchyField</type>
            </approver>
        </assignedApprover>
        <description>Newly created greater or equal  500K  requiring manager approval.</description>
        <entryCriteria>
            <formula>AND( 
    Requested_Amount__c &gt;= 500000,
    TEXT(Status__c) &lt;&gt; &apos;Approved&apos;,      
    OR (
         TEXT(Approval_Status__c) = &apos;Pending Approval&apos;,
         TEXT(Approval_Status__c) = &apos;Recalled&apos;,
         TEXT(Approval_Status__c) = &apos;Rejected&apos;  
        )
)</formula>
        </entryCriteria>
        <ifCriteriaNotMet>GotoNextStep</ifCriteriaNotMet>
        <label>New and Manager Approval</label>
        <name>New_And_Manager_Approval</name>
        <rejectionActions>
            <action>
                <name>ARVR_Retail_Partner_Fund_Allocation_Amount_Rejected_Alert</name>
                <type>Alert</type>
            </action>
            <action>
                <name>Reset_Amount_to_Zero</name>
                <type>FieldUpdate</type>
            </action>
            <action>
                <name>Update_Allocation_Status_to_Rejected</name>
                <type>FieldUpdate</type>
            </action>
            <action>
                <name>Update_Last_Requested_Amount</name>
                <type>FieldUpdate</type>
            </action>
        </rejectionActions>
    </approvalStep>
    <approvalStep>
        <allowDelegate>false</allowDelegate>
        <approvalActions>
            <action>
                <name>Update_Amount</name>
                <type>FieldUpdate</type>
            </action>
            <action>
                <name>Update_Approval_Status_to_Approved</name>
                <type>FieldUpdate</type>
            </action>
            <action>
                <name>Update_Last_Requested_Amount</name>
                <type>FieldUpdate</type>
            </action>
        </approvalActions>
        <assignedApprover>
            <approver>
                <type>userHierarchyField</type>
            </approver>
        </assignedApprover>
        <description>Requesting additional funds in additional to an existing approved amount</description>
        <entryCriteria>
            <criteriaItems>
                <field>PartnerFundAllocation.Status__c</field>
                <operation>equals</operation>
                <value>Approved</value>
            </criteriaItems>
            <criteriaItems>
                <field>PartnerFundAllocation.Approval_Status__c</field>
                <operation>notEqual</operation>
                <value>Approved</value>
            </criteriaItems>
            <criteriaItems>
                <field>PartnerFundAllocation.Requested_Amount__c</field>
                <operation>greaterOrEqual</operation>
                <value>&quot;USD 500,000&quot;</value>
            </criteriaItems>
        </entryCriteria>
        <label>Request Additional Fund</label>
        <name>Request_Additional_Fund</name>
        <rejectBehavior>
            <type>RejectRequest</type>
        </rejectBehavior>
        <rejectionActions>
            <action>
                <name>ARVR_Retail_Partner_Fund_Allocation_Amount_Rejected_Alert</name>
                <type>Alert</type>
            </action>
        </rejectionActions>
    </approvalStep>
    <description>T65876348 - ARVR Retail partner allocation fund approval process</description>
    <emailTemplate>ARVR_Retail_CoMarketing_Email_Templates/ARVR_Partner_Allocation_Fund_Approval_Approval_Request</emailTemplate>
    <enableMobileDeviceAccess>false</enableMobileDeviceAccess>
    <entryCriteria>
        <formula>AND( 
    OR (RecordTypeId = &apos;0121H000000WL98QAG&apos;,
        RecordTypeId = &apos;0121H000000WL98&apos;) ,      
    OR(TEXT(Approval_Status__c) = &apos;Pending Approval&apos;,
       TEXT(Approval_Status__c) = &apos;Recalled&apos;,
       TEXT(Approval_Status__c) = &apos;Rejected&apos;),
    Requested_Amount__c &gt;= 500000)</formula>
    </entryCriteria>
    <finalApprovalActions>
        <action>
            <name>ARVR_Retail_Partner_Fund_Allocation_Amount_Approved_Alert</name>
            <type>Alert</type>
        </action>
        <action>
            <name>Clear_Requested_Amount</name>
            <type>FieldUpdate</type>
        </action>
        <action>
            <name>Stamp_approval_by</name>
            <type>FieldUpdate</type>
        </action>
        <action>
            <name>Stamp_Date_Time_approval</name>
            <type>FieldUpdate</type>
        </action>
        <action>
            <name>Update_Prior_Amount</name>
            <type>FieldUpdate</type>
        </action>
        <action>
            <name>Update_Status_to_Approved1</name>
            <type>FieldUpdate</type>
        </action>
    </finalApprovalActions>
    <finalApprovalRecordLock>false</finalApprovalRecordLock>
    <finalRejectionActions>
        <action>
            <name>Clear_Requested_Amount</name>
            <type>FieldUpdate</type>
        </action>
        <action>
            <name>Stamp_approval_by</name>
            <type>FieldUpdate</type>
        </action>
        <action>
            <name>Stamp_Date_Time_approval</name>
            <type>FieldUpdate</type>
        </action>
        <action>
            <name>Update_Approval_Status_to_Rejected</name>
            <type>FieldUpdate</type>
        </action>
        <action>
            <name>Update_Last_Requested_Amount</name>
            <type>FieldUpdate</type>
        </action>
    </finalRejectionActions>
    <finalRejectionRecordLock>false</finalRejectionRecordLock>
    <initialSubmissionActions>
        <action>
            <name>Approval_Status_to_Pending_Approval</name>
            <type>FieldUpdate</type>
        </action>
        <action>
            <name>ARVR_Retail_Partner_Fund_Allocation_Approval_Request_Sent_Alert</name>
            <type>Alert</type>
        </action>
    </initialSubmissionActions>
    <label>ARVR Partner Allocation Fund Approval3</label>
    <nextAutomatedApprover>
        <useApproverFieldOfRecordOwner>false</useApproverFieldOfRecordOwner>
        <userHierarchyField>Manager</userHierarchyField>
    </nextAutomatedApprover>
    <processOrder>3</processOrder>
    <recallActions>
        <action>
            <name>Update_Approval_Status_to_Recalled</name>
            <type>FieldUpdate</type>
        </action>
    </recallActions>
    <recordEditability>AdminOnly</recordEditability>
    <showApprovalHistory>true</showApprovalHistory>
</ApprovalProcess>
