<?xml version="1.0" encoding="UTF-8"?>
<ApprovalProcess xmlns="http://soap.sforce.com/2006/04/metadata">
    <active>true</active>
    <allowRecall>true</allowRecall>
    <allowedSubmitters>
        <type>owner</type>
    </allowedSubmitters>
    <approvalPageFields>
        <field>Name</field>
        <field>Owner</field>
    </approvalPageFields>
    <approvalStep>
        <allowDelegate>false</allowDelegate>
        <approvalActions>
            <action>
                <name>When_SPM_has_approved</name>
                <type>FieldUpdate</type>
            </action>
        </approvalActions>
        <assignedApprover>
            <approver>
                <type>adhoc</type>
            </approver>
        </assignedApprover>
        <entryCriteria>
            <booleanFilter>1 OR 2</booleanFilter>
            <criteriaItems>
                <field>Partner_Incentive__c.Status__c</field>
                <operation>equals</operation>
                <value>Pending SPM Review</value>
            </criteriaItems>
            <criteriaItems>
                <field>Partner_Incentive__c.Status__c</field>
                <operation>equals</operation>
                <value>Rejected - SPM/Regional Lead</value>
            </criteriaItems>
        </entryCriteria>
        <ifCriteriaNotMet>GotoNextStep</ifCriteriaNotMet>
        <label>Pending SPM Review</label>
        <name>Pending_SPM_Review</name>
        <rejectionActions>
            <action>
                <name>If_SPM_or_Regional_Lead_had_rejected</name>
                <type>FieldUpdate</type>
            </action>
        </rejectionActions>
    </approvalStep>
    <approvalStep>
        <allowDelegate>true</allowDelegate>
        <approvalActions>
            <action>
                <name>When_Regional_Lead_has_approved_Step_2</name>
                <type>FieldUpdate</type>
            </action>
        </approvalActions>
        <assignedApprover>
            <approver>
                <name>arjaree@meta.com</name>
                <type>user</type>
            </approver>
            <approver>
                <name>awei@meta.com</name>
                <type>user</type>
            </approver>
            <whenMultipleApprovers>FirstResponse</whenMultipleApprovers>
        </assignedApprover>
        <entryCriteria>
            <criteriaItems>
                <field>Partner_Incentive__c.Status__c</field>
                <operation>equals</operation>
                <value>Pending Regional Lead Review</value>
            </criteriaItems>
            <criteriaItems>
                <field>Partner_Incentive__c.Region__c</field>
                <operation>equals</operation>
                <value>APAC</value>
            </criteriaItems>
        </entryCriteria>
        <ifCriteriaNotMet>GotoNextStep</ifCriteriaNotMet>
        <label>Pending APAC Regional Lead Review</label>
        <name>Pending_APAC_Regional_Lead_Review</name>
        <rejectBehavior>
            <type>RejectRequest</type>
        </rejectBehavior>
        <rejectionActions>
            <action>
                <name>If_SPM_or_Regional_Lead_had_rejected</name>
                <type>FieldUpdate</type>
            </action>
        </rejectionActions>
    </approvalStep>
    <approvalStep>
        <allowDelegate>true</allowDelegate>
        <approvalActions>
            <action>
                <name>When_Regional_Lead_has_approved_Step_2</name>
                <type>FieldUpdate</type>
            </action>
        </approvalActions>
        <assignedApprover>
            <approver>
                <name>ravigarg1@meta.com</name>
                <type>user</type>
            </approver>
            <whenMultipleApprovers>FirstResponse</whenMultipleApprovers>
        </assignedApprover>
        <entryCriteria>
            <criteriaItems>
                <field>Partner_Incentive__c.Status__c</field>
                <operation>equals</operation>
                <value>Pending Regional Lead Review</value>
            </criteriaItems>
            <criteriaItems>
                <field>Partner_Incentive__c.Region__c</field>
                <operation>equals</operation>
                <value>India</value>
            </criteriaItems>
        </entryCriteria>
        <ifCriteriaNotMet>GotoNextStep</ifCriteriaNotMet>
        <label>Pending India Regional Lead Review</label>
        <name>Pending_India_Regional_Lead_Review</name>
        <rejectBehavior>
            <type>RejectRequest</type>
        </rejectBehavior>
        <rejectionActions>
            <action>
                <name>If_SPM_or_Regional_Lead_had_rejected</name>
                <type>FieldUpdate</type>
            </action>
        </rejectionActions>
    </approvalStep>
    <approvalStep>
        <allowDelegate>true</allowDelegate>
        <approvalActions>
            <action>
                <name>When_Regional_Lead_has_approved_Step_2</name>
                <type>FieldUpdate</type>
            </action>
        </approvalActions>
        <assignedApprover>
            <approver>
                <name>pvivek@meta.com</name>
                <type>user</type>
            </approver>
            <whenMultipleApprovers>FirstResponse</whenMultipleApprovers>
        </assignedApprover>
        <description>T154316077</description>
        <entryCriteria>
            <criteriaItems>
                <field>Partner_Incentive__c.Status__c</field>
                <operation>equals</operation>
                <value>Pending Regional Lead Review</value>
            </criteriaItems>
            <criteriaItems>
                <field>Partner_Incentive__c.Region__c</field>
                <operation>equals</operation>
                <value>NA</value>
            </criteriaItems>
        </entryCriteria>
        <ifCriteriaNotMet>GotoNextStep</ifCriteriaNotMet>
        <label>Pending NA Regional Lead Review</label>
        <name>Pending_NA_Regional_Lead_Review</name>
        <rejectBehavior>
            <type>RejectRequest</type>
        </rejectBehavior>
        <rejectionActions>
            <action>
                <name>If_SPM_or_Regional_Lead_had_rejected</name>
                <type>FieldUpdate</type>
            </action>
        </rejectionActions>
    </approvalStep>
    <approvalStep>
        <allowDelegate>true</allowDelegate>
        <approvalActions>
            <action>
                <name>When_Regional_Lead_has_approved_Step_2</name>
                <type>FieldUpdate</type>
            </action>
        </approvalActions>
        <assignedApprover>
            <approver>
                <name>tlaster@meta.com</name>
                <type>user</type>
            </approver>
            <whenMultipleApprovers>FirstResponse</whenMultipleApprovers>
        </assignedApprover>
        <entryCriteria>
            <criteriaItems>
                <field>Partner_Incentive__c.Status__c</field>
                <operation>equals</operation>
                <value>Pending Regional Lead Review</value>
            </criteriaItems>
            <criteriaItems>
                <field>Partner_Incentive__c.Region__c</field>
                <operation>equals</operation>
                <value>EMEA</value>
            </criteriaItems>
        </entryCriteria>
        <ifCriteriaNotMet>GotoNextStep</ifCriteriaNotMet>
        <label>Pending EMEA Regional Lead Review</label>
        <name>Pending_EMEA_Regional_Lead_Review</name>
        <rejectBehavior>
            <type>RejectRequest</type>
        </rejectBehavior>
        <rejectionActions>
            <action>
                <name>If_SPM_or_Regional_Lead_had_rejected</name>
                <type>FieldUpdate</type>
            </action>
        </rejectionActions>
    </approvalStep>
    <approvalStep>
        <allowDelegate>true</allowDelegate>
        <approvalActions>
            <action>
                <name>When_Regional_Lead_has_approved_Step_2</name>
                <type>FieldUpdate</type>
            </action>
        </approvalActions>
        <assignedApprover>
            <approver>
                <name>marcoso@meta.com</name>
                <type>user</type>
            </approver>
            <whenMultipleApprovers>FirstResponse</whenMultipleApprovers>
        </assignedApprover>
        <entryCriteria>
            <criteriaItems>
                <field>Partner_Incentive__c.Status__c</field>
                <operation>equals</operation>
                <value>Pending Regional Lead Review</value>
            </criteriaItems>
            <criteriaItems>
                <field>Partner_Incentive__c.Region__c</field>
                <operation>equals</operation>
                <value>LATAM</value>
            </criteriaItems>
        </entryCriteria>
        <ifCriteriaNotMet>GotoNextStep</ifCriteriaNotMet>
        <label>Pending LATAM Regional Lead Review</label>
        <name>Pending_LATAM_Regional_Lead_Review</name>
        <rejectBehavior>
            <type>RejectRequest</type>
        </rejectBehavior>
        <rejectionActions>
            <action>
                <name>If_SPM_or_Regional_Lead_had_rejected</name>
                <type>FieldUpdate</type>
            </action>
        </rejectionActions>
    </approvalStep>
    <approvalStep>
        <allowDelegate>true</allowDelegate>
        <approvalActions>
            <action>
                <name>When_Regional_Lead_has_approved_Step_2</name>
                <type>FieldUpdate</type>
            </action>
        </approvalActions>
        <assignedApprover>
            <approver>
                <name>bhambhus@meta.com</name>
                <type>user</type>
            </approver>
            <whenMultipleApprovers>FirstResponse</whenMultipleApprovers>
        </assignedApprover>
        <entryCriteria>
            <criteriaItems>
                <field>Partner_Incentive__c.Status__c</field>
                <operation>equals</operation>
                <value>Pending Regional Lead Review</value>
            </criteriaItems>
            <criteriaItems>
                <field>Partner_Incentive__c.Region__c</field>
                <operation>equals</operation>
                <value>GLOBAL</value>
            </criteriaItems>
        </entryCriteria>
        <ifCriteriaNotMet>GotoNextStep</ifCriteriaNotMet>
        <label>Pending GLOBAL Regional Lead Review</label>
        <name>Pending_GLOBAL_Regional_Lead_Review</name>
        <rejectBehavior>
            <type>RejectRequest</type>
        </rejectBehavior>
    </approvalStep>
    <approvalStep>
        <allowDelegate>true</allowDelegate>
        <approvalActions>
            <action>
                <name>Deal_Desk_Support_Request</name>
                <type>FieldUpdate</type>
            </action>
        </approvalActions>
        <assignedApprover>
            <approver>
                <name>mscharmack@meta.com</name>
                <type>user</type>
            </approver>
            <approver>
                <name>travisjourdan@meta.com</name>
                <type>user</type>
            </approver>
            <whenMultipleApprovers>FirstResponse</whenMultipleApprovers>
        </assignedApprover>
        <entryCriteria>
            <booleanFilter>1 OR 2</booleanFilter>
            <criteriaItems>
                <field>Partner_Incentive__c.Status__c</field>
                <operation>equals</operation>
                <value>Pending Deal Desk Review</value>
            </criteriaItems>
            <criteriaItems>
                <field>Partner_Incentive__c.Status__c</field>
                <operation>equals</operation>
                <value>Rejected - Deal Desk</value>
            </criteriaItems>
        </entryCriteria>
        <label>Pending Deal Desk Review</label>
        <name>Pending_Deal_Desk_Review</name>
        <rejectBehavior>
            <type>RejectRequest</type>
        </rejectBehavior>
        <rejectionActions>
            <action>
                <name>If_deal_desk_rejects_Sow_Business_Case</name>
                <type>FieldUpdate</type>
            </action>
        </rejectionActions>
    </approvalStep>
    <description>The Approval process name is used in Custom Label and referred in code. So when approval process name is updated, it has to be updated in custom label as well.

Custom Label - BMG_PRM_PI_Approval_Process_Name
T195576670 - Updated Deal Desk Approver</description>
    <emailTemplate>WABA_Email_Templates/Send_email_to_SPM_Regional_Manager_for_Approval</emailTemplate>
    <enableMobileDeviceAccess>false</enableMobileDeviceAccess>
    <entryCriteria>
        <booleanFilter>1 AND 2 AND 3 AND 4 OR 5 OR 6</booleanFilter>
        <criteriaItems>
            <field>User.Profile</field>
            <operation>equals</operation>
            <value>BMG Partner</value>
        </criteriaItems>
        <criteriaItems>
            <field>Partner_Incentive__c.RecordType</field>
            <operation>equals</operation>
            <value>Hipo</value>
        </criteriaItems>
        <criteriaItems>
            <field>Partner_Incentive__c.SOW_Attachment__c</field>
            <operation>notEqual</operation>
        </criteriaItems>
        <criteriaItems>
            <field>Partner_Incentive__c.Business_Usecase_Attachment__c</field>
            <operation>notEqual</operation>
        </criteriaItems>
        <criteriaItems>
            <field>User.Profile</field>
            <operation>startsWith</operation>
            <value>System Administrator</value>
        </criteriaItems>
        <criteriaItems>
            <field>User.Profile</field>
            <operation>equals</operation>
            <value>BMG Sales</value>
        </criteriaItems>
    </entryCriteria>
    <finalApprovalRecordLock>false</finalApprovalRecordLock>
    <finalRejectionRecordLock>false</finalRejectionRecordLock>
    <label>Hipo - SOW and Business Process Approval</label>
    <processOrder>2</processOrder>
    <recallActions>
        <action>
            <name>PI_HiPo_SOW_Recalled</name>
            <type>FieldUpdate</type>
        </action>
    </recallActions>
    <recordEditability>AdminOnly</recordEditability>
    <showApprovalHistory>true</showApprovalHistory>
</ApprovalProcess>
