<?xml version="1.0" encoding="UTF-8"?>
<ApprovalProcess xmlns="http://soap.sforce.com/2006/04/metadata">
    <active>true</active>
    <allowRecall>false</allowRecall>
    <allowedSubmitters>
        <type>owner</type>
    </allowedSubmitters>
    <approvalPageFields>
        <field>Name</field>
        <field>Owner</field>
    </approvalPageFields>
    <approvalStep>
        <allowDelegate>false</allowDelegate>
        <assignedApprover>
            <approver>
                <name>dajrawat@meta.com</name>
                <type>user</type>
            </approver>
            <approver>
                <name>michellewinter@meta.com</name>
                <type>user</type>
            </approver>
            <whenMultipleApprovers>FirstResponse</whenMultipleApprovers>
        </assignedApprover>
        <label>WP Partner Fund Claim</label>
        <name>WP_Partner_Fund_Claim</name>
    </approvalStep>
    <description>T68905233 - WP Partner Fund Claim , T102128480Updated approvers</description>
    <enableMobileDeviceAccess>false</enableMobileDeviceAccess>
    <entryCriteria>
        <criteriaItems>
            <field>PartnerFundClaim.Status</field>
            <operation>equals</operation>
            <value>Draft</value>
        </criteriaItems>
        <criteriaItems>
            <field>PartnerFundClaim.RecordType</field>
            <operation>equals</operation>
            <value>FB@Work</value>
        </criteriaItems>
    </entryCriteria>
    <finalApprovalActions>
        <action>
            <name>PFC_Approved</name>
            <type>FieldUpdate</type>
        </action>
        <action>
            <name>PFC_Is_approved</name>
            <type>Alert</type>
        </action>
    </finalApprovalActions>
    <finalApprovalRecordLock>true</finalApprovalRecordLock>
    <finalRejectionActions>
        <action>
            <name>PFC_is_rejected</name>
            <type>Alert</type>
        </action>
        <action>
            <name>PFC_Rejected</name>
            <type>FieldUpdate</type>
        </action>
    </finalRejectionActions>
    <finalRejectionRecordLock>false</finalRejectionRecordLock>
    <initialSubmissionActions>
        <action>
            <name>Fund_Claim_notification</name>
            <type>Alert</type>
        </action>
    </initialSubmissionActions>
    <label>WP Partner Fund Claim</label>
    <processOrder>1</processOrder>
    <recordEditability>AdminOnly</recordEditability>
    <showApprovalHistory>false</showApprovalHistory>
</ApprovalProcess>
