<?xml version="1.0" encoding="UTF-8"?>
<ApprovalProcess xmlns="http://soap.sforce.com/2006/04/metadata">
    <active>false</active>
    <allowRecall>true</allowRecall>
    <allowedSubmitters>
        <type>owner</type>
    </allowedSubmitters>
    <allowedSubmitters>
        <submitter>agnesles@meta.com</submitter>
        <type>user</type>
    </allowedSubmitters>
    <allowedSubmitters>
        <submitter>faustinafan@fb.com</submitter>
        <type>user</type>
    </allowedSubmitters>
    <allowedSubmitters>
        <submitter>sgundluru@meta.com</submitter>
        <type>user</type>
    </allowedSubmitters>
    <approvalPageFields>
        <field>Name</field>
        <field>RequestedAmount</field>
        <field>Owner</field>
        <field>Allocation</field>
        <field>Budget</field>
        <field>Channel_Partner_ARVR_Account_Name__c</field>
        <field>Marketing_Activities_L2__c</field>
        <field>Marketing_Activities_L3__c</field>
        <field>Product__c</field>
        <field>Product_Family__c</field>
        <field>Start_Date__c</field>
        <field>End_Date__c</field>
        <field>CurrencyIsoCode</field>
        <field>Description</field>
    </approvalPageFields>
    <approvalStep>
        <allowDelegate>false</allowDelegate>
        <assignedApprover>
            <approver>
                <type>userHierarchyField</type>
            </approver>
        </assignedApprover>
        <description>all requests go through manager approval.</description>
        <label>Manager Approval</label>
        <name>Manager_Approval</name>
    </approvalStep>
    <approvalStep>
        <allowDelegate>true</allowDelegate>
        <assignedApprover>
            <approver>
                <name>faustinafan@fb.com</name>
                <type>user</type>
            </approver>
            <whenMultipleApprovers>FirstResponse</whenMultipleApprovers>
        </assignedApprover>
        <description>Requested amount greater than or equal to 100K</description>
        <entryCriteria>
            <criteriaItems>
                <field>PartnerFundRequest.RequestedAmount</field>
                <operation>greaterOrEqual</operation>
                <value>&quot;USD 100,000&quot;</value>
            </criteriaItems>
        </entryCriteria>
        <ifCriteriaNotMet>ApproveRecord</ifCriteriaNotMet>
        <label>GTE 100K Director Approval</label>
        <name>GTE_100K_Director_Approval</name>
        <rejectBehavior>
            <type>RejectRequest</type>
        </rejectBehavior>
    </approvalStep>
    <approvalStep>
        <allowDelegate>false</allowDelegate>
        <assignedApprover>
            <approver>
                <name>agnesles@meta.com</name>
                <type>user</type>
            </approver>
            <whenMultipleApprovers>FirstResponse</whenMultipleApprovers>
        </assignedApprover>
        <description>Requested amount greater than or equal 5M</description>
        <entryCriteria>
            <criteriaItems>
                <field>PartnerFundRequest.RequestedAmount</field>
                <operation>greaterOrEqual</operation>
                <value>&quot;USD 5,000,000&quot;</value>
            </criteriaItems>
        </entryCriteria>
        <ifCriteriaNotMet>ApproveRecord</ifCriteriaNotMet>
        <label>GTE 5M VP Approval</label>
        <name>GTE_5M_VP_Approval</name>
        <rejectBehavior>
            <type>RejectRequest</type>
        </rejectBehavior>
    </approvalStep>
    <approvalStep>
        <allowDelegate>true</allowDelegate>
        <assignedApprover>
            <approver>
                <name>ARVR_PartnerFundRequestFinance_Approvers</name>
                <type>queue</type>
            </approver>
            <whenMultipleApprovers>FirstResponse</whenMultipleApprovers>
        </assignedApprover>
        <description>All requests must go through this level of finance approval.</description>
        <label>Finance Approval - All</label>
        <name>Finance_Approval_All</name>
        <rejectBehavior>
            <type>RejectRequest</type>
        </rejectBehavior>
    </approvalStep>
    <approvalStep>
        <allowDelegate>false</allowDelegate>
        <assignedApprover>
            <approver>
                <name>sgundluru@meta.com</name>
                <type>user</type>
            </approver>
            <whenMultipleApprovers>FirstResponse</whenMultipleApprovers>
        </assignedApprover>
        <description>Finance approval for any request equal or over 5 million.</description>
        <entryCriteria>
            <criteriaItems>
                <field>PartnerFundRequest.RequestedAmount</field>
                <operation>greaterOrEqual</operation>
                <value>&quot;USD 5,000,000&quot;</value>
            </criteriaItems>
        </entryCriteria>
        <label>GTE 5M Finance Approval</label>
        <name>GTE_5M_Finance_Approval</name>
        <rejectBehavior>
            <type>RejectRequest</type>
        </rejectBehavior>
    </approvalStep>
    <description>T68245105 - ARVR Retail Partner Fund Requests tiered approval process.</description>
    <emailTemplate>ARVR_Retail_CoMarketing_Email_Templates/ARVR_Funding_Request_Approval_4</emailTemplate>
    <enableMobileDeviceAccess>false</enableMobileDeviceAccess>
    <entryCriteria>
        <criteriaItems>
            <field>PartnerFundRequest.RecordType</field>
            <operation>equals</operation>
            <value>ARVR Retail</value>
        </criteriaItems>
        <criteriaItems>
            <field>PartnerFundRequest.Status</field>
            <operation>equals</operation>
            <value>Draft,Rejected</value>
        </criteriaItems>
    </entryCriteria>
    <finalApprovalRecordLock>false</finalApprovalRecordLock>
    <finalRejectionActions>
        <action>
            <name>Update_Status_Rejected</name>
            <type>FieldUpdate</type>
        </action>
    </finalRejectionActions>
    <finalRejectionRecordLock>false</finalRejectionRecordLock>
    <initialSubmissionActions>
        <action>
            <name>Update_Amount_to_Requested_Amount</name>
            <type>FieldUpdate</type>
        </action>
        <action>
            <name>Update_Status_Submitted</name>
            <type>FieldUpdate</type>
        </action>
    </initialSubmissionActions>
    <label>ARVR Retail Partner Fund Request Tiered1</label>
    <nextAutomatedApprover>
        <useApproverFieldOfRecordOwner>false</useApproverFieldOfRecordOwner>
        <userHierarchyField>Manager</userHierarchyField>
    </nextAutomatedApprover>
    <processOrder>2</processOrder>
    <recallActions>
        <action>
            <name>Update_Request_Status_to_Draft</name>
            <type>FieldUpdate</type>
        </action>
    </recallActions>
    <recordEditability>AdminOnly</recordEditability>
    <showApprovalHistory>true</showApprovalHistory>
</ApprovalProcess>
