<?xml version="1.0" encoding="UTF-8"?>
<ApprovalProcess xmlns="http://soap.sforce.com/2006/04/metadata">
    <active>false</active>
    <allowRecall>true</allowRecall>
    <allowedSubmitters>
        <submitter>ARVR_Group_Retail_Approval_Submitters</submitter>
        <type>group</type>
    </allowedSubmitters>
    <allowedSubmitters>
        <type>owner</type>
    </allowedSubmitters>
    <allowedSubmitters>
        <submitter>agnesles@meta.com</submitter>
        <type>user</type>
    </allowedSubmitters>
    <allowedSubmitters>
        <submitter>faustinafan@fb.com</submitter>
        <type>user</type>
    </allowedSubmitters>
    <allowedSubmitters>
        <submitter>sgundluru@meta.com</submitter>
        <type>user</type>
    </allowedSubmitters>
    <approvalPageFields>
        <field>Channel_Partner_ARVR_Account_Name__c</field>
        <field>Name</field>
        <field>Start_Date__c</field>
        <field>Campaign__c</field>
        <field>End_Date__c</field>
        <field>Misc_Other_Campaign_details__c</field>
        <field>Marketing_Activities_L2__c</field>
        <field>Product__c</field>
        <field>Marketing_Activities_L3__c</field>
        <field>Description</field>
        <field>Allocation</field>
        <field>Owner</field>
        <field>Total_PF_Allocation_Amount__c</field>
        <field>RequestedAmount</field>
        <field>Total_PF_Requests_Approved_Amount__c</field>
        <field>Requested_Amount_Local_Currency__c</field>
        <field>Requested_Currency__c</field>
    </approvalPageFields>
    <approvalStep>
        <allowDelegate>false</allowDelegate>
        <assignedApprover>
            <approver>
                <type>userHierarchyField</type>
            </approver>
        </assignedApprover>
        <description>all requests go through manager approval.</description>
        <label>Manager Approval</label>
        <name>Manager_Approval</name>
    </approvalStep>
    <approvalStep>
        <allowDelegate>true</allowDelegate>
        <assignedApprover>
            <approver>
                <name>cwitt@meta.com</name>
                <type>user</type>
            </approver>
            <whenMultipleApprovers>FirstResponse</whenMultipleApprovers>
        </assignedApprover>
        <description>Sales Director Approval - Requested amount 100K-5M</description>
        <entryCriteria>
            <criteriaItems>
                <field>PartnerFundRequest.RequestedAmount</field>
                <operation>greaterOrEqual</operation>
                <value>&quot;USD 100,000&quot;</value>
            </criteriaItems>
            <criteriaItems>
                <field>PartnerFundRequest.Status</field>
                <operation>equals</operation>
                <value>Submitted</value>
            </criteriaItems>
        </entryCriteria>
        <ifCriteriaNotMet>GotoNextStep</ifCriteriaNotMet>
        <label>100K-5M Director Approval</label>
        <name>X100K_5M_Director_Approval</name>
        <rejectBehavior>
            <type>RejectRequest</type>
        </rejectBehavior>
    </approvalStep>
    <approvalStep>
        <allowDelegate>true</allowDelegate>
        <assignedApprover>
            <approver>
                <name>colans@meta.com</name>
                <type>user</type>
            </approver>
            <whenMultipleApprovers>FirstResponse</whenMultipleApprovers>
        </assignedApprover>
        <description>Requested amount greater than 5M</description>
        <entryCriteria>
            <criteriaItems>
                <field>PartnerFundRequest.RequestedAmount</field>
                <operation>greaterThan</operation>
                <value>&quot;USD 5,000,000&quot;</value>
            </criteriaItems>
            <criteriaItems>
                <field>PartnerFundRequest.Status</field>
                <operation>equals</operation>
                <value>Submitted</value>
            </criteriaItems>
        </entryCriteria>
        <ifCriteriaNotMet>GotoNextStep</ifCriteriaNotMet>
        <label>Greater than 5M Sales VP Approval</label>
        <name>Greater_than_5M_Sales_VP_Approval</name>
        <rejectBehavior>
            <type>RejectRequest</type>
        </rejectBehavior>
    </approvalStep>
    <approvalStep>
        <allowDelegate>true</allowDelegate>
        <assignedApprover>
            <approver>
                <name>joshchiu@meta.com</name>
                <type>user</type>
            </approver>
            <approver>
                <name>vickiwang@fb.com</name>
                <type>user</type>
            </approver>
            <whenMultipleApprovers>FirstResponse</whenMultipleApprovers>
        </assignedApprover>
        <description>All requests must go through this level of finance approval.</description>
        <label>Finance Approval - All</label>
        <name>Finance_Approval_All</name>
        <rejectBehavior>
            <type>RejectRequest</type>
        </rejectBehavior>
    </approvalStep>
    <approvalStep>
        <allowDelegate>true</allowDelegate>
        <assignedApprover>
            <approver>
                <name>jtrogler@meta.com</name>
                <type>user</type>
            </approver>
            <whenMultipleApprovers>FirstResponse</whenMultipleApprovers>
        </assignedApprover>
        <description>Finance director approval for any request over 5 million.</description>
        <entryCriteria>
            <criteriaItems>
                <field>PartnerFundRequest.RequestedAmount</field>
                <operation>greaterOrEqual</operation>
                <value>&quot;USD 5,000,000&quot;</value>
            </criteriaItems>
            <criteriaItems>
                <field>PartnerFundRequest.Status</field>
                <operation>equals</operation>
                <value>Submitted</value>
            </criteriaItems>
        </entryCriteria>
        <label>Greater than 5M Finance Director Approval</label>
        <name>Greater_than_5M_Finance_Director_Approval</name>
        <rejectBehavior>
            <type>RejectRequest</type>
        </rejectBehavior>
    </approvalStep>
    <description>T68245105 - ARVR Retail Partner Fund Requests tiered approval process. - NEW PROCESS</description>
    <emailTemplate>ARVR_Retail_CoMarketing_Email_Templates/ARVR_Funding_Request_Approval_4</emailTemplate>
    <enableMobileDeviceAccess>false</enableMobileDeviceAccess>
    <entryCriteria>
        <criteriaItems>
            <field>PartnerFundRequest.RecordType</field>
            <operation>equals</operation>
            <value>ARVR Retail</value>
        </criteriaItems>
        <criteriaItems>
            <field>PartnerFundRequest.Request_Status__c</field>
            <operation>equals</operation>
            <value>Submit For Approval</value>
        </criteriaItems>
    </entryCriteria>
    <finalApprovalActions>
        <action>
            <name>ARVR_Partner_Fund_Request_Approved_Notification</name>
            <type>Alert</type>
        </action>
        <action>
            <name>Reset_Request_Status_to_Draft</name>
            <type>FieldUpdate</type>
        </action>
        <action>
            <name>Update_Amount_to_Requested_Amount</name>
            <type>FieldUpdate</type>
        </action>
        <action>
            <name>Update_Status_Approved</name>
            <type>FieldUpdate</type>
        </action>
    </finalApprovalActions>
    <finalApprovalRecordLock>false</finalApprovalRecordLock>
    <finalRejectionActions>
        <action>
            <name>ARVR_Partner_Fund_Request_Rejected_Notification</name>
            <type>Alert</type>
        </action>
        <action>
            <name>Reset_Request_Status_to_Draft</name>
            <type>FieldUpdate</type>
        </action>
        <action>
            <name>Update_Status_Rejected</name>
            <type>FieldUpdate</type>
        </action>
    </finalRejectionActions>
    <finalRejectionRecordLock>false</finalRejectionRecordLock>
    <initialSubmissionActions>
        <action>
            <name>Update_Status_Submitted</name>
            <type>FieldUpdate</type>
        </action>
    </initialSubmissionActions>
    <label>ARVR Retail Partner Fund Requests Tiered</label>
    <nextAutomatedApprover>
        <useApproverFieldOfRecordOwner>false</useApproverFieldOfRecordOwner>
        <userHierarchyField>Manager</userHierarchyField>
    </nextAutomatedApprover>
    <processOrder>2</processOrder>
    <recallActions>
        <action>
            <name>Update_Custom_Request_Status_to_Draft</name>
            <type>FieldUpdate</type>
        </action>
        <action>
            <name>Update_Request_Status_to_Draft</name>
            <type>FieldUpdate</type>
        </action>
    </recallActions>
    <recordEditability>AdminOnly</recordEditability>
    <showApprovalHistory>true</showApprovalHistory>
</ApprovalProcess>
