<?xml version="1.0" encoding="UTF-8"?>
<ApprovalProcess xmlns="http://soap.sforce.com/2006/04/metadata">
    <active>false</active>
    <allowRecall>false</allowRecall>
    <allowedSubmitters>
        <type>owner</type>
    </allowedSubmitters>
    <approvalPageFields>
        <field>Name</field>
        <field>Owner</field>
    </approvalPageFields>
    <approvalStep>
        <allowDelegate>false</allowDelegate>
        <approvalActions>
            <action>
                <name>PEP_Register_Approved</name>
                <type>FieldUpdate</type>
            </action>
        </approvalActions>
        <assignedApprover>
            <approver>
                <name>siobhain@fb.com</name>
                <type>user</type>
            </approver>
            <approver>
                <name>susanpw@meta.com</name>
                <type>user</type>
            </approver>
            <whenMultipleApprovers>FirstResponse</whenMultipleApprovers>
        </assignedApprover>
        <label>Approved Status</label>
        <name>Approved_Status</name>
    </approvalStep>
    <enableMobileDeviceAccess>false</enableMobileDeviceAccess>
    <entryCriteria>
        <formula>PEP_Individual_Name__c &lt;&gt; NULL 
&amp;&amp; NOT ISBLANK(TEXT( Country__c ))
&amp;&amp; NOT ISBLANK(TEXT( IDV_Overall_Status__c ))

&amp;&amp;  NOT ISBLANK(TEXT(PEP_Risk_Level__c))
&amp;&amp;  Source_of_Funds_Review__c &lt;&gt; NULL
&amp;&amp;  Source_of_Wealth_Review__c &lt;&gt; NULL
&amp;&amp;  DD_Analyst__c &lt;&gt; NULL
&amp;&amp;  DD_Initial_Review_Date__c &lt;&gt; NULL
&amp;&amp;  DD_Last_Review_Date__c &lt;&gt; NULL
&amp;&amp;  Review_and_Summary__c &lt;&gt; NULL
&amp;&amp;  NOT ISBLANK(TEXT(Overall_Review_Outcome_Status__c)) &lt;&gt; NULL</formula>
    </entryCriteria>
    <finalApprovalActions>
        <action>
            <name>Update_PEP_Approval_Status</name>
            <type>FieldUpdate</type>
        </action>
    </finalApprovalActions>
    <finalApprovalRecordLock>true</finalApprovalRecordLock>
    <finalRejectionActions>
        <action>
            <name>PEP_Register_Not_Approved</name>
            <type>FieldUpdate</type>
        </action>
    </finalRejectionActions>
    <finalRejectionRecordLock>false</finalRejectionRecordLock>
    <label>Pep Register Approvals</label>
    <processOrder>1</processOrder>
    <recordEditability>AdminOrCurrentApprover</recordEditability>
    <showApprovalHistory>true</showApprovalHistory>
</ApprovalProcess>
