<?xml version="1.0" encoding="UTF-8"?>
<ApprovalProcess xmlns="http://soap.sforce.com/2006/04/metadata">
    <active>true</active>
    <allowRecall>false</allowRecall>
    <allowedSubmitters>
        <submitter>PEP_Registers_Users</submitter>
        <type>group</type>
    </allowedSubmitters>
    <allowedSubmitters>
        <type>owner</type>
    </allowedSubmitters>
    <approvalPageFields>
        <field>Name</field>
        <field>Owner</field>
    </approvalPageFields>
    <approvalStep>
        <allowDelegate>false</allowDelegate>
        <approvalActions>
            <action>
                <name>PEP_Register_Approved</name>
                <type>FieldUpdate</type>
            </action>
            <action>
                <name>Stamp_PEP_Approval_Date_Time</name>
                <type>FieldUpdate</type>
            </action>
        </approvalActions>
        <assignedApprover>
            <approver>
                <name>jkmason@meta.com</name>
                <type>user</type>
            </approver>
            <approver>
                <name>siobhain@fb.com</name>
                <type>user</type>
            </approver>
            <approver>
                <name>susanpw@meta.com</name>
                <type>user</type>
            </approver>
            <whenMultipleApprovers>FirstResponse</whenMultipleApprovers>
        </assignedApprover>
        <label>Approved Status</label>
        <name>Approved_Status</name>
    </approvalStep>
    <description>T48065593 - allow users in public group to submit for approvals, made object private, unlock the record for editing even after approval per request on task.</description>
    <enableMobileDeviceAccess>false</enableMobileDeviceAccess>
    <entryCriteria>
        <formula>NOT(ISBLANK(PEP_Individual_Name__c))
&amp;&amp; NOT ISBLANK(TEXT( Country__c ))
&amp;&amp; NOT ISBLANK(TEXT( IDV_Overall_Status__c ))

&amp;&amp;  NOT ISBLANK(TEXT(PEP_Risk_Level__c))
&amp;&amp;  NOT(ISBLANK(Source_of_Funds_Review__c))
&amp;&amp;  NOT(ISBLANK(Source_of_Wealth_Review__c))
&amp;&amp;  NOT(ISBLANK(DD_Analyst__c))
&amp;&amp;  NOT(ISBLANK(DD_Initial_Review_Date__c))
&amp;&amp;  NOT(ISBLANK(DD_Last_Review_Date__c))
&amp;&amp;  NOT(ISBLANK(Review_and_Summary__c))
&amp;&amp;  NOT ISBLANK(TEXT(Overall_Review_Outcome_Status__c))</formula>
    </entryCriteria>
    <finalApprovalActions>
        <action>
            <name>Update_PEP_Approval_Status</name>
            <type>FieldUpdate</type>
        </action>
    </finalApprovalActions>
    <finalApprovalRecordLock>false</finalApprovalRecordLock>
    <finalRejectionActions>
        <action>
            <name>PEP_Register_Not_Approved</name>
            <type>FieldUpdate</type>
        </action>
    </finalRejectionActions>
    <finalRejectionRecordLock>false</finalRejectionRecordLock>
    <label>Pep Register Approvals v1</label>
    <processOrder>1</processOrder>
    <recordEditability>AdminOrCurrentApprover</recordEditability>
    <showApprovalHistory>true</showApprovalHistory>
</ApprovalProcess>
