<?xml version="1.0" encoding="UTF-8"?>
<ApprovalProcess xmlns="http://soap.sforce.com/2006/04/metadata">
    <active>true</active>
    <allowRecall>true</allowRecall>
    <allowedSubmitters>
        <type>owner</type>
    </allowedSubmitters>
    <approvalPageFields>
        <field>Name</field>
        <field>Owner</field>
    </approvalPageFields>
    <approvalStep>
        <allowDelegate>false</allowDelegate>
        <approvalActions>
            <action>
                <name>BMG_Claim_Request_to_2nd_approver</name>
                <type>Alert</type>
            </action>
            <action>
                <name>Level_1_Approved</name>
                <type>FieldUpdate</type>
            </action>
        </approvalActions>
        <assignedApprover>
            <approver>
                <name>jbhatia@meta.com</name>
                <type>user</type>
            </approver>
            <approver>
                <name>noecebreros@meta.com</name>
                <type>user</type>
            </approver>
            <approver>
                <name>sayanipaul@meta.com</name>
                <type>user</type>
            </approver>
            <approver>
                <name>siddroy@meta.com</name>
                <type>user</type>
            </approver>
            <whenMultipleApprovers>FirstResponse</whenMultipleApprovers>
        </assignedApprover>
        <entryCriteria>
            <criteriaItems>
                <field>Product_Development_Fund_Claim__c.Status__c</field>
                <operation>equals</operation>
                <value>Submitted</value>
            </criteriaItems>
        </entryCriteria>
        <ifCriteriaNotMet>GotoNextStep</ifCriteriaNotMet>
        <label>Level 1</label>
        <name>Level_1</name>
        <rejectionActions>
            <action>
                <name>level_1_Rejected</name>
                <type>FieldUpdate</type>
            </action>
        </rejectionActions>
    </approvalStep>
    <approvalStep>
        <allowDelegate>false</allowDelegate>
        <assignedApprover>
            <approver>
                <name>emmalam@meta.com</name>
                <type>user</type>
            </approver>
            <approver>
                <name>mscharmack@meta.com</name>
                <type>user</type>
            </approver>
            <approver>
                <name>travisjourdan@meta.com</name>
                <type>user</type>
            </approver>
            <whenMultipleApprovers>FirstResponse</whenMultipleApprovers>
        </assignedApprover>
        <entryCriteria>
            <criteriaItems>
                <field>Product_Development_Fund_Claim__c.Status__c</field>
                <operation>equals</operation>
                <value>Level 1 Approved</value>
            </criteriaItems>
        </entryCriteria>
        <label>Level 2</label>
        <name>Level_2</name>
        <rejectBehavior>
            <type>RejectRequest</type>
        </rejectBehavior>
    </approvalStep>
    <description>T227120906-Added L2 Approver,Emma Lam</description>
    <emailTemplate>unfiled$public/BMG_Claim_request</emailTemplate>
    <enableMobileDeviceAccess>false</enableMobileDeviceAccess>
    <finalApprovalActions>
        <action>
            <name>Send_Email_Alert_to_Partner_User_and_SPM</name>
            <type>Alert</type>
        </action>
        <action>
            <name>Status_Approved</name>
            <type>FieldUpdate</type>
        </action>
    </finalApprovalActions>
    <finalApprovalRecordLock>false</finalApprovalRecordLock>
    <finalRejectionActions>
        <action>
            <name>Send_Email_Alert_to_Partner_Rejectiomn</name>
            <type>Alert</type>
        </action>
        <action>
            <name>Status_Rejected</name>
            <type>FieldUpdate</type>
        </action>
    </finalRejectionActions>
    <finalRejectionRecordLock>false</finalRejectionRecordLock>
    <initialSubmissionActions>
        <action>
            <name>Claim_Submitted</name>
            <type>Alert</type>
        </action>
        <action>
            <name>Send_Email_to_Approver</name>
            <type>Alert</type>
        </action>
        <action>
            <name>Status_Submitted</name>
            <type>FieldUpdate</type>
        </action>
    </initialSubmissionActions>
    <label>Fund Request Claim</label>
    <processOrder>1</processOrder>
    <recordEditability>AdminOnly</recordEditability>
    <showApprovalHistory>true</showApprovalHistory>
</ApprovalProcess>
