<?xml version="1.0" encoding="UTF-8"?>
<ApprovalProcess xmlns="http://soap.sforce.com/2006/04/metadata">
    <active>true</active>
    <allowRecall>true</allowRecall>
    <allowedSubmitters>
        <type>owner</type>
    </allowedSubmitters>
    <allowedSubmitters>
        <submitter>agnesles@meta.com</submitter>
        <type>user</type>
    </allowedSubmitters>
    <allowedSubmitters>
        <submitter>chitrarajag@meta.com</submitter>
        <type>user</type>
    </allowedSubmitters>
    <allowedSubmitters>
        <submitter>gmalapaka@meta.com</submitter>
        <type>user</type>
    </allowedSubmitters>
    <allowedSubmitters>
        <submitter>nimmagaddarahul@meta.com</submitter>
        <type>user</type>
    </allowedSubmitters>
    <allowedSubmitters>
        <submitter>ramyagh@meta.com</submitter>
        <type>user</type>
    </allowedSubmitters>
    <allowedSubmitters>
        <submitter>sgundluru@meta.com</submitter>
        <type>user</type>
    </allowedSubmitters>
    <allowedSubmitters>
        <submitter>tciaravino@meta.com</submitter>
        <type>user</type>
    </allowedSubmitters>
    <approvalPageFields>
        <field>Name</field>
        <field>Campaign__c</field>
        <field>Start_Date__c</field>
        <field>End_Date__c</field>
        <field>Promotion_Estimated_Spend__c</field>
        <field>Plan__c</field>
        <field>Product_Category__c</field>
        <field>Products__c</field>
        <field>Owner</field>
    </approvalPageFields>
    <approvalStep>
        <allowDelegate>false</allowDelegate>
        <assignedApprover>
            <approver>
                <name>rmchang@meta.com</name>
                <type>user</type>
            </approver>
            <whenMultipleApprovers>FirstResponse</whenMultipleApprovers>
        </assignedApprover>
        <description>Zachary Swenson
Rachel Chang</description>
        <label>Finance Approval</label>
        <name>Finance_Approval</name>
    </approvalStep>
    <description>T167867982; T174167537; T176808644; T177118036; T177140133 - allow users to recall; T177152038</description>
    <emailTemplate>TPM_Confirmation_Emails/RLC_TPM_Promotion_Approval_Email</emailTemplate>
    <enableMobileDeviceAccess>false</enableMobileDeviceAccess>
    <entryCriteria>
        <criteriaItems>
            <field>Promotion__c.Level__c</field>
            <operation>equals</operation>
            <value>RLC Distributor</value>
        </criteriaItems>
        <criteriaItems>
            <field>Promotion__c.Status__c</field>
            <operation>equals</operation>
            <value>Pending</value>
        </criteriaItems>
        <criteriaItems>
            <field>Promotion__c.RecordType</field>
            <operation>equals</operation>
            <value>Promotion</value>
        </criteriaItems>
    </entryCriteria>
    <finalApprovalActions>
        <action>
            <name>Comm_Promotion_Approved_Status</name>
            <type>FieldUpdate</type>
        </action>
    </finalApprovalActions>
    <finalApprovalRecordLock>false</finalApprovalRecordLock>
    <finalRejectionActions>
        <action>
            <name>Comm_Promotion_Status_Draft</name>
            <type>FieldUpdate</type>
        </action>
    </finalRejectionActions>
    <finalRejectionRecordLock>false</finalRejectionRecordLock>
    <initialSubmissionActions>
        <action>
            <name>Comm_Promotion_Status_to_Submitted</name>
            <type>FieldUpdate</type>
        </action>
    </initialSubmissionActions>
    <label>RL Comm Approval Process</label>
    <processOrder>1</processOrder>
    <recallActions>
        <action>
            <name>Comm_Promotion_Status_Draft</name>
            <type>FieldUpdate</type>
        </action>
    </recallActions>
    <recordEditability>AdminOnly</recordEditability>
    <showApprovalHistory>true</showApprovalHistory>
</ApprovalProcess>
