<?xml version="1.0" encoding="UTF-8"?>
<ApprovalProcess xmlns="http://soap.sforce.com/2006/04/metadata">
    <active>false</active>
    <allowRecall>true</allowRecall>
    <allowedSubmitters>
        <submitter>AllInternalUsers3898313</submitter>
        <type>group</type>
    </allowedSubmitters>
    <allowedSubmitters>
        <type>owner</type>
    </allowedSubmitters>
    <approvalPageFields>
        <field>Owner</field>
        <field>Name</field>
        <field>Candidate__c</field>
        <field>Location__c</field>
        <field>Offer_Base_Salary__c</field>
        <field>Sign_on_Bonus_Amount__c</field>
        <field>Equity_Value__c</field>
        <field>PrimaryRecruiter__c</field>
        <field>Cost_Center__c</field>
    </approvalPageFields>
    <approvalStep>
        <allowDelegate>true</allowDelegate>
        <assignedApprover>
            <approver>
                <name>Approver__c</name>
                <type>relatedUserField</type>
            </approver>
            <whenMultipleApprovers>FirstResponse</whenMultipleApprovers>
        </assignedApprover>
        <label>Recruiting Manager</label>
        <name>Recruiting_Manager</name>
    </approvalStep>
    <approvalStep>
        <allowDelegate>false</allowDelegate>
        <assignedApprover>
            <approver>
                <name>Comp_Approver__c</name>
                <type>relatedUserField</type>
            </approver>
            <whenMultipleApprovers>FirstResponse</whenMultipleApprovers>
        </assignedApprover>
        <entryCriteria>
            <formula>AND(NOT(Submitter_Comp_Tool_GK__c), OR( FB_Max_Salary__c &gt; Salary_Max__c, FB_Max_RSUs__c &gt; Equity_Max__c, FB_Max_SignOnBonus__c &gt; Sign_on_Bonus_Max__c , FB_Max_Equity_Value__c &gt; Equity_Value_Max__c, CONTAINS(Band_Level2__c , &quot;D2&quot;)))</formula>
        </entryCriteria>
        <ifCriteriaNotMet>GotoNextStep</ifCriteriaNotMet>
        <label>Comp Review</label>
        <name>Comp_Review</name>
        <rejectBehavior>
            <type>RejectRequest</type>
        </rejectBehavior>
    </approvalStep>
    <approvalStep>
        <allowDelegate>false</allowDelegate>
        <assignedApprover>
            <approver>
                <name>Comp_Approver__c</name>
                <type>relatedUserField</type>
            </approver>
            <whenMultipleApprovers>FirstResponse</whenMultipleApprovers>
        </assignedApprover>
        <entryCriteria>
            <formula>AND(Submitter_Comp_Tool_GK__c, 
  OR( 
    Offer_Base_Salary__c &gt; FB_Max_Salary__c, 
    FB_Max_RSUs__c &gt; Equity_Max__c, 
    Sign_on_Bonus_Amount__c &gt; FB_Max_SignOnBonus__c, 
    Equity_Value__c &gt; FB_Max_Equity_Value__c, 
    CONTAINS(Band_Level2__c, &quot;D2&quot;),
    ISPICKVAL( mTeam_Approval_Status__c , &quot;Required&quot;),
    ISPICKVAL( mTeam_Approval_Status__c , &quot;Approved&quot;),
    ISPICKVAL( mTeam_Approval_Status__c , &quot;Mgmt Approval Required&quot;)
  )
)</formula>
        </entryCriteria>
        <ifCriteriaNotMet>GotoNextStep</ifCriteriaNotMet>
        <label>Comp Review Offerbot</label>
        <name>Comp_Review_Offerbot</name>
        <rejectBehavior>
            <type>RejectRequest</type>
        </rejectBehavior>
    </approvalStep>
    <approvalStep>
        <allowDelegate>true</allowDelegate>
        <assignedApprover>
            <approver>
                <name>Finance__c</name>
                <type>relatedUserField</type>
            </approver>
            <approver>
                <name>Finance_2__c</name>
                <type>relatedUserField</type>
            </approver>
            <whenMultipleApprovers>FirstResponse</whenMultipleApprovers>
        </assignedApprover>
        <entryCriteria>
            <criteriaItems>
                <field>RCT_Offer__c.Finance_Approval__c</field>
                <operation>equals</operation>
                <value>True</value>
            </criteriaItems>
        </entryCriteria>
        <label>Finance Approver</label>
        <name>Finance_Approver</name>
        <rejectBehavior>
            <type>RejectRequest</type>
        </rejectBehavior>
    </approvalStep>
    <emailTemplate>RCT_Offer_Templates/RCT_Approval_New_Approval_Needed</emailTemplate>
    <enableMobileDeviceAccess>false</enableMobileDeviceAccess>
    <entryCriteria>
        <booleanFilter>1 AND 2 AND 3 AND 4 AND NOT(5)</booleanFilter>
        <criteriaItems>
            <field>RCT_Offer__c.Name</field>
            <operation>equals</operation>
            <value>OFR-092617-57648</value>
        </criteriaItems>
        <criteriaItems>
            <field>RCT_Offer__c.Comp_Approver__c</field>
            <operation>notEqual</operation>
        </criteriaItems>
        <criteriaItems>
            <field>RCT_Offer__c.Recruiting_Manager__c</field>
            <operation>notEqual</operation>
        </criteriaItems>
        <criteriaItems>
            <field>RCT_Offer__c.Band_Name__c</field>
            <operation>notEqual</operation>
            <value>Ask Comp</value>
        </criteriaItems>
        <criteriaItems>
            <field>RCT_Offer__c.Band_Name__c</field>
            <operation>contains</operation>
            <value>SWE</value>
        </criteriaItems>
    </entryCriteria>
    <finalApprovalActions>
        <action>
            <name>RCT_Final_Approval_Status</name>
            <type>FieldUpdate</type>
        </action>
        <action>
            <name>RCT_Offer_Proposal_Approved</name>
            <type>Alert</type>
        </action>
    </finalApprovalActions>
    <finalApprovalRecordLock>false</finalApprovalRecordLock>
    <finalRejectionActions>
        <action>
            <name>RCT_Final_Rejection_Status</name>
            <type>FieldUpdate</type>
        </action>
        <action>
            <name>RCT_Proposal_Denied</name>
            <type>Alert</type>
        </action>
    </finalRejectionActions>
    <finalRejectionRecordLock>false</finalRejectionRecordLock>
    <initialSubmissionActions>
        <action>
            <name>RCT_Approval_Pending_Status</name>
            <type>FieldUpdate</type>
        </action>
        <action>
            <name>RCT_Submitters_email_address</name>
            <type>FieldUpdate</type>
        </action>
    </initialSubmissionActions>
    <label>RCT Offer COMP SPECIAL w/Offerbot</label>
    <nextAutomatedApprover>
        <useApproverFieldOfRecordOwner>false</useApproverFieldOfRecordOwner>
        <userHierarchyField>Manager</userHierarchyField>
    </nextAutomatedApprover>
    <processOrder>6</processOrder>
    <recallActions>
        <action>
            <name>Update_Offer_Status_to_Offer_Draft</name>
            <type>FieldUpdate</type>
        </action>
    </recallActions>
    <recordEditability>AdminOrCurrentApprover</recordEditability>
    <showApprovalHistory>true</showApprovalHistory>
</ApprovalProcess>
