<?xml version="1.0" encoding="UTF-8"?>
<ApprovalProcess xmlns="http://soap.sforce.com/2006/04/metadata">
    <active>true</active>
    <allowRecall>true</allowRecall>
    <allowedSubmitters>
        <submitter>AllInternalUsers3898313</submitter>
        <type>group</type>
    </allowedSubmitters>
    <allowedSubmitters>
        <type>owner</type>
    </allowedSubmitters>
    <approvalPageFields>
        <field>Name</field>
        <field>Owner</field>
        <field>Candidate__c</field>
    </approvalPageFields>
    <approvalStep>
        <allowDelegate>true</allowDelegate>
        <assignedApprover>
            <approver>
                <name>Approver__c</name>
                <type>relatedUserField</type>
            </approver>
            <whenMultipleApprovers>FirstResponse</whenMultipleApprovers>
        </assignedApprover>
        <label>Recruiting Manager</label>
        <name>Recruiting_Manager</name>
    </approvalStep>
    <emailTemplate>RCT_Offer_Templates/RCT_Approval_New_Approval_Needed_Contractor</emailTemplate>
    <enableMobileDeviceAccess>false</enableMobileDeviceAccess>
    <entryCriteria>
        <booleanFilter>(1 OR 2) AND 3</booleanFilter>
        <criteriaItems>
            <field>RCT_Offer__c.Actual_Hourly_Rate__c</field>
            <operation>greaterThan</operation>
            <value>USD 0</value>
        </criteriaItems>
        <criteriaItems>
            <field>RCT_Offer__c.Monthly_Contract_Rate__c</field>
            <operation>greaterThan</operation>
            <value>USD 0</value>
        </criteriaItems>
        <criteriaItems>
            <field>RCT_Offer__c.Hire_Type__c</field>
            <operation>equals</operation>
            <value>Contractor</value>
        </criteriaItems>
    </entryCriteria>
    <finalApprovalActions>
        <action>
            <name>RCT_Final_Approval_Status</name>
            <type>FieldUpdate</type>
        </action>
        <action>
            <name>RCT_Offer_Approved</name>
            <type>FieldUpdate</type>
        </action>
        <action>
            <name>RCT_Offer_Proposal_Approved</name>
            <type>Alert</type>
        </action>
    </finalApprovalActions>
    <finalApprovalRecordLock>false</finalApprovalRecordLock>
    <finalRejectionActions>
        <action>
            <name>RCT_Final_Rejection_Status</name>
            <type>FieldUpdate</type>
        </action>
        <action>
            <name>RCT_Proposal_Denied</name>
            <type>Alert</type>
        </action>
    </finalRejectionActions>
    <finalRejectionRecordLock>false</finalRejectionRecordLock>
    <initialSubmissionActions>
        <action>
            <name>RCT_Approval_Pending_Status</name>
            <type>FieldUpdate</type>
        </action>
    </initialSubmissionActions>
    <label>RCT Contractor Approval</label>
    <nextAutomatedApprover>
        <useApproverFieldOfRecordOwner>false</useApproverFieldOfRecordOwner>
        <userHierarchyField>Manager</userHierarchyField>
    </nextAutomatedApprover>
    <processOrder>5</processOrder>
    <recallActions>
        <action>
            <name>Update_Offer_Status_to_Offer_Draft</name>
            <type>FieldUpdate</type>
        </action>
    </recallActions>
    <recordEditability>AdminOrCurrentApprover</recordEditability>
    <showApprovalHistory>true</showApprovalHistory>
</ApprovalProcess>
