<?xml version="1.0" encoding="UTF-8"?>
<ApprovalProcess xmlns="http://soap.sforce.com/2006/04/metadata">
    <active>true</active>
    <allowRecall>true</allowRecall>
    <allowedSubmitters>
        <submitter>AllInternalUsers3898313</submitter>
        <type>group</type>
    </allowedSubmitters>
    <allowedSubmitters>
        <type>owner</type>
    </allowedSubmitters>
    <approvalPageFields>
        <field>Name</field>
        <field>Owner</field>
        <field>Requisition_Description__c</field>
        <field>Preferred_Qualification__c</field>
        <field>Minimum_Qualification__c</field>
        <field>Requirements__c</field>
    </approvalPageFields>
    <approvalStep>
        <allowDelegate>false</allowDelegate>
        <approvalActions>
            <action>
                <name>Check_Post_Job</name>
                <type>FieldUpdate</type>
            </action>
            <action>
                <name>Req_Accenture_Passed</name>
                <type>FieldUpdate</type>
            </action>
        </approvalActions>
        <assignedApprover>
            <approver>
                <name>Accenture_Req_Approvals</name>
                <type>queue</type>
            </approver>
            <whenMultipleApprovers>FirstResponse</whenMultipleApprovers>
        </assignedApprover>
        <description>Accentures review of the job posting details</description>
        <entryCriteria>
            <criteriaItems>
                <field>RCT_Requisition__c.Requires_Accenture_Approval__c</field>
                <operation>equals</operation>
                <value>True</value>
            </criteriaItems>
        </entryCriteria>
        <ifCriteriaNotMet>GotoNextStep</ifCriteriaNotMet>
        <label>Accenture Approval</label>
        <name>Accenture_Approval</name>
    </approvalStep>
    <approvalStep>
        <allowDelegate>false</allowDelegate>
        <approvalActions>
            <action>
                <name>Check_Post_Job</name>
                <type>FieldUpdate</type>
            </action>
        </approvalActions>
        <assignedApprover>
            <approver>
                <name>Finance2__c</name>
                <type>relatedUserField</type>
            </approver>
            <approver>
                <name>Finance__c</name>
                <type>relatedUserField</type>
            </approver>
            <whenMultipleApprovers>FirstResponse</whenMultipleApprovers>
        </assignedApprover>
        <entryCriteria>
            <formula>AND(
  Finance__c &lt;&gt; $User.Id, 
  Finance2__c &lt;&gt; $User.Id,
  casesafeid(RecordTypeId) &lt;&gt; &apos;012A00000012XmdIAE&apos;, /*Contractor*/
  NOT(Ignore_Finance_approval_for_FBR_Req__c)
)</formula>
        </entryCriteria>
        <ifCriteriaNotMet>ApproveRecord</ifCriteriaNotMet>
        <label>Finance Approval</label>
        <name>Finance_Approval</name>
        <rejectBehavior>
            <type>RejectRequest</type>
        </rejectBehavior>
    </approvalStep>
    <approvalStep>
        <allowDelegate>false</allowDelegate>
        <assignedApprover>
            <approver>
                <type>adhoc</type>
            </approver>
        </assignedApprover>
        <entryCriteria>
            <criteriaItems>
                <field>RCT_Requisition__c.Approved_Headcount__c</field>
                <operation>greaterThan</operation>
                <value>100000</value>
            </criteriaItems>
        </entryCriteria>
        <label>Place holder for finance auto approve</label>
        <name>Place_holder_for_finance_auto_approve</name>
        <rejectBehavior>
            <type>RejectRequest</type>
        </rejectBehavior>
    </approvalStep>
    <emailTemplate>RCT_Requisition_Templates/Requisition_Finance_New_Changed_Requisition_Requires_Approval</emailTemplate>
    <enableMobileDeviceAccess>false</enableMobileDeviceAccess>
    <entryCriteria>
        <criteriaItems>
            <field>RCT_Requisition__c.Comp_Level_Low__c</field>
            <operation>notEqual</operation>
            <value>Intern</value>
        </criteriaItems>
        <criteriaItems>
            <field>RCT_Requisition__c.Position_Approval_Status__c</field>
            <operation>equals</operation>
            <value>Rejected,Need to Submit for Approval,Approval Request Sent</value>
        </criteriaItems>
        <criteriaItems>
            <field>RCT_Requisition__c.Status__c</field>
            <operation>notEqual</operation>
            <value>Closed</value>
        </criteriaItems>
        <criteriaItems>
            <field>RCT_Requisition__c.Approved_Headcount__c</field>
            <operation>greaterThan</operation>
            <value>0</value>
        </criteriaItems>
    </entryCriteria>
    <finalApprovalActions>
        <action>
            <name>RCT_Email_to_HRBP_Recruitment_Manager_Position_has_been_changed</name>
            <type>Alert</type>
        </action>
        <action>
            <name>RCT_Requisition_Position_Approved</name>
            <type>FieldUpdate</type>
        </action>
    </finalApprovalActions>
    <finalApprovalRecordLock>false</finalApprovalRecordLock>
    <finalRejectionActions>
        <action>
            <name>RCT_Email_to_Submitter_Position_Rejected</name>
            <type>Alert</type>
        </action>
        <action>
            <name>RCT_Requisition_Position_Rejected</name>
            <type>FieldUpdate</type>
        </action>
    </finalRejectionActions>
    <finalRejectionRecordLock>false</finalRejectionRecordLock>
    <initialSubmissionActions>
        <action>
            <name>Position_Status_update_Submitted</name>
            <type>FieldUpdate</type>
        </action>
        <action>
            <name>Submitted_by</name>
            <type>FieldUpdate</type>
        </action>
    </initialSubmissionActions>
    <label>RCT Req Approval w/ Accenture</label>
    <processOrder>2</processOrder>
    <recallActions>
        <action>
            <name>Revert_Status_to_Need_to_submit_for_appr</name>
            <type>FieldUpdate</type>
        </action>
    </recallActions>
    <recordEditability>AdminOrCurrentApprover</recordEditability>
    <showApprovalHistory>true</showApprovalHistory>
</ApprovalProcess>
