<?xml version="1.0" encoding="UTF-8"?>
<ApprovalProcess xmlns="http://soap.sforce.com/2006/04/metadata">
    <active>true</active>
    <allowRecall>true</allowRecall>
    <allowedSubmitters>
        <submitter>AllInternalUsers3898313</submitter>
        <type>group</type>
    </allowedSubmitters>
    <allowedSubmitters>
        <type>owner</type>
    </allowedSubmitters>
    <approvalPageFields>
        <field>Name</field>
        <field>Owner</field>
    </approvalPageFields>
    <approvalStep>
        <allowDelegate>true</allowDelegate>
        <assignedApprover>
            <approver>
                <name>Comp_Approver__c</name>
                <type>relatedUserField</type>
            </approver>
            <approver>
                <name>arifender@meta.com</name>
                <type>user</type>
            </approver>
            <approver>
                <name>bdolezal@meta.com</name>
                <type>user</type>
            </approver>
            <approver>
                <name>beenadas@meta.com</name>
                <type>user</type>
            </approver>
            <approver>
                <name>cagdasb@fb.com</name>
                <type>user</type>
            </approver>
            <approver>
                <name>carlstatkiewicz@meta.com</name>
                <type>user</type>
            </approver>
            <approver>
                <name>cgraham@meta.com</name>
                <type>user</type>
            </approver>
            <approver>
                <name>chrismorris@fb.com</name>
                <type>user</type>
            </approver>
            <approver>
                <name>deliab@fb.com</name>
                <type>user</type>
            </approver>
            <approver>
                <name>efrancis@fb.com</name>
                <type>user</type>
            </approver>
            <approver>
                <name>ejpfeifer@fb.com</name>
                <type>user</type>
            </approver>
            <approver>
                <name>genevievelim@meta.com</name>
                <type>user</type>
            </approver>
            <approver>
                <name>hillda@fb.com</name>
                <type>user</type>
            </approver>
            <approver>
                <name>kirtanas@meta.com</name>
                <type>user</type>
            </approver>
            <approver>
                <name>merserena@meta.com</name>
                <type>user</type>
            </approver>
            <approver>
                <name>niamhf@fb.com</name>
                <type>user</type>
            </approver>
            <approver>
                <name>sahild@meta.com</name>
                <type>user</type>
            </approver>
            <approver>
                <name>slimbeek@fb.com</name>
                <type>user</type>
            </approver>
            <approver>
                <name>sreec@meta.com</name>
                <type>user</type>
            </approver>
            <approver>
                <name>toby@fb.com</name>
                <type>user</type>
            </approver>
            <whenMultipleApprovers>FirstResponse</whenMultipleApprovers>
        </assignedApprover>
        <entryCriteria>
            <formula>AND( 
  NOT(Submitter_Comp_Tool_GK__c),
  OR(
    FB_Max_Salary__c &gt; Salary_Max__c,
    FB_Max_RSUs__c &gt; Equity_Max__c, 
    FB_Max_Equity_Value__c &gt; Equity_Value_Max__c, 
    CONTAINS(Band_Level2__c , &quot;D2&quot;)
  )
)</formula>
        </entryCriteria>
        <ifCriteriaNotMet>ApproveRecord</ifCriteriaNotMet>
        <label>Compensation Review</label>
        <name>Compensation_Review</name>
    </approvalStep>
    <emailTemplate>RCT_Offer_Templates/RCT_Approval_New_Approval_Needed</emailTemplate>
    <enableMobileDeviceAccess>false</enableMobileDeviceAccess>
    <entryCriteria>
        <criteriaItems>
            <field>RCT_Offer__c.Band_Level2__c</field>
            <operation>contains</operation>
            <value>INTERN</value>
        </criteriaItems>
        <criteriaItems>
            <field>RCT_Offer__c.Recruiting_Manager__c</field>
            <operation>notEqual</operation>
        </criteriaItems>
        <criteriaItems>
            <field>RCT_Offer__c.Hire_Type__c</field>
            <operation>equals</operation>
            <value>Intern Rehire,Intern</value>
        </criteriaItems>
    </entryCriteria>
    <finalApprovalActions>
        <action>
            <name>RCT_Final_Approval_Status</name>
            <type>FieldUpdate</type>
        </action>
        <action>
            <name>RCT_Offer_Approved</name>
            <type>FieldUpdate</type>
        </action>
        <action>
            <name>RCT_Offer_Proposal_Approved</name>
            <type>Alert</type>
        </action>
    </finalApprovalActions>
    <finalApprovalRecordLock>false</finalApprovalRecordLock>
    <finalRejectionActions>
        <action>
            <name>RCT_Final_Rejection_Status</name>
            <type>FieldUpdate</type>
        </action>
        <action>
            <name>RCT_Proposal_Denied</name>
            <type>Alert</type>
        </action>
    </finalRejectionActions>
    <finalRejectionRecordLock>false</finalRejectionRecordLock>
    <initialSubmissionActions>
        <action>
            <name>RCT_Approval_Pending_Status</name>
            <type>FieldUpdate</type>
        </action>
        <action>
            <name>RCT_Submitters_email_address</name>
            <type>FieldUpdate</type>
        </action>
    </initialSubmissionActions>
    <label>RCT Intern Approval</label>
    <processOrder>2</processOrder>
    <recallActions>
        <action>
            <name>Update_Offer_Status_to_Offer_Draft</name>
            <type>FieldUpdate</type>
        </action>
    </recallActions>
    <recordEditability>AdminOrCurrentApprover</recordEditability>
    <showApprovalHistory>true</showApprovalHistory>
</ApprovalProcess>
