<?xml version="1.0" encoding="UTF-8"?>
<ApprovalProcess xmlns="http://soap.sforce.com/2006/04/metadata">
    <active>true</active>
    <allowRecall>true</allowRecall>
    <allowedSubmitters>
        <submitter>AllInternalUsers3898313</submitter>
        <type>group</type>
    </allowedSubmitters>
    <allowedSubmitters>
        <type>owner</type>
    </allowedSubmitters>
    <approvalPageFields>
        <field>Name</field>
        <field>Owner</field>
    </approvalPageFields>
    <approvalStep>
        <allowDelegate>false</allowDelegate>
        <assignedApprover>
            <approver>
                <name>Finance2__c</name>
                <type>relatedUserField</type>
            </approver>
            <approver>
                <name>Finance__c</name>
                <type>relatedUserField</type>
            </approver>
            <whenMultipleApprovers>FirstResponse</whenMultipleApprovers>
        </assignedApprover>
        <entryCriteria>
            <formula>AND(
  OR(
    Finance__c &lt;&gt; $User.Id,
    Finance2__c &lt;&gt; $User.Id
  ),
  casesafeid(RecordTypeId) != &apos;012A00000012XmdIAE&apos; /*Contractor*/ 
)</formula>
        </entryCriteria>
        <ifCriteriaNotMet>ApproveRecord</ifCriteriaNotMet>
        <label>Step 1</label>
        <name>Step_1</name>
    </approvalStep>
    <description>This Approval Process is for Finance to Approve any headcount change on a Requisition</description>
    <emailTemplate>RCT_Requisition_Templates/RCT_Req_Finance_NewChangeApprovalVF</emailTemplate>
    <enableMobileDeviceAccess>false</enableMobileDeviceAccess>
    <entryCriteria>
        <criteriaItems>
            <field>RCT_Requisition__c.Position_Approval_Status__c</field>
            <operation>equals</operation>
            <value>Need to Submit for Approval,Rejected,Approval Request Sent</value>
        </criteriaItems>
        <criteriaItems>
            <field>RCT_Requisition__c.Status__c</field>
            <operation>notEqual</operation>
            <value>Closed</value>
        </criteriaItems>
        <criteriaItems>
            <field>RCT_Requisition__c.Approved_Headcount__c</field>
            <operation>greaterThan</operation>
            <value>0</value>
        </criteriaItems>
        <criteriaItems>
            <field>RCT_Requisition__c.Comp_Level_Low__c</field>
            <operation>notEqual</operation>
            <value>Intern</value>
        </criteriaItems>
        <criteriaItems>
            <field>RCT_Requisition__c.Acquisition_Type__c</field>
            <operation>equals</operation>
            <value>Talent,Tech,Traction</value>
        </criteriaItems>
    </entryCriteria>
    <finalApprovalActions>
        <action>
            <name>RCT_Email_to_HRBP_Recruitment_Manager_Position_has_been_changed</name>
            <type>Alert</type>
        </action>
        <action>
            <name>RCT_Requisition_Position_Approved</name>
            <type>FieldUpdate</type>
        </action>
    </finalApprovalActions>
    <finalApprovalRecordLock>false</finalApprovalRecordLock>
    <finalRejectionActions>
        <action>
            <name>RCT_Email_to_Submitter_Position_Rejected</name>
            <type>Alert</type>
        </action>
        <action>
            <name>RCT_Requisition_Position_Rejected</name>
            <type>FieldUpdate</type>
        </action>
    </finalRejectionActions>
    <finalRejectionRecordLock>false</finalRejectionRecordLock>
    <initialSubmissionActions>
        <action>
            <name>Position_Status_update_Submitted</name>
            <type>FieldUpdate</type>
        </action>
        <action>
            <name>Submitted_by</name>
            <type>FieldUpdate</type>
        </action>
    </initialSubmissionActions>
    <label>RCT Position Finance Approval</label>
    <processOrder>1</processOrder>
    <recallActions>
        <action>
            <name>Revert_Status_to_Need_to_submit_for_appr</name>
            <type>FieldUpdate</type>
        </action>
    </recallActions>
    <recordEditability>AdminOrCurrentApprover</recordEditability>
    <showApprovalHistory>true</showApprovalHistory>
</ApprovalProcess>
