<?xml version="1.0" encoding="UTF-8"?>
<ApprovalProcess xmlns="http://soap.sforce.com/2006/04/metadata">
    <active>false</active>
    <allowRecall>true</allowRecall>
    <allowedSubmitters>
        <submitter>AllInternalUsers3898313</submitter>
        <type>group</type>
    </allowedSubmitters>
    <allowedSubmitters>
        <type>owner</type>
    </allowedSubmitters>
    <approvalPageFields>
        <field>Owner</field>
        <field>Name</field>
        <field>Candidate__c</field>
        <field>Location__c</field>
        <field>Offer_Base_Salary__c</field>
        <field>Sign_on_Bonus_Amount__c</field>
        <field>Equity_Value__c</field>
        <field>PrimaryRecruiter__c</field>
        <field>Cost_Center__c</field>
    </approvalPageFields>
    <approvalStep>
        <allowDelegate>true</allowDelegate>
        <assignedApprover>
            <approver>
                <name>Approver__c</name>
                <type>relatedUserField</type>
            </approver>
            <whenMultipleApprovers>FirstResponse</whenMultipleApprovers>
        </assignedApprover>
        <label>Recruiting Manager</label>
        <name>Recruiting_Manager</name>
    </approvalStep>
    <approvalStep>
        <allowDelegate>false</allowDelegate>
        <assignedApprover>
            <approver>
                <name>Comp_Approver__c</name>
                <type>relatedUserField</type>
            </approver>
            <approver>
                <name>arifender@meta.com</name>
                <type>user</type>
            </approver>
            <approver>
                <name>bdolezal@meta.com</name>
                <type>user</type>
            </approver>
            <approver>
                <name>beenadas@meta.com</name>
                <type>user</type>
            </approver>
            <approver>
                <name>cagdasb@fb.com</name>
                <type>user</type>
            </approver>
            <approver>
                <name>carlstatkiewicz@meta.com</name>
                <type>user</type>
            </approver>
            <approver>
                <name>cgraham@meta.com</name>
                <type>user</type>
            </approver>
            <approver>
                <name>deliab@fb.com</name>
                <type>user</type>
            </approver>
            <approver>
                <name>efrancis@fb.com</name>
                <type>user</type>
            </approver>
            <approver>
                <name>ejpfeifer@fb.com</name>
                <type>user</type>
            </approver>
            <approver>
                <name>genevievelim@meta.com</name>
                <type>user</type>
            </approver>
            <approver>
                <name>hillda@fb.com</name>
                <type>user</type>
            </approver>
            <approver>
                <name>kirtanas@meta.com</name>
                <type>user</type>
            </approver>
            <approver>
                <name>merserena@meta.com</name>
                <type>user</type>
            </approver>
            <approver>
                <name>niamhf@fb.com</name>
                <type>user</type>
            </approver>
            <approver>
                <name>sahild@meta.com</name>
                <type>user</type>
            </approver>
            <approver>
                <name>scottsilverman@fb.com</name>
                <type>user</type>
            </approver>
            <approver>
                <name>slimbeek@fb.com</name>
                <type>user</type>
            </approver>
            <approver>
                <name>sreec@meta.com</name>
                <type>user</type>
            </approver>
            <approver>
                <name>toby@fb.com</name>
                <type>user</type>
            </approver>
            <approver>
                <name>tonytai@fb.com</name>
                <type>user</type>
            </approver>
            <whenMultipleApprovers>FirstResponse</whenMultipleApprovers>
        </assignedApprover>
        <entryCriteria>
            <formula>AND(
  NOT(Submitter_Comp_Tool_GK__c)
  )</formula>
        </entryCriteria>
        <ifCriteriaNotMet>GotoNextStep</ifCriteriaNotMet>
        <label>Comp Review</label>
        <name>Comp_Review</name>
        <rejectBehavior>
            <type>RejectRequest</type>
        </rejectBehavior>
    </approvalStep>
    <approvalStep>
        <allowDelegate>false</allowDelegate>
        <assignedApprover>
            <approver>
                <name>Comp_Approver__c</name>
                <type>relatedUserField</type>
            </approver>
            <approver>
                <name>arifender@meta.com</name>
                <type>user</type>
            </approver>
            <approver>
                <name>bdolezal@meta.com</name>
                <type>user</type>
            </approver>
            <approver>
                <name>beenadas@meta.com</name>
                <type>user</type>
            </approver>
            <approver>
                <name>cagdasb@fb.com</name>
                <type>user</type>
            </approver>
            <approver>
                <name>carlstatkiewicz@meta.com</name>
                <type>user</type>
            </approver>
            <approver>
                <name>cgraham@meta.com</name>
                <type>user</type>
            </approver>
            <approver>
                <name>deliab@fb.com</name>
                <type>user</type>
            </approver>
            <approver>
                <name>efrancis@fb.com</name>
                <type>user</type>
            </approver>
            <approver>
                <name>ejpfeifer@fb.com</name>
                <type>user</type>
            </approver>
            <approver>
                <name>genevievelim@meta.com</name>
                <type>user</type>
            </approver>
            <approver>
                <name>hillda@fb.com</name>
                <type>user</type>
            </approver>
            <approver>
                <name>kirtanas@meta.com</name>
                <type>user</type>
            </approver>
            <approver>
                <name>merserena@meta.com</name>
                <type>user</type>
            </approver>
            <approver>
                <name>niamhf@fb.com</name>
                <type>user</type>
            </approver>
            <approver>
                <name>sahild@meta.com</name>
                <type>user</type>
            </approver>
            <approver>
                <name>scottsilverman@fb.com</name>
                <type>user</type>
            </approver>
            <approver>
                <name>slimbeek@fb.com</name>
                <type>user</type>
            </approver>
            <approver>
                <name>sreec@meta.com</name>
                <type>user</type>
            </approver>
            <approver>
                <name>toby@fb.com</name>
                <type>user</type>
            </approver>
            <approver>
                <name>tonytai@fb.com</name>
                <type>user</type>
            </approver>
            <whenMultipleApprovers>FirstResponse</whenMultipleApprovers>
        </assignedApprover>
        <entryCriteria>
            <formula>AND(Submitter_Comp_Tool_GK__c
)</formula>
        </entryCriteria>
        <ifCriteriaNotMet>GotoNextStep</ifCriteriaNotMet>
        <label>Comp Review Offerbot</label>
        <name>Comp_Review_Offerbot</name>
        <rejectBehavior>
            <type>RejectRequest</type>
        </rejectBehavior>
    </approvalStep>
    <approvalStep>
        <allowDelegate>true</allowDelegate>
        <assignedApprover>
            <approver>
                <name>Finance__c</name>
                <type>relatedUserField</type>
            </approver>
            <approver>
                <name>Finance_2__c</name>
                <type>relatedUserField</type>
            </approver>
            <whenMultipleApprovers>FirstResponse</whenMultipleApprovers>
        </assignedApprover>
        <entryCriteria>
            <criteriaItems>
                <field>RCT_Offer__c.Finance_Approval__c</field>
                <operation>equals</operation>
                <value>True</value>
            </criteriaItems>
        </entryCriteria>
        <label>Finance Approver</label>
        <name>Finance_Approver</name>
        <rejectBehavior>
            <type>RejectRequest</type>
        </rejectBehavior>
    </approvalStep>
    <emailTemplate>RCT_Offer_Templates/RCT_Approval_New_Approval_Needed</emailTemplate>
    <enableMobileDeviceAccess>false</enableMobileDeviceAccess>
    <entryCriteria>
        <booleanFilter>1 AND 2 AND 3 AND 4 AND NOT(5 or 7 or 6)</booleanFilter>
        <criteriaItems>
            <field>RCT_Offer__c.Job_Profile_Name__c</field>
            <operation>notEqual</operation>
        </criteriaItems>
        <criteriaItems>
            <field>RCT_Offer__c.Comp_Approver__c</field>
            <operation>notEqual</operation>
        </criteriaItems>
        <criteriaItems>
            <field>RCT_Offer__c.Recruiting_Manager__c</field>
            <operation>notEqual</operation>
        </criteriaItems>
        <criteriaItems>
            <field>RCT_Offer__c.Band_Name__c</field>
            <operation>notEqual</operation>
            <value>Ask Comp</value>
        </criteriaItems>
        <criteriaItems>
            <field>RCT_Offer__c.Band_Name__c</field>
            <operation>contains</operation>
            <value>SWE</value>
        </criteriaItems>
        <criteriaItems>
            <field>RCT_Offer__c.Band_Name__c</field>
            <operation>contains</operation>
            <value>INTERN</value>
        </criteriaItems>
        <criteriaItems>
            <field>RCT_Offer__c.Band_Name__c</field>
            <operation>contains</operation>
            <value>NEW GRAD</value>
        </criteriaItems>
    </entryCriteria>
    <finalApprovalRecordLock>false</finalApprovalRecordLock>
    <finalRejectionRecordLock>false</finalRejectionRecordLock>
    <label>RCT Offer Regular Approval w/Offerbot</label>
    <nextAutomatedApprover>
        <useApproverFieldOfRecordOwner>false</useApproverFieldOfRecordOwner>
        <userHierarchyField>Manager</userHierarchyField>
    </nextAutomatedApprover>
    <processOrder>7</processOrder>
    <recordEditability>AdminOrCurrentApprover</recordEditability>
    <showApprovalHistory>true</showApprovalHistory>
</ApprovalProcess>
