<?xml version="1.0" encoding="UTF-8"?>
<ApprovalProcess xmlns="http://soap.sforce.com/2006/04/metadata">
    <active>false</active>
    <allowRecall>true</allowRecall>
    <allowedSubmitters>
        <submitter>AllInternalUsers3898313</submitter>
        <type>group</type>
    </allowedSubmitters>
    <allowedSubmitters>
        <type>owner</type>
    </allowedSubmitters>
    <approvalPageFields>
        <field>Name</field>
        <field>Owner</field>
        <field>Candidate__c</field>
        <field>FB_Max_Salary__c</field>
        <field>FB_Max_RSUs__c</field>
        <field>FB_Max_SignOnBonus__c</field>
    </approvalPageFields>
    <approvalStep>
        <allowDelegate>true</allowDelegate>
        <assignedApprover>
            <approver>
                <name>Approver__c</name>
                <type>relatedUserField</type>
            </approver>
            <whenMultipleApprovers>FirstResponse</whenMultipleApprovers>
        </assignedApprover>
        <label>Recruiting Manager</label>
        <name>Recruiting_Manager</name>
    </approvalStep>
    <approvalStep>
        <allowDelegate>false</allowDelegate>
        <assignedApprover>
            <approver>
                <name>Comp_Approver__c</name>
                <type>relatedUserField</type>
            </approver>
            <approver>
                <name>bdolezal@meta.com</name>
                <type>user</type>
            </approver>
            <approver>
                <name>beenadas@meta.com</name>
                <type>user</type>
            </approver>
            <approver>
                <name>cagdasb@fb.com</name>
                <type>user</type>
            </approver>
            <approver>
                <name>carlstatkiewicz@meta.com</name>
                <type>user</type>
            </approver>
            <approver>
                <name>cgraham@meta.com</name>
                <type>user</type>
            </approver>
            <approver>
                <name>ejpfeifer@fb.com</name>
                <type>user</type>
            </approver>
            <approver>
                <name>genevievelim@meta.com</name>
                <type>user</type>
            </approver>
            <approver>
                <name>niamhf@fb.com</name>
                <type>user</type>
            </approver>
            <approver>
                <name>rlenton@meta.com</name>
                <type>user</type>
            </approver>
            <approver>
                <name>toby@fb.com</name>
                <type>user</type>
            </approver>
            <approver>
                <name>tonytai@fb.com</name>
                <type>user</type>
            </approver>
            <whenMultipleApprovers>FirstResponse</whenMultipleApprovers>
        </assignedApprover>
        <entryCriteria>
            <formula>OR( FB_Max_Salary__c &gt; Salary_Max__c, FB_Max_RSUs__c &gt; Equity_Max__c, FB_Max_SignOnBonus__c &gt; Sign_on_Bonus_Max__c , FB_Max_Equity_Value__c &gt; Equity_Value_Max__c, CONTAINS(Band_Level2__c , &quot;D2&quot;) )</formula>
        </entryCriteria>
        <ifCriteriaNotMet>GotoNextStep</ifCriteriaNotMet>
        <label>Comp Review</label>
        <name>Comp_Review</name>
        <rejectBehavior>
            <type>RejectRequest</type>
        </rejectBehavior>
    </approvalStep>
    <approvalStep>
        <allowDelegate>true</allowDelegate>
        <assignedApprover>
            <approver>
                <name>Finance_2__c</name>
                <type>relatedUserField</type>
            </approver>
            <approver>
                <name>Finance__c</name>
                <type>relatedUserField</type>
            </approver>
            <whenMultipleApprovers>FirstResponse</whenMultipleApprovers>
        </assignedApprover>
        <entryCriteria>
            <criteriaItems>
                <field>RCT_Offer__c.Finance_Approval__c</field>
                <operation>equals</operation>
                <value>True</value>
            </criteriaItems>
        </entryCriteria>
        <label>Finance Approver</label>
        <name>Finance_Approver</name>
        <rejectBehavior>
            <type>RejectRequest</type>
        </rejectBehavior>
    </approvalStep>
    <emailTemplate>RCT_Offer_Templates/RCT_Approval_New_Approval_Needed</emailTemplate>
    <enableMobileDeviceAccess>false</enableMobileDeviceAccess>
    <entryCriteria>
        <booleanFilter>1 AND 2 AND 3 AND 4 AND NOT((5 or 7 or 8) and 6)</booleanFilter>
        <criteriaItems>
            <field>RCT_Offer__c.FB_Max_Salary__c</field>
            <operation>greaterThan</operation>
            <value>USD 0</value>
        </criteriaItems>
        <criteriaItems>
            <field>RCT_Offer__c.Comp_Approver__c</field>
            <operation>notEqual</operation>
        </criteriaItems>
        <criteriaItems>
            <field>RCT_Offer__c.Recruiting_Manager__c</field>
            <operation>notEqual</operation>
        </criteriaItems>
        <criteriaItems>
            <field>RCT_Offer__c.Band_Name__c</field>
            <operation>notEqual</operation>
            <value>Ask Comp</value>
        </criteriaItems>
        <criteriaItems>
            <field>RCT_Offer__c.Band_Name__c</field>
            <operation>contains</operation>
            <value>SWE</value>
        </criteriaItems>
        <criteriaItems>
            <field>RCT_Offer__c.mTeam__c</field>
            <operation>equals</operation>
            <value>Mike Schroepfer</value>
        </criteriaItems>
        <criteriaItems>
            <field>RCT_Offer__c.Band_Name__c</field>
            <operation>contains</operation>
            <value>NEW GRAD</value>
        </criteriaItems>
        <criteriaItems>
            <field>RCT_Offer__c.Band_Name__c</field>
            <operation>contains</operation>
            <value>INTERN</value>
        </criteriaItems>
    </entryCriteria>
    <finalApprovalActions>
        <action>
            <name>RCT_Final_Approval_Status</name>
            <type>FieldUpdate</type>
        </action>
        <action>
            <name>RCT_Offer_Proposal_Approved</name>
            <type>Alert</type>
        </action>
    </finalApprovalActions>
    <finalApprovalRecordLock>false</finalApprovalRecordLock>
    <finalRejectionActions>
        <action>
            <name>RCT_Final_Rejection_Status</name>
            <type>FieldUpdate</type>
        </action>
        <action>
            <name>RCT_Proposal_Denied</name>
            <type>Alert</type>
        </action>
    </finalRejectionActions>
    <finalRejectionRecordLock>false</finalRejectionRecordLock>
    <initialSubmissionActions>
        <action>
            <name>RCT_Approval_Pending_Status</name>
            <type>FieldUpdate</type>
        </action>
        <action>
            <name>RCT_Submitters_email_address</name>
            <type>FieldUpdate</type>
        </action>
    </initialSubmissionActions>
    <label>RCT Offer Regular Approval</label>
    <nextAutomatedApprover>
        <useApproverFieldOfRecordOwner>false</useApproverFieldOfRecordOwner>
        <userHierarchyField>Manager</userHierarchyField>
    </nextAutomatedApprover>
    <processOrder>6</processOrder>
    <recallActions>
        <action>
            <name>Update_Offer_Status_to_Offer_Draft</name>
            <type>FieldUpdate</type>
        </action>
    </recallActions>
    <recordEditability>AdminOrCurrentApprover</recordEditability>
    <showApprovalHistory>true</showApprovalHistory>
</ApprovalProcess>
