<?xml version="1.0" encoding="UTF-8"?>
<ApprovalProcess xmlns="http://soap.sforce.com/2006/04/metadata">
    <active>false</active>
    <allowRecall>true</allowRecall>
    <allowedSubmitters>
        <submitter>AllInternalUsers3898313</submitter>
        <type>group</type>
    </allowedSubmitters>
    <allowedSubmitters>
        <type>owner</type>
    </allowedSubmitters>
    <approvalPageFields>
        <field>Name</field>
        <field>Status__c</field>
        <field>of_Receipt_Remittances__c</field>
        <field>Case__c</field>
        <field>Receipt_Header__c</field>
    </approvalPageFields>
    <description>T19724704 - initial Receipt Remittance page approvals</description>
    <enableMobileDeviceAccess>false</enableMobileDeviceAccess>
    <entryCriteria>
        <criteriaItems>
            <field>Remittance_Header__c.Status__c</field>
            <operation>equals</operation>
            <value>Draft,Saved</value>
        </criteriaItems>
        <criteriaItems>
            <field>Remittance_Header__c.of_Receipt_Remittances__c</field>
            <operation>greaterOrEqual</operation>
            <value>1</value>
        </criteriaItems>
    </entryCriteria>
    <finalApprovalRecordLock>true</finalApprovalRecordLock>
    <finalRejectionRecordLock>false</finalRejectionRecordLock>
    <initialSubmissionActions>
        <action>
            <name>Status_to_Pending_Approval</name>
            <type>FieldUpdate</type>
        </action>
    </initialSubmissionActions>
    <label>Remittance form v1</label>
    <processOrder>0</processOrder>
    <recordEditability>AdminOrCurrentApprover</recordEditability>
    <showApprovalHistory>true</showApprovalHistory>
</ApprovalProcess>
