<?xml version="1.0" encoding="UTF-8"?>
<ApprovalProcess xmlns="http://soap.sforce.com/2006/04/metadata">
    <active>true</active>
    <allowRecall>false</allowRecall>
    <allowedSubmitters>
        <type>owner</type>
    </allowedSubmitters>
    <approvalPageFields>
        <field>Name</field>
        <field>Owner</field>
        <field>Type__c</field>
        <field>Total_Dollar_Amount__c</field>
    </approvalPageFields>
    <approvalStep>
        <allowDelegate>true</allowDelegate>
        <approvalActions>
            <action>
                <name>Time_Stamp_FBPIL_Approval</name>
                <type>FieldUpdate</type>
            </action>
            <action>
                <name>Update_FBPIL_Approver</name>
                <type>FieldUpdate</type>
            </action>
        </approvalActions>
        <assignedApprover>
            <approver>
                <name>siobhain@fb.com</name>
                <type>user</type>
            </approver>
            <approver>
                <name>susanpw@meta.com</name>
                <type>user</type>
            </approver>
            <whenMultipleApprovers>FirstResponse</whenMultipleApprovers>
        </assignedApprover>
        <description>Approver: Susan Prendiville
Entity = FBPIL
Risk Category: Low, Medium, High
Total Amount: 0 - &gt;200K</description>
        <entryCriteria>
            <criteriaItems>
                <field>SAM_Suspicious_Activity__c.Entity__c</field>
                <operation>equals</operation>
                <value>FBPIL</value>
            </criteriaItems>
        </entryCriteria>
        <ifCriteriaNotMet>GotoNextStep</ifCriteriaNotMet>
        <label>MLRO</label>
        <name>MLRO</name>
    </approvalStep>
    <approvalStep>
        <allowDelegate>true</allowDelegate>
        <approvalActions>
            <action>
                <name>Time_Stamp_FBP_Approved</name>
                <type>FieldUpdate</type>
            </action>
            <action>
                <name>Update_FBP_Approver</name>
                <type>FieldUpdate</type>
            </action>
        </approvalActions>
        <assignedApprover>
            <approver>
                <name>flawrence@meta.com</name>
                <type>user</type>
            </approver>
            <whenMultipleApprovers>FirstResponse</whenMultipleApprovers>
        </assignedApprover>
        <entryCriteria>
            <booleanFilter>1 AND (2 OR (3 and 4))</booleanFilter>
            <criteriaItems>
                <field>SAM_Suspicious_Activity__c.Entity__c</field>
                <operation>equals</operation>
                <value>FBP</value>
            </criteriaItems>
            <criteriaItems>
                <field>SAM_Suspicious_Activity__c.Type__c</field>
                <operation>includes</operation>
                <value>Terrorism</value>
            </criteriaItems>
            <criteriaItems>
                <field>SAM_Suspicious_Activity__c.Total_Dollar_Amount__c</field>
                <operation>greaterThan</operation>
                <value>150000</value>
            </criteriaItems>
            <criteriaItems>
                <field>SAM_Suspicious_Activity__c.Risk_Category_Level__c</field>
                <operation>equals</operation>
                <value>High</value>
            </criteriaItems>
        </entryCriteria>
        <ifCriteriaNotMet>GotoNextStep</ifCriteriaNotMet>
        <label>COO</label>
        <name>COO</name>
        <rejectBehavior>
            <type>RejectRequest</type>
        </rejectBehavior>
    </approvalStep>
    <approvalStep>
        <allowDelegate>true</allowDelegate>
        <approvalActions>
            <action>
                <name>Time_Stamp_FBP_Approved</name>
                <type>FieldUpdate</type>
            </action>
            <action>
                <name>Update_FBP_Approver</name>
                <type>FieldUpdate</type>
            </action>
        </approvalActions>
        <assignedApprover>
            <approver>
                <name>anthonysalerno@fb.com</name>
                <type>user</type>
            </approver>
            <approver>
                <name>apenafort@meta.com</name>
                <type>user</type>
            </approver>
            <approver>
                <name>nehagour@meta.com</name>
                <type>user</type>
            </approver>
            <whenMultipleApprovers>FirstResponse</whenMultipleApprovers>
        </assignedApprover>
        <description>Risk Category: non-Terrorism
(TA: &gt;0K - &lt;=15K or (Risk Category Level:  Low &amp; Medium &amp; TA: &gt;15K - &lt;=25K))
Amanda Hiew and Neha Singh Gour</description>
        <entryCriteria>
            <booleanFilter>1 AND 6 and ((2 AND 3 AND (4 OR 5)) or 7)</booleanFilter>
            <criteriaItems>
                <field>SAM_Suspicious_Activity__c.Entity__c</field>
                <operation>equals</operation>
                <value>FBP</value>
            </criteriaItems>
            <criteriaItems>
                <field>SAM_Suspicious_Activity__c.Total_Dollar_Amount__c</field>
                <operation>greaterThan</operation>
                <value>15000</value>
            </criteriaItems>
            <criteriaItems>
                <field>SAM_Suspicious_Activity__c.Total_Dollar_Amount__c</field>
                <operation>lessOrEqual</operation>
                <value>25000</value>
            </criteriaItems>
            <criteriaItems>
                <field>SAM_Suspicious_Activity__c.Risk_Category_Level__c</field>
                <operation>equals</operation>
                <value>Low</value>
            </criteriaItems>
            <criteriaItems>
                <field>SAM_Suspicious_Activity__c.Risk_Category_Level__c</field>
                <operation>equals</operation>
                <value>Medium</value>
            </criteriaItems>
            <criteriaItems>
                <field>SAM_Suspicious_Activity__c.Type__c</field>
                <operation>excludes</operation>
                <value>Terrorism</value>
            </criteriaItems>
            <criteriaItems>
                <field>SAM_Suspicious_Activity__c.Total_Dollar_Amount__c</field>
                <operation>lessOrEqual</operation>
                <value>15000</value>
            </criteriaItems>
        </entryCriteria>
        <ifCriteriaNotMet>GotoNextStep</ifCriteriaNotMet>
        <label>AML Leads</label>
        <name>AML_Leads</name>
        <rejectBehavior>
            <type>RejectRequest</type>
        </rejectBehavior>
    </approvalStep>
    <approvalStep>
        <allowDelegate>true</allowDelegate>
        <approvalActions>
            <action>
                <name>Time_Stamp_FBP_Approved</name>
                <type>FieldUpdate</type>
            </action>
            <action>
                <name>Update_FBP_Approver</name>
                <type>FieldUpdate</type>
            </action>
        </approvalActions>
        <assignedApprover>
            <approver>
                <name>kdaracz@meta.com</name>
                <type>user</type>
            </approver>
            <whenMultipleApprovers>FirstResponse</whenMultipleApprovers>
        </assignedApprover>
        <description>Entity: FBP
Risk Category: non-Terrorism
(Total Amount:  &gt; 15K - &lt;= 25K OR
Risk Category Level: High &amp; Total Amount:  &gt; 15K - &lt;= 25K)
Karolina Pawlak-Daracz</description>
        <entryCriteria>
            <booleanFilter>1 and 7 and ((2 and 3 and 4) or (5 and 6))</booleanFilter>
            <criteriaItems>
                <field>SAM_Suspicious_Activity__c.Entity__c</field>
                <operation>equals</operation>
                <value>FBP</value>
            </criteriaItems>
            <criteriaItems>
                <field>SAM_Suspicious_Activity__c.Total_Dollar_Amount__c</field>
                <operation>greaterThan</operation>
                <value>15000</value>
            </criteriaItems>
            <criteriaItems>
                <field>SAM_Suspicious_Activity__c.Total_Dollar_Amount__c</field>
                <operation>lessOrEqual</operation>
                <value>25000</value>
            </criteriaItems>
            <criteriaItems>
                <field>SAM_Suspicious_Activity__c.Risk_Category_Level__c</field>
                <operation>equals</operation>
                <value>High</value>
            </criteriaItems>
            <criteriaItems>
                <field>SAM_Suspicious_Activity__c.Total_Dollar_Amount__c</field>
                <operation>greaterThan</operation>
                <value>25000</value>
            </criteriaItems>
            <criteriaItems>
                <field>SAM_Suspicious_Activity__c.Total_Dollar_Amount__c</field>
                <operation>lessOrEqual</operation>
                <value>75000</value>
            </criteriaItems>
            <criteriaItems>
                <field>SAM_Suspicious_Activity__c.Type__c</field>
                <operation>excludes</operation>
                <value>Terrorism</value>
            </criteriaItems>
        </entryCriteria>
        <ifCriteriaNotMet>GotoNextStep</ifCriteriaNotMet>
        <label>Head of AML</label>
        <name>Head_of_AML</name>
        <rejectBehavior>
            <type>RejectRequest</type>
        </rejectBehavior>
    </approvalStep>
    <approvalStep>
        <allowDelegate>true</allowDelegate>
        <approvalActions>
            <action>
                <name>Time_Stamp_FBP_Approved</name>
                <type>FieldUpdate</type>
            </action>
            <action>
                <name>Update_FBP_Approver</name>
                <type>FieldUpdate</type>
            </action>
        </approvalActions>
        <assignedApprover>
            <approver>
                <name>carolinac@fb.com</name>
                <type>user</type>
            </approver>
            <whenMultipleApprovers>FirstResponse</whenMultipleApprovers>
        </assignedApprover>
        <description>Entity: FBP
Total Amount: &gt;75 &lt;=150K &amp; Risk Category = non-Terrorism or
Total Amount: &gt;150K &amp; Risk Category: Medium &amp; Low</description>
        <entryCriteria>
            <booleanFilter>1 AND ((2 AND 3 AND 4) OR (5 AND (6 or 7)))</booleanFilter>
            <criteriaItems>
                <field>SAM_Suspicious_Activity__c.Entity__c</field>
                <operation>equals</operation>
                <value>FBP</value>
            </criteriaItems>
            <criteriaItems>
                <field>SAM_Suspicious_Activity__c.Total_Dollar_Amount__c</field>
                <operation>greaterThan</operation>
                <value>75000</value>
            </criteriaItems>
            <criteriaItems>
                <field>SAM_Suspicious_Activity__c.Total_Dollar_Amount__c</field>
                <operation>lessOrEqual</operation>
                <value>150000</value>
            </criteriaItems>
            <criteriaItems>
                <field>SAM_Suspicious_Activity__c.Type__c</field>
                <operation>excludes</operation>
                <value>Terrorism</value>
            </criteriaItems>
            <criteriaItems>
                <field>SAM_Suspicious_Activity__c.Total_Dollar_Amount__c</field>
                <operation>greaterThan</operation>
                <value>150000</value>
            </criteriaItems>
            <criteriaItems>
                <field>SAM_Suspicious_Activity__c.Risk_Category_Level__c</field>
                <operation>equals</operation>
                <value>Low</value>
            </criteriaItems>
            <criteriaItems>
                <field>SAM_Suspicious_Activity__c.Risk_Category_Level__c</field>
                <operation>equals</operation>
                <value>Medium</value>
            </criteriaItems>
        </entryCriteria>
        <ifCriteriaNotMet>GotoNextStep</ifCriteriaNotMet>
        <label>DCCO</label>
        <name>DCCO</name>
        <rejectBehavior>
            <type>RejectRequest</type>
        </rejectBehavior>
    </approvalStep>
    <approvalStep>
        <allowDelegate>true</allowDelegate>
        <approvalActions>
            <action>
                <name>Time_Stamp_FBP_Approved</name>
                <type>FieldUpdate</type>
            </action>
            <action>
                <name>Time_Stamp_FBPIL_Approval</name>
                <type>FieldUpdate</type>
            </action>
            <action>
                <name>Update_FBP_Approver</name>
                <type>FieldUpdate</type>
            </action>
            <action>
                <name>Update_FBPIL_Approver</name>
                <type>FieldUpdate</type>
            </action>
        </approvalActions>
        <assignedApprover>
            <approver>
                <name>flawrence@meta.com</name>
                <type>user</type>
            </approver>
            <whenMultipleApprovers>FirstResponse</whenMultipleApprovers>
        </assignedApprover>
        <entryCriteria>
            <booleanFilter>1 AND (4 OR (3 AND 2))</booleanFilter>
            <criteriaItems>
                <field>SAM_Suspicious_Activity__c.Entity__c</field>
                <operation>equals</operation>
                <value>&quot;FBP, FBPIL&quot;</value>
            </criteriaItems>
            <criteriaItems>
                <field>SAM_Suspicious_Activity__c.Total_Dollar_Amount__c</field>
                <operation>greaterThan</operation>
                <value>150000</value>
            </criteriaItems>
            <criteriaItems>
                <field>SAM_Suspicious_Activity__c.Risk_Category_Level__c</field>
                <operation>equals</operation>
                <value>High</value>
            </criteriaItems>
            <criteriaItems>
                <field>SAM_Suspicious_Activity__c.Type__c</field>
                <operation>includes</operation>
                <value>Terrorism</value>
            </criteriaItems>
        </entryCriteria>
        <ifCriteriaNotMet>GotoNextStep</ifCriteriaNotMet>
        <label>COO and MLRO</label>
        <name>COO_and_MLRO</name>
        <rejectBehavior>
            <type>RejectRequest</type>
        </rejectBehavior>
    </approvalStep>
    <approvalStep>
        <allowDelegate>true</allowDelegate>
        <assignedApprover>
            <approver>
                <name>siobhain@fb.com</name>
                <type>user</type>
            </approver>
            <approver>
                <name>susanpw@meta.com</name>
                <type>user</type>
            </approver>
            <whenMultipleApprovers>FirstResponse</whenMultipleApprovers>
        </assignedApprover>
        <entryCriteria>
            <booleanFilter>1 AND (4 OR (3 AND 2))</booleanFilter>
            <criteriaItems>
                <field>SAM_Suspicious_Activity__c.Entity__c</field>
                <operation>equals</operation>
                <value>&quot;FBP, FBPIL&quot;</value>
            </criteriaItems>
            <criteriaItems>
                <field>SAM_Suspicious_Activity__c.Total_Dollar_Amount__c</field>
                <operation>greaterThan</operation>
                <value>150000</value>
            </criteriaItems>
            <criteriaItems>
                <field>SAM_Suspicious_Activity__c.Risk_Category_Level__c</field>
                <operation>equals</operation>
                <value>High</value>
            </criteriaItems>
            <criteriaItems>
                <field>SAM_Suspicious_Activity__c.Type__c</field>
                <operation>includes</operation>
                <value>Terrorism</value>
            </criteriaItems>
        </entryCriteria>
        <ifCriteriaNotMet>GotoNextStep</ifCriteriaNotMet>
        <label>COO and MLRO 2</label>
        <name>COO_and_MLRO_2</name>
        <rejectBehavior>
            <type>RejectRequest</type>
        </rejectBehavior>
    </approvalStep>
    <approvalStep>
        <allowDelegate>true</allowDelegate>
        <approvalActions>
            <action>
                <name>Time_Stamp_FBP_Approved</name>
                <type>FieldUpdate</type>
            </action>
            <action>
                <name>Time_Stamp_FBPIL_Approval</name>
                <type>FieldUpdate</type>
            </action>
            <action>
                <name>Update_FBP_Approver</name>
                <type>FieldUpdate</type>
            </action>
            <action>
                <name>Update_FBPIL_Approver</name>
                <type>FieldUpdate</type>
            </action>
        </approvalActions>
        <assignedApprover>
            <approver>
                <name>anthonysalerno@fb.com</name>
                <type>user</type>
            </approver>
            <approver>
                <name>apenafort@meta.com</name>
                <type>user</type>
            </approver>
            <approver>
                <name>nehagour@meta.com</name>
                <type>user</type>
            </approver>
            <whenMultipleApprovers>FirstResponse</whenMultipleApprovers>
        </assignedApprover>
        <entryCriteria>
            <booleanFilter>(1 AND 6) and ((2 AND 3 AND (4 OR 5)) or 7)</booleanFilter>
            <criteriaItems>
                <field>SAM_Suspicious_Activity__c.Entity__c</field>
                <operation>equals</operation>
                <value>&quot;FBP, FBPIL&quot;</value>
            </criteriaItems>
            <criteriaItems>
                <field>SAM_Suspicious_Activity__c.Total_Dollar_Amount__c</field>
                <operation>greaterThan</operation>
                <value>15000</value>
            </criteriaItems>
            <criteriaItems>
                <field>SAM_Suspicious_Activity__c.Total_Dollar_Amount__c</field>
                <operation>lessOrEqual</operation>
                <value>25000</value>
            </criteriaItems>
            <criteriaItems>
                <field>SAM_Suspicious_Activity__c.Risk_Category_Level__c</field>
                <operation>equals</operation>
                <value>Low</value>
            </criteriaItems>
            <criteriaItems>
                <field>SAM_Suspicious_Activity__c.Risk_Category_Level__c</field>
                <operation>equals</operation>
                <value>Medium</value>
            </criteriaItems>
            <criteriaItems>
                <field>SAM_Suspicious_Activity__c.Type__c</field>
                <operation>excludes</operation>
                <value>Terrorism</value>
            </criteriaItems>
            <criteriaItems>
                <field>SAM_Suspicious_Activity__c.Total_Dollar_Amount__c</field>
                <operation>lessOrEqual</operation>
                <value>15000</value>
            </criteriaItems>
        </entryCriteria>
        <ifCriteriaNotMet>GotoNextStep</ifCriteriaNotMet>
        <label>AML Leads and MLRO</label>
        <name>AML_Leads_and_MLRO</name>
        <rejectBehavior>
            <type>RejectRequest</type>
        </rejectBehavior>
    </approvalStep>
    <approvalStep>
        <allowDelegate>true</allowDelegate>
        <assignedApprover>
            <approver>
                <name>siobhain@fb.com</name>
                <type>user</type>
            </approver>
            <approver>
                <name>susanpw@meta.com</name>
                <type>user</type>
            </approver>
            <whenMultipleApprovers>FirstResponse</whenMultipleApprovers>
        </assignedApprover>
        <entryCriteria>
            <booleanFilter>(1 AND 6) and ((2 AND 3 AND (4 OR 5)) or 7)</booleanFilter>
            <criteriaItems>
                <field>SAM_Suspicious_Activity__c.Entity__c</field>
                <operation>equals</operation>
                <value>&quot;FBP, FBPIL&quot;</value>
            </criteriaItems>
            <criteriaItems>
                <field>SAM_Suspicious_Activity__c.Total_Dollar_Amount__c</field>
                <operation>greaterThan</operation>
                <value>15000</value>
            </criteriaItems>
            <criteriaItems>
                <field>SAM_Suspicious_Activity__c.Total_Dollar_Amount__c</field>
                <operation>lessOrEqual</operation>
                <value>25000</value>
            </criteriaItems>
            <criteriaItems>
                <field>SAM_Suspicious_Activity__c.Risk_Category_Level__c</field>
                <operation>equals</operation>
                <value>Low</value>
            </criteriaItems>
            <criteriaItems>
                <field>SAM_Suspicious_Activity__c.Risk_Category_Level__c</field>
                <operation>equals</operation>
                <value>Medium</value>
            </criteriaItems>
            <criteriaItems>
                <field>SAM_Suspicious_Activity__c.Type__c</field>
                <operation>excludes</operation>
                <value>Terrorism</value>
            </criteriaItems>
            <criteriaItems>
                <field>SAM_Suspicious_Activity__c.Total_Dollar_Amount__c</field>
                <operation>lessOrEqual</operation>
                <value>15000</value>
            </criteriaItems>
        </entryCriteria>
        <ifCriteriaNotMet>GotoNextStep</ifCriteriaNotMet>
        <label>AML Leads and MLRO 2</label>
        <name>AML_Leads_and_MLRO_2</name>
        <rejectBehavior>
            <type>RejectRequest</type>
        </rejectBehavior>
    </approvalStep>
    <approvalStep>
        <allowDelegate>true</allowDelegate>
        <approvalActions>
            <action>
                <name>Time_Stamp_FBP_Approved</name>
                <type>FieldUpdate</type>
            </action>
            <action>
                <name>Time_Stamp_FBPIL_Approval</name>
                <type>FieldUpdate</type>
            </action>
            <action>
                <name>Update_FBP_Approver</name>
                <type>FieldUpdate</type>
            </action>
            <action>
                <name>Update_FBPIL_Approver</name>
                <type>FieldUpdate</type>
            </action>
        </approvalActions>
        <assignedApprover>
            <approver>
                <name>kdaracz@meta.com</name>
                <type>user</type>
            </approver>
            <whenMultipleApprovers>FirstResponse</whenMultipleApprovers>
        </assignedApprover>
        <entryCriteria>
            <booleanFilter>1 and 7 and ((2 and 3 and 4) or (5 and 6))</booleanFilter>
            <criteriaItems>
                <field>SAM_Suspicious_Activity__c.Entity__c</field>
                <operation>equals</operation>
                <value>&quot;FBP, FBPIL&quot;</value>
            </criteriaItems>
            <criteriaItems>
                <field>SAM_Suspicious_Activity__c.Total_Dollar_Amount__c</field>
                <operation>greaterOrEqual</operation>
                <value>15000</value>
            </criteriaItems>
            <criteriaItems>
                <field>SAM_Suspicious_Activity__c.Total_Dollar_Amount__c</field>
                <operation>lessOrEqual</operation>
                <value>25000</value>
            </criteriaItems>
            <criteriaItems>
                <field>SAM_Suspicious_Activity__c.Risk_Category_Level__c</field>
                <operation>equals</operation>
                <value>High</value>
            </criteriaItems>
            <criteriaItems>
                <field>SAM_Suspicious_Activity__c.Total_Dollar_Amount__c</field>
                <operation>greaterThan</operation>
                <value>25000</value>
            </criteriaItems>
            <criteriaItems>
                <field>SAM_Suspicious_Activity__c.Total_Dollar_Amount__c</field>
                <operation>lessOrEqual</operation>
                <value>75000</value>
            </criteriaItems>
            <criteriaItems>
                <field>SAM_Suspicious_Activity__c.Type__c</field>
                <operation>excludes</operation>
                <value>Terrorism</value>
            </criteriaItems>
        </entryCriteria>
        <ifCriteriaNotMet>GotoNextStep</ifCriteriaNotMet>
        <label>Head of AML &amp; MLRO</label>
        <name>Head_of_AML_MLRO</name>
        <rejectBehavior>
            <type>RejectRequest</type>
        </rejectBehavior>
    </approvalStep>
    <approvalStep>
        <allowDelegate>false</allowDelegate>
        <assignedApprover>
            <approver>
                <name>siobhain@fb.com</name>
                <type>user</type>
            </approver>
            <approver>
                <name>susanpw@meta.com</name>
                <type>user</type>
            </approver>
            <whenMultipleApprovers>FirstResponse</whenMultipleApprovers>
        </assignedApprover>
        <entryCriteria>
            <booleanFilter>1 and 7 and ((2 and 3 and 4) or (5 and 6))</booleanFilter>
            <criteriaItems>
                <field>SAM_Suspicious_Activity__c.Entity__c</field>
                <operation>equals</operation>
                <value>&quot;FBP, FBPIL&quot;</value>
            </criteriaItems>
            <criteriaItems>
                <field>SAM_Suspicious_Activity__c.Total_Dollar_Amount__c</field>
                <operation>greaterOrEqual</operation>
                <value>15000</value>
            </criteriaItems>
            <criteriaItems>
                <field>SAM_Suspicious_Activity__c.Total_Dollar_Amount__c</field>
                <operation>lessOrEqual</operation>
                <value>25000</value>
            </criteriaItems>
            <criteriaItems>
                <field>SAM_Suspicious_Activity__c.Risk_Category_Level__c</field>
                <operation>equals</operation>
                <value>High</value>
            </criteriaItems>
            <criteriaItems>
                <field>SAM_Suspicious_Activity__c.Total_Dollar_Amount__c</field>
                <operation>greaterThan</operation>
                <value>25000</value>
            </criteriaItems>
            <criteriaItems>
                <field>SAM_Suspicious_Activity__c.Total_Dollar_Amount__c</field>
                <operation>lessOrEqual</operation>
                <value>75000</value>
            </criteriaItems>
            <criteriaItems>
                <field>SAM_Suspicious_Activity__c.Type__c</field>
                <operation>excludes</operation>
                <value>Terrorism</value>
            </criteriaItems>
        </entryCriteria>
        <ifCriteriaNotMet>GotoNextStep</ifCriteriaNotMet>
        <label>Head of AML &amp; MLRO 2</label>
        <name>Head_of_AML_MLRO_2</name>
        <rejectBehavior>
            <type>RejectRequest</type>
        </rejectBehavior>
    </approvalStep>
    <approvalStep>
        <allowDelegate>true</allowDelegate>
        <approvalActions>
            <action>
                <name>Time_Stamp_FBP_Approved</name>
                <type>FieldUpdate</type>
            </action>
            <action>
                <name>Time_Stamp_FBPIL_Approval</name>
                <type>FieldUpdate</type>
            </action>
            <action>
                <name>Update_FBP_Approver</name>
                <type>FieldUpdate</type>
            </action>
            <action>
                <name>Update_FBPIL_Approver</name>
                <type>FieldUpdate</type>
            </action>
        </approvalActions>
        <assignedApprover>
            <approver>
                <name>carolinac@fb.com</name>
                <type>user</type>
            </approver>
            <whenMultipleApprovers>FirstResponse</whenMultipleApprovers>
        </assignedApprover>
        <entryCriteria>
            <booleanFilter>1 AND ((2 AND 3 AND 4) OR (5 AND (6 or 7)))</booleanFilter>
            <criteriaItems>
                <field>SAM_Suspicious_Activity__c.Entity__c</field>
                <operation>equals</operation>
                <value>&quot;FBP, FBPIL&quot;</value>
            </criteriaItems>
            <criteriaItems>
                <field>SAM_Suspicious_Activity__c.Total_Dollar_Amount__c</field>
                <operation>greaterThan</operation>
                <value>75000</value>
            </criteriaItems>
            <criteriaItems>
                <field>SAM_Suspicious_Activity__c.Total_Dollar_Amount__c</field>
                <operation>lessOrEqual</operation>
                <value>150000</value>
            </criteriaItems>
            <criteriaItems>
                <field>SAM_Suspicious_Activity__c.Type__c</field>
                <operation>equals</operation>
                <value>Terrorism</value>
            </criteriaItems>
            <criteriaItems>
                <field>SAM_Suspicious_Activity__c.Total_Dollar_Amount__c</field>
                <operation>greaterThan</operation>
                <value>150000</value>
            </criteriaItems>
            <criteriaItems>
                <field>SAM_Suspicious_Activity__c.Risk_Category_Level__c</field>
                <operation>equals</operation>
                <value>Low</value>
            </criteriaItems>
            <criteriaItems>
                <field>SAM_Suspicious_Activity__c.Risk_Category_Level__c</field>
                <operation>equals</operation>
                <value>Medium</value>
            </criteriaItems>
        </entryCriteria>
        <ifCriteriaNotMet>ApproveRecord</ifCriteriaNotMet>
        <label>DCCO &amp; MLRO</label>
        <name>DCCO_MILRO</name>
        <rejectBehavior>
            <type>RejectRequest</type>
        </rejectBehavior>
    </approvalStep>
    <approvalStep>
        <allowDelegate>true</allowDelegate>
        <assignedApprover>
            <approver>
                <name>siobhain@fb.com</name>
                <type>user</type>
            </approver>
            <approver>
                <name>susanpw@meta.com</name>
                <type>user</type>
            </approver>
            <whenMultipleApprovers>FirstResponse</whenMultipleApprovers>
        </assignedApprover>
        <entryCriteria>
            <booleanFilter>1 AND ((2 AND 3 AND 4) OR (5 AND (6 or 7)))</booleanFilter>
            <criteriaItems>
                <field>SAM_Suspicious_Activity__c.Entity__c</field>
                <operation>equals</operation>
                <value>&quot;FBP, FBPIL&quot;</value>
            </criteriaItems>
            <criteriaItems>
                <field>SAM_Suspicious_Activity__c.Total_Dollar_Amount__c</field>
                <operation>greaterThan</operation>
                <value>75000</value>
            </criteriaItems>
            <criteriaItems>
                <field>SAM_Suspicious_Activity__c.Total_Dollar_Amount__c</field>
                <operation>lessOrEqual</operation>
                <value>150000</value>
            </criteriaItems>
            <criteriaItems>
                <field>SAM_Suspicious_Activity__c.Type__c</field>
                <operation>equals</operation>
                <value>Terrorism</value>
            </criteriaItems>
            <criteriaItems>
                <field>SAM_Suspicious_Activity__c.Total_Dollar_Amount__c</field>
                <operation>greaterThan</operation>
                <value>150000</value>
            </criteriaItems>
            <criteriaItems>
                <field>SAM_Suspicious_Activity__c.Risk_Category_Level__c</field>
                <operation>equals</operation>
                <value>Low</value>
            </criteriaItems>
            <criteriaItems>
                <field>SAM_Suspicious_Activity__c.Risk_Category_Level__c</field>
                <operation>equals</operation>
                <value>Medium</value>
            </criteriaItems>
        </entryCriteria>
        <label>DCCO &amp; MLRO 2</label>
        <name>DCCO_MLRO_2</name>
        <rejectBehavior>
            <type>RejectRequest</type>
        </rejectBehavior>
    </approvalStep>
    <description>T62053657 - Updated Approvers where Amanda was the prior approver to Antonio Penafort and Anthony Salerno.

T30195355 - Suspicious Activity Report entity based approval process.  
updated per T58279423

FBPIL approvers: Susan Prendiville, Conor McNulty
FBP approvers:  Sudan Sethuramalingam, Carolina Ceballos, Frank Lawrence</description>
    <emailTemplate>Support_Templates/Suspicious_Activity_approval_email_Template</emailTemplate>
    <enableMobileDeviceAccess>false</enableMobileDeviceAccess>
    <entryCriteria>
        <booleanFilter>1 AND 2 AND 3 AND 4 AND 5</booleanFilter>
        <criteriaItems>
            <field>SAM_Suspicious_Activity__c.RecordType</field>
            <operation>equals</operation>
            <value>Report</value>
        </criteriaItems>
        <criteriaItems>
            <field>SAM_Suspicious_Activity__c.Approved__c</field>
            <operation>equals</operation>
        </criteriaItems>
        <criteriaItems>
            <field>SAM_Suspicious_Activity__c.Entity__c</field>
            <operation>notEqual</operation>
        </criteriaItems>
        <criteriaItems>
            <field>SAM_Suspicious_Activity__c.Type__c</field>
            <operation>notEqual</operation>
        </criteriaItems>
        <criteriaItems>
            <field>SAM_Suspicious_Activity__c.Total_Dollar_Amount__c</field>
            <operation>notEqual</operation>
        </criteriaItems>
    </entryCriteria>
    <finalApprovalActions>
        <action>
            <name>Send_Approved_notification_to_Initial_Submitter</name>
            <type>Alert</type>
        </action>
        <action>
            <name>Set_Approved_date</name>
            <type>FieldUpdate</type>
        </action>
        <action>
            <name>Set_the_Approved_to_YES</name>
            <type>FieldUpdate</type>
        </action>
        <action>
            <name>Time_Stamp_Approved</name>
            <type>FieldUpdate</type>
        </action>
    </finalApprovalActions>
    <finalApprovalRecordLock>false</finalApprovalRecordLock>
    <finalRejectionActions>
        <action>
            <name>Clear_Approved</name>
            <type>FieldUpdate</type>
        </action>
        <action>
            <name>Suspicious_Activity_Rejection_Alert_to_Submitter</name>
            <type>Alert</type>
        </action>
    </finalRejectionActions>
    <finalRejectionRecordLock>false</finalRejectionRecordLock>
    <initialSubmissionActions>
        <action>
            <name>Set_Approved_to_Pending</name>
            <type>FieldUpdate</type>
        </action>
        <action>
            <name>Time_Stamp_Submission</name>
            <type>FieldUpdate</type>
        </action>
        <action>
            <name>Update_Initial_Submitter_Email_address</name>
            <type>FieldUpdate</type>
        </action>
    </initialSubmissionActions>
    <label>SAR Tiered v8</label>
    <processOrder>1</processOrder>
    <recallActions>
        <action>
            <name>Clear_Approved</name>
            <type>FieldUpdate</type>
        </action>
    </recallActions>
    <recordEditability>AdminOnly</recordEditability>
    <showApprovalHistory>true</showApprovalHistory>
</ApprovalProcess>
