<?xml version="1.0" encoding="UTF-8"?>
<ApprovalProcess xmlns="http://soap.sforce.com/2006/04/metadata">
    <active>false</active>
    <allowRecall>false</allowRecall>
    <allowedSubmitters>
        <type>owner</type>
    </allowedSubmitters>
    <approvalPageFields>
        <field>Name</field>
        <field>Owner</field>
    </approvalPageFields>
    <approvalStep>
        <allowDelegate>false</allowDelegate>
        <approvalActions>
            <action>
                <name>Time_Stamp_FBPIL_Approval</name>
                <type>FieldUpdate</type>
            </action>
            <action>
                <name>Update_FBPIL_Approver</name>
                <type>FieldUpdate</type>
            </action>
        </approvalActions>
        <assignedApprover>
            <approver>
                <name>mcnultyc@fb.com</name>
                <type>user</type>
            </approver>
            <approver>
                <name>susanpw@meta.com</name>
                <type>user</type>
            </approver>
            <whenMultipleApprovers>FirstResponse</whenMultipleApprovers>
        </assignedApprover>
        <description>This step takes care of entity values:
FBPIL or 
&apos;FBP, FBPIL&apos;</description>
        <entryCriteria>
            <booleanFilter>1 or 2</booleanFilter>
            <criteriaItems>
                <field>SAM_Suspicious_Activity__c.Entity__c</field>
                <operation>equals</operation>
                <value>FBPIL</value>
            </criteriaItems>
            <criteriaItems>
                <field>SAM_Suspicious_Activity__c.Entity__c</field>
                <operation>equals</operation>
                <value>&quot;FBP, FBPIL&quot;</value>
            </criteriaItems>
        </entryCriteria>
        <ifCriteriaNotMet>GotoNextStep</ifCriteriaNotMet>
        <label>Step 1 Has FBPIL</label>
        <name>Step_1_Has_FBPIL</name>
    </approvalStep>
    <approvalStep>
        <allowDelegate>false</allowDelegate>
        <approvalActions>
            <action>
                <name>Time_Stamp_FBP_Approved</name>
                <type>FieldUpdate</type>
            </action>
            <action>
                <name>Update_FBP_Approver</name>
                <type>FieldUpdate</type>
            </action>
        </approvalActions>
        <assignedApprover>
            <approver>
                <name>acaciadeleonrey@fb.com</name>
                <type>user</type>
            </approver>
            <approver>
                <name>carolinac@fb.com</name>
                <type>user</type>
            </approver>
            <approver>
                <name>flawrence@meta.com</name>
                <type>user</type>
            </approver>
            <whenMultipleApprovers>FirstResponse</whenMultipleApprovers>
        </assignedApprover>
        <description>This step takes care of Entity values:
FBP or 
&apos;FBP, FBPIL&apos;</description>
        <entryCriteria>
            <booleanFilter>1 or 2</booleanFilter>
            <criteriaItems>
                <field>SAM_Suspicious_Activity__c.Entity__c</field>
                <operation>equals</operation>
                <value>FBP</value>
            </criteriaItems>
            <criteriaItems>
                <field>SAM_Suspicious_Activity__c.Entity__c</field>
                <operation>equals</operation>
                <value>&quot;FBP, FBPIL&quot;</value>
            </criteriaItems>
        </entryCriteria>
        <label>Step 2 Has FBP</label>
        <name>Step_2_Has_FBP</name>
        <rejectBehavior>
            <type>RejectRequest</type>
        </rejectBehavior>
    </approvalStep>
    <description>T30195355 - Suspicious Activity Report entity based approval process.  
Updated by T48173268

FBPIL approvers: Susan Prendiville, Conor McNulty
FBP approvers:  Sudan Sethuramalingam, Carolina Ceballos, Frank Lawrence</description>
    <emailTemplate>Support_Templates/Suspicious_Activity_approval_email_Template</emailTemplate>
    <enableMobileDeviceAccess>false</enableMobileDeviceAccess>
    <entryCriteria>
        <criteriaItems>
            <field>SAM_Suspicious_Activity__c.RecordType</field>
            <operation>equals</operation>
            <value>Report</value>
        </criteriaItems>
        <criteriaItems>
            <field>SAM_Suspicious_Activity__c.Approved__c</field>
            <operation>equals</operation>
        </criteriaItems>
        <criteriaItems>
            <field>SAM_Suspicious_Activity__c.Entity__c</field>
            <operation>notEqual</operation>
        </criteriaItems>
    </entryCriteria>
    <finalApprovalActions>
        <action>
            <name>Send_Approved_notification_to_Initial_Submitter</name>
            <type>Alert</type>
        </action>
        <action>
            <name>Set_Approved_date</name>
            <type>FieldUpdate</type>
        </action>
        <action>
            <name>Set_the_Approved_to_YES</name>
            <type>FieldUpdate</type>
        </action>
        <action>
            <name>Time_Stamp_Approved</name>
            <type>FieldUpdate</type>
        </action>
    </finalApprovalActions>
    <finalApprovalRecordLock>false</finalApprovalRecordLock>
    <finalRejectionActions>
        <action>
            <name>Clear_Approved</name>
            <type>FieldUpdate</type>
        </action>
        <action>
            <name>Suspicious_Activity_Rejection_Alert_to_Submitter</name>
            <type>Alert</type>
        </action>
    </finalRejectionActions>
    <finalRejectionRecordLock>false</finalRejectionRecordLock>
    <initialSubmissionActions>
        <action>
            <name>Set_Approved_to_Pending</name>
            <type>FieldUpdate</type>
        </action>
        <action>
            <name>Time_Stamp_Submission</name>
            <type>FieldUpdate</type>
        </action>
        <action>
            <name>Update_Initial_Submitter_Email_address</name>
            <type>FieldUpdate</type>
        </action>
    </initialSubmissionActions>
    <label>Suspicious Activity Report Approval</label>
    <processOrder>1</processOrder>
    <recallActions>
        <action>
            <name>Clear_Approved</name>
            <type>FieldUpdate</type>
        </action>
    </recallActions>
    <recordEditability>AdminOnly</recordEditability>
    <showApprovalHistory>true</showApprovalHistory>
</ApprovalProcess>
