<?xml version="1.0" encoding="UTF-8"?>
<ApprovalProcess xmlns="http://soap.sforce.com/2006/04/metadata">
    <active>false</active>
    <allowRecall>false</allowRecall>
    <allowedSubmitters>
        <type>owner</type>
    </allowedSubmitters>
    <approvalPageFields>
        <field>Name</field>
        <field>Owner</field>
        <field>Type__c</field>
        <field>Total_Dollar_Amount__c</field>
    </approvalPageFields>
    <approvalStep>
        <allowDelegate>true</allowDelegate>
        <approvalActions>
            <action>
                <name>Time_Stamp_FBPIL_Approval</name>
                <type>FieldUpdate</type>
            </action>
            <action>
                <name>Update_FBPIL_Approver</name>
                <type>FieldUpdate</type>
            </action>
        </approvalActions>
        <assignedApprover>
            <approver>
                <name>siobhain@fb.com</name>
                <type>user</type>
            </approver>
            <approver>
                <name>susanpw@meta.com</name>
                <type>user</type>
            </approver>
            <whenMultipleApprovers>FirstResponse</whenMultipleApprovers>
        </assignedApprover>
        <description>Approver: Susan Prendiville
Entity = FBPIL
Risk Category: Low, Medium, High
Total Amount: 0 - &gt;200K</description>
        <entryCriteria>
            <criteriaItems>
                <field>SAM_Suspicious_Activity__c.Entity__c</field>
                <operation>equals</operation>
                <value>FBPIL</value>
            </criteriaItems>
        </entryCriteria>
        <ifCriteriaNotMet>GotoNextStep</ifCriteriaNotMet>
        <label>FBPIL Only</label>
        <name>FBPIL_Only</name>
    </approvalStep>
    <approvalStep>
        <allowDelegate>true</allowDelegate>
        <assignedApprover>
            <approver>
                <name>ahiew@fb.com</name>
                <type>user</type>
            </approver>
            <approver>
                <name>nehagour@meta.com</name>
                <type>user</type>
            </approver>
            <whenMultipleApprovers>FirstResponse</whenMultipleApprovers>
        </assignedApprover>
        <description>TA: &lt;= 15K
Risk Category Level: Low
Assignees: Amanda Hiew 
                   Neha Gour</description>
        <entryCriteria>
            <criteriaItems>
                <field>SAM_Suspicious_Activity__c.Entity__c</field>
                <operation>equals</operation>
                <value>FBP</value>
            </criteriaItems>
            <criteriaItems>
                <field>SAM_Suspicious_Activity__c.Total_Dollar_Amount__c</field>
                <operation>lessOrEqual</operation>
                <value>15000</value>
            </criteriaItems>
            <criteriaItems>
                <field>SAM_Suspicious_Activity__c.Risk_Category_Level__c</field>
                <operation>equals</operation>
                <value>Low</value>
            </criteriaItems>
        </entryCriteria>
        <ifCriteriaNotMet>GotoNextStep</ifCriteriaNotMet>
        <label>FBP Only TA &lt;=15K Low Risk</label>
        <name>FBP_Only_TA_15K_Low_Risk</name>
        <rejectBehavior>
            <type>RejectRequest</type>
        </rejectBehavior>
    </approvalStep>
    <approvalStep>
        <allowDelegate>true</allowDelegate>
        <approvalActions>
            <action>
                <name>Time_Stamp_FBP_Approved</name>
                <type>FieldUpdate</type>
            </action>
            <action>
                <name>Update_FBP_Approver</name>
                <type>FieldUpdate</type>
            </action>
        </approvalActions>
        <assignedApprover>
            <approver>
                <name>ahiew@fb.com</name>
                <type>user</type>
            </approver>
            <approver>
                <name>nehagour@meta.com</name>
                <type>user</type>
            </approver>
            <whenMultipleApprovers>FirstResponse</whenMultipleApprovers>
        </assignedApprover>
        <description>Approver: Acacia de Leon
Entity: FBP
Risk Category: Low, Medium
Total Amount: 0 - &lt;= 15K</description>
        <entryCriteria>
            <criteriaItems>
                <field>SAM_Suspicious_Activity__c.Entity__c</field>
                <operation>equals</operation>
                <value>FBP</value>
            </criteriaItems>
            <criteriaItems>
                <field>SAM_Suspicious_Activity__c.Total_Dollar_Amount__c</field>
                <operation>lessOrEqual</operation>
                <value>15000</value>
            </criteriaItems>
            <criteriaItems>
                <field>SAM_Suspicious_Activity__c.Risk_Category_Level__c</field>
                <operation>equals</operation>
                <value>Medium</value>
            </criteriaItems>
        </entryCriteria>
        <ifCriteriaNotMet>GotoNextStep</ifCriteriaNotMet>
        <label>FBP Only TA &lt;=15K Medium Risk</label>
        <name>FBP_Only_RA_LE_15K_Medium_Risk</name>
        <rejectBehavior>
            <type>RejectRequest</type>
        </rejectBehavior>
    </approvalStep>
    <approvalStep>
        <allowDelegate>true</allowDelegate>
        <approvalActions>
            <action>
                <name>Time_Stamp_FBP_Approved</name>
                <type>FieldUpdate</type>
            </action>
            <action>
                <name>Update_FBP_Approver</name>
                <type>FieldUpdate</type>
            </action>
        </approvalActions>
        <assignedApprover>
            <approver>
                <name>flawrence@meta.com</name>
                <type>user</type>
            </approver>
            <whenMultipleApprovers>FirstResponse</whenMultipleApprovers>
        </assignedApprover>
        <description>TA: &lt;=15K
Risk Category Level:  High</description>
        <entryCriteria>
            <criteriaItems>
                <field>SAM_Suspicious_Activity__c.Entity__c</field>
                <operation>equals</operation>
                <value>FBP</value>
            </criteriaItems>
            <criteriaItems>
                <field>SAM_Suspicious_Activity__c.Total_Dollar_Amount__c</field>
                <operation>lessOrEqual</operation>
                <value>15000</value>
            </criteriaItems>
            <criteriaItems>
                <field>SAM_Suspicious_Activity__c.Risk_Category_Level__c</field>
                <operation>equals</operation>
                <value>High</value>
            </criteriaItems>
        </entryCriteria>
        <ifCriteriaNotMet>GotoNextStep</ifCriteriaNotMet>
        <label>FBP Only  TA &lt;=15K High Risk</label>
        <name>FBP_Only_TA_15K_High_Risk</name>
        <rejectBehavior>
            <type>RejectRequest</type>
        </rejectBehavior>
    </approvalStep>
    <approvalStep>
        <allowDelegate>true</allowDelegate>
        <approvalActions>
            <action>
                <name>Time_Stamp_FBP_Approved</name>
                <type>FieldUpdate</type>
            </action>
            <action>
                <name>Update_FBP_Approver</name>
                <type>FieldUpdate</type>
            </action>
        </approvalActions>
        <assignedApprover>
            <approver>
                <name>ahiew@fb.com</name>
                <type>user</type>
            </approver>
            <approver>
                <name>nehagour@meta.com</name>
                <type>user</type>
            </approver>
            <whenMultipleApprovers>FirstResponse</whenMultipleApprovers>
        </assignedApprover>
        <description>Entity: FBP
Total Amount:  &gt; 15K - &lt;= 25K
Risk Category Level: High 
Amanda and Neha</description>
        <entryCriteria>
            <booleanFilter>1 and 2 and 3 and 4</booleanFilter>
            <criteriaItems>
                <field>SAM_Suspicious_Activity__c.Entity__c</field>
                <operation>equals</operation>
                <value>FBP</value>
            </criteriaItems>
            <criteriaItems>
                <field>SAM_Suspicious_Activity__c.Total_Dollar_Amount__c</field>
                <operation>greaterThan</operation>
                <value>15000</value>
            </criteriaItems>
            <criteriaItems>
                <field>SAM_Suspicious_Activity__c.Total_Dollar_Amount__c</field>
                <operation>lessOrEqual</operation>
                <value>25000</value>
            </criteriaItems>
            <criteriaItems>
                <field>SAM_Suspicious_Activity__c.Risk_Category_Level__c</field>
                <operation>equals</operation>
                <value>Low</value>
            </criteriaItems>
        </entryCriteria>
        <ifCriteriaNotMet>GotoNextStep</ifCriteriaNotMet>
        <label>FBP Only. TA 15K-25K Low Risk</label>
        <name>FBP_Only_TA_15K_25K_Low_Risk</name>
        <rejectBehavior>
            <type>RejectRequest</type>
        </rejectBehavior>
    </approvalStep>
    <approvalStep>
        <allowDelegate>true</allowDelegate>
        <approvalActions>
            <action>
                <name>Time_Stamp_FBP_Approved</name>
                <type>FieldUpdate</type>
            </action>
            <action>
                <name>Update_FBP_Approver</name>
                <type>FieldUpdate</type>
            </action>
        </approvalActions>
        <assignedApprover>
            <approver>
                <name>flawrence@meta.com</name>
                <type>user</type>
            </approver>
            <whenMultipleApprovers>FirstResponse</whenMultipleApprovers>
        </assignedApprover>
        <description>Entity: FBP
Total Amount: &gt;=15 &lt;=25K
Risk Category: Medium &amp; High</description>
        <entryCriteria>
            <booleanFilter>1 AND 2 AND 3 AND (4 OR 5)</booleanFilter>
            <criteriaItems>
                <field>SAM_Suspicious_Activity__c.Entity__c</field>
                <operation>equals</operation>
                <value>FBP</value>
            </criteriaItems>
            <criteriaItems>
                <field>SAM_Suspicious_Activity__c.Total_Dollar_Amount__c</field>
                <operation>greaterThan</operation>
                <value>15000</value>
            </criteriaItems>
            <criteriaItems>
                <field>SAM_Suspicious_Activity__c.Total_Dollar_Amount__c</field>
                <operation>lessOrEqual</operation>
                <value>25000</value>
            </criteriaItems>
            <criteriaItems>
                <field>SAM_Suspicious_Activity__c.Risk_Category_Level__c</field>
                <operation>equals</operation>
                <value>Medium</value>
            </criteriaItems>
            <criteriaItems>
                <field>SAM_Suspicious_Activity__c.Risk_Category_Level__c</field>
                <operation>equals</operation>
                <value>High</value>
            </criteriaItems>
        </entryCriteria>
        <ifCriteriaNotMet>GotoNextStep</ifCriteriaNotMet>
        <label>FBP Only  15-25K Medium &amp; High</label>
        <name>FBP_Only_15K_25K_Medium_High</name>
        <rejectBehavior>
            <type>RejectRequest</type>
        </rejectBehavior>
    </approvalStep>
    <approvalStep>
        <allowDelegate>true</allowDelegate>
        <approvalActions>
            <action>
                <name>Time_Stamp_FBP_Approved</name>
                <type>FieldUpdate</type>
            </action>
            <action>
                <name>Update_FBP_Approver</name>
                <type>FieldUpdate</type>
            </action>
        </approvalActions>
        <assignedApprover>
            <approver>
                <name>flawrence@meta.com</name>
                <type>user</type>
            </approver>
            <whenMultipleApprovers>Unanimous</whenMultipleApprovers>
        </assignedApprover>
        <description>Entity = FBP
Total Amount: &gt;25K</description>
        <entryCriteria>
            <criteriaItems>
                <field>SAM_Suspicious_Activity__c.Entity__c</field>
                <operation>equals</operation>
                <value>FBP</value>
            </criteriaItems>
            <criteriaItems>
                <field>SAM_Suspicious_Activity__c.Total_Dollar_Amount__c</field>
                <operation>greaterThan</operation>
                <value>25000</value>
            </criteriaItems>
        </entryCriteria>
        <ifCriteriaNotMet>GotoNextStep</ifCriteriaNotMet>
        <label>FBP Total Amount &gt;25K</label>
        <name>FBP_Total_Amount_25K</name>
        <rejectBehavior>
            <type>RejectRequest</type>
        </rejectBehavior>
    </approvalStep>
    <approvalStep>
        <allowDelegate>true</allowDelegate>
        <approvalActions>
            <action>
                <name>Time_Stamp_FBP_Approved</name>
                <type>FieldUpdate</type>
            </action>
            <action>
                <name>Time_Stamp_FBPIL_Approval</name>
                <type>FieldUpdate</type>
            </action>
            <action>
                <name>Update_FBP_Approver</name>
                <type>FieldUpdate</type>
            </action>
            <action>
                <name>Update_FBPIL_Approver</name>
                <type>FieldUpdate</type>
            </action>
        </approvalActions>
        <assignedApprover>
            <approver>
                <name>siobhain@fb.com</name>
                <type>user</type>
            </approver>
            <approver>
                <name>susanpw@meta.com</name>
                <type>user</type>
            </approver>
            <whenMultipleApprovers>FirstResponse</whenMultipleApprovers>
        </assignedApprover>
        <description>Entity =  RBP &amp; FBPIL
Total Amount = LT 15000
Risk Category Level = Low</description>
        <entryCriteria>
            <criteriaItems>
                <field>SAM_Suspicious_Activity__c.Entity__c</field>
                <operation>equals</operation>
                <value>&quot;FBP, FBPIL&quot;</value>
            </criteriaItems>
            <criteriaItems>
                <field>SAM_Suspicious_Activity__c.Total_Dollar_Amount__c</field>
                <operation>lessOrEqual</operation>
                <value>15000</value>
            </criteriaItems>
            <criteriaItems>
                <field>SAM_Suspicious_Activity__c.Risk_Category_Level__c</field>
                <operation>equals</operation>
                <value>Low</value>
            </criteriaItems>
        </entryCriteria>
        <ifCriteriaNotMet>GotoNextStep</ifCriteriaNotMet>
        <label>FBP &amp; FBPIL &lt;= 15000 Low Risk</label>
        <name>FBP_FBPIL_15000_Low_Risk</name>
        <rejectBehavior>
            <type>RejectRequest</type>
        </rejectBehavior>
    </approvalStep>
    <approvalStep>
        <allowDelegate>true</allowDelegate>
        <approvalActions>
            <action>
                <name>Time_Stamp_FBP_Approved</name>
                <type>FieldUpdate</type>
            </action>
            <action>
                <name>Time_Stamp_FBPIL_Approval</name>
                <type>FieldUpdate</type>
            </action>
            <action>
                <name>Update_FBP_Approver</name>
                <type>FieldUpdate</type>
            </action>
            <action>
                <name>Update_FBPIL_Approver</name>
                <type>FieldUpdate</type>
            </action>
        </approvalActions>
        <assignedApprover>
            <approver>
                <name>ahiew@fb.com</name>
                <type>user</type>
            </approver>
            <approver>
                <name>nehagour@meta.com</name>
                <type>user</type>
            </approver>
            <approver>
                <name>siobhain@fb.com</name>
                <type>user</type>
            </approver>
            <approver>
                <name>susanpw@meta.com</name>
                <type>user</type>
            </approver>
            <whenMultipleApprovers>Unanimous</whenMultipleApprovers>
        </assignedApprover>
        <description>Entity =  RBP &amp; FBPIL
Total Amount = LT 15000
Risk Category Level = Medium</description>
        <entryCriteria>
            <criteriaItems>
                <field>SAM_Suspicious_Activity__c.Entity__c</field>
                <operation>equals</operation>
                <value>&quot;FBP, FBPIL&quot;</value>
            </criteriaItems>
            <criteriaItems>
                <field>SAM_Suspicious_Activity__c.Total_Dollar_Amount__c</field>
                <operation>lessOrEqual</operation>
                <value>15000</value>
            </criteriaItems>
            <criteriaItems>
                <field>SAM_Suspicious_Activity__c.Risk_Category_Level__c</field>
                <operation>equals</operation>
                <value>Medium</value>
            </criteriaItems>
        </entryCriteria>
        <ifCriteriaNotMet>GotoNextStep</ifCriteriaNotMet>
        <label>FBP &amp; FBPIL TA &lt;=15000, Medium Risk</label>
        <name>FBP_FBPIL_TA_15000_Medium_Risk</name>
        <rejectBehavior>
            <type>RejectRequest</type>
        </rejectBehavior>
    </approvalStep>
    <approvalStep>
        <allowDelegate>true</allowDelegate>
        <approvalActions>
            <action>
                <name>Time_Stamp_FBP_Approved</name>
                <type>FieldUpdate</type>
            </action>
            <action>
                <name>Time_Stamp_FBPIL_Approval</name>
                <type>FieldUpdate</type>
            </action>
            <action>
                <name>Update_FBP_Approver</name>
                <type>FieldUpdate</type>
            </action>
            <action>
                <name>Update_FBPIL_Approver</name>
                <type>FieldUpdate</type>
            </action>
        </approvalActions>
        <assignedApprover>
            <approver>
                <name>flawrence@meta.com</name>
                <type>user</type>
            </approver>
            <approver>
                <name>siobhain@fb.com</name>
                <type>user</type>
            </approver>
            <approver>
                <name>susanpw@meta.com</name>
                <type>user</type>
            </approver>
            <whenMultipleApprovers>Unanimous</whenMultipleApprovers>
        </assignedApprover>
        <description>Entity =  RBP &amp; FBPIL
Total Amount = LT 15000
Risk Category Level = High</description>
        <entryCriteria>
            <criteriaItems>
                <field>SAM_Suspicious_Activity__c.Entity__c</field>
                <operation>equals</operation>
                <value>&quot;FBP, FBPIL&quot;</value>
            </criteriaItems>
            <criteriaItems>
                <field>SAM_Suspicious_Activity__c.Total_Dollar_Amount__c</field>
                <operation>lessOrEqual</operation>
                <value>15000</value>
            </criteriaItems>
            <criteriaItems>
                <field>SAM_Suspicious_Activity__c.Risk_Category_Level__c</field>
                <operation>equals</operation>
                <value>High</value>
            </criteriaItems>
        </entryCriteria>
        <ifCriteriaNotMet>GotoNextStep</ifCriteriaNotMet>
        <label>FBP &amp; FBPIL TA &lt;= 15000, High Risk</label>
        <name>FBP_FBPIL_TA_15000_High_Risk</name>
        <rejectBehavior>
            <type>RejectRequest</type>
        </rejectBehavior>
    </approvalStep>
    <approvalStep>
        <allowDelegate>true</allowDelegate>
        <approvalActions>
            <action>
                <name>Time_Stamp_FBP_Approved</name>
                <type>FieldUpdate</type>
            </action>
            <action>
                <name>Time_Stamp_FBPIL_Approval</name>
                <type>FieldUpdate</type>
            </action>
            <action>
                <name>Update_FBP_Approver</name>
                <type>FieldUpdate</type>
            </action>
            <action>
                <name>Update_FBPIL_Approver</name>
                <type>FieldUpdate</type>
            </action>
        </approvalActions>
        <assignedApprover>
            <approver>
                <name>ahiew@fb.com</name>
                <type>user</type>
            </approver>
            <approver>
                <name>nehagour@meta.com</name>
                <type>user</type>
            </approver>
            <approver>
                <name>siobhain@fb.com</name>
                <type>user</type>
            </approver>
            <approver>
                <name>susanpw@meta.com</name>
                <type>user</type>
            </approver>
            <whenMultipleApprovers>Unanimous</whenMultipleApprovers>
        </assignedApprover>
        <description>Entity =  RBP &amp; FBPIL
Total Amount = 15000-25000
Risk Category Level = Low</description>
        <entryCriteria>
            <criteriaItems>
                <field>SAM_Suspicious_Activity__c.Entity__c</field>
                <operation>equals</operation>
                <value>&quot;FBP, FBPIL&quot;</value>
            </criteriaItems>
            <criteriaItems>
                <field>SAM_Suspicious_Activity__c.Total_Dollar_Amount__c</field>
                <operation>greaterThan</operation>
                <value>15000</value>
            </criteriaItems>
            <criteriaItems>
                <field>SAM_Suspicious_Activity__c.Total_Dollar_Amount__c</field>
                <operation>lessOrEqual</operation>
                <value>25000</value>
            </criteriaItems>
            <criteriaItems>
                <field>SAM_Suspicious_Activity__c.Risk_Category_Level__c</field>
                <operation>equals</operation>
                <value>Low</value>
            </criteriaItems>
        </entryCriteria>
        <ifCriteriaNotMet>GotoNextStep</ifCriteriaNotMet>
        <label>FBP &amp; FBPIL 15000 - 25000 Low Risk</label>
        <name>FBP_FBPIL_15000_25000_Low_Risk</name>
        <rejectBehavior>
            <type>RejectRequest</type>
        </rejectBehavior>
    </approvalStep>
    <approvalStep>
        <allowDelegate>true</allowDelegate>
        <approvalActions>
            <action>
                <name>Time_Stamp_FBP_Approved</name>
                <type>FieldUpdate</type>
            </action>
            <action>
                <name>Time_Stamp_FBPIL_Approval</name>
                <type>FieldUpdate</type>
            </action>
            <action>
                <name>Update_FBP_Approver</name>
                <type>FieldUpdate</type>
            </action>
            <action>
                <name>Update_FBPIL_Approver</name>
                <type>FieldUpdate</type>
            </action>
        </approvalActions>
        <assignedApprover>
            <approver>
                <name>flawrence@meta.com</name>
                <type>user</type>
            </approver>
            <approver>
                <name>siobhain@fb.com</name>
                <type>user</type>
            </approver>
            <approver>
                <name>susanpw@meta.com</name>
                <type>user</type>
            </approver>
            <whenMultipleApprovers>Unanimous</whenMultipleApprovers>
        </assignedApprover>
        <description>Entity =  RBP &amp; FBPIL
Total Amount = 15000-25000
Risk Category Level = High</description>
        <entryCriteria>
            <booleanFilter>1 AND 2 AND 3 AND (4 OR 5)</booleanFilter>
            <criteriaItems>
                <field>SAM_Suspicious_Activity__c.Entity__c</field>
                <operation>equals</operation>
                <value>&quot;FBP, FBPIL&quot;</value>
            </criteriaItems>
            <criteriaItems>
                <field>SAM_Suspicious_Activity__c.Total_Dollar_Amount__c</field>
                <operation>greaterThan</operation>
                <value>15000</value>
            </criteriaItems>
            <criteriaItems>
                <field>SAM_Suspicious_Activity__c.Total_Dollar_Amount__c</field>
                <operation>lessOrEqual</operation>
                <value>25000</value>
            </criteriaItems>
            <criteriaItems>
                <field>SAM_Suspicious_Activity__c.Risk_Category_Level__c</field>
                <operation>equals</operation>
                <value>Medium</value>
            </criteriaItems>
            <criteriaItems>
                <field>SAM_Suspicious_Activity__c.Risk_Category_Level__c</field>
                <operation>equals</operation>
                <value>High</value>
            </criteriaItems>
        </entryCriteria>
        <ifCriteriaNotMet>GotoNextStep</ifCriteriaNotMet>
        <label>FBP &amp; FBPIL 15000 - 25000 Medium or High RIsk</label>
        <name>FBP_FBPIL_15000_25000_Medium_High_Risk</name>
        <rejectBehavior>
            <type>RejectRequest</type>
        </rejectBehavior>
    </approvalStep>
    <approvalStep>
        <allowDelegate>true</allowDelegate>
        <approvalActions>
            <action>
                <name>Time_Stamp_FBP_Approved</name>
                <type>FieldUpdate</type>
            </action>
            <action>
                <name>Time_Stamp_FBPIL_Approval</name>
                <type>FieldUpdate</type>
            </action>
            <action>
                <name>Update_FBP_Approver</name>
                <type>FieldUpdate</type>
            </action>
            <action>
                <name>Update_FBPIL_Approver</name>
                <type>FieldUpdate</type>
            </action>
        </approvalActions>
        <assignedApprover>
            <approver>
                <name>flawrence@meta.com</name>
                <type>user</type>
            </approver>
            <approver>
                <name>siobhain@fb.com</name>
                <type>user</type>
            </approver>
            <approver>
                <name>susanpw@meta.com</name>
                <type>user</type>
            </approver>
            <whenMultipleApprovers>Unanimous</whenMultipleApprovers>
        </assignedApprover>
        <description>Entity =  RBP &amp; FBPIL
Total Amount = GT 25000
Risk Category Level = ALL</description>
        <entryCriteria>
            <criteriaItems>
                <field>SAM_Suspicious_Activity__c.Entity__c</field>
                <operation>equals</operation>
                <value>&quot;FBP, FBPIL&quot;</value>
            </criteriaItems>
            <criteriaItems>
                <field>SAM_Suspicious_Activity__c.Total_Dollar_Amount__c</field>
                <operation>greaterThan</operation>
                <value>25000</value>
            </criteriaItems>
        </entryCriteria>
        <label>FBP &amp; FBPIL TA &gt;25000</label>
        <name>FBP_FBPIL_TA_25000</name>
        <rejectBehavior>
            <type>RejectRequest</type>
        </rejectBehavior>
    </approvalStep>
    <description>T30195355 - Suspicious Activity Report entity based approval process.  
Updated per T48173268

FBPIL approvers: Susan Prendiville, Conor McNulty
FBP approvers:  Sudan Sethuramalingam, Carolina Ceballos, Frank Lawrence</description>
    <emailTemplate>Support_Templates/Suspicious_Activity_approval_email_Template</emailTemplate>
    <enableMobileDeviceAccess>false</enableMobileDeviceAccess>
    <entryCriteria>
        <booleanFilter>1 AND 2 AND 3 AND 4 AND 5 and NOT (6 and 7 and 8)</booleanFilter>
        <criteriaItems>
            <field>SAM_Suspicious_Activity__c.RecordType</field>
            <operation>equals</operation>
            <value>Report</value>
        </criteriaItems>
        <criteriaItems>
            <field>SAM_Suspicious_Activity__c.Approved__c</field>
            <operation>equals</operation>
        </criteriaItems>
        <criteriaItems>
            <field>SAM_Suspicious_Activity__c.Entity__c</field>
            <operation>notEqual</operation>
        </criteriaItems>
        <criteriaItems>
            <field>SAM_Suspicious_Activity__c.Type__c</field>
            <operation>notEqual</operation>
        </criteriaItems>
        <criteriaItems>
            <field>SAM_Suspicious_Activity__c.Total_Dollar_Amount__c</field>
            <operation>notEqual</operation>
        </criteriaItems>
        <criteriaItems>
            <field>SAM_Suspicious_Activity__c.Entity__c</field>
            <operation>equals</operation>
            <value>FBP</value>
        </criteriaItems>
        <criteriaItems>
            <field>SAM_Suspicious_Activity__c.Total_Dollar_Amount__c</field>
            <operation>lessOrEqual</operation>
            <value>15000</value>
        </criteriaItems>
        <criteriaItems>
            <field>SAM_Suspicious_Activity__c.Risk_Category_Level__c</field>
            <operation>equals</operation>
            <value>Low</value>
        </criteriaItems>
    </entryCriteria>
    <finalApprovalActions>
        <action>
            <name>Send_Approved_notification_to_Initial_Submitter</name>
            <type>Alert</type>
        </action>
        <action>
            <name>Set_Approved_date</name>
            <type>FieldUpdate</type>
        </action>
        <action>
            <name>Set_the_Approved_to_YES</name>
            <type>FieldUpdate</type>
        </action>
        <action>
            <name>Time_Stamp_Approved</name>
            <type>FieldUpdate</type>
        </action>
    </finalApprovalActions>
    <finalApprovalRecordLock>false</finalApprovalRecordLock>
    <finalRejectionActions>
        <action>
            <name>Clear_Approved</name>
            <type>FieldUpdate</type>
        </action>
        <action>
            <name>Suspicious_Activity_Rejection_Alert_to_Submitter</name>
            <type>Alert</type>
        </action>
    </finalRejectionActions>
    <finalRejectionRecordLock>false</finalRejectionRecordLock>
    <initialSubmissionActions>
        <action>
            <name>Set_Approved_to_Pending</name>
            <type>FieldUpdate</type>
        </action>
        <action>
            <name>Time_Stamp_Submission</name>
            <type>FieldUpdate</type>
        </action>
        <action>
            <name>Update_Initial_Submitter_Email_address</name>
            <type>FieldUpdate</type>
        </action>
    </initialSubmissionActions>
    <label>SAR Tiered v2</label>
    <processOrder>2</processOrder>
    <recallActions>
        <action>
            <name>Clear_Approved</name>
            <type>FieldUpdate</type>
        </action>
    </recallActions>
    <recordEditability>AdminOnly</recordEditability>
    <showApprovalHistory>true</showApprovalHistory>
</ApprovalProcess>
