<?xml version="1.0" encoding="UTF-8"?>
<ApprovalProcess xmlns="http://soap.sforce.com/2006/04/metadata">
    <active>false</active>
    <allowRecall>false</allowRecall>
    <allowedSubmitters>
        <type>owner</type>
    </allowedSubmitters>
    <approvalPageFields>
        <field>Name</field>
        <field>Owner</field>
    </approvalPageFields>
    <approvalStep>
        <allowDelegate>false</allowDelegate>
        <assignedApprover>
            <approver>
                <name>carolinac@fb.com</name>
                <type>user</type>
            </approver>
            <approver>
                <name>flawrence@meta.com</name>
                <type>user</type>
            </approver>
            <approver>
                <name>mcnultyc@fb.com</name>
                <type>user</type>
            </approver>
            <approver>
                <name>sudan@fb.com</name>
                <type>user</type>
            </approver>
            <approver>
                <name>susanpw@meta.com</name>
                <type>user</type>
            </approver>
            <whenMultipleApprovers>FirstResponse</whenMultipleApprovers>
        </assignedApprover>
        <description>This step takes care of entity type: 
FBPIL or 
&quot;FBP, FBPIL&quot; combined</description>
        <entryCriteria>
            <booleanFilter>1 or 2</booleanFilter>
            <criteriaItems>
                <field>SAM_Suspicious_Activity__c.Entity__c</field>
                <operation>equals</operation>
                <value>FBPIL</value>
            </criteriaItems>
            <criteriaItems>
                <field>SAM_Suspicious_Activity__c.Entity__c</field>
                <operation>equals</operation>
                <value>&quot;FBP, FBPIL&quot;</value>
            </criteriaItems>
        </entryCriteria>
        <ifCriteriaNotMet>RejectRecord</ifCriteriaNotMet>
        <label>Step 1 Has FBPIL</label>
        <name>Step_1_Has_FBPIL</name>
    </approvalStep>
    <description>Approval Process for Suspicious Activity Object. T29485834 -approvers added 
updated by T48173268</description>
    <emailTemplate>Support_Templates/Suspicious_Activity_approval_email_Template</emailTemplate>
    <enableMobileDeviceAccess>false</enableMobileDeviceAccess>
    <entryCriteria>
        <criteriaItems>
            <field>SAM_Suspicious_Activity__c.RecordType</field>
            <operation>equals</operation>
            <value>Report</value>
        </criteriaItems>
        <criteriaItems>
            <field>SAM_Suspicious_Activity__c.CreatedDate</field>
            <operation>notEqual</operation>
        </criteriaItems>
        <criteriaItems>
            <field>SAM_Suspicious_Activity__c.Entity__c</field>
            <operation>notEqual</operation>
        </criteriaItems>
    </entryCriteria>
    <finalApprovalActions>
        <action>
            <name>Send_Approved_notification_to_Initial_Submitter</name>
            <type>Alert</type>
        </action>
        <action>
            <name>Set_Approved_date</name>
            <type>FieldUpdate</type>
        </action>
        <action>
            <name>Set_the_Approved_to_YES</name>
            <type>FieldUpdate</type>
        </action>
    </finalApprovalActions>
    <finalApprovalRecordLock>false</finalApprovalRecordLock>
    <finalRejectionRecordLock>false</finalRejectionRecordLock>
    <initialSubmissionActions>
        <action>
            <name>Update_Initial_Submitter_Email_address</name>
            <type>FieldUpdate</type>
        </action>
    </initialSubmissionActions>
    <label>Suspicious Activity Approval</label>
    <processOrder>1</processOrder>
    <recordEditability>AdminOnly</recordEditability>
    <showApprovalHistory>true</showApprovalHistory>
</ApprovalProcess>
