<?xml version="1.0" encoding="UTF-8"?>
<ApprovalProcess xmlns="http://soap.sforce.com/2006/04/metadata">
    <active>false</active>
    <allowRecall>false</allowRecall>
    <allowedSubmitters>
        <type>owner</type>
    </allowedSubmitters>
    <approvalPageFields>
        <field>Name</field>
        <field>Owner</field>
        <field>Type__c</field>
        <field>Total_Dollar_Amount__c</field>
    </approvalPageFields>
    <approvalStep>
        <allowDelegate>true</allowDelegate>
        <approvalActions>
            <action>
                <name>Time_Stamp_FBPIL_Approval</name>
                <type>FieldUpdate</type>
            </action>
            <action>
                <name>Update_FBPIL_Approver</name>
                <type>FieldUpdate</type>
            </action>
        </approvalActions>
        <assignedApprover>
            <approver>
                <name>siobhain@fb.com</name>
                <type>user</type>
            </approver>
            <approver>
                <name>susanpw@meta.com</name>
                <type>user</type>
            </approver>
            <whenMultipleApprovers>FirstResponse</whenMultipleApprovers>
        </assignedApprover>
        <description>Approver: Susan Prendiville
Entity = FBPIL
Risk Category: Low, Medium, High
Total Amount: 0 - &gt;200K</description>
        <entryCriteria>
            <criteriaItems>
                <field>SAM_Suspicious_Activity__c.Entity__c</field>
                <operation>equals</operation>
                <value>FBPIL</value>
            </criteriaItems>
        </entryCriteria>
        <ifCriteriaNotMet>GotoNextStep</ifCriteriaNotMet>
        <label>Step 1 FBPIL Only</label>
        <name>Step_1_FBPIL_Only</name>
    </approvalStep>
    <approvalStep>
        <allowDelegate>true</allowDelegate>
        <approvalActions>
            <action>
                <name>Time_Stamp_FBP_Approved</name>
                <type>FieldUpdate</type>
            </action>
            <action>
                <name>Update_FBP_Approver</name>
                <type>FieldUpdate</type>
            </action>
        </approvalActions>
        <assignedApprover>
            <approver>
                <name>acaciadeleonrey@fb.com</name>
                <type>user</type>
            </approver>
            <approver>
                <name>flawrence@meta.com</name>
                <type>user</type>
            </approver>
            <approver>
                <name>robertreddin@fb.com</name>
                <type>user</type>
            </approver>
            <whenMultipleApprovers>FirstResponse</whenMultipleApprovers>
        </assignedApprover>
        <description>Approver: Acacia de Leon
Entity: FBP
Risk Category: Low, Medium
Total Amount: 0 - &lt;= 15K</description>
        <entryCriteria>
            <formula>TEXT(Entity__c) = &apos;FBP&apos; &amp;&amp;
Total_Dollar_Amount__c &lt;= 15000 &amp;&amp;
AND(
        NOT(INCLUDES(Type__c ,&apos;Child Exploitation&apos;)),
        NOT(INCLUDES(Type__c, &apos;Drugs&apos;)),
        NOT(INCLUDES(Type__c,&apos;Extortion/Sextortion&apos;)),
        NOT(INCLUDES(Type__c,&apos;Firearms&apos;)),
        NOT(INCLUDES(Type__c,&apos;Unregistered MSB&apos;)),
        NOT(INCLUDES(Type__c,&apos;Weapons (excluding guns)&apos;)),
        NOT(INCLUDES(Type__c,&apos;PEP Match&apos;)),
        NOT(INCLUDES(Type__c,&apos;Sanction hard match&apos;)),
        NOT(INCLUDES(Type__c,&apos;Negative News Match&apos;)),
        NOT(INCLUDES(Type__c,&apos;Terrorism&apos;))
        )</formula>
        </entryCriteria>
        <ifCriteriaNotMet>GotoNextStep</ifCriteriaNotMet>
        <label>Step 2 FBP Only TA &lt;=15K RC LM</label>
        <name>Step_2_FBP_Only_RA_LE_15K_TC_LM</name>
        <rejectBehavior>
            <type>RejectRequest</type>
        </rejectBehavior>
    </approvalStep>
    <approvalStep>
        <allowDelegate>true</allowDelegate>
        <approvalActions>
            <action>
                <name>Time_Stamp_FBP_Approved</name>
                <type>FieldUpdate</type>
            </action>
            <action>
                <name>Update_FBP_Approver</name>
                <type>FieldUpdate</type>
            </action>
        </approvalActions>
        <assignedApprover>
            <approver>
                <name>flawrence@meta.com</name>
                <type>user</type>
            </approver>
            <approver>
                <name>robertreddin@fb.com</name>
                <type>user</type>
            </approver>
            <whenMultipleApprovers>FirstResponse</whenMultipleApprovers>
        </assignedApprover>
        <description>TA: &lt;=15K
RC: High</description>
        <entryCriteria>
            <criteriaItems>
                <field>SAM_Suspicious_Activity__c.Entity__c</field>
                <operation>equals</operation>
                <value>FBP</value>
            </criteriaItems>
            <criteriaItems>
                <field>SAM_Suspicious_Activity__c.Type__c</field>
                <operation>includes</operation>
                <value>Child Exploitation,Drugs,Extortion/Sextortion,Firearms,Unregistered MSB,Weapons (excluding guns),PEP Match,Sanction hard match,Negative News Match,Terrorism</value>
            </criteriaItems>
            <criteriaItems>
                <field>SAM_Suspicious_Activity__c.Total_Dollar_Amount__c</field>
                <operation>lessOrEqual</operation>
                <value>15000</value>
            </criteriaItems>
        </entryCriteria>
        <ifCriteriaNotMet>GotoNextStep</ifCriteriaNotMet>
        <label>Step 3: FBP TA &lt;=15K RC High</label>
        <name>Step_3_FBP_TA_15K_RC_High</name>
        <rejectBehavior>
            <type>RejectRequest</type>
        </rejectBehavior>
    </approvalStep>
    <approvalStep>
        <allowDelegate>true</allowDelegate>
        <approvalActions>
            <action>
                <name>Time_Stamp_FBP_Approved</name>
                <type>FieldUpdate</type>
            </action>
            <action>
                <name>Update_FBP_Approver</name>
                <type>FieldUpdate</type>
            </action>
        </approvalActions>
        <assignedApprover>
            <approver>
                <name>flawrence@meta.com</name>
                <type>user</type>
            </approver>
            <approver>
                <name>robertreddin@fb.com</name>
                <type>user</type>
            </approver>
            <whenMultipleApprovers>FirstResponse</whenMultipleApprovers>
        </assignedApprover>
        <description>Entity: FBP
Total Amount:  &gt; 15K - &lt;= 200K
Risk Category: Low, Medium, High (&lt;=200K)
Rob and Frank</description>
        <entryCriteria>
            <booleanFilter>1 and 2 and 3 and (4 or 5)</booleanFilter>
            <criteriaItems>
                <field>SAM_Suspicious_Activity__c.Entity__c</field>
                <operation>equals</operation>
                <value>FBP</value>
            </criteriaItems>
            <criteriaItems>
                <field>SAM_Suspicious_Activity__c.Total_Dollar_Amount__c</field>
                <operation>greaterThan</operation>
                <value>15000</value>
            </criteriaItems>
            <criteriaItems>
                <field>SAM_Suspicious_Activity__c.Total_Dollar_Amount__c</field>
                <operation>lessOrEqual</operation>
                <value>200000</value>
            </criteriaItems>
            <criteriaItems>
                <field>SAM_Suspicious_Activity__c.Type__c</field>
                <operation>includes</operation>
                <value>Prostitution,Virtual Currency,Exotic/wildlife sales,Child Exploitation,Drugs,Extortion/Sextortion,Firearms,Unregistered MSB,Weapons (excluding guns),PEP Match,Sanction hard match,Negative News Match,Terrorism</value>
            </criteriaItems>
            <criteriaItems>
                <field>SAM_Suspicious_Activity__c.Type__c</field>
                <operation>includes</operation>
                <value>ATO,CC Fraud/SFI,Chargeback,Fraud Scam/Scheme,Gambling (ie. Fantasy Football),Multiple Accounts,P2P Business,Raffles,Rewards Abuse,Unusual Transactions,Large transactions,Nude pics/Pornography,Other</value>
            </criteriaItems>
        </entryCriteria>
        <ifCriteriaNotMet>GotoNextStep</ifCriteriaNotMet>
        <label>Step 3 FBP Only. TA 15K-200K RC LMH</label>
        <name>Step_3_FBP_Only_TA_GT_15K_LT_200K_RC_LMH</name>
        <rejectBehavior>
            <type>RejectRequest</type>
        </rejectBehavior>
    </approvalStep>
    <approvalStep>
        <allowDelegate>true</allowDelegate>
        <approvalActions>
            <action>
                <name>Time_Stamp_FBP_Approved</name>
                <type>FieldUpdate</type>
            </action>
            <action>
                <name>Update_FBP_Approver</name>
                <type>FieldUpdate</type>
            </action>
        </approvalActions>
        <assignedApprover>
            <approver>
                <name>flawrence@meta.com</name>
                <type>user</type>
            </approver>
            <approver>
                <name>robertreddin@fb.com</name>
                <type>user</type>
            </approver>
            <whenMultipleApprovers>FirstResponse</whenMultipleApprovers>
        </assignedApprover>
        <description>Entity: FBP
Total Amount: &gt;200K
Risk Category: Low, Medium</description>
        <entryCriteria>
            <formula>TEXT(Entity__c) = &apos;FBP&apos; &amp;&amp;
Total_Dollar_Amount__c &gt; 200000 &amp;&amp;
AND(
        NOT(INCLUDES(Type__c ,&apos;Child Exploitation&apos;)),
        NOT(INCLUDES(Type__c, &apos;Drugs&apos;)),
        NOT(INCLUDES(Type__c,&apos;Extortion/Sextortion&apos;)),
        NOT(INCLUDES(Type__c,&apos;Firearms&apos;)),
        NOT(INCLUDES(Type__c,&apos;Unregistered MSB&apos;)),
        NOT(INCLUDES(Type__c,&apos;Weapons (excluding guns)&apos;)),
        NOT(INCLUDES(Type__c,&apos;PEP Match&apos;)),
        NOT(INCLUDES(Type__c,&apos;Sanction hard match&apos;)),
        NOT(INCLUDES(Type__c,&apos;Negative News Match&apos;)),
        NOT(INCLUDES(Type__c,&apos;Terrorism&apos;))
        )</formula>
        </entryCriteria>
        <ifCriteriaNotMet>GotoNextStep</ifCriteriaNotMet>
        <label>Step 4 FBP Only. TA &gt;200K RC LM</label>
        <name>Step_4_FBP_Only_TA_200K_RC_LM</name>
        <rejectBehavior>
            <type>RejectRequest</type>
        </rejectBehavior>
    </approvalStep>
    <approvalStep>
        <allowDelegate>false</allowDelegate>
        <approvalActions>
            <action>
                <name>Time_Stamp_FBP_Approved</name>
                <type>FieldUpdate</type>
            </action>
            <action>
                <name>Update_FBP_Approver</name>
                <type>FieldUpdate</type>
            </action>
        </approvalActions>
        <assignedApprover>
            <approver>
                <name>flawrence@meta.com</name>
                <type>user</type>
            </approver>
            <whenMultipleApprovers>Unanimous</whenMultipleApprovers>
        </assignedApprover>
        <description>Entity = FBP
Total Amount: &gt;200K
Risk Category: High</description>
        <entryCriteria>
            <criteriaItems>
                <field>SAM_Suspicious_Activity__c.Entity__c</field>
                <operation>equals</operation>
                <value>FBP</value>
            </criteriaItems>
            <criteriaItems>
                <field>SAM_Suspicious_Activity__c.Total_Dollar_Amount__c</field>
                <operation>greaterThan</operation>
                <value>200000</value>
            </criteriaItems>
            <criteriaItems>
                <field>SAM_Suspicious_Activity__c.Type__c</field>
                <operation>includes</operation>
                <value>Child Exploitation,Drugs,Extortion/Sextortion,Firearms,Unregistered MSB,Weapons (excluding guns),PEP Match,Sanction hard match,Negative News Match,Terrorism</value>
            </criteriaItems>
        </entryCriteria>
        <ifCriteriaNotMet>GotoNextStep</ifCriteriaNotMet>
        <label>Step 5 FBP TA &gt;200K RC High</label>
        <name>Step_5_FBP_TA_200K_RC_High</name>
        <rejectBehavior>
            <type>RejectRequest</type>
        </rejectBehavior>
    </approvalStep>
    <approvalStep>
        <allowDelegate>true</allowDelegate>
        <approvalActions>
            <action>
                <name>Time_Stamp_FBP_Approved</name>
                <type>FieldUpdate</type>
            </action>
            <action>
                <name>Time_Stamp_FBPIL_Approval</name>
                <type>FieldUpdate</type>
            </action>
            <action>
                <name>Update_FBP_Approver</name>
                <type>FieldUpdate</type>
            </action>
            <action>
                <name>Update_FBPIL_Approver</name>
                <type>FieldUpdate</type>
            </action>
        </approvalActions>
        <assignedApprover>
            <approver>
                <name>acaciadeleonrey@fb.com</name>
                <type>user</type>
            </approver>
            <approver>
                <name>siobhain@fb.com</name>
                <type>user</type>
            </approver>
            <approver>
                <name>susanpw@meta.com</name>
                <type>user</type>
            </approver>
            <whenMultipleApprovers>Unanimous</whenMultipleApprovers>
        </assignedApprover>
        <description>Entity: &apos;FBP, FBPIL&apos; 
Total Amount: &lt;=15K
Risk Category: Low, Medium</description>
        <entryCriteria>
            <formula>TEXT(Entity__c) = &apos;FBP, FBPIL&apos; &amp;&amp;
Total_Dollar_Amount__c &lt;= 15000 &amp;&amp;
AND(
        NOT(INCLUDES(Type__c ,&apos;Child Exploitation&apos;)),
        NOT(INCLUDES(Type__c, &apos;Drugs&apos;)),
        NOT(INCLUDES(Type__c,&apos;Extortion/Sextortion&apos;)),
        NOT(INCLUDES(Type__c,&apos;Firearms&apos;)),
        NOT(INCLUDES(Type__c,&apos;Unregistered MSB&apos;)),
        NOT(INCLUDES(Type__c,&apos;Weapons (excluding guns)&apos;)),
        NOT(INCLUDES(Type__c,&apos;PEP Match&apos;)),
        NOT(INCLUDES(Type__c,&apos;Sanction hard match&apos;)),
        NOT(INCLUDES(Type__c,&apos;Negative News Match&apos;)),
        NOT(INCLUDES(Type__c,&apos;Terrorism&apos;))
        )</formula>
        </entryCriteria>
        <ifCriteriaNotMet>GotoNextStep</ifCriteriaNotMet>
        <label>Step 6 FBP, FBPIL. TA &lt;=15K RC LM</label>
        <name>Step_6_FBP_FBPIL_TA_15K_RC_LM</name>
        <rejectBehavior>
            <type>RejectRequest</type>
        </rejectBehavior>
    </approvalStep>
    <approvalStep>
        <allowDelegate>true</allowDelegate>
        <approvalActions>
            <action>
                <name>Time_Stamp_FBP_Approved</name>
                <type>FieldUpdate</type>
            </action>
            <action>
                <name>Time_Stamp_FBPIL_Approval</name>
                <type>FieldUpdate</type>
            </action>
            <action>
                <name>Update_FBP_Approver</name>
                <type>FieldUpdate</type>
            </action>
            <action>
                <name>Update_FBPIL_Approver</name>
                <type>FieldUpdate</type>
            </action>
        </approvalActions>
        <assignedApprover>
            <approver>
                <name>robertreddin@fb.com</name>
                <type>user</type>
            </approver>
            <approver>
                <name>siobhain@fb.com</name>
                <type>user</type>
            </approver>
            <approver>
                <name>susanpw@meta.com</name>
                <type>user</type>
            </approver>
            <whenMultipleApprovers>Unanimous</whenMultipleApprovers>
        </assignedApprover>
        <entryCriteria>
            <formula>TEXT(Entity__c) = &quot;FBP, FBPIL&quot; &amp;&amp;
Total_Dollar_Amount__c &lt;= 15000 &amp;&amp;
OR(
        INCLUDES(Type__c ,&apos;Child Exploitation&apos;),
        INCLUDES(Type__c, &apos;Drugs&apos;),
        INCLUDES(Type__c,&apos;Extortion/Sextortion&apos;),
        INCLUDES(Type__c,&apos;Firearms&apos;),
        INCLUDES(Type__c,&apos;Unregistered MSB&apos;),
        INCLUDES(Type__c,&apos;Weapons (excluding guns&apos;),
        INCLUDES(Type__c,&apos;PEP Match&apos;),
        INCLUDES(Type__c,&apos;Sanction hard match&apos;),
        INCLUDES(Type__c,&apos;Negative News Match&apos;),
        INCLUDES(Type__c,&apos;Terrorism&apos;)
        )</formula>
        </entryCriteria>
        <ifCriteriaNotMet>GotoNextStep</ifCriteriaNotMet>
        <label>Step 8 FBP,FBPIL TA &lt;=15K RC High</label>
        <name>Step_8_FBP_FBPIL_TA_15K_RC_High</name>
        <rejectBehavior>
            <type>RejectRequest</type>
        </rejectBehavior>
    </approvalStep>
    <approvalStep>
        <allowDelegate>true</allowDelegate>
        <approvalActions>
            <action>
                <name>Time_Stamp_FBP_Approved</name>
                <type>FieldUpdate</type>
            </action>
            <action>
                <name>Time_Stamp_FBPIL_Approval</name>
                <type>FieldUpdate</type>
            </action>
            <action>
                <name>Update_FBP_Approver</name>
                <type>FieldUpdate</type>
            </action>
            <action>
                <name>Update_FBPIL_Approver</name>
                <type>FieldUpdate</type>
            </action>
        </approvalActions>
        <assignedApprover>
            <approver>
                <name>robertreddin@fb.com</name>
                <type>user</type>
            </approver>
            <approver>
                <name>siobhain@fb.com</name>
                <type>user</type>
            </approver>
            <approver>
                <name>susanpw@meta.com</name>
                <type>user</type>
            </approver>
            <whenMultipleApprovers>Unanimous</whenMultipleApprovers>
        </assignedApprover>
        <description>Entity: FBP,FBPIL
Total Amount : 15K - 200K
Risk Category: Low, Medium, High</description>
        <entryCriteria>
            <booleanFilter>1 AND 2 AND 3 and (4 or 5)</booleanFilter>
            <criteriaItems>
                <field>SAM_Suspicious_Activity__c.Entity__c</field>
                <operation>equals</operation>
                <value>&quot;FBP, FBPIL&quot;</value>
            </criteriaItems>
            <criteriaItems>
                <field>SAM_Suspicious_Activity__c.Total_Dollar_Amount__c</field>
                <operation>greaterThan</operation>
                <value>15000</value>
            </criteriaItems>
            <criteriaItems>
                <field>SAM_Suspicious_Activity__c.Total_Dollar_Amount__c</field>
                <operation>lessOrEqual</operation>
                <value>200000</value>
            </criteriaItems>
            <criteriaItems>
                <field>SAM_Suspicious_Activity__c.Type__c</field>
                <operation>includes</operation>
                <value>Exotic/wildlife sales,Child Exploitation,Drugs,Extortion/Sextortion,Firearms,Unregistered MSB,Weapons (excluding guns),PEP Match,Sanction hard match,Negative News Match,Terrorism</value>
            </criteriaItems>
            <criteriaItems>
                <field>SAM_Suspicious_Activity__c.Type__c</field>
                <operation>includes</operation>
                <value>,ATO,CC Fraud/SFI,Chargeback,Fraud Scam/Scheme,Gambling (ie. Fantasy Football),Multiple Accounts,P2P Business,Raffles,Rewards Abuse,Unusual Transactions,Large transactions,Nude pics/Pornography,Other,Prostitution,Virtual Currency</value>
            </criteriaItems>
        </entryCriteria>
        <ifCriteriaNotMet>GotoNextStep</ifCriteriaNotMet>
        <label>Step 7 FBP, FBPIL.  TA 15K - 200K RC Low, Medium</label>
        <name>Step_7_FBP_FBPIL_Only_TA_15K_200K_RC_Low_Medium</name>
        <rejectBehavior>
            <type>RejectRequest</type>
        </rejectBehavior>
    </approvalStep>
    <approvalStep>
        <allowDelegate>true</allowDelegate>
        <approvalActions>
            <action>
                <name>Time_Stamp_FBP_Approved</name>
                <type>FieldUpdate</type>
            </action>
            <action>
                <name>Time_Stamp_FBPIL_Approval</name>
                <type>FieldUpdate</type>
            </action>
            <action>
                <name>Update_FBP_Approver</name>
                <type>FieldUpdate</type>
            </action>
            <action>
                <name>Update_FBPIL_Approver</name>
                <type>FieldUpdate</type>
            </action>
        </approvalActions>
        <assignedApprover>
            <approver>
                <name>robertreddin@fb.com</name>
                <type>user</type>
            </approver>
            <approver>
                <name>siobhain@fb.com</name>
                <type>user</type>
            </approver>
            <approver>
                <name>susanpw@meta.com</name>
                <type>user</type>
            </approver>
            <whenMultipleApprovers>Unanimous</whenMultipleApprovers>
        </assignedApprover>
        <description>Entity = &apos;FBP, FBPIL&apos;
Total Amount: &gt;200K
Risk Category: Low, Medium</description>
        <entryCriteria>
            <formula>TEXT(Entity__c) = &apos;FBP,FBPIL&apos; &amp;&amp;
Total_Dollar_Amount__c &gt;200000 &amp;&amp;
AND(
        NOT(INCLUDES(Type__c ,&apos;Child Exploitation&apos;)),
        NOT(INCLUDES(Type__c, &apos;Drugs&apos;)),
        NOT(INCLUDES(Type__c,&apos;Extortion/Sextortion&apos;)),
        NOT(INCLUDES(Type__c,&apos;Firearms&apos;)),
        NOT(INCLUDES(Type__c,&apos;Unregistered MSB&apos;)),
        NOT(INCLUDES(Type__c,&apos;Weapons (excluding guns)&apos;)),
        NOT(INCLUDES(Type__c,&apos;PEP Match&apos;)),
        NOT(INCLUDES(Type__c,&apos;Sanction hard match&apos;)),
        NOT(INCLUDES(Type__c,&apos;Negative News Match&apos;)),
        NOT(INCLUDES(Type__c,&apos;Terrorism&apos;))
        )</formula>
        </entryCriteria>
        <ifCriteriaNotMet>GotoNextStep</ifCriteriaNotMet>
        <label>STEP 8 FBP, FBPIL TA &gt; 200K RC LM</label>
        <name>STEP_8_FBP_FBPIL_TA_200K_RC_LM</name>
        <rejectBehavior>
            <type>RejectRequest</type>
        </rejectBehavior>
    </approvalStep>
    <approvalStep>
        <allowDelegate>true</allowDelegate>
        <approvalActions>
            <action>
                <name>Time_Stamp_FBP_Approved</name>
                <type>FieldUpdate</type>
            </action>
            <action>
                <name>Time_Stamp_FBPIL_Approval</name>
                <type>FieldUpdate</type>
            </action>
            <action>
                <name>Update_FBP_Approver</name>
                <type>FieldUpdate</type>
            </action>
            <action>
                <name>Update_FBPIL_Approver</name>
                <type>FieldUpdate</type>
            </action>
        </approvalActions>
        <assignedApprover>
            <approver>
                <name>flawrence@meta.com</name>
                <type>user</type>
            </approver>
            <approver>
                <name>siobhain@fb.com</name>
                <type>user</type>
            </approver>
            <approver>
                <name>susanpw@meta.com</name>
                <type>user</type>
            </approver>
            <whenMultipleApprovers>Unanimous</whenMultipleApprovers>
        </assignedApprover>
        <description>Entity: FBP, FBPIL
Total Amount: &gt;200K
Risk Category: High</description>
        <entryCriteria>
            <criteriaItems>
                <field>SAM_Suspicious_Activity__c.Entity__c</field>
                <operation>equals</operation>
                <value>&quot;FBP, FBPIL&quot;</value>
            </criteriaItems>
            <criteriaItems>
                <field>SAM_Suspicious_Activity__c.Total_Dollar_Amount__c</field>
                <operation>greaterThan</operation>
                <value>200000</value>
            </criteriaItems>
            <criteriaItems>
                <field>SAM_Suspicious_Activity__c.Type__c</field>
                <operation>includes</operation>
                <value>Child Exploitation,Drugs,Extortion/Sextortion,Firearms,Unregistered MSB,Weapons (excluding guns),PEP Match,Sanction hard match,Negative News Match,Terrorism</value>
            </criteriaItems>
        </entryCriteria>
        <label>Step 9 FBP, FBPIL. TA &gt;200K RC High</label>
        <name>Step_9_FBP_FBPIL_TA_200K_RC_High</name>
        <rejectBehavior>
            <type>RejectRequest</type>
        </rejectBehavior>
    </approvalStep>
    <description>T30195355 - Suspicious Activity Report entity based approval process.  
updated by T48173268

FBPIL approvers: Susan Prendiville, Conor McNulty
FBP approvers:  Sudan Sethuramalingam, Carolina Ceballos, Frank Lawrence</description>
    <emailTemplate>Support_Templates/Suspicious_Activity_approval_email_Template</emailTemplate>
    <enableMobileDeviceAccess>false</enableMobileDeviceAccess>
    <entryCriteria>
        <criteriaItems>
            <field>SAM_Suspicious_Activity__c.RecordType</field>
            <operation>equals</operation>
            <value>Report</value>
        </criteriaItems>
        <criteriaItems>
            <field>SAM_Suspicious_Activity__c.Approved__c</field>
            <operation>equals</operation>
        </criteriaItems>
        <criteriaItems>
            <field>SAM_Suspicious_Activity__c.Entity__c</field>
            <operation>notEqual</operation>
        </criteriaItems>
        <criteriaItems>
            <field>SAM_Suspicious_Activity__c.Type__c</field>
            <operation>notEqual</operation>
        </criteriaItems>
        <criteriaItems>
            <field>SAM_Suspicious_Activity__c.Total_Dollar_Amount__c</field>
            <operation>notEqual</operation>
        </criteriaItems>
    </entryCriteria>
    <finalApprovalActions>
        <action>
            <name>Send_Approved_notification_to_Initial_Submitter</name>
            <type>Alert</type>
        </action>
        <action>
            <name>Set_Approved_date</name>
            <type>FieldUpdate</type>
        </action>
        <action>
            <name>Set_the_Approved_to_YES</name>
            <type>FieldUpdate</type>
        </action>
        <action>
            <name>Time_Stamp_Approved</name>
            <type>FieldUpdate</type>
        </action>
    </finalApprovalActions>
    <finalApprovalRecordLock>false</finalApprovalRecordLock>
    <finalRejectionActions>
        <action>
            <name>Clear_Approved</name>
            <type>FieldUpdate</type>
        </action>
        <action>
            <name>Suspicious_Activity_Rejection_Alert_to_Submitter</name>
            <type>Alert</type>
        </action>
    </finalRejectionActions>
    <finalRejectionRecordLock>false</finalRejectionRecordLock>
    <initialSubmissionActions>
        <action>
            <name>Set_Approved_to_Pending</name>
            <type>FieldUpdate</type>
        </action>
        <action>
            <name>Time_Stamp_Submission</name>
            <type>FieldUpdate</type>
        </action>
        <action>
            <name>Update_Initial_Submitter_Email_address</name>
            <type>FieldUpdate</type>
        </action>
    </initialSubmissionActions>
    <label>SAR Tiered</label>
    <processOrder>1</processOrder>
    <recallActions>
        <action>
            <name>Clear_Approved</name>
            <type>FieldUpdate</type>
        </action>
    </recallActions>
    <recordEditability>AdminOnly</recordEditability>
    <showApprovalHistory>true</showApprovalHistory>
</ApprovalProcess>
