<?xml version="1.0" encoding="UTF-8"?>
<ApprovalProcess xmlns="http://soap.sforce.com/2006/04/metadata">
    <active>false</active>
    <allowRecall>true</allowRecall>
    <allowedSubmitters>
        <type>owner</type>
    </allowedSubmitters>
    <approvalPageFields>
        <field>Name</field>
        <field>Owner</field>
    </approvalPageFields>
    <approvalStep>
        <allowDelegate>false</allowDelegate>
        <assignedApprover>
            <approver>
                <type>adhoc</type>
            </approver>
        </assignedApprover>
        <description>If &apos;Sanctions Investigation Status&apos; is &apos;Pending for Approval&apos; 

First PEP/EDD approval layer - sign off from Head of Compliance Operations Required</description>
        <entryCriteria>
            <criteriaItems>
                <field>Sanctions_Hard_Match_Reporting__c.Sanctions_Investigation_Status__c</field>
                <operation>equals</operation>
                <value>Pending For Approval</value>
            </criteriaItems>
        </entryCriteria>
        <ifCriteriaNotMet>RejectRecord</ifCriteriaNotMet>
        <label>Sign off from Head of Compliance Operations</label>
        <name>Sign_off_from_Head_of_Compliance_Operations</name>
        <rejectionActions>
            <action>
                <name>SHMR_Sent_For_Ops</name>
                <type>Alert</type>
            </action>
        </rejectionActions>
    </approvalStep>
    <approvalStep>
        <allowDelegate>false</allowDelegate>
        <assignedApprover>
            <approver>
                <name>Novi_L3_Investigator</name>
                <type>queue</type>
            </approver>
            <whenMultipleApprovers>FirstResponse</whenMultipleApprovers>
        </assignedApprover>
        <description>If &apos;Sanctions Investigation Status&apos; is &apos;Confirmed Match Case Approved&apos;

Upon MLRO approval when status is changed to EDD pass, the intial reviewed has to come back to the case and action SRT</description>
        <entryCriteria>
            <criteriaItems>
                <field>Sanctions_Hard_Match_Reporting__c.Sanctions_Investigation_Status__c</field>
                <operation>equals</operation>
                <value>Confirmed Match Case Approved</value>
            </criteriaItems>
        </entryCriteria>
        <label>Confirmed Match Case Approved</label>
        <name>Confirmed_Match_Case_Approved</name>
        <rejectBehavior>
            <type>RejectRequest</type>
        </rejectBehavior>
    </approvalStep>
    <emailTemplate>Sanction_Hard_Match_Report_Process/Sanctions_Hard_Match_Report_Submitted_for_Approval</emailTemplate>
    <enableMobileDeviceAccess>false</enableMobileDeviceAccess>
    <entryCriteria>
        <booleanFilter>1 OR 2</booleanFilter>
        <criteriaItems>
            <field>Sanctions_Hard_Match_Reporting__c.Sanctions_Investigation_Status__c</field>
            <operation>equals</operation>
            <value>Open</value>
        </criteriaItems>
        <criteriaItems>
            <field>Sanctions_Hard_Match_Reporting__c.Sanctions_Investigation_Status__c</field>
            <operation>equals</operation>
            <value>Pending For Approval</value>
        </criteriaItems>
    </entryCriteria>
    <finalApprovalActions>
        <action>
            <name>SHMR_Final_Approval</name>
            <type>Alert</type>
        </action>
        <action>
            <name>SIS_Confirmed_Match_Case_Approved</name>
            <type>FieldUpdate</type>
        </action>
    </finalApprovalActions>
    <finalApprovalRecordLock>false</finalApprovalRecordLock>
    <finalRejectionActions>
        <action>
            <name>SHMR_Final_Rejection</name>
            <type>Alert</type>
        </action>
    </finalRejectionActions>
    <finalRejectionRecordLock>false</finalRejectionRecordLock>
    <initialSubmissionActions>
        <action>
            <name>SIS_Pending_For_Approval</name>
            <type>FieldUpdate</type>
        </action>
    </initialSubmissionActions>
    <label>NOT IN USE</label>
    <processOrder>1</processOrder>
    <recordEditability>AdminOrCurrentApprover</recordEditability>
    <showApprovalHistory>true</showApprovalHistory>
</ApprovalProcess>
