<?xml version="1.0" encoding="UTF-8"?>
<ApprovalProcess xmlns="http://soap.sforce.com/2006/04/metadata">
    <active>false</active>
    <allowRecall>true</allowRecall>
    <allowedSubmitters>
        <type>owner</type>
    </allowedSubmitters>
    <approvalPageFields>
        <field>Name</field>
        <field>Owner</field>
    </approvalPageFields>
    <approvalStep>
        <allowDelegate>false</allowDelegate>
        <assignedApprover>
            <approver>
                <name>alleung@meta.com</name>
                <type>user</type>
            </approver>
            <approver>
                <name>dom1113@fb.com</name>
                <type>user</type>
            </approver>
            <approver>
                <name>natalia27@fb.com</name>
                <type>user</type>
            </approver>
            <whenMultipleApprovers>FirstResponse</whenMultipleApprovers>
        </assignedApprover>
        <description>If &apos;Sanctions Investigation Status&apos; is &apos;Pending for Approval&apos; 

First PEP/EDD approval layer - sign off from Sanctions Compliance Lead Required</description>
        <label>Sign off from Sanctions Compliance Lead</label>
        <name>Sign_off_from_Sanctions_Compliance_Lead</name>
        <rejectionActions>
            <action>
                <name>SHMR_Sent_For_Ops</name>
                <type>Alert</type>
            </action>
        </rejectionActions>
    </approvalStep>
    <emailTemplate>Sanction_Hard_Match_Report_Process/Sanctions_Hard_Match_Report_Submitted_for_Approval</emailTemplate>
    <enableMobileDeviceAccess>false</enableMobileDeviceAccess>
    <entryCriteria>
        <formula>true</formula>
    </entryCriteria>
    <finalApprovalActions>
        <action>
            <name>SHMR_Final_Approval</name>
            <type>Alert</type>
        </action>
        <action>
            <name>SIS_Confirmed_Match_Case_Approved</name>
            <type>FieldUpdate</type>
        </action>
    </finalApprovalActions>
    <finalApprovalRecordLock>false</finalApprovalRecordLock>
    <finalRejectionActions>
        <action>
            <name>SHMR_Final_Rejection</name>
            <type>Alert</type>
        </action>
        <action>
            <name>SIS_Pending_for_Ops</name>
            <type>FieldUpdate</type>
        </action>
    </finalRejectionActions>
    <finalRejectionRecordLock>false</finalRejectionRecordLock>
    <initialSubmissionActions>
        <action>
            <name>SIS_Pending_For_Approval</name>
            <type>FieldUpdate</type>
        </action>
    </initialSubmissionActions>
    <label>SHMR Approval Part - 2a</label>
    <processOrder>2</processOrder>
    <recordEditability>AdminOrCurrentApprover</recordEditability>
    <showApprovalHistory>true</showApprovalHistory>
</ApprovalProcess>
