<?xml version="1.0" encoding="UTF-8"?>
<ApprovalProcess xmlns="http://soap.sforce.com/2006/04/metadata">
    <active>false</active>
    <allowRecall>true</allowRecall>
    <allowedSubmitters>
        <type>owner</type>
    </allowedSubmitters>
    <approvalPageFields>
        <field>Name</field>
        <field>Owner</field>
    </approvalPageFields>
    <approvalStep>
        <allowDelegate>false</allowDelegate>
        <assignedApprover>
            <approver>
                <name>Novi_L3_Investigator</name>
                <type>queue</type>
            </approver>
            <whenMultipleApprovers>FirstResponse</whenMultipleApprovers>
        </assignedApprover>
        <description>De-escalation to Ops if either Sanctions Compiance Lead or FIU need additional information, SAR needs to be filed or Sanctions Compliance Lead disagree with the Hard Match determination submitted by L3 Investigator.</description>
        <label>De-Escalation to L3 Investigators</label>
        <name>De_Escalation_to_L3_Investigators</name>
    </approvalStep>
    <emailTemplate>Sanction_Hard_Match_Report_Process/Sanctions_Hard_Match_Report_Submitted_for_Approval</emailTemplate>
    <enableMobileDeviceAccess>false</enableMobileDeviceAccess>
    <entryCriteria>
        <criteriaItems>
            <field>Sanctions_Hard_Match_Reporting__c.Sanctions_Investigation_Status__c</field>
            <operation>equals</operation>
            <value>Pending For Ops</value>
        </criteriaItems>
    </entryCriteria>
    <finalApprovalActions>
        <action>
            <name>SIS_Pending_For_Approval</name>
            <type>FieldUpdate</type>
        </action>
    </finalApprovalActions>
    <finalApprovalRecordLock>false</finalApprovalRecordLock>
    <finalRejectionActions>
        <action>
            <name>SHMR_Final_Rejection</name>
            <type>Alert</type>
        </action>
        <action>
            <name>SHMR_Status_Rejected</name>
            <type>FieldUpdate</type>
        </action>
    </finalRejectionActions>
    <finalRejectionRecordLock>false</finalRejectionRecordLock>
    <label>SHMR Approval Part 1</label>
    <processOrder>1</processOrder>
    <recordEditability>AdminOrCurrentApprover</recordEditability>
    <showApprovalHistory>true</showApprovalHistory>
</ApprovalProcess>
