<?xml version="1.0" encoding="UTF-8"?>
<ApprovalProcess xmlns="http://soap.sforce.com/2006/04/metadata">
    <active>true</active>
    <allowRecall>false</allowRecall>
    <allowedSubmitters>
        <type>owner</type>
    </allowedSubmitters>
    <approvalPageFields>
        <field>Name</field>
        <field>Owner</field>
    </approvalPageFields>
    <approvalStep>
        <allowDelegate>false</allowDelegate>
        <assignedApprover>
            <approver>
                <name>Parent_OF_Owner__c</name>
                <type>relatedUserField</type>
            </approver>
            <whenMultipleApprovers>FirstResponse</whenMultipleApprovers>
        </assignedApprover>
        <label>Step 1</label>
        <name>Step_1</name>
    </approvalStep>
    <description>T214914290 , T222738081 - removed email alert for bulk approval</description>
    <enableMobileDeviceAccess>false</enableMobileDeviceAccess>
    <entryCriteria>
        <criteriaItems>
            <field>SBQQ__Quote__c.RecordType</field>
            <operation>equals</operation>
            <value>BMG Enterprise</value>
        </criteriaItems>
        <criteriaItems>
            <field>SBQQ__Quote__c.SBQQ__Type__c</field>
            <operation>equals</operation>
            <value>Amendment</value>
        </criteriaItems>
        <criteriaItems>
            <field>SBQQ__Quote__c.BMG_Reason_For_Amendment__c</field>
            <operation>equals</operation>
            <value>Full Cancellation</value>
        </criteriaItems>
        <criteriaItems>
            <field>SBQQ__Quote__c.SBQQ__Status__c</field>
            <operation>notEqual</operation>
            <value>Ready For Termination</value>
        </criteriaItems>
    </entryCriteria>
    <finalApprovalActions>
        <action>
            <name>Update_Staus</name>
            <type>FieldUpdate</type>
        </action>
    </finalApprovalActions>
    <finalApprovalRecordLock>false</finalApprovalRecordLock>
    <finalRejectionActions>
        <action>
            <name>Update_Status_Draft</name>
            <type>FieldUpdate</type>
        </action>
    </finalRejectionActions>
    <finalRejectionRecordLock>false</finalRejectionRecordLock>
    <initialSubmissionActions>
        <action>
            <name>Update_Status_In_review</name>
            <type>FieldUpdate</type>
        </action>
    </initialSubmissionActions>
    <label>BM - Contract Termination Process</label>
    <processOrder>1</processOrder>
    <recordEditability>AdminOnly</recordEditability>
    <showApprovalHistory>true</showApprovalHistory>
</ApprovalProcess>
