<?xml version="1.0" encoding="UTF-8"?>
<ApprovalProcess xmlns="http://soap.sforce.com/2006/04/metadata">
    <active>false</active>
    <allowRecall>false</allowRecall>
    <allowedSubmitters>
        <type>owner</type>
    </allowedSubmitters>
    <allowedSubmitters>
        <submitter>rajnijain@meta.com</submitter>
        <type>user</type>
    </allowedSubmitters>
    <approvalPageFields>
        <field>Name</field>
        <field>Owner</field>
    </approvalPageFields>
    <approvalStep>
        <allowDelegate>false</allowDelegate>
        <assignedApprover>
            <approver>
                <name>awei@meta.com</name>
                <type>user</type>
            </approver>
            <whenMultipleApprovers>FirstResponse</whenMultipleApprovers>
        </assignedApprover>
        <entryCriteria>
            <booleanFilter>1 AND 2</booleanFilter>
            <criteriaItems>
                <field>SBQQ__Quote__c.BM_Sale_Type__c</field>
                <operation>equals</operation>
                <value>Partner Sales</value>
            </criteriaItems>
            <criteriaItems>
                <field>User.Region_country__c</field>
                <operation>equals</operation>
                <value>APAC</value>
            </criteriaItems>
        </entryCriteria>
        <ifCriteriaNotMet>GotoNextStep</ifCriteriaNotMet>
        <label>Partner Sales APAC</label>
        <name>Partner_Sales_APAC</name>
    </approvalStep>
    <approvalStep>
        <allowDelegate>false</allowDelegate>
        <assignedApprover>
            <approver>
                <name>tlaster@meta.com</name>
                <type>user</type>
            </approver>
            <whenMultipleApprovers>FirstResponse</whenMultipleApprovers>
        </assignedApprover>
        <entryCriteria>
            <criteriaItems>
                <field>SBQQ__Quote__c.BM_Sale_Type__c</field>
                <operation>equals</operation>
                <value>Partner Sales</value>
            </criteriaItems>
            <criteriaItems>
                <field>User.Region_country__c</field>
                <operation>equals</operation>
                <value>EMEA</value>
            </criteriaItems>
        </entryCriteria>
        <ifCriteriaNotMet>GotoNextStep</ifCriteriaNotMet>
        <label>Partner Sales EMEA</label>
        <name>Partner_Sales_EMEA</name>
        <rejectBehavior>
            <type>RejectRequest</type>
        </rejectBehavior>
    </approvalStep>
    <approvalStep>
        <allowDelegate>false</allowDelegate>
        <assignedApprover>
            <approver>
                <name>tribeiro@meta.com</name>
                <type>user</type>
            </approver>
            <whenMultipleApprovers>FirstResponse</whenMultipleApprovers>
        </assignedApprover>
        <entryCriteria>
            <criteriaItems>
                <field>SBQQ__Quote__c.BM_Sale_Type__c</field>
                <operation>equals</operation>
                <value>Partner Sales</value>
            </criteriaItems>
            <criteriaItems>
                <field>User.Region_country__c</field>
                <operation>equals</operation>
                <value>LATAM</value>
            </criteriaItems>
        </entryCriteria>
        <ifCriteriaNotMet>GotoNextStep</ifCriteriaNotMet>
        <label>Partner Sales LATAM</label>
        <name>Partner_Sales_LATAM</name>
        <rejectBehavior>
            <type>RejectRequest</type>
        </rejectBehavior>
    </approvalStep>
    <approvalStep>
        <allowDelegate>false</allowDelegate>
        <assignedApprover>
            <approver>
                <name>tribeiro@meta.com</name>
                <type>user</type>
            </approver>
            <whenMultipleApprovers>FirstResponse</whenMultipleApprovers>
        </assignedApprover>
        <entryCriteria>
            <criteriaItems>
                <field>SBQQ__Quote__c.BM_Sale_Type__c</field>
                <operation>equals</operation>
                <value>Partner Sales</value>
            </criteriaItems>
            <criteriaItems>
                <field>User.Region_country__c</field>
                <operation>equals</operation>
                <value>NA</value>
            </criteriaItems>
        </entryCriteria>
        <ifCriteriaNotMet>GotoNextStep</ifCriteriaNotMet>
        <label>Partner Sales NA</label>
        <name>Partner_Sales_NA</name>
        <rejectBehavior>
            <type>RejectRequest</type>
        </rejectBehavior>
    </approvalStep>
    <approvalStep>
        <allowDelegate>false</allowDelegate>
        <assignedApprover>
            <approver>
                <name>ravigarg1@meta.com</name>
                <type>user</type>
            </approver>
            <whenMultipleApprovers>FirstResponse</whenMultipleApprovers>
        </assignedApprover>
        <entryCriteria>
            <criteriaItems>
                <field>SBQQ__Quote__c.BM_Sale_Type__c</field>
                <operation>equals</operation>
                <value>Partner Sales</value>
            </criteriaItems>
            <criteriaItems>
                <field>User.Region_country__c</field>
                <operation>equals</operation>
                <value>INDIA</value>
            </criteriaItems>
        </entryCriteria>
        <ifCriteriaNotMet>GotoNextStep</ifCriteriaNotMet>
        <label>Partner Sales INDIA</label>
        <name>Partner_Sales_INDIA</name>
        <rejectBehavior>
            <type>RejectRequest</type>
        </rejectBehavior>
    </approvalStep>
    <approvalStep>
        <allowDelegate>false</allowDelegate>
        <assignedApprover>
            <approver>
                <name>herhodes@meta.com</name>
                <type>user</type>
            </approver>
            <whenMultipleApprovers>FirstResponse</whenMultipleApprovers>
        </assignedApprover>
        <entryCriteria>
            <booleanFilter>1 AND (2 OR 3 OR 4)</booleanFilter>
            <criteriaItems>
                <field>SBQQ__Quote__c.BM_Sale_Type__c</field>
                <operation>equals</operation>
                <value>Client Sales</value>
            </criteriaItems>
            <criteriaItems>
                <field>User.Region_country__c</field>
                <operation>equals</operation>
                <value>APAC</value>
            </criteriaItems>
            <criteriaItems>
                <field>User.Region_country__c</field>
                <operation>equals</operation>
                <value>EMEA</value>
            </criteriaItems>
            <criteriaItems>
                <field>User.Region_country__c</field>
                <operation>equals</operation>
                <value>NA</value>
            </criteriaItems>
        </entryCriteria>
        <ifCriteriaNotMet>GotoNextStep</ifCriteriaNotMet>
        <label>Client Sales APAC , EMEA , NA</label>
        <name>Client_Sales_APAC_EMEA_NA</name>
        <rejectBehavior>
            <type>RejectRequest</type>
        </rejectBehavior>
    </approvalStep>
    <approvalStep>
        <allowDelegate>false</allowDelegate>
        <assignedApprover>
            <approver>
                <name>herhodes@meta.com</name>
                <type>user</type>
            </approver>
            <whenMultipleApprovers>FirstResponse</whenMultipleApprovers>
        </assignedApprover>
        <entryCriteria>
            <criteriaItems>
                <field>SBQQ__Quote__c.BM_Sale_Type__c</field>
                <operation>equals</operation>
                <value>Client Sales</value>
            </criteriaItems>
            <criteriaItems>
                <field>User.Region_country__c</field>
                <operation>equals</operation>
                <value>LATAM</value>
            </criteriaItems>
        </entryCriteria>
        <ifCriteriaNotMet>GotoNextStep</ifCriteriaNotMet>
        <label>Client Sales LATAM</label>
        <name>Client_Sales_LATAM</name>
        <rejectBehavior>
            <type>RejectRequest</type>
        </rejectBehavior>
    </approvalStep>
    <approvalStep>
        <allowDelegate>false</allowDelegate>
        <assignedApprover>
            <approver>
                <name>ravigarg1@meta.com</name>
                <type>user</type>
            </approver>
            <whenMultipleApprovers>FirstResponse</whenMultipleApprovers>
        </assignedApprover>
        <entryCriteria>
            <criteriaItems>
                <field>SBQQ__Quote__c.BM_Sale_Type__c</field>
                <operation>equals</operation>
                <value>Client Sales</value>
            </criteriaItems>
            <criteriaItems>
                <field>User.Region_country__c</field>
                <operation>equals</operation>
                <value>INDIA</value>
            </criteriaItems>
        </entryCriteria>
        <label>Client Sales INDIA</label>
        <name>Client_Sales_INDIA</name>
        <rejectBehavior>
            <type>RejectRequest</type>
        </rejectBehavior>
    </approvalStep>
    <description>T157991856 - Update approver from Nadia to Alice Wei
T160512436 - Update approver from Marcos to Tarcisio
T160428599 - Update Approver from Yasemin to Tom Laster
T162251333 - This approval process is no longer needed , Deactivated</description>
    <emailTemplate>WABA_Email_Templates/BMG_Contract_Order_Form_Approval</emailTemplate>
    <enableMobileDeviceAccess>false</enableMobileDeviceAccess>
    <entryCriteria>
        <criteriaItems>
            <field>SBQQ__Quote__c.RecordType</field>
            <operation>equals</operation>
            <value>BMG Enterprise</value>
        </criteriaItems>
        <criteriaItems>
            <field>SBQQ__Quote__c.Quote_Terms__c</field>
            <operation>equals</operation>
            <value>Standard</value>
        </criteriaItems>
        <criteriaItems>
            <field>SBQQ__Quote__c.SBQQ__Status__c</field>
            <operation>equals</operation>
            <value>Pricing Approved</value>
        </criteriaItems>
    </entryCriteria>
    <finalApprovalActions>
        <action>
            <name>Contract_Approval_Status</name>
            <type>FieldUpdate</type>
        </action>
        <action>
            <name>Send_Notification_to_Quote_Owner</name>
            <type>Alert</type>
        </action>
        <action>
            <name>Update_Contract_Approval_Date_Time</name>
            <type>FieldUpdate</type>
        </action>
    </finalApprovalActions>
    <finalApprovalRecordLock>false</finalApprovalRecordLock>
    <finalRejectionActions>
        <action>
            <name>Contract_Rejected</name>
            <type>FieldUpdate</type>
        </action>
    </finalRejectionActions>
    <finalRejectionRecordLock>false</finalRejectionRecordLock>
    <initialSubmissionActions>
        <action>
            <name>Update_COntract_Approval_Status</name>
            <type>FieldUpdate</type>
        </action>
        <action>
            <name>Update_Quote_Status</name>
            <type>FieldUpdate</type>
        </action>
    </initialSubmissionActions>
    <label>BMG Contract Approval Process V2</label>
    <processOrder>1</processOrder>
    <recordEditability>AdminOnly</recordEditability>
    <showApprovalHistory>false</showApprovalHistory>
</ApprovalProcess>
