<?xml version="1.0" encoding="UTF-8"?>
<ApprovalProcess xmlns="http://soap.sforce.com/2006/04/metadata">
    <active>false</active>
    <allowRecall>false</allowRecall>
    <allowedSubmitters>
        <type>creator</type>
    </allowedSubmitters>
    <allowedSubmitters>
        <type>owner</type>
    </allowedSubmitters>
    <approvalPageFields>
        <field>Name</field>
        <field>Owner</field>
        <field>SBQQ__Account__c</field>
        <field>SBQQ__CustomerDiscount__c</field>
        <field>SBQQ__Distributor__c</field>
        <field>BMG_Reseller_Partner__c</field>
    </approvalPageFields>
    <approvalStep>
        <allowDelegate>true</allowDelegate>
        <assignedApprover>
            <approver>
                <name>anvee@meta.com</name>
                <type>user</type>
            </approver>
            <whenMultipleApprovers>FirstResponse</whenMultipleApprovers>
        </assignedApprover>
        <description>31-10,000 EMEA Sales approval</description>
        <entryCriteria>
            <criteriaItems>
                <field>SBQQ__Quote__c.Maximum_Qualifying_Quantity__c</field>
                <operation>greaterOrEqual</operation>
                <value>31</value>
            </criteriaItems>
            <criteriaItems>
                <field>SBQQ__Quote__c.Maximum_Qualifying_Quantity__c</field>
                <operation>lessOrEqual</operation>
                <value>10000</value>
            </criteriaItems>
            <criteriaItems>
                <field>SBQQ__Quote__c.BMG_Billing_Region__c</field>
                <operation>equals</operation>
                <value>EMEA</value>
            </criteriaItems>
        </entryCriteria>
        <ifCriteriaNotMet>GotoNextStep</ifCriteriaNotMet>
        <label>1. 31-10,000 EMEA Sales</label>
        <name>X1_31_10_000_EMEA_Sales</name>
    </approvalStep>
    <approvalStep>
        <allowDelegate>true</allowDelegate>
        <assignedApprover>
            <approver>
                <name>hoop@meta.com</name>
                <type>user</type>
            </approver>
            <whenMultipleApprovers>FirstResponse</whenMultipleApprovers>
        </assignedApprover>
        <description>31-10,000 NA Sales approval</description>
        <entryCriteria>
            <criteriaItems>
                <field>SBQQ__Quote__c.Maximum_Qualifying_Quantity__c</field>
                <operation>greaterOrEqual</operation>
                <value>31</value>
            </criteriaItems>
            <criteriaItems>
                <field>SBQQ__Quote__c.Maximum_Qualifying_Quantity__c</field>
                <operation>lessOrEqual</operation>
                <value>10000</value>
            </criteriaItems>
            <criteriaItems>
                <field>SBQQ__Quote__c.BMG_Billing_Region__c</field>
                <operation>equals</operation>
                <value>NA</value>
            </criteriaItems>
        </entryCriteria>
        <ifCriteriaNotMet>GotoNextStep</ifCriteriaNotMet>
        <label>1. 31-10,000 NA Sales</label>
        <name>X1_31_10_000_NA_Sales</name>
        <rejectBehavior>
            <type>RejectRequest</type>
        </rejectBehavior>
    </approvalStep>
    <approvalStep>
        <allowDelegate>true</allowDelegate>
        <assignedApprover>
            <approver>
                <name>mdjeffrey@meta.com</name>
                <type>user</type>
            </approver>
            <whenMultipleApprovers>Unanimous</whenMultipleApprovers>
        </assignedApprover>
        <description>31-10,000 APAC Sales approval</description>
        <entryCriteria>
            <criteriaItems>
                <field>SBQQ__Quote__c.Maximum_Qualifying_Quantity__c</field>
                <operation>greaterOrEqual</operation>
                <value>31</value>
            </criteriaItems>
            <criteriaItems>
                <field>SBQQ__Quote__c.Maximum_Qualifying_Quantity__c</field>
                <operation>lessOrEqual</operation>
                <value>10000</value>
            </criteriaItems>
            <criteriaItems>
                <field>SBQQ__Quote__c.BMG_Billing_Region__c</field>
                <operation>equals</operation>
                <value>APAC</value>
            </criteriaItems>
        </entryCriteria>
        <ifCriteriaNotMet>GotoNextStep</ifCriteriaNotMet>
        <label>1. 31-10,000 APAC Sales</label>
        <name>X1_31_10_000_APAC_Sales</name>
        <rejectBehavior>
            <type>RejectRequest</type>
        </rejectBehavior>
    </approvalStep>
    <approvalStep>
        <allowDelegate>true</allowDelegate>
        <assignedApprover>
            <approver>
                <name>era@meta.com</name>
                <type>user</type>
            </approver>
            <whenMultipleApprovers>FirstResponse</whenMultipleApprovers>
        </assignedApprover>
        <description>2. 10,001-20,000 Sales approval</description>
        <entryCriteria>
            <criteriaItems>
                <field>SBQQ__Quote__c.Maximum_Qualifying_Quantity__c</field>
                <operation>greaterOrEqual</operation>
                <value>10001</value>
            </criteriaItems>
            <criteriaItems>
                <field>SBQQ__Quote__c.Maximum_Qualifying_Quantity__c</field>
                <operation>lessOrEqual</operation>
                <value>20000</value>
            </criteriaItems>
        </entryCriteria>
        <ifCriteriaNotMet>GotoNextStep</ifCriteriaNotMet>
        <label>2. 10,001-20,000 Sales</label>
        <name>X2_10_001_20_000_Sales</name>
        <rejectBehavior>
            <type>RejectRequest</type>
        </rejectBehavior>
    </approvalStep>
    <approvalStep>
        <allowDelegate>true</allowDelegate>
        <assignedApprover>
            <approver>
                <name>aned@meta.com</name>
                <type>user</type>
            </approver>
            <whenMultipleApprovers>FirstResponse</whenMultipleApprovers>
        </assignedApprover>
        <description>31-20,000 Business approval</description>
        <entryCriteria>
            <criteriaItems>
                <field>SBQQ__Quote__c.Maximum_Qualifying_Quantity__c</field>
                <operation>greaterOrEqual</operation>
                <value>31</value>
            </criteriaItems>
            <criteriaItems>
                <field>SBQQ__Quote__c.Maximum_Qualifying_Quantity__c</field>
                <operation>lessOrEqual</operation>
                <value>20000</value>
            </criteriaItems>
        </entryCriteria>
        <ifCriteriaNotMet>GotoNextStep</ifCriteriaNotMet>
        <label>3. 31-20,000 Business</label>
        <name>X3_31_20_000_Business</name>
        <rejectBehavior>
            <type>RejectRequest</type>
        </rejectBehavior>
    </approvalStep>
    <approvalStep>
        <allowDelegate>true</allowDelegate>
        <approvalActions>
            <action>
                <name>Quote_Status_to_Approved</name>
                <type>FieldUpdate</type>
            </action>
        </approvalActions>
        <assignedApprover>
            <approver>
                <name>rmchang@meta.com</name>
                <type>user</type>
            </approver>
            <whenMultipleApprovers>FirstResponse</whenMultipleApprovers>
        </assignedApprover>
        <description>31-20,000 Finance approval</description>
        <entryCriteria>
            <criteriaItems>
                <field>SBQQ__Quote__c.Maximum_Qualifying_Quantity__c</field>
                <operation>greaterOrEqual</operation>
                <value>31</value>
            </criteriaItems>
            <criteriaItems>
                <field>SBQQ__Quote__c.Maximum_Qualifying_Quantity__c</field>
                <operation>lessOrEqual</operation>
                <value>20000</value>
            </criteriaItems>
        </entryCriteria>
        <ifCriteriaNotMet>GotoNextStep</ifCriteriaNotMet>
        <label>3. 31-20,000 Finance</label>
        <name>X3_31_20_000_Finance</name>
        <rejectBehavior>
            <type>RejectRequest</type>
        </rejectBehavior>
    </approvalStep>
    <approvalStep>
        <allowDelegate>true</allowDelegate>
        <assignedApprover>
            <approver>
                <name>christine@meta.com</name>
                <type>user</type>
            </approver>
            <whenMultipleApprovers>FirstResponse</whenMultipleApprovers>
        </assignedApprover>
        <description>Over 20,001 Sales approval</description>
        <entryCriteria>
            <criteriaItems>
                <field>SBQQ__Quote__c.Maximum_Qualifying_Quantity__c</field>
                <operation>greaterOrEqual</operation>
                <value>20001</value>
            </criteriaItems>
        </entryCriteria>
        <ifCriteriaNotMet>GotoNextStep</ifCriteriaNotMet>
        <label>4. 20,001+ Sales</label>
        <name>X4_20_001_Sales</name>
        <rejectBehavior>
            <type>RejectRequest</type>
        </rejectBehavior>
    </approvalStep>
    <approvalStep>
        <allowDelegate>true</allowDelegate>
        <assignedApprover>
            <approver>
                <name>gunjans@meta.com</name>
                <type>user</type>
            </approver>
            <whenMultipleApprovers>FirstResponse</whenMultipleApprovers>
        </assignedApprover>
        <description>20,001+ Business approval</description>
        <entryCriteria>
            <criteriaItems>
                <field>SBQQ__Quote__c.Maximum_Qualifying_Quantity__c</field>
                <operation>greaterOrEqual</operation>
                <value>20001</value>
            </criteriaItems>
        </entryCriteria>
        <ifCriteriaNotMet>GotoNextStep</ifCriteriaNotMet>
        <label>4. 20,001+ Business</label>
        <name>X4_20_001_Business</name>
        <rejectBehavior>
            <type>RejectRequest</type>
        </rejectBehavior>
    </approvalStep>
    <approvalStep>
        <allowDelegate>true</allowDelegate>
        <approvalActions>
            <action>
                <name>Quote_Status_to_Approved</name>
                <type>FieldUpdate</type>
            </action>
        </approvalActions>
        <assignedApprover>
            <approver>
                <name>zswenson@meta.com</name>
                <type>user</type>
            </approver>
            <whenMultipleApprovers>FirstResponse</whenMultipleApprovers>
        </assignedApprover>
        <description>20,001+ Finance approval</description>
        <entryCriteria>
            <criteriaItems>
                <field>SBQQ__Quote__c.Maximum_Qualifying_Quantity__c</field>
                <operation>greaterOrEqual</operation>
                <value>20001</value>
            </criteriaItems>
        </entryCriteria>
        <ifCriteriaNotMet>GotoNextStep</ifCriteriaNotMet>
        <label>4. 20,001+ Finance</label>
        <name>X4_20_001_Finance</name>
        <rejectBehavior>
            <type>RejectRequest</type>
        </rejectBehavior>
    </approvalStep>
    <approvalStep>
        <allowDelegate>true</allowDelegate>
        <assignedApprover>
            <approver>
                <name>wdm@meta.com</name>
                <type>user</type>
            </approver>
            <whenMultipleApprovers>FirstResponse</whenMultipleApprovers>
        </assignedApprover>
        <entryCriteria>
            <criteriaItems>
                <field>SBQQ__Quote__c.SBQQ__Status__c</field>
                <operation>notEqual</operation>
                <value>Approved</value>
            </criteriaItems>
        </entryCriteria>
        <label>5. Catch-All</label>
        <name>X5_Catch_All</name>
        <rejectBehavior>
            <type>RejectRequest</type>
        </rejectBehavior>
    </approvalStep>
    <description>T166426053 normal quote approvals</description>
    <enableMobileDeviceAccess>false</enableMobileDeviceAccess>
    <entryCriteria>
        <criteriaItems>
            <field>SBQQ__Quote__c.RecordType</field>
            <operation>equals</operation>
            <value>RL Enterprise</value>
        </criteriaItems>
        <criteriaItems>
            <field>SBQQ__Quote__c.SBQQ__Status__c</field>
            <operation>notEqual</operation>
            <value>Approved</value>
        </criteriaItems>
        <criteriaItems>
            <field>SBQQ__Quote__c.Maximum_Qualifying_Quantity__c</field>
            <operation>greaterOrEqual</operation>
            <value>31</value>
        </criteriaItems>
    </entryCriteria>
    <finalApprovalActions>
        <action>
            <name>Quote_Status_to_Approved</name>
            <type>FieldUpdate</type>
        </action>
    </finalApprovalActions>
    <finalApprovalRecordLock>false</finalApprovalRecordLock>
    <finalRejectionActions>
        <action>
            <name>Quote_Status_to_Rejected</name>
            <type>FieldUpdate</type>
        </action>
    </finalRejectionActions>
    <finalRejectionRecordLock>false</finalRejectionRecordLock>
    <initialSubmissionActions>
        <action>
            <name>Quote_Status_to_Submittted</name>
            <type>FieldUpdate</type>
        </action>
    </initialSubmissionActions>
    <label>#3 RL Quote - R1 Optimized</label>
    <processOrder>1</processOrder>
    <recallActions>
        <action>
            <name>Quote_Status_to_Draft</name>
            <type>FieldUpdate</type>
        </action>
    </recallActions>
    <recordEditability>AdminOrCurrentApprover</recordEditability>
    <showApprovalHistory>true</showApprovalHistory>
</ApprovalProcess>
