<?xml version="1.0" encoding="UTF-8"?>
<ApprovalProcess xmlns="http://soap.sforce.com/2006/04/metadata">
    <active>false</active>
    <allowRecall>false</allowRecall>
    <allowedSubmitters>
        <type>creator</type>
    </allowedSubmitters>
    <allowedSubmitters>
        <type>owner</type>
    </allowedSubmitters>
    <approvalPageFields>
        <field>Name</field>
        <field>Owner</field>
        <field>SBQQ__Account__c</field>
        <field>SBQQ__CustomerDiscount__c</field>
        <field>SBQQ__Distributor__c</field>
        <field>BMG_Reseller_Partner__c</field>
    </approvalPageFields>
    <approvalStep>
        <allowDelegate>false</allowDelegate>
        <assignedApprover>
            <approver>
                <name>mhill@meta.com</name>
                <type>user</type>
            </approver>
            <whenMultipleApprovers>FirstResponse</whenMultipleApprovers>
        </assignedApprover>
        <entryCriteria>
            <formula>1=2</formula>
        </entryCriteria>
        <ifCriteriaNotMet>ApproveRecord</ifCriteriaNotMet>
        <label>auot-approve</label>
        <name>auot_approve</name>
    </approvalStep>
    <description>no discount, auto-approve
no need for notifications or approvers, any record entering this will approve automatically</description>
    <enableMobileDeviceAccess>false</enableMobileDeviceAccess>
    <entryCriteria>
        <criteriaItems>
            <field>SBQQ__Quote__c.RecordType</field>
            <operation>equals</operation>
            <value>RL Enterprise</value>
        </criteriaItems>
        <criteriaItems>
            <field>SBQQ__Quote__c.SBQQ__AverageCustomerDiscount__c</field>
            <operation>equals</operation>
            <value>,0</value>
        </criteriaItems>
    </entryCriteria>
    <finalApprovalActions>
        <action>
            <name>Quote_Status_to_Approved</name>
            <type>FieldUpdate</type>
        </action>
    </finalApprovalActions>
    <finalApprovalRecordLock>false</finalApprovalRecordLock>
    <finalRejectionActions>
        <action>
            <name>Quote_Status_to_Rejected</name>
            <type>FieldUpdate</type>
        </action>
    </finalRejectionActions>
    <finalRejectionRecordLock>false</finalRejectionRecordLock>
    <initialSubmissionActions>
        <action>
            <name>Quote_Status_to_Submittted</name>
            <type>FieldUpdate</type>
        </action>
    </initialSubmissionActions>
    <label>#1 RL Quote - No Discount</label>
    <processOrder>1</processOrder>
    <recallActions>
        <action>
            <name>Quote_Status_to_Draft</name>
            <type>FieldUpdate</type>
        </action>
    </recallActions>
    <recordEditability>AdminOrCurrentApprover</recordEditability>
    <showApprovalHistory>true</showApprovalHistory>
</ApprovalProcess>
