<?xml version="1.0" encoding="UTF-8"?>
<ApprovalProcess xmlns="http://soap.sforce.com/2006/04/metadata">
    <active>false</active>
    <allowRecall>false</allowRecall>
    <allowedSubmitters>
        <type>creator</type>
    </allowedSubmitters>
    <allowedSubmitters>
        <type>owner</type>
    </allowedSubmitters>
    <approvalPageFields>
        <field>Name</field>
        <field>Owner</field>
        <field>SBQQ__Account__c</field>
        <field>SBQQ__CustomerDiscount__c</field>
        <field>SBQQ__Distributor__c</field>
        <field>BMG_Reseller_Partner__c</field>
    </approvalPageFields>
    <approvalStep>
        <allowDelegate>true</allowDelegate>
        <approvalActions>
            <action>
                <name>Quote_Status_to_Approved</name>
                <type>FieldUpdate</type>
            </action>
        </approvalActions>
        <assignedApprover>
            <approver>
                <name>era@meta.com</name>
                <type>user</type>
            </approver>
            <approver>
                <name>mitalibhende@meta.com</name>
                <type>user</type>
            </approver>
            <approver>
                <name>zswenson@meta.com</name>
                <type>user</type>
            </approver>
            <whenMultipleApprovers>Unanimous</whenMultipleApprovers>
        </assignedApprover>
        <description>1 - 20,000
5.5% - 27%</description>
        <entryCriteria>
            <booleanFilter>(1 AND 2) AND (3 AND 4)</booleanFilter>
            <criteriaItems>
                <field>SBQQ__Quote__c.Maximum_Qualifying_Quantity__c</field>
                <operation>greaterOrEqual</operation>
                <value>1</value>
            </criteriaItems>
            <criteriaItems>
                <field>SBQQ__Quote__c.Maximum_Qualifying_Quantity__c</field>
                <operation>lessOrEqual</operation>
                <value>20000</value>
            </criteriaItems>
            <criteriaItems>
                <field>SBQQ__Quote__c.SBQQ__CustomerDiscount__c</field>
                <operation>greaterOrEqual</operation>
                <value>5.5</value>
            </criteriaItems>
            <criteriaItems>
                <field>SBQQ__Quote__c.SBQQ__CustomerDiscount__c</field>
                <operation>lessOrEqual</operation>
                <value>27</value>
            </criteriaItems>
        </entryCriteria>
        <ifCriteriaNotMet>GotoNextStep</ifCriteriaNotMet>
        <label>1. 1-20k &amp; 5% -27%</label>
        <name>X1_1_20k_5</name>
    </approvalStep>
    <approvalStep>
        <allowDelegate>true</allowDelegate>
        <approvalActions>
            <action>
                <name>Quote_Status_to_Approved</name>
                <type>FieldUpdate</type>
            </action>
        </approvalActions>
        <assignedApprover>
            <approver>
                <name>clekha@meta.com</name>
                <type>user</type>
            </approver>
            <approver>
                <name>mhill@meta.com</name>
                <type>user</type>
            </approver>
            <approver>
                <name>ppai@meta.com</name>
                <type>user</type>
            </approver>
            <whenMultipleApprovers>Unanimous</whenMultipleApprovers>
        </assignedApprover>
        <description>20k - 80k 
25% - 44%</description>
        <entryCriteria>
            <booleanFilter>(1 AND 2) AND (3 AND 4)</booleanFilter>
            <criteriaItems>
                <field>SBQQ__Quote__c.Maximum_Qualifying_Quantity__c</field>
                <operation>greaterOrEqual</operation>
                <value>20000</value>
            </criteriaItems>
            <criteriaItems>
                <field>SBQQ__Quote__c.Maximum_Qualifying_Quantity__c</field>
                <operation>lessOrEqual</operation>
                <value>80000</value>
            </criteriaItems>
            <criteriaItems>
                <field>SBQQ__Quote__c.SBQQ__CustomerDiscount__c</field>
                <operation>greaterOrEqual</operation>
                <value>25</value>
            </criteriaItems>
            <criteriaItems>
                <field>SBQQ__Quote__c.SBQQ__CustomerDiscount__c</field>
                <operation>lessOrEqual</operation>
                <value>44</value>
            </criteriaItems>
        </entryCriteria>
        <ifCriteriaNotMet>GotoNextStep</ifCriteriaNotMet>
        <label>2. 20k-80k &amp; 25% - 44%</label>
        <name>X2_20k_80k</name>
        <rejectBehavior>
            <type>RejectRequest</type>
        </rejectBehavior>
    </approvalStep>
    <approvalStep>
        <allowDelegate>true</allowDelegate>
        <approvalActions>
            <action>
                <name>Quote_Status_to_Approved</name>
                <type>FieldUpdate</type>
            </action>
        </approvalActions>
        <assignedApprover>
            <approver>
                <name>gunjans@meta.com</name>
                <type>user</type>
            </approver>
            <approver>
                <name>hoop@meta.com</name>
                <type>user</type>
            </approver>
            <approver>
                <name>rmchang@meta.com</name>
                <type>user</type>
            </approver>
            <whenMultipleApprovers>Unanimous</whenMultipleApprovers>
        </assignedApprover>
        <description>80k-200k 
40% - 57%</description>
        <entryCriteria>
            <booleanFilter>(1 AND 2) AND (3 AND 4)</booleanFilter>
            <criteriaItems>
                <field>SBQQ__Quote__c.Maximum_Qualifying_Quantity__c</field>
                <operation>greaterOrEqual</operation>
                <value>80000</value>
            </criteriaItems>
            <criteriaItems>
                <field>SBQQ__Quote__c.Maximum_Qualifying_Quantity__c</field>
                <operation>lessOrEqual</operation>
                <value>200000</value>
            </criteriaItems>
            <criteriaItems>
                <field>SBQQ__Quote__c.SBQQ__CustomerDiscount__c</field>
                <operation>greaterOrEqual</operation>
                <value>40</value>
            </criteriaItems>
            <criteriaItems>
                <field>SBQQ__Quote__c.SBQQ__CustomerDiscount__c</field>
                <operation>lessOrEqual</operation>
                <value>57</value>
            </criteriaItems>
        </entryCriteria>
        <ifCriteriaNotMet>GotoNextStep</ifCriteriaNotMet>
        <label>3. 80k-200k &amp; 40% - 57%</label>
        <name>X3_80k_200k_40_57</name>
        <rejectBehavior>
            <type>RejectRequest</type>
        </rejectBehavior>
    </approvalStep>
    <approvalStep>
        <allowDelegate>true</allowDelegate>
        <approvalActions>
            <action>
                <name>Quote_Status_to_Approved</name>
                <type>FieldUpdate</type>
            </action>
        </approvalActions>
        <assignedApprover>
            <approver>
                <name>wdm@meta.com</name>
                <type>user</type>
            </approver>
            <whenMultipleApprovers>FirstResponse</whenMultipleApprovers>
        </assignedApprover>
        <entryCriteria>
            <criteriaItems>
                <field>SBQQ__Quote__c.ApprovalStatus__c</field>
                <operation>notEqual</operation>
                <value>Approved</value>
            </criteriaItems>
        </entryCriteria>
        <label>4. Catch-All</label>
        <name>X4_Catch_All</name>
        <rejectBehavior>
            <type>RejectRequest</type>
        </rejectBehavior>
    </approvalStep>
    <description>normal quote approvals</description>
    <enableMobileDeviceAccess>false</enableMobileDeviceAccess>
    <entryCriteria>
        <booleanFilter>1 AND 2 AND 3 AND 4</booleanFilter>
        <criteriaItems>
            <field>SBQQ__Quote__c.RecordType</field>
            <operation>equals</operation>
            <value>RL Enterprise</value>
        </criteriaItems>
        <criteriaItems>
            <field>SBQQ__Quote__c.SBQQ__CustomerDiscount__c</field>
            <operation>notEqual</operation>
            <value>,0</value>
        </criteriaItems>
        <criteriaItems>
            <field>SBQQ__Quote__c.Maximum_Qualifying_Quantity__c</field>
            <operation>greaterOrEqual</operation>
            <value>30</value>
        </criteriaItems>
        <criteriaItems>
            <field>SBQQ__Quote__c.SBQQ__Status__c</field>
            <operation>notEqual</operation>
            <value>Approved</value>
        </criteriaItems>
    </entryCriteria>
    <finalApprovalRecordLock>false</finalApprovalRecordLock>
    <finalRejectionActions>
        <action>
            <name>Quote_Status_to_Rejected</name>
            <type>FieldUpdate</type>
        </action>
    </finalRejectionActions>
    <finalRejectionRecordLock>false</finalRejectionRecordLock>
    <initialSubmissionActions>
        <action>
            <name>Quote_Status_to_Submittted</name>
            <type>FieldUpdate</type>
        </action>
    </initialSubmissionActions>
    <label>RL Quote - Approval Matrix BKUP3</label>
    <processOrder>3</processOrder>
    <recallActions>
        <action>
            <name>Quote_Status_to_Draft</name>
            <type>FieldUpdate</type>
        </action>
    </recallActions>
    <recordEditability>AdminOrCurrentApprover</recordEditability>
    <showApprovalHistory>true</showApprovalHistory>
</ApprovalProcess>
