<?xml version="1.0" encoding="UTF-8"?>
<ApprovalProcess xmlns="http://soap.sforce.com/2006/04/metadata">
    <active>false</active>
    <allowRecall>true</allowRecall>
    <allowedSubmitters>
        <submitter>FB_ARVR_Retail_TPM_Category_Manager_CPM</submitter>
        <type>group</type>
    </allowedSubmitters>
    <allowedSubmitters>
        <type>owner</type>
    </allowedSubmitters>
    <allowedSubmitters>
        <submitter>tciaravino@meta.com</submitter>
        <type>user</type>
    </allowedSubmitters>
    <approvalPageFields>
        <field>Name</field>
        <field>Country__c</field>
        <field>Start_Date__c</field>
        <field>End_Date__c</field>
        <field>Category__c</field>
        <field>Campaign__c</field>
        <field>Products__c</field>
        <field>Owner</field>
        <field>Program_Estimated_Spend__c</field>
    </approvalPageFields>
    <approvalStep>
        <allowDelegate>false</allowDelegate>
        <approvalActions>
            <action>
                <name>CPM_Approved</name>
                <type>FieldUpdate</type>
            </action>
        </approvalActions>
        <assignedApprover>
            <approver>
                <type>userHierarchyField</type>
            </approver>
        </assignedApprover>
        <description>CPM Manager Approval</description>
        <label>CPM Manager Approval</label>
        <name>CPM_Manager_Approval</name>
        <rejectionActions>
            <action>
                <name>CPM_Manager_Reject</name>
                <type>FieldUpdate</type>
            </action>
        </rejectionActions>
    </approvalStep>
    <approvalStep>
        <allowDelegate>false</allowDelegate>
        <approvalActions>
            <action>
                <name>Finance_L1_Approved</name>
                <type>FieldUpdate</type>
            </action>
        </approvalActions>
        <assignedApprover>
            <approver>
                <name>claskowski@meta.com</name>
                <type>user</type>
            </approver>
            <approver>
                <name>joshchiu@meta.com</name>
                <type>user</type>
            </approver>
            <approver>
                <name>kchatfield@meta.com</name>
                <type>user</type>
            </approver>
            <approver>
                <name>vickiwang@fb.com</name>
                <type>user</type>
            </approver>
            <whenMultipleApprovers>FirstResponse</whenMultipleApprovers>
        </assignedApprover>
        <description>Finance L1 Approval</description>
        <label>Finance L1 Approval</label>
        <name>Finance_L1_Approval</name>
        <rejectBehavior>
            <type>RejectRequest</type>
        </rejectBehavior>
        <rejectionActions>
            <action>
                <name>Finance_L1_Rejection</name>
                <type>FieldUpdate</type>
            </action>
        </rejectionActions>
    </approvalStep>
    <approvalStep>
        <allowDelegate>false</allowDelegate>
        <approvalActions>
            <action>
                <name>Finance_L2_Approved</name>
                <type>FieldUpdate</type>
            </action>
        </approvalActions>
        <assignedApprover>
            <approver>
                <name>claskowski@meta.com</name>
                <type>user</type>
            </approver>
            <approver>
                <name>jtrogler@meta.com</name>
                <type>user</type>
            </approver>
            <approver>
                <name>kchatfield@meta.com</name>
                <type>user</type>
            </approver>
            <whenMultipleApprovers>FirstResponse</whenMultipleApprovers>
        </assignedApprover>
        <description>Finance L2 Approval</description>
        <entryCriteria>
            <criteriaItems>
                <field>TPM__c.Program_Estimated_Spend__c</field>
                <operation>greaterThan</operation>
                <value>&quot;USD 5,000,000&quot;</value>
            </criteriaItems>
        </entryCriteria>
        <ifCriteriaNotMet>GotoNextStep</ifCriteriaNotMet>
        <label>Finance L2 Approval</label>
        <name>Finance_L2_Approval</name>
        <rejectBehavior>
            <type>RejectRequest</type>
        </rejectBehavior>
        <rejectionActions>
            <action>
                <name>Finance_L2_Rejection</name>
                <type>FieldUpdate</type>
            </action>
        </rejectionActions>
    </approvalStep>
    <approvalStep>
        <allowDelegate>false</allowDelegate>
        <assignedApprover>
            <approver>
                <name>amberquarles@meta.com</name>
                <type>user</type>
            </approver>
            <approver>
                <name>claskowski@meta.com</name>
                <type>user</type>
            </approver>
            <approver>
                <name>jweinrich@meta.com</name>
                <type>user</type>
            </approver>
            <approver>
                <name>kchatfield@meta.com</name>
                <type>user</type>
            </approver>
            <whenMultipleApprovers>FirstResponse</whenMultipleApprovers>
        </assignedApprover>
        <description>Legal Approval</description>
        <label>Legal Approval</label>
        <name>Legal_Approval</name>
        <rejectBehavior>
            <type>RejectRequest</type>
        </rejectBehavior>
    </approvalStep>
    <description>T110612821 - make approver the record owner&apos;s manager instead of submitter&apos;s manager. Add field update for Program Status to Draft upon record Recall.</description>
    <emailTemplate>TPM_Confirmation_Emails/TPM_Program_Approval_Email_Template</emailTemplate>
    <enableMobileDeviceAccess>true</enableMobileDeviceAccess>
    <entryCriteria>
        <criteriaItems>
            <field>TPM__c.Level__c</field>
            <operation>equals</operation>
            <value>Country</value>
        </criteriaItems>
        <criteriaItems>
            <field>TPM__c.RecordType</field>
            <operation>equals</operation>
            <value>Promotion</value>
        </criteriaItems>
        <criteriaItems>
            <field>TPM__c.Status__c</field>
            <operation>equals</operation>
            <value>Pending</value>
        </criteriaItems>
    </entryCriteria>
    <finalApprovalActions>
        <action>
            <name>Program_Status_Approved</name>
            <type>FieldUpdate</type>
        </action>
    </finalApprovalActions>
    <finalApprovalRecordLock>false</finalApprovalRecordLock>
    <finalRejectionActions>
        <action>
            <name>Program_Status_Draft</name>
            <type>FieldUpdate</type>
        </action>
    </finalRejectionActions>
    <finalRejectionRecordLock>false</finalRejectionRecordLock>
    <initialSubmissionActions>
        <action>
            <name>Program_Status_Submitted</name>
            <type>FieldUpdate</type>
        </action>
    </initialSubmissionActions>
    <label>FRL TPM Program Approval_v9</label>
    <nextAutomatedApprover>
        <useApproverFieldOfRecordOwner>true</useApproverFieldOfRecordOwner>
        <userHierarchyField>Manager</userHierarchyField>
    </nextAutomatedApprover>
    <processOrder>2</processOrder>
    <recallActions>
        <action>
            <name>Program_Status_Draft</name>
            <type>FieldUpdate</type>
        </action>
    </recallActions>
    <recordEditability>AdminOnly</recordEditability>
    <showApprovalHistory>true</showApprovalHistory>
</ApprovalProcess>
