<?xml version="1.0" encoding="UTF-8"?>
<ApprovalProcess xmlns="http://soap.sforce.com/2006/04/metadata">
    <active>false</active>
    <allowRecall>true</allowRecall>
    <allowedSubmitters>
        <submitter>AFB_ARVR_Retail_TPM_SAMs</submitter>
        <type>group</type>
    </allowedSubmitters>
    <allowedSubmitters>
        <type>owner</type>
    </allowedSubmitters>
    <approvalPageFields>
        <field>Name</field>
        <field>Start_Date__c</field>
        <field>End_Date__c</field>
        <field>Country__c</field>
        <field>Campaign__c</field>
        <field>Owner</field>
    </approvalPageFields>
    <approvalStep>
        <allowDelegate>true</allowDelegate>
        <approvalActions>
            <action>
                <name>SAM_Manager_Promotion_Approved</name>
                <type>FieldUpdate</type>
            </action>
        </approvalActions>
        <assignedApprover>
            <approver>
                <type>userHierarchyField</type>
            </approver>
        </assignedApprover>
        <description>SAM Manager Promotion Approval</description>
        <entryCriteria>
            <criteriaItems>
                <field>TPM__c.Suppress_Approval_Process__c</field>
                <operation>equals</operation>
                <value>False</value>
            </criteriaItems>
        </entryCriteria>
        <ifCriteriaNotMet>ApproveRecord</ifCriteriaNotMet>
        <label>SAM Manager Promotion Approval - L1</label>
        <name>SAM_Manager_Promotion_Approval_L1</name>
    </approvalStep>
    <approvalStep>
        <allowDelegate>true</allowDelegate>
        <assignedApprover>
            <approver>
                <type>userHierarchyField</type>
            </approver>
        </assignedApprover>
        <description>SAM Manager Promotion Approval - AGM L1a</description>
        <entryCriteria>
            <criteriaItems>
                <field>TPM__c.IsAGM__c</field>
                <operation>equals</operation>
                <value>True</value>
            </criteriaItems>
            <criteriaItems>
                <field>TPM__c.Promotion_Estimated_Spend__c</field>
                <operation>greaterThan</operation>
                <value>&quot;USD 100,000&quot;</value>
            </criteriaItems>
        </entryCriteria>
        <ifCriteriaNotMet>GotoNextStep</ifCriteriaNotMet>
        <label>SAM Manager Promotion Approval - AGM L1a</label>
        <name>SAM_Manager_Promotion_Approval_AGM_L1a</name>
        <rejectBehavior>
            <type>RejectRequest</type>
        </rejectBehavior>
    </approvalStep>
    <approvalStep>
        <allowDelegate>true</allowDelegate>
        <approvalActions>
            <action>
                <name>CPM_Promotion_Approved_VR</name>
                <type>FieldUpdate</type>
            </action>
        </approvalActions>
        <assignedApprover>
            <approver>
                <name>kchatfield@meta.com</name>
                <type>user</type>
            </approver>
            <approver>
                <name>melissalin@meta.com</name>
                <type>user</type>
            </approver>
            <whenMultipleApprovers>FirstResponse</whenMultipleApprovers>
        </assignedApprover>
        <description>CPM Promotion Approval - VR</description>
        <entryCriteria>
            <criteriaItems>
                <field>TPM__c.Category__c</field>
                <operation>equals</operation>
                <value>VR</value>
            </criteriaItems>
        </entryCriteria>
        <ifCriteriaNotMet>GotoNextStep</ifCriteriaNotMet>
        <label>CPM Promotion Approval - VR</label>
        <name>CPM_Promotion_Approval_VR</name>
        <rejectBehavior>
            <type>RejectRequest</type>
        </rejectBehavior>
    </approvalStep>
    <approvalStep>
        <allowDelegate>true</allowDelegate>
        <approvalActions>
            <action>
                <name>CPM_Promotion_Approved_Portal</name>
                <type>FieldUpdate</type>
            </action>
        </approvalActions>
        <assignedApprover>
            <approver>
                <name>kchatfield@meta.com</name>
                <type>user</type>
            </approver>
            <approver>
                <name>rlab@meta.com</name>
                <type>user</type>
            </approver>
            <whenMultipleApprovers>FirstResponse</whenMultipleApprovers>
        </assignedApprover>
        <description>CPM Promotion Approval - AR
Richard LaBennet</description>
        <entryCriteria>
            <criteriaItems>
                <field>TPM__c.Category__c</field>
                <operation>equals</operation>
                <value>AR</value>
            </criteriaItems>
        </entryCriteria>
        <ifCriteriaNotMet>GotoNextStep</ifCriteriaNotMet>
        <label>CPM Promotion Approval - AR</label>
        <name>CPM_Promotion_Approval_AR</name>
        <rejectBehavior>
            <type>RejectRequest</type>
        </rejectBehavior>
    </approvalStep>
    <approvalStep>
        <allowDelegate>true</allowDelegate>
        <approvalActions>
            <action>
                <name>CPM_Promotion_Approved_Accessory</name>
                <type>FieldUpdate</type>
            </action>
        </approvalActions>
        <assignedApprover>
            <approver>
                <name>chaddavis@meta.com</name>
                <type>user</type>
            </approver>
            <approver>
                <name>kchatfield@meta.com</name>
                <type>user</type>
            </approver>
            <whenMultipleApprovers>FirstResponse</whenMultipleApprovers>
        </assignedApprover>
        <description>CPM Promotion Approval - VR Accessory</description>
        <entryCriteria>
            <criteriaItems>
                <field>TPM__c.Category__c</field>
                <operation>equals</operation>
                <value>VR Accessory</value>
            </criteriaItems>
        </entryCriteria>
        <ifCriteriaNotMet>GotoNextStep</ifCriteriaNotMet>
        <label>CPM Promotion Approval - VR Accessory</label>
        <name>CPM_Promotion_Approval_VR_Accessory</name>
        <rejectBehavior>
            <type>RejectRequest</type>
        </rejectBehavior>
    </approvalStep>
    <approvalStep>
        <allowDelegate>true</allowDelegate>
        <approvalActions>
            <action>
                <name>Finance_L1_Promotion_Approved</name>
                <type>FieldUpdate</type>
            </action>
        </approvalActions>
        <assignedApprover>
            <approver>
                <name>joshchiu@meta.com</name>
                <type>user</type>
            </approver>
            <approver>
                <name>kchatfield@meta.com</name>
                <type>user</type>
            </approver>
            <whenMultipleApprovers>FirstResponse</whenMultipleApprovers>
        </assignedApprover>
        <description>Finance L1 Promotion Approval</description>
        <label>Finance L1 Promotion Approval</label>
        <name>Finance_L1_Promotion_Approval</name>
        <rejectBehavior>
            <type>RejectRequest</type>
        </rejectBehavior>
    </approvalStep>
    <approvalStep>
        <allowDelegate>true</allowDelegate>
        <approvalActions>
            <action>
                <name>Finance_L2_Promotion_Approved_1</name>
                <type>FieldUpdate</type>
            </action>
        </approvalActions>
        <assignedApprover>
            <approver>
                <name>kchatfield@meta.com</name>
                <type>user</type>
            </approver>
            <approver>
                <name>zswenson@meta.com</name>
                <type>user</type>
            </approver>
            <whenMultipleApprovers>FirstResponse</whenMultipleApprovers>
        </assignedApprover>
        <description>Finance L2 Promotion Approval</description>
        <entryCriteria>
            <criteriaItems>
                <field>TPM__c.Promotion_Estimated_Spend__c</field>
                <operation>greaterThan</operation>
                <value>&quot;USD 5,000,000&quot;</value>
            </criteriaItems>
        </entryCriteria>
        <label>Finance L2 Promotion Approval</label>
        <name>Finance_L2_Promotion_Approval</name>
        <rejectBehavior>
            <type>RejectRequest</type>
        </rejectBehavior>
    </approvalStep>
    <description>T161148545 - include AR; remove Portal &amp; Portal Accessory
T109704183 - TPM used by FRL team. T119995064; 
T137447122</description>
    <emailTemplate>TPM_Confirmation_Emails/TPM_Promotion_Approval_Email_Template</emailTemplate>
    <enableMobileDeviceAccess>false</enableMobileDeviceAccess>
    <entryCriteria>
        <criteriaItems>
            <field>TPM__c.Level__c</field>
            <operation>equals</operation>
            <value>Account</value>
        </criteriaItems>
        <criteriaItems>
            <field>TPM__c.RecordType</field>
            <operation>equals</operation>
            <value>Promotion</value>
        </criteriaItems>
        <criteriaItems>
            <field>TPM__c.Status__c</field>
            <operation>equals</operation>
            <value>Pending</value>
        </criteriaItems>
    </entryCriteria>
    <finalApprovalActions>
        <action>
            <name>Clear_BU_Suppress_Approval_Process_Flag</name>
            <type>FieldUpdate</type>
        </action>
        <action>
            <name>Copy_End_Date</name>
            <type>FieldUpdate</type>
        </action>
        <action>
            <name>Copy_Start_Date</name>
            <type>FieldUpdate</type>
        </action>
        <action>
            <name>Flag_Has_Been_Approved</name>
            <type>FieldUpdate</type>
        </action>
        <action>
            <name>Nullify_Approval_Step_Name</name>
            <type>FieldUpdate</type>
        </action>
        <action>
            <name>Nullify_Assigned_Approver</name>
            <type>FieldUpdate</type>
        </action>
        <action>
            <name>Nullify_Assigned_Date_Time</name>
            <type>FieldUpdate</type>
        </action>
        <action>
            <name>Promotion_Status_Approved</name>
            <type>FieldUpdate</type>
        </action>
        <action>
            <name>Sync_Promotion_to_Facebook</name>
            <type>FieldUpdate</type>
        </action>
        <action>
            <name>Sync_Promotion_to_Unity</name>
            <type>FieldUpdate</type>
        </action>
    </finalApprovalActions>
    <finalApprovalRecordLock>true</finalApprovalRecordLock>
    <finalRejectionActions>
        <action>
            <name>Nullify_Approval_Step_Name</name>
            <type>FieldUpdate</type>
        </action>
        <action>
            <name>Nullify_Assigned_Approver</name>
            <type>FieldUpdate</type>
        </action>
        <action>
            <name>Nullify_Assigned_Date_Time</name>
            <type>FieldUpdate</type>
        </action>
        <action>
            <name>Promotion_Status_Draft</name>
            <type>FieldUpdate</type>
        </action>
    </finalRejectionActions>
    <finalRejectionRecordLock>false</finalRejectionRecordLock>
    <initialSubmissionActions>
        <action>
            <name>Promotion_Status_Submitted</name>
            <type>FieldUpdate</type>
        </action>
        <action>
            <name>TPM_Promotion_Approval_Email_Alert</name>
            <type>Alert</type>
        </action>
    </initialSubmissionActions>
    <label>FRL TPM Bottoms Up Promotion Approval v4</label>
    <nextAutomatedApprover>
        <useApproverFieldOfRecordOwner>true</useApproverFieldOfRecordOwner>
        <userHierarchyField>Manager</userHierarchyField>
    </nextAutomatedApprover>
    <processOrder>3</processOrder>
    <recallActions>
        <action>
            <name>Nullify_Approval_Step_Name</name>
            <type>FieldUpdate</type>
        </action>
        <action>
            <name>Nullify_Assigned_Approver</name>
            <type>FieldUpdate</type>
        </action>
        <action>
            <name>Nullify_Assigned_Date_Time</name>
            <type>FieldUpdate</type>
        </action>
        <action>
            <name>Promotion_Status_Draft</name>
            <type>FieldUpdate</type>
        </action>
    </recallActions>
    <recordEditability>AdminOnly</recordEditability>
    <showApprovalHistory>false</showApprovalHistory>
</ApprovalProcess>
