<?xml version="1.0" encoding="UTF-8"?>
<ApprovalProcess xmlns="http://soap.sforce.com/2006/04/metadata">
    <active>false</active>
    <allowRecall>true</allowRecall>
    <allowedSubmitters>
        <type>owner</type>
    </allowedSubmitters>
    <approvalPageFields>
        <field>Name</field>
        <field>Start_Date__c</field>
        <field>End_Date__c</field>
        <field>Country__c</field>
        <field>Campaign__c</field>
        <field>Owner</field>
    </approvalPageFields>
    <approvalStep>
        <allowDelegate>false</allowDelegate>
        <approvalActions>
            <action>
                <name>SAM_Manager_Promotion_Approved</name>
                <type>FieldUpdate</type>
            </action>
        </approvalActions>
        <assignedApprover>
            <approver>
                <type>userHierarchyField</type>
            </approver>
        </assignedApprover>
        <description>SAM Manager Promotion Approval</description>
        <label>SAM Manager Promotion Approval</label>
        <name>SAM_Manager_Promotion_Approval</name>
    </approvalStep>
    <approvalStep>
        <allowDelegate>false</allowDelegate>
        <approvalActions>
            <action>
                <name>CPM_Promotion_Approved_VR</name>
                <type>FieldUpdate</type>
            </action>
        </approvalActions>
        <assignedApprover>
            <approver>
                <name>claskowski@meta.com</name>
                <type>user</type>
            </approver>
            <approver>
                <name>kchatfield@meta.com</name>
                <type>user</type>
            </approver>
            <approver>
                <name>melissalin@meta.com</name>
                <type>user</type>
            </approver>
            <whenMultipleApprovers>FirstResponse</whenMultipleApprovers>
        </assignedApprover>
        <description>CPM Promotion Approval - VR</description>
        <entryCriteria>
            <criteriaItems>
                <field>TPM__c.Category__c</field>
                <operation>equals</operation>
                <value>VR</value>
            </criteriaItems>
        </entryCriteria>
        <ifCriteriaNotMet>GotoNextStep</ifCriteriaNotMet>
        <label>CPM Promotion Approval - VR</label>
        <name>CPM_Promotion_Approval_VR</name>
        <rejectBehavior>
            <type>RejectRequest</type>
        </rejectBehavior>
    </approvalStep>
    <approvalStep>
        <allowDelegate>false</allowDelegate>
        <approvalActions>
            <action>
                <name>CPM_Promotion_Approved_Portal</name>
                <type>FieldUpdate</type>
            </action>
        </approvalActions>
        <assignedApprover>
            <approver>
                <name>claskowski@meta.com</name>
                <type>user</type>
            </approver>
            <approver>
                <name>kchatfield@meta.com</name>
                <type>user</type>
            </approver>
            <approver>
                <name>sidmantina@meta.com</name>
                <type>user</type>
            </approver>
            <whenMultipleApprovers>FirstResponse</whenMultipleApprovers>
        </assignedApprover>
        <description>CPM Promotion Approval - Portal</description>
        <entryCriteria>
            <criteriaItems>
                <field>TPM__c.Category__c</field>
                <operation>equals</operation>
                <value>Portal</value>
            </criteriaItems>
        </entryCriteria>
        <ifCriteriaNotMet>GotoNextStep</ifCriteriaNotMet>
        <label>CPM Promotion Approval - Portal</label>
        <name>CPM_Promotion_Approval_Portal</name>
        <rejectBehavior>
            <type>RejectRequest</type>
        </rejectBehavior>
    </approvalStep>
    <approvalStep>
        <allowDelegate>false</allowDelegate>
        <approvalActions>
            <action>
                <name>CPM_Promotion_Approved_Accessory</name>
                <type>FieldUpdate</type>
            </action>
        </approvalActions>
        <assignedApprover>
            <approver>
                <name>claskowski@meta.com</name>
                <type>user</type>
            </approver>
            <approver>
                <name>hugoco@meta.com</name>
                <type>user</type>
            </approver>
            <approver>
                <name>kchatfield@meta.com</name>
                <type>user</type>
            </approver>
            <whenMultipleApprovers>FirstResponse</whenMultipleApprovers>
        </assignedApprover>
        <description>CPM Promotion Approval - Accessory</description>
        <entryCriteria>
            <criteriaItems>
                <field>TPM__c.Category__c</field>
                <operation>equals</operation>
                <value>Portal &amp; Accessories,VR &amp; Accessories</value>
            </criteriaItems>
        </entryCriteria>
        <ifCriteriaNotMet>GotoNextStep</ifCriteriaNotMet>
        <label>CPM Promotion Approval - Accessory</label>
        <name>CPM_Promotion_Approval_Accessory</name>
        <rejectBehavior>
            <type>RejectRequest</type>
        </rejectBehavior>
    </approvalStep>
    <approvalStep>
        <allowDelegate>false</allowDelegate>
        <approvalActions>
            <action>
                <name>Finance_L1_Promotion_Approved</name>
                <type>FieldUpdate</type>
            </action>
        </approvalActions>
        <assignedApprover>
            <approver>
                <name>claskowski@meta.com</name>
                <type>user</type>
            </approver>
            <approver>
                <name>joshchiu@meta.com</name>
                <type>user</type>
            </approver>
            <approver>
                <name>kchatfield@meta.com</name>
                <type>user</type>
            </approver>
            <approver>
                <name>vickiwang@fb.com</name>
                <type>user</type>
            </approver>
            <whenMultipleApprovers>FirstResponse</whenMultipleApprovers>
        </assignedApprover>
        <description>Finance L1 Promotion Approval</description>
        <label>Finance L1 Promotion Approval</label>
        <name>Finance_L1_Promotion_Approval</name>
        <rejectBehavior>
            <type>RejectRequest</type>
        </rejectBehavior>
    </approvalStep>
    <approvalStep>
        <allowDelegate>false</allowDelegate>
        <approvalActions>
            <action>
                <name>Finance_L2_Promotion_Approved_1</name>
                <type>FieldUpdate</type>
            </action>
        </approvalActions>
        <assignedApprover>
            <approver>
                <name>claskowski@meta.com</name>
                <type>user</type>
            </approver>
            <approver>
                <name>jtrogler@meta.com</name>
                <type>user</type>
            </approver>
            <approver>
                <name>kchatfield@meta.com</name>
                <type>user</type>
            </approver>
            <whenMultipleApprovers>FirstResponse</whenMultipleApprovers>
        </assignedApprover>
        <description>Finance L2 Promotion Approval</description>
        <entryCriteria>
            <criteriaItems>
                <field>TPM__c.Program_Estimated_Spend__c</field>
                <operation>equals</operation>
                <value>&quot;USD 5,000,000&quot;</value>
            </criteriaItems>
        </entryCriteria>
        <ifCriteriaNotMet>GotoNextStep</ifCriteriaNotMet>
        <label>Finance L2 Promotion Approval</label>
        <name>Finance_L2_Promotion_Approval</name>
        <rejectBehavior>
            <type>RejectRequest</type>
        </rejectBehavior>
    </approvalStep>
    <approvalStep>
        <allowDelegate>false</allowDelegate>
        <assignedApprover>
            <approver>
                <name>amberquarles@meta.com</name>
                <type>user</type>
            </approver>
            <approver>
                <name>claskowski@meta.com</name>
                <type>user</type>
            </approver>
            <approver>
                <name>jweinrich@meta.com</name>
                <type>user</type>
            </approver>
            <approver>
                <name>kchatfield@meta.com</name>
                <type>user</type>
            </approver>
            <whenMultipleApprovers>FirstResponse</whenMultipleApprovers>
        </assignedApprover>
        <description>Legal Promotion Approval</description>
        <label>Legal Promotion Approval</label>
        <name>Legal_Promotion_Approval</name>
        <rejectBehavior>
            <type>RejectRequest</type>
        </rejectBehavior>
    </approvalStep>
    <emailTemplate>TPM_Confirmation_Emails/TPM_Promotion_Approval_Email_Template</emailTemplate>
    <enableMobileDeviceAccess>false</enableMobileDeviceAccess>
    <entryCriteria>
        <criteriaItems>
            <field>TPM__c.Level__c</field>
            <operation>equals</operation>
            <value>Account</value>
        </criteriaItems>
        <criteriaItems>
            <field>TPM__c.RecordType</field>
            <operation>equals</operation>
            <value>Promotion</value>
        </criteriaItems>
        <criteriaItems>
            <field>TPM__c.Status__c</field>
            <operation>equals</operation>
            <value>Pending</value>
        </criteriaItems>
        <criteriaItems>
            <field>TPM__c.Year__c</field>
            <operation>contains</operation>
            <value>2022</value>
        </criteriaItems>
    </entryCriteria>
    <finalApprovalActions>
        <action>
            <name>Promotion_Status_Approved</name>
            <type>FieldUpdate</type>
        </action>
    </finalApprovalActions>
    <finalApprovalRecordLock>true</finalApprovalRecordLock>
    <finalRejectionActions>
        <action>
            <name>Promotion_Status_Draft</name>
            <type>FieldUpdate</type>
        </action>
    </finalRejectionActions>
    <finalRejectionRecordLock>false</finalRejectionRecordLock>
    <initialSubmissionActions>
        <action>
            <name>Promotion_Status_Submitted</name>
            <type>FieldUpdate</type>
        </action>
        <action>
            <name>TPM_Promotion_Approval_Email_Alert</name>
            <type>Alert</type>
        </action>
    </initialSubmissionActions>
    <label>FRL TPM Bottoms Up Promotion Approval</label>
    <nextAutomatedApprover>
        <useApproverFieldOfRecordOwner>false</useApproverFieldOfRecordOwner>
        <userHierarchyField>Manager</userHierarchyField>
    </nextAutomatedApprover>
    <processOrder>2</processOrder>
    <recordEditability>AdminOnly</recordEditability>
    <showApprovalHistory>false</showApprovalHistory>
</ApprovalProcess>
