<?xml version="1.0" encoding="UTF-8"?>
<ApprovalProcess xmlns="http://soap.sforce.com/2006/04/metadata">
    <active>true</active>
    <allowRecall>false</allowRecall>
    <allowedSubmitters>
        <type>creator</type>
    </allowedSubmitters>
    <allowedSubmitters>
        <submitter>SFW_Warranty_Admin</submitter>
        <type>group</type>
    </allowedSubmitters>
    <allowedSubmitters>
        <submitter>TEU_Warranty_Admin</submitter>
        <type>group</type>
    </allowedSubmitters>
    <allowedSubmitters>
        <submitter>TWoD_Dealer_Group</submitter>
        <type>group</type>
    </allowedSubmitters>
    <allowedSubmitters>
        <type>owner</type>
    </allowedSubmitters>
    <approvalPageFields>
        <field>Name</field>
        <field>Owner</field>
    </approvalPageFields>
    <approvalStep>
        <allowDelegate>false</allowDelegate>
        <assignedApprover>
            <approver>
                <name>Meta_Warranty_Team_Queue</name>
                <type>queue</type>
            </approver>
            <approver>
                <name>Service_Claim_Dealer</name>
                <type>queue</type>
            </approver>
            <whenMultipleApprovers>FirstResponse</whenMultipleApprovers>
        </assignedApprover>
        <label>Step 1</label>
        <name>Step_1</name>
    </approvalStep>
    <enableMobileDeviceAccess>false</enableMobileDeviceAccess>
    <entryCriteria>
        <criteriaItems>
            <field>WOD_2__Claim__c.WOD_2__Claim_Status__c</field>
            <operation>equals</operation>
            <value>Draft,Submitted,Rejected,In Progress,Additional Information Required,Reopened,Approved</value>
        </criteriaItems>
    </entryCriteria>
    <finalApprovalActions>
        <action>
            <name>Approved_Date</name>
            <type>FieldUpdate</type>
        </action>
        <action>
            <name>Claim_Status_approved</name>
            <type>FieldUpdate</type>
        </action>
    </finalApprovalActions>
    <finalApprovalRecordLock>false</finalApprovalRecordLock>
    <finalRejectionActions>
        <action>
            <name>Claim_Status_Rejected</name>
            <type>FieldUpdate</type>
        </action>
        <action>
            <name>Rejected_Date</name>
            <type>FieldUpdate</type>
        </action>
    </finalRejectionActions>
    <finalRejectionRecordLock>false</finalRejectionRecordLock>
    <initialSubmissionActions>
        <action>
            <name>Claim_Status_Submitted</name>
            <type>FieldUpdate</type>
        </action>
    </initialSubmissionActions>
    <label>ClaimManualReview</label>
    <processOrder>1</processOrder>
    <recordEditability>AdminOrCurrentApprover</recordEditability>
    <showApprovalHistory>true</showApprovalHistory>
</ApprovalProcess>
