<?xml version="1.0" encoding="UTF-8"?>
<ApprovalProcess xmlns="http://soap.sforce.com/2006/04/metadata">
    <active>true</active>
    <allowRecall>true</allowRecall>
    <allowedSubmitters>
        <type>owner</type>
    </allowedSubmitters>
    <approvalPageFields>
        <field>Name</field>
        <field>Opportunity__c</field>
        <field>WP_Instance__c</field>
        <field>Owner</field>
        <field>Current_Trial_Expiration_Date__c</field>
        <field>Price_Plan_Start_Date__c</field>
        <field>New_Trial_Start_Date__c</field>
        <field>New_Trial_End_Date__c</field>
        <field>Status__c</field>
        <field>Trial_Extension_Status__c</field>
        <field>Reason__c</field>
    </approvalPageFields>
    <approvalStep>
        <allowDelegate>false</allowDelegate>
        <assignedApprover>
            <approver>
                <type>userHierarchyField</type>
            </approver>
        </assignedApprover>
        <label>Step 1</label>
        <name>Step_1</name>
    </approvalStep>
    <emailTemplate>Workplace_templates/WP_Trial_Extension_Request_Approval</emailTemplate>
    <enableMobileDeviceAccess>false</enableMobileDeviceAccess>
    <entryCriteria>
        <criteriaItems>
            <field>WP_Trial_Extension__c.Status__c</field>
            <operation>equals</operation>
            <value>Drafted,Rejected</value>
        </criteriaItems>
    </entryCriteria>
    <finalApprovalActions>
        <action>
            <name>Status_to_Approved</name>
            <type>FieldUpdate</type>
        </action>
        <action>
            <name>Update_Approved_By</name>
            <type>FieldUpdate</type>
        </action>
        <action>
            <name>Update_Trial_Extension_to_Syncing_to_CT</name>
            <type>FieldUpdate</type>
        </action>
    </finalApprovalActions>
    <finalApprovalRecordLock>true</finalApprovalRecordLock>
    <finalRejectionActions>
        <action>
            <name>Status_to_Rejected</name>
            <type>FieldUpdate</type>
        </action>
    </finalRejectionActions>
    <finalRejectionRecordLock>false</finalRejectionRecordLock>
    <initialSubmissionActions>
        <action>
            <name>Status_to_Submitted</name>
            <type>FieldUpdate</type>
        </action>
    </initialSubmissionActions>
    <label>WP Trial Extension Process v1</label>
    <nextAutomatedApprover>
        <useApproverFieldOfRecordOwner>false</useApproverFieldOfRecordOwner>
        <userHierarchyField>Manager</userHierarchyField>
    </nextAutomatedApprover>
    <processOrder>1</processOrder>
    <recallActions>
        <action>
            <name>Status_to_Drafted</name>
            <type>FieldUpdate</type>
        </action>
    </recallActions>
    <recordEditability>AdminOnly</recordEditability>
    <showApprovalHistory>true</showApprovalHistory>
</ApprovalProcess>
