<?xml version="1.0" encoding="UTF-8"?>
<Flow xmlns="http://soap.sforce.com/2006/04/metadata">
    <apiVersion>55.0</apiVersion>
    <assignments>
        <name>Set_Primary_Exists_Flag_0</name>
        <label>Set Primary Exists Flag</label>
        <locationX>50</locationX>
        <locationY>551</locationY>
        <assignmentItems>
            <assignToReference>$Record.Other_Primary_Exists_Flag__c</assignToReference>
            <operator>Assign</operator>
            <value>
                <booleanValue>true</booleanValue>
            </value>
        </assignmentItems>
    </assignments>
    <decisions>
        <name>Other_Primary_Exists</name>
        <label>Other Primary Exists?</label>
        <locationX>182</locationX>
        <locationY>431</locationY>
        <defaultConnectorLabel>Default Outcome</defaultConnectorLabel>
        <rules>
            <name>Yes</name>
            <conditionLogic>and</conditionLogic>
            <conditions>
                <leftValueReference>Get_other_Primary_Account_Disti</leftValueReference>
                <operator>IsNull</operator>
                <rightValue>
                    <booleanValue>false</booleanValue>
                </rightValue>
            </conditions>
            <connector>
                <targetReference>Set_Primary_Exists_Flag_0</targetReference>
            </connector>
            <label>Yes</label>
        </rules>
    </decisions>
    <description>Used to flag if another Primary Distributor exists on create</description>
    <environments>Default</environments>
    <interviewLabel>Account-Disti: Primary Distributor Created {!$Flow.CurrentDateTime}</interviewLabel>
    <label>Account-Disti: Primary Distributor Created</label>
    <processMetadataValues>
        <name>BuilderType</name>
        <value>
            <stringValue>LightningFlowBuilder</stringValue>
        </value>
    </processMetadataValues>
    <processMetadataValues>
        <name>CanvasMode</name>
        <value>
            <stringValue>AUTO_LAYOUT_CANVAS</stringValue>
        </value>
    </processMetadataValues>
    <processMetadataValues>
        <name>OriginBuilderType</name>
        <value>
            <stringValue>LightningFlowBuilder</stringValue>
        </value>
    </processMetadataValues>
    <processType>AutoLaunchedFlow</processType>
    <recordLookups>
        <name>Get_other_Primary_Account_Disti</name>
        <label>Get other Primary Account-Disti</label>
        <locationX>182</locationX>
        <locationY>311</locationY>
        <assignNullValuesIfNoRecordsFound>false</assignNullValuesIfNoRecordsFound>
        <connector>
            <targetReference>Other_Primary_Exists</targetReference>
        </connector>
        <filterLogic>and</filterLogic>
        <filters>
            <field>Retailer__c</field>
            <operator>EqualTo</operator>
            <value>
                <elementReference>$Record.Retailer__c</elementReference>
            </value>
        </filters>
        <filters>
            <field>Primary_Distributor__c</field>
            <operator>EqualTo</operator>
            <value>
                <booleanValue>true</booleanValue>
            </value>
        </filters>
        <getFirstRecordOnly>true</getFirstRecordOnly>
        <object>Account_Distributor_Mapping__c</object>
        <storeOutputAutomatically>true</storeOutputAutomatically>
    </recordLookups>
    <start>
        <locationX>56</locationX>
        <locationY>0</locationY>
        <connector>
            <targetReference>Get_other_Primary_Account_Disti</targetReference>
        </connector>
        <object>Account_Distributor_Mapping__c</object>
        <recordTriggerType>Create</recordTriggerType>
        <triggerType>RecordBeforeSave</triggerType>
    </start>
    <status>Active</status>
</Flow>
