<?xml version="1.0" encoding="UTF-8"?>
<Flow xmlns="http://soap.sforce.com/2006/04/metadata">
    <actionCalls>
        <processMetadataValues>
            <name>emailAlertSelection</name>
            <value>
                <stringValue>Notify_ACR_Sender_of_Link_Expiry</stringValue>
            </value>
        </processMetadataValues>
        <name>myRule_14_A1</name>
        <label>Alert Sender of Link Expiry</label>
        <locationX>1400</locationX>
        <locationY>200</locationY>
        <actionName>Account_Credit_Request__c.Notify_ACR_Sender_of_Link_Expiry</actionName>
        <actionType>emailAlert</actionType>
        <inputParameters>
            <name>SObjectRowId</name>
            <value>
                <elementReference>myVariable_current.Id</elementReference>
            </value>
        </inputParameters>
        <nameSegment>Account_Credit_Request__c.Notify_ACR_Sender_of_Link_Expiry</nameSegment>
    </actionCalls>
    <apiVersion>49.0</apiVersion>
    <assignments>
        <name>myVariable_waitStartTimeAssignment</name>
        <label>myVariable_waitStartTimeAssignment</label>
        <locationX>0</locationX>
        <locationY>0</locationY>
        <assignmentItems>
            <assignToReference>myVariable_waitStartTimeVariable</assignToReference>
            <operator>Assign</operator>
            <value>
                <elementReference>$Flow.CurrentDateTime</elementReference>
            </value>
        </assignmentItems>
        <connector>
            <targetReference>myDecision</targetReference>
        </connector>
    </assignments>
    <decisions>
        <processMetadataValues>
            <name>index</name>
            <value>
                <numberValue>0.0</numberValue>
            </value>
        </processMetadataValues>
        <name>myDecision</name>
        <label>myDecision</label>
        <locationX>50</locationX>
        <locationY>0</locationY>
        <defaultConnector>
            <targetReference>myDecision7</targetReference>
        </defaultConnector>
        <defaultConnectorLabel>default</defaultConnectorLabel>
        <rules>
            <name>myRule_1</name>
            <conditionLogic>and</conditionLogic>
            <conditions>
                <leftValueReference>formula_myRule_1</leftValueReference>
                <operator>EqualTo</operator>
                <rightValue>
                    <booleanValue>true</booleanValue>
                </rightValue>
            </conditions>
            <connector>
                <targetReference>myRule_1_pmetdec</targetReference>
            </connector>
            <label>Submitted?</label>
        </rules>
    </decisions>
    <decisions>
        <processMetadataValues>
            <name>index</name>
            <value>
                <numberValue>2.0</numberValue>
            </value>
        </processMetadataValues>
        <name>myDecision10</name>
        <label>myDecision10</label>
        <locationX>50</locationX>
        <locationY>0</locationY>
        <defaultConnector>
            <targetReference>myDecision13</targetReference>
        </defaultConnector>
        <defaultConnectorLabel>default</defaultConnectorLabel>
        <rules>
            <name>myRule_11</name>
            <conditionLogic>and</conditionLogic>
            <conditions>
                <leftValueReference>formula_myRule_11</leftValueReference>
                <operator>EqualTo</operator>
                <rightValue>
                    <booleanValue>true</booleanValue>
                </rightValue>
            </conditions>
            <connector>
                <targetReference>myRule_11_A1</targetReference>
            </connector>
            <label>Configure Sender&apos;s Email? - CRM</label>
        </rules>
    </decisions>
    <decisions>
        <processMetadataValues>
            <name>index</name>
            <value>
                <numberValue>3.0</numberValue>
            </value>
        </processMetadataValues>
        <name>myDecision13</name>
        <label>myDecision13</label>
        <locationX>50</locationX>
        <locationY>0</locationY>
        <defaultConnectorLabel>default</defaultConnectorLabel>
        <rules>
            <name>myRule_14</name>
            <conditionLogic>and</conditionLogic>
            <conditions>
                <processMetadataValues>
                    <name>inputDataType</name>
                    <value>
                        <stringValue>Picklist</stringValue>
                    </value>
                </processMetadataValues>
                <processMetadataValues>
                    <name>leftHandSideType</name>
                    <value>
                        <stringValue>Picklist</stringValue>
                    </value>
                </processMetadataValues>
                <processMetadataValues>
                    <name>operatorDataType</name>
                    <value>
                        <stringValue>String</stringValue>
                    </value>
                </processMetadataValues>
                <processMetadataValues>
                    <name>rightHandSideType</name>
                    <value>
                        <stringValue>Picklist</stringValue>
                    </value>
                </processMetadataValues>
                <leftValueReference>myVariable_current.Credit_App_Status__c</leftValueReference>
                <operator>EqualTo</operator>
                <rightValue>
                    <stringValue>Expired</stringValue>
                </rightValue>
            </conditions>
            <connector>
                <targetReference>myRule_14_pmetdec</targetReference>
            </connector>
            <label>Expired Link?</label>
        </rules>
    </decisions>
    <decisions>
        <processMetadataValues>
            <name>index</name>
            <value>
                <numberValue>1.0</numberValue>
            </value>
        </processMetadataValues>
        <name>myDecision7</name>
        <label>myDecision7</label>
        <locationX>50</locationX>
        <locationY>0</locationY>
        <defaultConnector>
            <targetReference>myDecision10</targetReference>
        </defaultConnector>
        <defaultConnectorLabel>default</defaultConnectorLabel>
        <rules>
            <name>myRule_8</name>
            <conditionLogic>and</conditionLogic>
            <conditions>
                <leftValueReference>formula_myRule_8</leftValueReference>
                <operator>EqualTo</operator>
                <rightValue>
                    <booleanValue>true</booleanValue>
                </rightValue>
            </conditions>
            <connector>
                <targetReference>myRule_8_pmetdec</targetReference>
            </connector>
            <label>Configure Sender&apos;s Email? - SFDC</label>
        </rules>
    </decisions>
    <decisions>
        <name>myRule_14_pmetdec</name>
        <label>Previously Met Decision</label>
        <locationX>1400</locationX>
        <locationY>100</locationY>
        <defaultConnector>
            <targetReference>myRule_14_A1</targetReference>
        </defaultConnector>
        <defaultConnectorLabel>Not Previously Met</defaultConnectorLabel>
        <rules>
            <name>myRule_14_pmetnullrule</name>
            <conditionLogic>or</conditionLogic>
            <conditions>
                <leftValueReference>myVariable_old</leftValueReference>
                <operator>IsNull</operator>
                <rightValue>
                    <booleanValue>true</booleanValue>
                </rightValue>
            </conditions>
            <connector>
                <targetReference>myRule_14_A1</targetReference>
            </connector>
            <label>Previously Met - Null</label>
        </rules>
        <rules>
            <name>myRule_14_pmetrule</name>
            <conditionLogic>and</conditionLogic>
            <conditions>
                <processMetadataValues>
                    <name>inputDataType</name>
                    <value>
                        <stringValue>Picklist</stringValue>
                    </value>
                </processMetadataValues>
                <processMetadataValues>
                    <name>leftHandSideType</name>
                    <value>
                        <stringValue>Picklist</stringValue>
                    </value>
                </processMetadataValues>
                <processMetadataValues>
                    <name>operatorDataType</name>
                    <value>
                        <stringValue>String</stringValue>
                    </value>
                </processMetadataValues>
                <processMetadataValues>
                    <name>rightHandSideType</name>
                    <value>
                        <stringValue>Picklist</stringValue>
                    </value>
                </processMetadataValues>
                <leftValueReference>myVariable_old.Credit_App_Status__c</leftValueReference>
                <operator>EqualTo</operator>
                <rightValue>
                    <stringValue>Expired</stringValue>
                </rightValue>
            </conditions>
            <label>Previously Met - Prev</label>
        </rules>
    </decisions>
    <decisions>
        <name>myRule_1_pmetdec</name>
        <label>Previously Met Decision</label>
        <locationX>100</locationX>
        <locationY>100</locationY>
        <defaultConnector>
            <targetReference>myRule_1_A1</targetReference>
        </defaultConnector>
        <defaultConnectorLabel>Not Previously Met</defaultConnectorLabel>
        <rules>
            <name>myRule_1_pmetnullrule</name>
            <conditionLogic>or</conditionLogic>
            <conditions>
                <leftValueReference>myVariable_old</leftValueReference>
                <operator>IsNull</operator>
                <rightValue>
                    <booleanValue>true</booleanValue>
                </rightValue>
            </conditions>
            <connector>
                <targetReference>myRule_1_A1</targetReference>
            </connector>
            <label>Previously Met - Null</label>
        </rules>
        <rules>
            <name>myRule_1_pmetrule</name>
            <conditionLogic>and</conditionLogic>
            <conditions>
                <leftValueReference>formula_myRule_1_pmetrule</leftValueReference>
                <operator>EqualTo</operator>
                <rightValue>
                    <booleanValue>true</booleanValue>
                </rightValue>
            </conditions>
            <label>Previously Met - Prev</label>
        </rules>
    </decisions>
    <decisions>
        <name>myRule_8_pmetdec</name>
        <label>Previously Met Decision</label>
        <locationX>800</locationX>
        <locationY>100</locationY>
        <defaultConnector>
            <targetReference>myRule_8_A1</targetReference>
        </defaultConnector>
        <defaultConnectorLabel>Not Previously Met</defaultConnectorLabel>
        <rules>
            <name>myRule_8_pmetnullrule</name>
            <conditionLogic>or</conditionLogic>
            <conditions>
                <leftValueReference>myVariable_old</leftValueReference>
                <operator>IsNull</operator>
                <rightValue>
                    <booleanValue>true</booleanValue>
                </rightValue>
            </conditions>
            <connector>
                <targetReference>myRule_8_A1</targetReference>
            </connector>
            <label>Previously Met - Null</label>
        </rules>
        <rules>
            <name>myRule_8_pmetrule</name>
            <conditionLogic>and</conditionLogic>
            <conditions>
                <leftValueReference>formula_myRule_8_pmetrule</leftValueReference>
                <operator>EqualTo</operator>
                <rightValue>
                    <booleanValue>true</booleanValue>
                </rightValue>
            </conditions>
            <label>Previously Met - Prev</label>
        </rules>
    </decisions>
    <description>t17268062 moved to WF&apos;s &gt; OLD:Task 10041886 - send an email alert to the sender of the ACR application, when it has expired.</description>
    <formulas>
        <processMetadataValues>
            <name>originalFormula</name>
            <value>
                <stringValue>[Account_Credit_Request__c].BM_Creator_Email__c </stringValue>
            </value>
        </processMetadataValues>
        <name>formula_12_myRule_11_A1_Sender_s_Email_c</name>
        <dataType>String</dataType>
        <expression>{!myVariable_current.BM_Creator_Email__c}</expression>
    </formulas>
    <formulas>
        <processMetadataValues>
            <name>originalFormula</name>
            <value>
                <stringValue>NULL</stringValue>
            </value>
        </processMetadataValues>
        <name>formula_2_myRule_1_A1_Approval_Level_Executed_c</name>
        <dataType>String</dataType>
        <expression>NULL</expression>
    </formulas>
    <formulas>
        <processMetadataValues>
            <name>originalFormula</name>
            <value>
                <stringValue>NULL</stringValue>
            </value>
        </processMetadataValues>
        <name>formula_3_myRule_1_A1_Date_Time_Rejected_c</name>
        <dataType>DateTime</dataType>
        <expression>NULL</expression>
    </formulas>
    <formulas>
        <processMetadataValues>
            <name>originalFormula</name>
            <value>
                <stringValue>NULL</stringValue>
            </value>
        </processMetadataValues>
        <name>formula_4_myRule_1_A1_Initial_Approval_Date_Time_c</name>
        <dataType>DateTime</dataType>
        <expression>NULL</expression>
    </formulas>
    <formulas>
        <processMetadataValues>
            <name>originalFormula</name>
            <value>
                <stringValue>NULL</stringValue>
            </value>
        </processMetadataValues>
        <name>formula_5_myRule_1_A1_Initial_Approver_c</name>
        <dataType>String</dataType>
        <expression>NULL</expression>
    </formulas>
    <formulas>
        <processMetadataValues>
            <name>originalFormula</name>
            <value>
                <stringValue>NULL</stringValue>
            </value>
        </processMetadataValues>
        <name>formula_6_myRule_1_A1_Initial_Decision_c</name>
        <dataType>String</dataType>
        <expression>NULL</expression>
    </formulas>
    <formulas>
        <processMetadataValues>
            <name>originalFormula</name>
            <value>
                <stringValue>[Account_Credit_Request__c].CreatedBy.Email </stringValue>
            </value>
        </processMetadataValues>
        <name>formula_9_myRule_8_A1_Sender_s_Email_c</name>
        <dataType>String</dataType>
        <expression>{!myVariable_current.CreatedBy.Email}</expression>
    </formulas>
    <formulas>
        <processMetadataValues>
            <name>originalFormula</name>
            <value>
                <stringValue>ISPICKVAL([Account_Credit_Request__c].Credit_App_Status__c, &quot;Submitted&quot;) </stringValue>
            </value>
        </processMetadataValues>
        <name>formula_myRule_1</name>
        <dataType>Boolean</dataType>
        <expression>ISPICKVAL({!myVariable_current.Credit_App_Status__c}, &quot;Submitted&quot;)</expression>
    </formulas>
    <formulas>
        <processMetadataValues>
            <name>originalFormula</name>
            <value>
                <stringValue>AND( 
(TEXT([Account_Credit_Request__c].Credit_App_Status__c) = &apos;Sent&apos; ),
([Account_Credit_Request__c].CreatedById = &apos;005A00000031mVd&apos; )
) </stringValue>
            </value>
        </processMetadataValues>
        <name>formula_myRule_11</name>
        <dataType>Boolean</dataType>
        <expression>AND( 
(TEXT({!myVariable_current.Credit_App_Status__c}) = &apos;Sent&apos; ),
({!myVariable_current.CreatedById} = &apos;005A00000031mVd&apos; )
)</expression>
    </formulas>
    <formulas>
        <processMetadataValues>
            <name>originalFormula</name>
            <value>
                <stringValue>ISPICKVAL([Account_Credit_Request__c].Credit_App_Status__c, &quot;Submitted&quot;) </stringValue>
            </value>
        </processMetadataValues>
        <name>formula_myRule_1_pmetrule</name>
        <dataType>Boolean</dataType>
        <expression>ISPICKVAL({!myVariable_old.Credit_App_Status__c}, &quot;Submitted&quot;)</expression>
    </formulas>
    <formulas>
        <processMetadataValues>
            <name>originalFormula</name>
            <value>
                <stringValue>AND( 
(TEXT([Account_Credit_Request__c].Credit_App_Status__c) = &apos;Sent&apos; ),
([Account_Credit_Request__c].CreatedById &lt;&gt; &apos;005A00000031mVd&apos; )
) </stringValue>
            </value>
        </processMetadataValues>
        <name>formula_myRule_8</name>
        <dataType>Boolean</dataType>
        <expression>AND( 
(TEXT({!myVariable_current.Credit_App_Status__c}) = &apos;Sent&apos; ),
({!myVariable_current.CreatedById} &lt;&gt; &apos;005A00000031mVd&apos; )
)</expression>
    </formulas>
    <formulas>
        <processMetadataValues>
            <name>originalFormula</name>
            <value>
                <stringValue>AND( 
(TEXT([Account_Credit_Request__c].Credit_App_Status__c) = &apos;Sent&apos; ),
([Account_Credit_Request__c].CreatedById &lt;&gt; &apos;005A00000031mVd&apos; )
) </stringValue>
            </value>
        </processMetadataValues>
        <name>formula_myRule_8_pmetrule</name>
        <dataType>Boolean</dataType>
        <expression>AND( 
(TEXT({!myVariable_old.Credit_App_Status__c}) = &apos;Sent&apos; ),
({!myVariable_old.CreatedById} &lt;&gt; &apos;005A00000031mVd&apos; )
)</expression>
    </formulas>
    <interviewLabel>Account_Credit_Request_Process_Flow-6_InterviewLabel</interviewLabel>
    <label>Account Credit Request Process Flow</label>
    <processMetadataValues>
        <name>ObjectType</name>
        <value>
            <stringValue>Account_Credit_Request__c</stringValue>
        </value>
    </processMetadataValues>
    <processMetadataValues>
        <name>ObjectVariable</name>
        <value>
            <elementReference>myVariable_current</elementReference>
        </value>
    </processMetadataValues>
    <processMetadataValues>
        <name>OldObjectVariable</name>
        <value>
            <elementReference>myVariable_old</elementReference>
        </value>
    </processMetadataValues>
    <processMetadataValues>
        <name>TriggerType</name>
        <value>
            <stringValue>onAllChanges</stringValue>
        </value>
    </processMetadataValues>
    <processType>Workflow</processType>
    <recordUpdates>
        <processMetadataValues>
            <name>evaluationType</name>
            <value>
                <stringValue>always</stringValue>
            </value>
        </processMetadataValues>
        <processMetadataValues>
            <name>isChildRelationship</name>
            <value>
                <booleanValue>false</booleanValue>
            </value>
        </processMetadataValues>
        <processMetadataValues>
            <name>reference</name>
            <value>
                <stringValue>[Account_Credit_Request__c]</stringValue>
            </value>
        </processMetadataValues>
        <name>myRule_11_A1</name>
        <label>Set BM Creator as Senders Email</label>
        <locationX>1100</locationX>
        <locationY>200</locationY>
        <filterLogic>and</filterLogic>
        <filters>
            <processMetadataValues>
                <name>implicit</name>
                <value>
                    <booleanValue>true</booleanValue>
                </value>
            </processMetadataValues>
            <field>Id</field>
            <operator>EqualTo</operator>
            <value>
                <elementReference>myVariable_current.Id</elementReference>
            </value>
        </filters>
        <inputAssignments>
            <processMetadataValues>
                <name>dataType</name>
                <value>
                    <stringValue>String</stringValue>
                </value>
            </processMetadataValues>
            <processMetadataValues>
                <name>isRequired</name>
                <value>
                    <booleanValue>false</booleanValue>
                </value>
            </processMetadataValues>
            <processMetadataValues>
                <name>leftHandSideLabel</name>
                <value>
                    <stringValue>Sender&apos;s Email</stringValue>
                </value>
            </processMetadataValues>
            <processMetadataValues>
                <name>rightHandSideType</name>
                <value>
                    <stringValue>Formula</stringValue>
                </value>
            </processMetadataValues>
            <field>Sender_s_Email__c</field>
            <value>
                <elementReference>formula_12_myRule_11_A1_Sender_s_Email_c</elementReference>
            </value>
        </inputAssignments>
        <object>Account_Credit_Request__c</object>
    </recordUpdates>
    <recordUpdates>
        <processMetadataValues>
            <name>evaluationType</name>
            <value>
                <stringValue>always</stringValue>
            </value>
        </processMetadataValues>
        <processMetadataValues>
            <name>isChildRelationship</name>
            <value>
                <booleanValue>false</booleanValue>
            </value>
        </processMetadataValues>
        <processMetadataValues>
            <name>reference</name>
            <value>
                <stringValue>[Account_Credit_Request__c]</stringValue>
            </value>
        </processMetadataValues>
        <name>myRule_1_A1</name>
        <label>Reset Process</label>
        <locationX>100</locationX>
        <locationY>200</locationY>
        <filterLogic>and</filterLogic>
        <filters>
            <processMetadataValues>
                <name>implicit</name>
                <value>
                    <booleanValue>true</booleanValue>
                </value>
            </processMetadataValues>
            <field>Id</field>
            <operator>EqualTo</operator>
            <value>
                <elementReference>myVariable_current.Id</elementReference>
            </value>
        </filters>
        <inputAssignments>
            <processMetadataValues>
                <name>dataType</name>
                <value>
                    <stringValue>Picklist</stringValue>
                </value>
            </processMetadataValues>
            <processMetadataValues>
                <name>isRequired</name>
                <value>
                    <booleanValue>false</booleanValue>
                </value>
            </processMetadataValues>
            <processMetadataValues>
                <name>leftHandSideLabel</name>
                <value>
                    <stringValue>Approval Level Executed</stringValue>
                </value>
            </processMetadataValues>
            <processMetadataValues>
                <name>rightHandSideType</name>
                <value>
                    <stringValue>Formula</stringValue>
                </value>
            </processMetadataValues>
            <field>Approval_Level_Executed__c</field>
            <value>
                <elementReference>formula_2_myRule_1_A1_Approval_Level_Executed_c</elementReference>
            </value>
        </inputAssignments>
        <inputAssignments>
            <processMetadataValues>
                <name>dataType</name>
                <value>
                    <stringValue>DateTime</stringValue>
                </value>
            </processMetadataValues>
            <processMetadataValues>
                <name>isRequired</name>
                <value>
                    <booleanValue>false</booleanValue>
                </value>
            </processMetadataValues>
            <processMetadataValues>
                <name>leftHandSideLabel</name>
                <value>
                    <stringValue>Date Time Rejected</stringValue>
                </value>
            </processMetadataValues>
            <processMetadataValues>
                <name>rightHandSideType</name>
                <value>
                    <stringValue>Formula</stringValue>
                </value>
            </processMetadataValues>
            <field>Date_Time_Rejected__c</field>
            <value>
                <elementReference>formula_3_myRule_1_A1_Date_Time_Rejected_c</elementReference>
            </value>
        </inputAssignments>
        <inputAssignments>
            <processMetadataValues>
                <name>dataType</name>
                <value>
                    <stringValue>DateTime</stringValue>
                </value>
            </processMetadataValues>
            <processMetadataValues>
                <name>isRequired</name>
                <value>
                    <booleanValue>false</booleanValue>
                </value>
            </processMetadataValues>
            <processMetadataValues>
                <name>leftHandSideLabel</name>
                <value>
                    <stringValue>Initial Approval Date/Time</stringValue>
                </value>
            </processMetadataValues>
            <processMetadataValues>
                <name>rightHandSideType</name>
                <value>
                    <stringValue>Formula</stringValue>
                </value>
            </processMetadataValues>
            <field>Initial_Approval_Date_Time__c</field>
            <value>
                <elementReference>formula_4_myRule_1_A1_Initial_Approval_Date_Time_c</elementReference>
            </value>
        </inputAssignments>
        <inputAssignments>
            <processMetadataValues>
                <name>dataType</name>
                <value>
                    <stringValue>String</stringValue>
                </value>
            </processMetadataValues>
            <processMetadataValues>
                <name>isRequired</name>
                <value>
                    <booleanValue>false</booleanValue>
                </value>
            </processMetadataValues>
            <processMetadataValues>
                <name>leftHandSideLabel</name>
                <value>
                    <stringValue>Initial Approver</stringValue>
                </value>
            </processMetadataValues>
            <processMetadataValues>
                <name>rightHandSideType</name>
                <value>
                    <stringValue>Formula</stringValue>
                </value>
            </processMetadataValues>
            <field>Initial_Approver__c</field>
            <value>
                <elementReference>formula_5_myRule_1_A1_Initial_Approver_c</elementReference>
            </value>
        </inputAssignments>
        <inputAssignments>
            <processMetadataValues>
                <name>dataType</name>
                <value>
                    <stringValue>Picklist</stringValue>
                </value>
            </processMetadataValues>
            <processMetadataValues>
                <name>isRequired</name>
                <value>
                    <booleanValue>false</booleanValue>
                </value>
            </processMetadataValues>
            <processMetadataValues>
                <name>leftHandSideLabel</name>
                <value>
                    <stringValue>Initial Decision</stringValue>
                </value>
            </processMetadataValues>
            <processMetadataValues>
                <name>rightHandSideType</name>
                <value>
                    <stringValue>Formula</stringValue>
                </value>
            </processMetadataValues>
            <field>Initial_Decision__c</field>
            <value>
                <elementReference>formula_6_myRule_1_A1_Initial_Decision_c</elementReference>
            </value>
        </inputAssignments>
        <object>Account_Credit_Request__c</object>
    </recordUpdates>
    <recordUpdates>
        <processMetadataValues>
            <name>evaluationType</name>
            <value>
                <stringValue>always</stringValue>
            </value>
        </processMetadataValues>
        <processMetadataValues>
            <name>isChildRelationship</name>
            <value>
                <booleanValue>false</booleanValue>
            </value>
        </processMetadataValues>
        <processMetadataValues>
            <name>reference</name>
            <value>
                <stringValue>[Account_Credit_Request__c]</stringValue>
            </value>
        </processMetadataValues>
        <name>myRule_8_A1</name>
        <label>Populate Sender&apos;s Email</label>
        <locationX>800</locationX>
        <locationY>200</locationY>
        <filterLogic>and</filterLogic>
        <filters>
            <processMetadataValues>
                <name>implicit</name>
                <value>
                    <booleanValue>true</booleanValue>
                </value>
            </processMetadataValues>
            <field>Id</field>
            <operator>EqualTo</operator>
            <value>
                <elementReference>myVariable_current.Id</elementReference>
            </value>
        </filters>
        <inputAssignments>
            <processMetadataValues>
                <name>dataType</name>
                <value>
                    <stringValue>String</stringValue>
                </value>
            </processMetadataValues>
            <processMetadataValues>
                <name>isRequired</name>
                <value>
                    <booleanValue>false</booleanValue>
                </value>
            </processMetadataValues>
            <processMetadataValues>
                <name>leftHandSideLabel</name>
                <value>
                    <stringValue>Sender&apos;s Email</stringValue>
                </value>
            </processMetadataValues>
            <processMetadataValues>
                <name>rightHandSideType</name>
                <value>
                    <stringValue>Formula</stringValue>
                </value>
            </processMetadataValues>
            <field>Sender_s_Email__c</field>
            <value>
                <elementReference>formula_9_myRule_8_A1_Sender_s_Email_c</elementReference>
            </value>
        </inputAssignments>
        <object>Account_Credit_Request__c</object>
    </recordUpdates>
    <startElementReference>myVariable_waitStartTimeAssignment</startElementReference>
    <status>Draft</status>
    <variables>
        <name>myVariable_current</name>
        <dataType>SObject</dataType>
        <isCollection>false</isCollection>
        <isInput>true</isInput>
        <isOutput>true</isOutput>
        <objectType>Account_Credit_Request__c</objectType>
    </variables>
    <variables>
        <name>myVariable_old</name>
        <dataType>SObject</dataType>
        <isCollection>false</isCollection>
        <isInput>true</isInput>
        <isOutput>false</isOutput>
        <objectType>Account_Credit_Request__c</objectType>
    </variables>
    <variables>
        <name>myVariable_waitStartTimeVariable</name>
        <dataType>DateTime</dataType>
        <isCollection>false</isCollection>
        <isInput>false</isInput>
        <isOutput>false</isOutput>
        <value>
            <elementReference>$Flow.CurrentDateTime</elementReference>
        </value>
    </variables>
</Flow>
