<?xml version="1.0" encoding="UTF-8"?>
<Flow xmlns="http://soap.sforce.com/2006/04/metadata">
    <apiVersion>49.0</apiVersion>
    <assignments>
        <name>myVariable_waitStartTimeAssignment</name>
        <label>myVariable_waitStartTimeAssignment</label>
        <locationX>0</locationX>
        <locationY>0</locationY>
        <assignmentItems>
            <assignToReference>myVariable_waitStartTimeVariable</assignToReference>
            <operator>Assign</operator>
            <value>
                <elementReference>$Flow.CurrentDateTime</elementReference>
            </value>
        </assignmentItems>
        <connector>
            <targetReference>myDecision</targetReference>
        </connector>
    </assignments>
    <decisions>
        <processMetadataValues>
            <name>index</name>
            <value>
                <numberValue>0.0</numberValue>
            </value>
        </processMetadataValues>
        <name>myDecision</name>
        <label>myDecision</label>
        <locationX>50</locationX>
        <locationY>0</locationY>
        <defaultConnectorLabel>default</defaultConnectorLabel>
        <rules>
            <name>myRule_1</name>
            <conditionLogic>and</conditionLogic>
            <conditions>
                <leftValueReference>formula_myRule_1</leftValueReference>
                <operator>EqualTo</operator>
                <rightValue>
                    <booleanValue>true</booleanValue>
                </rightValue>
            </conditions>
            <connector>
                <targetReference>myRule_1_pmetdec</targetReference>
            </connector>
            <label>Sync Advertiser to Omega?</label>
        </rules>
    </decisions>
    <decisions>
        <name>myRule_1_pmetdec</name>
        <label>Previously Met Decision</label>
        <locationX>100</locationX>
        <locationY>100</locationY>
        <defaultConnector>
            <targetReference>myRule_1_A1</targetReference>
        </defaultConnector>
        <defaultConnectorLabel>Not Previously Met</defaultConnectorLabel>
        <rules>
            <name>myRule_1_pmetnullrule</name>
            <conditionLogic>or</conditionLogic>
            <conditions>
                <leftValueReference>myVariable_old</leftValueReference>
                <operator>IsNull</operator>
                <rightValue>
                    <booleanValue>true</booleanValue>
                </rightValue>
            </conditions>
            <connector>
                <targetReference>myRule_1_A1</targetReference>
            </connector>
            <label>Previously Met - Null</label>
        </rules>
        <rules>
            <name>myRule_1_pmetrule</name>
            <conditionLogic>and</conditionLogic>
            <conditions>
                <leftValueReference>formula_myRule_1_pmetrule</leftValueReference>
                <operator>EqualTo</operator>
                <rightValue>
                    <booleanValue>true</booleanValue>
                </rightValue>
            </conditions>
            <label>Previously Met - Prev</label>
        </rules>
    </decisions>
    <description>Task 11241436 - Auto sync advertiser to Omega for ad accounts on invoicing if advertiser does not have an Omega Account Number assigned.</description>
    <formulas>
        <processMetadataValues>
            <name>originalFormula</name>
            <value>
                <stringValue>AND (
          NOT(ISBLANK([Ad_Account__c].Advertiser__c)),
          TEXT([Ad_Account__c].Credit_Application_Status__c) = &apos;Approved&apos;,

          [Ad_Account__c].Advertiser__r.Omega_Account_Number__c = null,
          NOT ([Ad_Account__c].Advertiser__r.Invoice_Account__c),

         CONTAINS( $Setup.Finance_Info__c.Omega_Currencies__c, 
                             TEXT([Ad_Account__c].Advertiser__r.CurrencyIsoCode)),

          NOT(
                   OR   (
                            ISBLANK([Ad_Account__c].Advertiser__r.Primary_Site__c),
                            ISBLANK([Ad_Account__c].Advertiser__r.BillingStreet),
                            ISBLANK([Ad_Account__c].Advertiser__r.BillingCity),
                            ISBLANK([Ad_Account__c].Advertiser__r.BillingCountry)))
          
)</stringValue>
            </value>
        </processMetadataValues>
        <name>formula_myRule_1</name>
        <dataType>Boolean</dataType>
        <expression>AND (
          NOT(ISBLANK({!myVariable_current.Advertiser__c})),
          TEXT({!myVariable_current.Credit_Application_Status__c}) = &apos;Approved&apos;,

          {!myVariable_current.Advertiser__r.Omega_Account_Number__c} = null,
          NOT ({!myVariable_current.Advertiser__r.Invoice_Account__c}),

         CONTAINS( $Setup.Finance_Info__c.Omega_Currencies__c, 
                             TEXT({!myVariable_current.Advertiser__r.CurrencyIsoCode})),

          NOT(
                   OR   (
                            ISBLANK({!myVariable_current.Advertiser__r.Primary_Site__c}),
                            ISBLANK({!myVariable_current.Advertiser__r.BillingStreet}),
                            ISBLANK({!myVariable_current.Advertiser__r.BillingCity}),
                            ISBLANK({!myVariable_current.Advertiser__r.BillingCountry})))
          
)</expression>
    </formulas>
    <formulas>
        <processMetadataValues>
            <name>originalFormula</name>
            <value>
                <stringValue>AND (
          NOT(ISBLANK([Ad_Account__c].Advertiser__c)),
          TEXT([Ad_Account__c].Credit_Application_Status__c) = &apos;Approved&apos;,

          [Ad_Account__c].Advertiser__r.Omega_Account_Number__c = null,
          NOT ([Ad_Account__c].Advertiser__r.Invoice_Account__c),

         CONTAINS( $Setup.Finance_Info__c.Omega_Currencies__c, 
                             TEXT([Ad_Account__c].Advertiser__r.CurrencyIsoCode)),

          NOT(
                   OR   (
                            ISBLANK([Ad_Account__c].Advertiser__r.Primary_Site__c),
                            ISBLANK([Ad_Account__c].Advertiser__r.BillingStreet),
                            ISBLANK([Ad_Account__c].Advertiser__r.BillingCity),
                            ISBLANK([Ad_Account__c].Advertiser__r.BillingCountry)))
          
)</stringValue>
            </value>
        </processMetadataValues>
        <name>formula_myRule_1_pmetrule</name>
        <dataType>Boolean</dataType>
        <expression>AND (
          NOT(ISBLANK({!myVariable_old.Advertiser__c})),
          TEXT({!myVariable_old.Credit_Application_Status__c}) = &apos;Approved&apos;,

          {!myVariable_old.Advertiser__r.Omega_Account_Number__c} = null,
          NOT ({!myVariable_old.Advertiser__r.Invoice_Account__c}),

         CONTAINS( $Setup.Finance_Info__c.Omega_Currencies__c, 
                             TEXT({!myVariable_old.Advertiser__r.CurrencyIsoCode})),

          NOT(
                   OR   (
                            ISBLANK({!myVariable_old.Advertiser__r.Primary_Site__c}),
                            ISBLANK({!myVariable_old.Advertiser__r.BillingStreet}),
                            ISBLANK({!myVariable_old.Advertiser__r.BillingCity}),
                            ISBLANK({!myVariable_old.Advertiser__r.BillingCountry})))
          
)</expression>
    </formulas>
    <interviewLabel>Ad_Account_Advertiser_Auto_Sync_to_Omega-9_Ad_Account__c</interviewLabel>
    <label>Ad Account - Advertiser Auto Sync to Omega</label>
    <processMetadataValues>
        <name>ObjectType</name>
        <value>
            <stringValue>Ad_Account__c</stringValue>
        </value>
    </processMetadataValues>
    <processMetadataValues>
        <name>ObjectVariable</name>
        <value>
            <elementReference>myVariable_current</elementReference>
        </value>
    </processMetadataValues>
    <processMetadataValues>
        <name>OldObjectVariable</name>
        <value>
            <elementReference>myVariable_old</elementReference>
        </value>
    </processMetadataValues>
    <processMetadataValues>
        <name>TriggerType</name>
        <value>
            <stringValue>onAllChanges</stringValue>
        </value>
    </processMetadataValues>
    <processType>Workflow</processType>
    <recordUpdates>
        <processMetadataValues>
            <name>evaluationType</name>
            <value>
                <stringValue>always</stringValue>
            </value>
        </processMetadataValues>
        <processMetadataValues>
            <name>isChildRelationship</name>
            <value>
                <booleanValue>false</booleanValue>
            </value>
        </processMetadataValues>
        <processMetadataValues>
            <name>reference</name>
            <value>
                <stringValue>[Ad_Account__c].Advertiser</stringValue>
            </value>
        </processMetadataValues>
        <name>myRule_1_A1</name>
        <label>Sync Advertiser to Omega</label>
        <locationX>100</locationX>
        <locationY>200</locationY>
        <filterLogic>and</filterLogic>
        <filters>
            <processMetadataValues>
                <name>implicit</name>
                <value>
                    <booleanValue>true</booleanValue>
                </value>
            </processMetadataValues>
            <field>Id</field>
            <operator>EqualTo</operator>
            <value>
                <elementReference>myVariable_current.Advertiser__c</elementReference>
            </value>
        </filters>
        <inputAssignments>
            <processMetadataValues>
                <name>dataType</name>
                <value>
                    <stringValue>Boolean</stringValue>
                </value>
            </processMetadataValues>
            <processMetadataValues>
                <name>isRequired</name>
                <value>
                    <booleanValue>false</booleanValue>
                </value>
            </processMetadataValues>
            <processMetadataValues>
                <name>leftHandSideLabel</name>
                <value>
                    <stringValue>Sync Account with Omega</stringValue>
                </value>
            </processMetadataValues>
            <processMetadataValues>
                <name>rightHandSideType</name>
                <value>
                    <stringValue>Boolean</stringValue>
                </value>
            </processMetadataValues>
            <field>Invoice_Account__c</field>
            <value>
                <booleanValue>true</booleanValue>
            </value>
        </inputAssignments>
        <object>Account</object>
    </recordUpdates>
    <startElementReference>myVariable_waitStartTimeAssignment</startElementReference>
    <status>Obsolete</status>
    <variables>
        <name>myVariable_current</name>
        <dataType>SObject</dataType>
        <isCollection>false</isCollection>
        <isInput>true</isInput>
        <isOutput>true</isOutput>
        <objectType>Ad_Account__c</objectType>
    </variables>
    <variables>
        <name>myVariable_old</name>
        <dataType>SObject</dataType>
        <isCollection>false</isCollection>
        <isInput>true</isInput>
        <isOutput>false</isOutput>
        <objectType>Ad_Account__c</objectType>
    </variables>
    <variables>
        <name>myVariable_waitStartTimeVariable</name>
        <dataType>DateTime</dataType>
        <isCollection>false</isCollection>
        <isInput>false</isInput>
        <isOutput>false</isOutput>
        <value>
            <elementReference>$Flow.CurrentDateTime</elementReference>
        </value>
    </variables>
</Flow>
