<?xml version="1.0" encoding="UTF-8"?>
<Flow xmlns="http://soap.sforce.com/2006/04/metadata">
    <apiVersion>49.0</apiVersion>
    <assignments>
        <name>myVariable_waitStartTimeAssignment</name>
        <label>myVariable_waitStartTimeAssignment</label>
        <locationX>0</locationX>
        <locationY>0</locationY>
        <assignmentItems>
            <assignToReference>myVariable_waitStartTimeVariable</assignToReference>
            <operator>Assign</operator>
            <value>
                <elementReference>$Flow.CurrentDateTime</elementReference>
            </value>
        </assignmentItems>
        <connector>
            <targetReference>myDecision</targetReference>
        </connector>
    </assignments>
    <decisions>
        <processMetadataValues>
            <name>index</name>
            <value>
                <numberValue>0.0</numberValue>
            </value>
        </processMetadataValues>
        <name>myDecision</name>
        <label>myDecision</label>
        <locationX>50</locationX>
        <locationY>0</locationY>
        <defaultConnectorLabel>default</defaultConnectorLabel>
        <rules>
            <name>myRule_1</name>
            <conditionLogic>and</conditionLogic>
            <conditions>
                <processMetadataValues>
                    <name>inputDataType</name>
                    <value>
                        <stringValue>Picklist</stringValue>
                    </value>
                </processMetadataValues>
                <processMetadataValues>
                    <name>leftHandSideType</name>
                    <value>
                        <stringValue>Picklist</stringValue>
                    </value>
                </processMetadataValues>
                <processMetadataValues>
                    <name>operatorDataType</name>
                    <value>
                        <stringValue>String</stringValue>
                    </value>
                </processMetadataValues>
                <processMetadataValues>
                    <name>rightHandSideType</name>
                    <value>
                        <stringValue>Picklist</stringValue>
                    </value>
                </processMetadataValues>
                <leftValueReference>myVariable_current.Status__c</leftValueReference>
                <operator>EqualTo</operator>
                <rightValue>
                    <stringValue>Unlocked</stringValue>
                </rightValue>
            </conditions>
            <connector>
                <targetReference>myRule_1_pmetdec</targetReference>
            </connector>
            <label>Unlocked</label>
        </rules>
    </decisions>
    <decisions>
        <name>myRule_1_pmetdec</name>
        <label>Previously Met Decision</label>
        <locationX>100</locationX>
        <locationY>100</locationY>
        <defaultConnector>
            <targetReference>myRule_1_A1</targetReference>
        </defaultConnector>
        <defaultConnectorLabel>Not Previously Met</defaultConnectorLabel>
        <rules>
            <name>myRule_1_pmetnullrule</name>
            <conditionLogic>or</conditionLogic>
            <conditions>
                <leftValueReference>myVariable_old</leftValueReference>
                <operator>IsNull</operator>
                <rightValue>
                    <booleanValue>true</booleanValue>
                </rightValue>
            </conditions>
            <connector>
                <targetReference>myRule_1_A1</targetReference>
            </connector>
            <label>Previously Met - Null</label>
        </rules>
        <rules>
            <name>myRule_1_pmetrule</name>
            <conditionLogic>and</conditionLogic>
            <conditions>
                <processMetadataValues>
                    <name>inputDataType</name>
                    <value>
                        <stringValue>Picklist</stringValue>
                    </value>
                </processMetadataValues>
                <processMetadataValues>
                    <name>leftHandSideType</name>
                    <value>
                        <stringValue>Picklist</stringValue>
                    </value>
                </processMetadataValues>
                <processMetadataValues>
                    <name>operatorDataType</name>
                    <value>
                        <stringValue>String</stringValue>
                    </value>
                </processMetadataValues>
                <processMetadataValues>
                    <name>rightHandSideType</name>
                    <value>
                        <stringValue>Picklist</stringValue>
                    </value>
                </processMetadataValues>
                <leftValueReference>myVariable_old.Status__c</leftValueReference>
                <operator>EqualTo</operator>
                <rightValue>
                    <stringValue>Unlocked</stringValue>
                </rightValue>
            </conditions>
            <label>Previously Met - Prev</label>
        </rules>
    </decisions>
    <description>Task 6725034 - Address status changed to unlocked, reset validation status and name. Task 10562502 - truncate address name to left(80), Task 11801761 - add unlock D&amp;B</description>
    <formulas>
        <processMetadataValues>
            <name>originalFormula</name>
            <value>
                <stringValue>IF (
NOT(ISBLANK([Site__c].Legal_Entity_Name__c)) , LEFT([Site__c].Legal_Entity_Name__c, 80) ,
LEFT([Site__c].Account__c.Name, 80)
 )</stringValue>
            </value>
        </processMetadataValues>
        <name>formula_2_myRule_1_A1_Name</name>
        <dataType>String</dataType>
        <expression>IF (
NOT(ISBLANK({!myVariable_current.Legal_Entity_Name__c})) , LEFT({!myVariable_current.Legal_Entity_Name__c}, 80) ,
LEFT({!myVariable_current.Account__c.Name}, 80)
 )</expression>
    </formulas>
    <interviewLabel>Address_Flow2_process_unlock-3_Site__c</interviewLabel>
    <label>Address Flow - Process Unlock</label>
    <processMetadataValues>
        <name>ObjectType</name>
        <value>
            <stringValue>Site__c</stringValue>
        </value>
    </processMetadataValues>
    <processMetadataValues>
        <name>ObjectVariable</name>
        <value>
            <elementReference>myVariable_current</elementReference>
        </value>
    </processMetadataValues>
    <processMetadataValues>
        <name>OldObjectVariable</name>
        <value>
            <elementReference>myVariable_old</elementReference>
        </value>
    </processMetadataValues>
    <processMetadataValues>
        <name>RecursiveCountVariable</name>
        <value>
            <elementReference>RecursiveCountVariable</elementReference>
        </value>
    </processMetadataValues>
    <processMetadataValues>
        <name>TriggerType</name>
        <value>
            <stringValue>onAllChanges</stringValue>
        </value>
    </processMetadataValues>
    <processType>Workflow</processType>
    <recordUpdates>
        <processMetadataValues>
            <name>evaluationType</name>
            <value>
                <stringValue>criteria</stringValue>
            </value>
        </processMetadataValues>
        <processMetadataValues>
            <name>isChildRelationship</name>
            <value>
                <booleanValue>false</booleanValue>
            </value>
        </processMetadataValues>
        <processMetadataValues>
            <name>reference</name>
            <value>
                <stringValue>[Site__c]</stringValue>
            </value>
        </processMetadataValues>
        <name>myRule_1_A1</name>
        <label>Reset Validation Status and Name</label>
        <locationX>100</locationX>
        <locationY>200</locationY>
        <filterLogic>and</filterLogic>
        <filters>
            <processMetadataValues>
                <name>implicit</name>
                <value>
                    <booleanValue>true</booleanValue>
                </value>
            </processMetadataValues>
            <field>Id</field>
            <operator>EqualTo</operator>
            <value>
                <elementReference>myVariable_current.Id</elementReference>
            </value>
        </filters>
        <filters>
            <processMetadataValues>
                <name>implicit</name>
                <value>
                    <booleanValue>false</booleanValue>
                </value>
            </processMetadataValues>
            <processMetadataValues>
                <name>inputDataType</name>
                <value>
                    <stringValue>Picklist</stringValue>
                </value>
            </processMetadataValues>
            <processMetadataValues>
                <name>leftHandSideLabel</name>
                <value>
                    <stringValue>Validation Status</stringValue>
                </value>
            </processMetadataValues>
            <processMetadataValues>
                <name>leftHandSideType</name>
                <value>
                    <stringValue>Picklist</stringValue>
                </value>
            </processMetadataValues>
            <processMetadataValues>
                <name>operatorDataType</name>
                <value>
                    <stringValue>String</stringValue>
                </value>
            </processMetadataValues>
            <processMetadataValues>
                <name>rightHandSideType</name>
                <value>
                    <stringValue>Picklist</stringValue>
                </value>
            </processMetadataValues>
            <field>Validation_Status__c</field>
            <operator>NotEqualTo</operator>
            <value>
                <stringValue>Incomplete</stringValue>
            </value>
        </filters>
        <filters>
            <processMetadataValues>
                <name>implicit</name>
                <value>
                    <booleanValue>false</booleanValue>
                </value>
            </processMetadataValues>
            <processMetadataValues>
                <name>inputDataType</name>
                <value>
                    <stringValue>Picklist</stringValue>
                </value>
            </processMetadataValues>
            <processMetadataValues>
                <name>leftHandSideLabel</name>
                <value>
                    <stringValue>Validation Status</stringValue>
                </value>
            </processMetadataValues>
            <processMetadataValues>
                <name>leftHandSideType</name>
                <value>
                    <stringValue>Picklist</stringValue>
                </value>
            </processMetadataValues>
            <processMetadataValues>
                <name>operatorDataType</name>
                <value>
                    <stringValue>String</stringValue>
                </value>
            </processMetadataValues>
            <processMetadataValues>
                <name>rightHandSideType</name>
                <value>
                    <stringValue>Picklist</stringValue>
                </value>
            </processMetadataValues>
            <field>Validation_Status__c</field>
            <operator>NotEqualTo</operator>
            <value>
                <stringValue>Not Validated</stringValue>
            </value>
        </filters>
        <inputAssignments>
            <processMetadataValues>
                <name>dataType</name>
                <value>
                    <stringValue>String</stringValue>
                </value>
            </processMetadataValues>
            <processMetadataValues>
                <name>isRequired</name>
                <value>
                    <booleanValue>false</booleanValue>
                </value>
            </processMetadataValues>
            <processMetadataValues>
                <name>leftHandSideLabel</name>
                <value>
                    <stringValue>Address Name</stringValue>
                </value>
            </processMetadataValues>
            <processMetadataValues>
                <name>rightHandSideType</name>
                <value>
                    <stringValue>Formula</stringValue>
                </value>
            </processMetadataValues>
            <field>Name</field>
            <value>
                <elementReference>formula_2_myRule_1_A1_Name</elementReference>
            </value>
        </inputAssignments>
        <inputAssignments>
            <processMetadataValues>
                <name>dataType</name>
                <value>
                    <stringValue>Picklist</stringValue>
                </value>
            </processMetadataValues>
            <processMetadataValues>
                <name>isRequired</name>
                <value>
                    <booleanValue>false</booleanValue>
                </value>
            </processMetadataValues>
            <processMetadataValues>
                <name>leftHandSideLabel</name>
                <value>
                    <stringValue>Validation Status</stringValue>
                </value>
            </processMetadataValues>
            <processMetadataValues>
                <name>rightHandSideType</name>
                <value>
                    <stringValue>Picklist</stringValue>
                </value>
            </processMetadataValues>
            <field>Validation_Status__c</field>
            <value>
                <stringValue>Not Validated</stringValue>
            </value>
        </inputAssignments>
        <object>Site__c</object>
    </recordUpdates>
    <startElementReference>myVariable_waitStartTimeAssignment</startElementReference>
    <status>Obsolete</status>
    <variables>
        <name>myVariable_current</name>
        <dataType>SObject</dataType>
        <isCollection>false</isCollection>
        <isInput>true</isInput>
        <isOutput>true</isOutput>
        <objectType>Site__c</objectType>
    </variables>
    <variables>
        <name>myVariable_old</name>
        <dataType>SObject</dataType>
        <isCollection>false</isCollection>
        <isInput>true</isInput>
        <isOutput>false</isOutput>
        <objectType>Site__c</objectType>
    </variables>
    <variables>
        <name>myVariable_waitStartTimeVariable</name>
        <dataType>DateTime</dataType>
        <isCollection>false</isCollection>
        <isInput>false</isInput>
        <isOutput>false</isOutput>
        <value>
            <elementReference>$Flow.CurrentDateTime</elementReference>
        </value>
    </variables>
    <variables>
        <name>RecursiveCountVariable</name>
        <dataType>Number</dataType>
        <isCollection>false</isCollection>
        <isInput>true</isInput>
        <isOutput>false</isOutput>
        <scale>2</scale>
    </variables>
</Flow>
