<?xml version="1.0" encoding="UTF-8"?>
<Flow xmlns="http://soap.sforce.com/2006/04/metadata">
    <apiVersion>49.0</apiVersion>
    <assignments>
        <name>myVariable_waitStartTimeAssignment</name>
        <label>myVariable_waitStartTimeAssignment</label>
        <locationX>0</locationX>
        <locationY>0</locationY>
        <assignmentItems>
            <assignToReference>myVariable_waitStartTimeVariable</assignToReference>
            <operator>Assign</operator>
            <value>
                <elementReference>$Flow.CurrentDateTime</elementReference>
            </value>
        </assignmentItems>
        <connector>
            <targetReference>myDecision</targetReference>
        </connector>
    </assignments>
    <decisions>
        <processMetadataValues>
            <name>index</name>
            <value>
                <numberValue>0.0</numberValue>
            </value>
        </processMetadataValues>
        <name>myDecision</name>
        <label>myDecision</label>
        <locationX>50</locationX>
        <locationY>0</locationY>
        <defaultConnectorLabel>default</defaultConnectorLabel>
        <rules>
            <name>myRule_1</name>
            <conditionLogic>and</conditionLogic>
            <conditions>
                <leftValueReference>formula_myRule_1</leftValueReference>
                <operator>EqualTo</operator>
                <rightValue>
                    <booleanValue>true</booleanValue>
                </rightValue>
            </conditions>
            <connector>
                <targetReference>myRule_1_A1</targetReference>
            </connector>
            <label>Lock Billing Address?</label>
        </rules>
    </decisions>
    <description>Task 1846044 Address &amp; Ad Accounts Part4 - Billing Address - https://our.intern.facebook.com/intern/tasks/?q=539653429530265&amp;t=1846044</description>
    <formulas>
        <processMetadataValues>
            <name>originalFormula</name>
            <value>
                <stringValue>AND (
          TEXT([Ad_Account__c].Credit_Application_Status__c) = &apos;Approved&apos;,
           AND (NOT(ISBLANK([Ad_Account__c].Billing_Address__c)),
                     NOT(ISCHANGED([Ad_Account__c].Billing_Address__r.Status__c)),
                     TEXT([Ad_Account__c].Billing_Address__r.Status__C) = &apos;Unlocked&apos;)
)



                  </stringValue>
            </value>
        </processMetadataValues>
        <name>formula_myRule_1</name>
        <dataType>Boolean</dataType>
        <expression>AND (
          TEXT({!myVariable_current.Credit_Application_Status__c}) = &apos;Approved&apos;,
           AND (NOT(ISBLANK({!myVariable_current.Billing_Address__c})),
                     NOT(ISCHANGED({!myVariable_current.Billing_Address__r.Status__c})),
                     TEXT({!myVariable_current.Billing_Address__r.Status__C}) = &apos;Unlocked&apos;)
)</expression>
    </formulas>
    <interviewLabel>Address_Ad_Accounts_Billing_Address-1_Ad_Account__c</interviewLabel>
    <label>Address &amp; Ad Accounts - Billing Address</label>
    <processMetadataValues>
        <name>ObjectType</name>
        <value>
            <stringValue>Ad_Account__c</stringValue>
        </value>
    </processMetadataValues>
    <processMetadataValues>
        <name>ObjectVariable</name>
        <value>
            <elementReference>myVariable_current</elementReference>
        </value>
    </processMetadataValues>
    <processMetadataValues>
        <name>OldObjectVariable</name>
        <value>
            <elementReference>myVariable_old</elementReference>
        </value>
    </processMetadataValues>
    <processMetadataValues>
        <name>TriggerType</name>
        <value>
            <stringValue>onAllChanges</stringValue>
        </value>
    </processMetadataValues>
    <processType>Workflow</processType>
    <recordUpdates>
        <processMetadataValues>
            <name>evaluationType</name>
            <value>
                <stringValue>always</stringValue>
            </value>
        </processMetadataValues>
        <processMetadataValues>
            <name>isChildRelationship</name>
            <value>
                <booleanValue>false</booleanValue>
            </value>
        </processMetadataValues>
        <processMetadataValues>
            <name>reference</name>
            <value>
                <stringValue>[Ad_Account__c].Billing Address</stringValue>
            </value>
        </processMetadataValues>
        <name>myRule_1_A1</name>
        <label>Lock Billing Address</label>
        <locationX>100</locationX>
        <locationY>200</locationY>
        <filterLogic>and</filterLogic>
        <filters>
            <processMetadataValues>
                <name>implicit</name>
                <value>
                    <booleanValue>true</booleanValue>
                </value>
            </processMetadataValues>
            <field>Id</field>
            <operator>EqualTo</operator>
            <value>
                <elementReference>myVariable_current.Billing_Address__c</elementReference>
            </value>
        </filters>
        <inputAssignments>
            <processMetadataValues>
                <name>dataType</name>
                <value>
                    <stringValue>Picklist</stringValue>
                </value>
            </processMetadataValues>
            <processMetadataValues>
                <name>isRequired</name>
                <value>
                    <booleanValue>false</booleanValue>
                </value>
            </processMetadataValues>
            <processMetadataValues>
                <name>leftHandSideLabel</name>
                <value>
                    <stringValue>Status</stringValue>
                </value>
            </processMetadataValues>
            <processMetadataValues>
                <name>rightHandSideType</name>
                <value>
                    <stringValue>Picklist</stringValue>
                </value>
            </processMetadataValues>
            <field>Status__c</field>
            <value>
                <stringValue>Locked</stringValue>
            </value>
        </inputAssignments>
        <object>Site__c</object>
    </recordUpdates>
    <startElementReference>myVariable_waitStartTimeAssignment</startElementReference>
    <status>Draft</status>
    <variables>
        <name>myVariable_current</name>
        <dataType>SObject</dataType>
        <isCollection>false</isCollection>
        <isInput>true</isInput>
        <isOutput>true</isOutput>
        <objectType>Ad_Account__c</objectType>
    </variables>
    <variables>
        <name>myVariable_old</name>
        <dataType>SObject</dataType>
        <isCollection>false</isCollection>
        <isInput>true</isInput>
        <isOutput>false</isOutput>
        <objectType>Ad_Account__c</objectType>
    </variables>
    <variables>
        <name>myVariable_waitStartTimeVariable</name>
        <dataType>DateTime</dataType>
        <isCollection>false</isCollection>
        <isInput>false</isInput>
        <isOutput>false</isOutput>
        <value>
            <elementReference>$Flow.CurrentDateTime</elementReference>
        </value>
    </variables>
</Flow>
