<?xml version="1.0" encoding="UTF-8"?>
<Flow xmlns="http://soap.sforce.com/2006/04/metadata">
    <actionCalls>
        <description>Sending Error</description>
        <name>CPQ_Quote_Error</name>
        <label>CPQ Quote Error</label>
        <locationX>176</locationX>
        <locationY>323</locationY>
        <actionName>Event_Log__c.CPQ_Quote_Staging_error_alert</actionName>
        <actionType>emailAlert</actionType>
        <flowTransactionModel>CurrentTransaction</flowTransactionModel>
        <inputParameters>
            <name>SObjectRowId</name>
            <value>
                <elementReference>$Record.Id</elementReference>
            </value>
        </inputParameters>
        <nameSegment>Event_Log__c.CPQ_Quote_Staging_error_alert</nameSegment>
    </actionCalls>
    <apiVersion>60.0</apiVersion>
    <description>As GBG users miss the CPQ integration licence an intermediate object called CPQ Quote Staging had to be created to allow users to create quotes using the GBG Opportunity form. This intermediate object is missing validation rules, thus this flow alerts us when a failure happens</description>
    <environments>Default</environments>
    <interviewLabel>Alert of GBG Staging Quote Failures {!$Flow.CurrentDateTime}</interviewLabel>
    <label>Alert of GBG Staging Quote Failures</label>
    <processMetadataValues>
        <name>BuilderType</name>
        <value>
            <stringValue>LightningFlowBuilder</stringValue>
        </value>
    </processMetadataValues>
    <processMetadataValues>
        <name>CanvasMode</name>
        <value>
            <stringValue>AUTO_LAYOUT_CANVAS</stringValue>
        </value>
    </processMetadataValues>
    <processMetadataValues>
        <name>OriginBuilderType</name>
        <value>
            <stringValue>LightningFlowBuilder</stringValue>
        </value>
    </processMetadataValues>
    <processType>AutoLaunchedFlow</processType>
    <start>
        <locationX>50</locationX>
        <locationY>0</locationY>
        <connector>
            <targetReference>CPQ_Quote_Error</targetReference>
        </connector>
        <filterLogic>and</filterLogic>
        <filters>
            <field>Apex_Class__c</field>
            <operator>EqualTo</operator>
            <value>
                <stringValue>CPQQuoteStagingChangeEventManagement</stringValue>
            </value>
        </filters>
        <object>Event_Log__c</object>
        <recordTriggerType>Create</recordTriggerType>
        <triggerType>RecordAfterSave</triggerType>
    </start>
    <status>Active</status>
</Flow>
