<?xml version="1.0" encoding="UTF-8"?>
<Flow xmlns="http://soap.sforce.com/2006/04/metadata">
    <actionCalls>
        <description>To send email to Sales Intelligence team</description>
        <name>Send_Apex_Log_Email_Alert</name>
        <label>Send Apex Log Email Alert</label>
        <locationX>176</locationX>
        <locationY>323</locationY>
        <actionName>Log__c.CPQ_Quote_Staging_error_apex_alert</actionName>
        <actionType>emailAlert</actionType>
        <flowTransactionModel>CurrentTransaction</flowTransactionModel>
        <inputParameters>
            <name>SObjectRowId</name>
            <value>
                <elementReference>$Record.Id</elementReference>
            </value>
        </inputParameters>
        <nameSegment>Log__c.CPQ_Quote_Staging_error_apex_alert</nameSegment>
    </actionCalls>
    <apiVersion>60.0</apiVersion>
    <description>For apex logs, other flow is for event logs</description>
    <environments>Default</environments>
    <interviewLabel>Alert of GBG Staging Quote Failures Apex Log {!$Flow.CurrentDateTime}</interviewLabel>
    <label>Alert of GBG Staging Quote Failures Apex Log</label>
    <processMetadataValues>
        <name>BuilderType</name>
        <value>
            <stringValue>LightningFlowBuilder</stringValue>
        </value>
    </processMetadataValues>
    <processMetadataValues>
        <name>CanvasMode</name>
        <value>
            <stringValue>AUTO_LAYOUT_CANVAS</stringValue>
        </value>
    </processMetadataValues>
    <processMetadataValues>
        <name>OriginBuilderType</name>
        <value>
            <stringValue>LightningFlowBuilder</stringValue>
        </value>
    </processMetadataValues>
    <processType>AutoLaunchedFlow</processType>
    <start>
        <locationX>50</locationX>
        <locationY>0</locationY>
        <connector>
            <targetReference>Send_Apex_Log_Email_Alert</targetReference>
        </connector>
        <filterLogic>and</filterLogic>
        <filters>
            <field>Apex_Class__c</field>
            <operator>EqualTo</operator>
            <value>
                <stringValue>CPQQuoteStagingChangeEventManagement</stringValue>
            </value>
        </filters>
        <object>Log__c</object>
        <recordTriggerType>Create</recordTriggerType>
        <triggerType>RecordAfterSave</triggerType>
    </start>
    <status>Active</status>
</Flow>
