<?xml version="1.0" encoding="UTF-8"?>
<Flow xmlns="http://soap.sforce.com/2006/04/metadata">
    <actionCalls>
        <processMetadataValues>
            <name>apexSelection</name>
            <value>
                <stringValue>Send Workplace Notification</stringValue>
            </value>
        </processMetadataValues>
        <name>myRule_1_A1</name>
        <label>Workplace Notification</label>
        <locationX>100</locationX>
        <locationY>200</locationY>
        <actionName>NotificationInvocable</actionName>
        <actionType>apex</actionType>
        <flowTransactionModel>CurrentTransaction</flowTransactionModel>
        <inputParameters>
            <processMetadataValues>
                <name>dataType</name>
                <value>
                    <stringValue>ID</stringValue>
                </value>
            </processMetadataValues>
            <processMetadataValues>
                <name>isRequired</name>
                <value>
                    <booleanValue>true</booleanValue>
                </value>
            </processMetadataValues>
            <processMetadataValues>
                <name>leftHandSideLabel</name>
                <value>
                    <stringValue>Salesforce Workplace Id</stringValue>
                </value>
            </processMetadataValues>
            <processMetadataValues>
                <name>maxOccurs</name>
                <value>
                    <numberValue>0.0</numberValue>
                </value>
            </processMetadataValues>
            <processMetadataValues>
                <name>objectType</name>
                <value>
                    <stringValue></stringValue>
                </value>
            </processMetadataValues>
            <processMetadataValues>
                <name>rightHandSideType</name>
                <value>
                    <stringValue>ID</stringValue>
                </value>
            </processMetadataValues>
            <name>wpId</name>
            <value>
                <stringValue>aLW1H000000001nWAA</stringValue>
            </value>
        </inputParameters>
        <inputParameters>
            <processMetadataValues>
                <name>dataType</name>
                <value>
                    <stringValue>ID</stringValue>
                </value>
            </processMetadataValues>
            <processMetadataValues>
                <name>isRequired</name>
                <value>
                    <booleanValue>true</booleanValue>
                </value>
            </processMetadataValues>
            <processMetadataValues>
                <name>leftHandSideLabel</name>
                <value>
                    <stringValue>Message Template Id</stringValue>
                </value>
            </processMetadataValues>
            <processMetadataValues>
                <name>maxOccurs</name>
                <value>
                    <numberValue>0.0</numberValue>
                </value>
            </processMetadataValues>
            <processMetadataValues>
                <name>objectType</name>
                <value>
                    <stringValue></stringValue>
                </value>
            </processMetadataValues>
            <processMetadataValues>
                <name>rightHandSideType</name>
                <value>
                    <stringValue>ID</stringValue>
                </value>
            </processMetadataValues>
            <name>msgTemplateId</name>
            <value>
                <stringValue>aLL1H000000CakEWAS</stringValue>
            </value>
        </inputParameters>
        <inputParameters>
            <processMetadataValues>
                <name>dataType</name>
                <value>
                    <stringValue>ID</stringValue>
                </value>
            </processMetadataValues>
            <processMetadataValues>
                <name>isRequired</name>
                <value>
                    <booleanValue>true</booleanValue>
                </value>
            </processMetadataValues>
            <processMetadataValues>
                <name>leftHandSideLabel</name>
                <value>
                    <stringValue>Salesforce User Id</stringValue>
                </value>
            </processMetadataValues>
            <processMetadataValues>
                <name>maxOccurs</name>
                <value>
                    <numberValue>0.0</numberValue>
                </value>
            </processMetadataValues>
            <processMetadataValues>
                <name>objectType</name>
                <value>
                    <stringValue></stringValue>
                </value>
            </processMetadataValues>
            <processMetadataValues>
                <name>rightHandSideType</name>
                <value>
                    <stringValue>ID</stringValue>
                </value>
            </processMetadataValues>
            <name>userId</name>
            <value>
                <stringValue>00512000007eu63AAA</stringValue>
            </value>
        </inputParameters>
        <inputParameters>
            <processMetadataValues>
                <name>dataType</name>
                <value>
                    <stringValue>ID</stringValue>
                </value>
            </processMetadataValues>
            <processMetadataValues>
                <name>isRequired</name>
                <value>
                    <booleanValue>false</booleanValue>
                </value>
            </processMetadataValues>
            <processMetadataValues>
                <name>leftHandSideLabel</name>
                <value>
                    <stringValue>Salesforce Record Id</stringValue>
                </value>
            </processMetadataValues>
            <processMetadataValues>
                <name>maxOccurs</name>
                <value>
                    <numberValue>1.0</numberValue>
                </value>
            </processMetadataValues>
            <processMetadataValues>
                <name>objectType</name>
                <value>
                    <stringValue></stringValue>
                </value>
            </processMetadataValues>
            <processMetadataValues>
                <name>rightHandSideType</name>
                <value>
                    <stringValue>Reference</stringValue>
                </value>
            </processMetadataValues>
            <name>sObjectId</name>
            <value>
                <elementReference>myVariable_current.Id</elementReference>
            </value>
        </inputParameters>
        <nameSegment>NotificationInvocable</nameSegment>
    </actionCalls>
    <apiVersion>51.0</apiVersion>
    <decisions>
        <processMetadataValues>
            <name>index</name>
            <value>
                <numberValue>0.0</numberValue>
            </value>
        </processMetadataValues>
        <name>myDecision</name>
        <label>myDecision</label>
        <locationX>50</locationX>
        <locationY>0</locationY>
        <defaultConnectorLabel>default</defaultConnectorLabel>
        <rules>
            <name>myRule_1</name>
            <conditionLogic>and</conditionLogic>
            <conditions>
                <processMetadataValues>
                    <name>inputDataType</name>
                    <value>
                        <stringValue>Picklist</stringValue>
                    </value>
                </processMetadataValues>
                <processMetadataValues>
                    <name>leftHandSideType</name>
                    <value>
                        <stringValue>Picklist</stringValue>
                    </value>
                </processMetadataValues>
                <processMetadataValues>
                    <name>operatorDataType</name>
                    <value>
                        <stringValue>String</stringValue>
                    </value>
                </processMetadataValues>
                <processMetadataValues>
                    <name>rightHandSideType</name>
                    <value>
                        <stringValue>Picklist</stringValue>
                    </value>
                </processMetadataValues>
                <leftValueReference>myVariable_current.Deal_Model_Status__c</leftValueReference>
                <operator>EqualTo</operator>
                <rightValue>
                    <stringValue>Submitted</stringValue>
                </rightValue>
            </conditions>
            <connector>
                <targetReference>myRule_1_pmetdec</targetReference>
            </connector>
            <label>Deal Model Submitted</label>
        </rules>
    </decisions>
    <decisions>
        <name>myRule_1_pmetdec</name>
        <label>Previously Met Decision</label>
        <locationX>100</locationX>
        <locationY>100</locationY>
        <defaultConnector>
            <targetReference>myRule_1_A1</targetReference>
        </defaultConnector>
        <defaultConnectorLabel>Not Previously Met</defaultConnectorLabel>
        <rules>
            <name>myRule_1_pmetnullrule</name>
            <conditionLogic>or</conditionLogic>
            <conditions>
                <leftValueReference>myVariable_old</leftValueReference>
                <operator>IsNull</operator>
                <rightValue>
                    <booleanValue>true</booleanValue>
                </rightValue>
            </conditions>
            <connector>
                <targetReference>myRule_1_A1</targetReference>
            </connector>
            <label>Previously Met - Null</label>
        </rules>
        <rules>
            <name>myRule_1_pmetrule</name>
            <conditionLogic>and</conditionLogic>
            <conditions>
                <processMetadataValues>
                    <name>inputDataType</name>
                    <value>
                        <stringValue>Picklist</stringValue>
                    </value>
                </processMetadataValues>
                <processMetadataValues>
                    <name>leftHandSideType</name>
                    <value>
                        <stringValue>Picklist</stringValue>
                    </value>
                </processMetadataValues>
                <processMetadataValues>
                    <name>operatorDataType</name>
                    <value>
                        <stringValue>String</stringValue>
                    </value>
                </processMetadataValues>
                <processMetadataValues>
                    <name>rightHandSideType</name>
                    <value>
                        <stringValue>Picklist</stringValue>
                    </value>
                </processMetadataValues>
                <leftValueReference>myVariable_old.Deal_Model_Status__c</leftValueReference>
                <operator>EqualTo</operator>
                <rightValue>
                    <stringValue>Submitted</stringValue>
                </rightValue>
            </conditions>
            <label>Previously Met - Prev</label>
        </rules>
    </decisions>
    <description>AN Incentive Deal Account Process Builder</description>
    <interviewLabel>AN_Incentive_Deal_Account-2_InterviewLabel</interviewLabel>
    <label>AN Incentive Deal Account</label>
    <processMetadataValues>
        <name>ObjectType</name>
        <value>
            <stringValue>AN_Incentive_Deal_Account__c</stringValue>
        </value>
    </processMetadataValues>
    <processMetadataValues>
        <name>ObjectVariable</name>
        <value>
            <elementReference>myVariable_current</elementReference>
        </value>
    </processMetadataValues>
    <processMetadataValues>
        <name>OldObjectVariable</name>
        <value>
            <elementReference>myVariable_old</elementReference>
        </value>
    </processMetadataValues>
    <processMetadataValues>
        <name>RecursiveCountVariable</name>
        <value>
            <elementReference>RecursiveCountVariable</elementReference>
        </value>
    </processMetadataValues>
    <processMetadataValues>
        <name>TriggerType</name>
        <value>
            <stringValue>onAllChanges</stringValue>
        </value>
    </processMetadataValues>
    <processType>Workflow</processType>
    <startElementReference>myDecision</startElementReference>
    <status>Obsolete</status>
    <variables>
        <name>myVariable_current</name>
        <dataType>SObject</dataType>
        <isCollection>false</isCollection>
        <isInput>true</isInput>
        <isOutput>true</isOutput>
        <objectType>AN_Incentive_Deal_Account__c</objectType>
    </variables>
    <variables>
        <name>myVariable_old</name>
        <dataType>SObject</dataType>
        <isCollection>false</isCollection>
        <isInput>true</isInput>
        <isOutput>false</isOutput>
        <objectType>AN_Incentive_Deal_Account__c</objectType>
    </variables>
    <variables>
        <name>RecursiveCountVariable</name>
        <dataType>Number</dataType>
        <isCollection>false</isCollection>
        <isInput>true</isInput>
        <isOutput>false</isOutput>
        <scale>2</scale>
    </variables>
</Flow>
