<?xml version="1.0" encoding="UTF-8"?>
<Flow xmlns="http://soap.sforce.com/2006/04/metadata">
    <apiVersion>49.0</apiVersion>
    <assignments>
        <name>Set_Request_User</name>
        <label>Set Request User</label>
        <locationX>399</locationX>
        <locationY>31</locationY>
        <assignmentItems>
            <assignToReference>Requested_For_User.ProfileId</assignToReference>
            <operator>Assign</operator>
            <value>
                <elementReference>PA_Profile_Id</elementReference>
            </value>
        </assignmentItems>
        <assignmentItems>
            <assignToReference>Requested_For_User.Profile_Approval__c</assignToReference>
            <operator>Assign</operator>
            <value>
                <elementReference>Access_Request.Profile_Approval__c</elementReference>
            </value>
        </assignmentItems>
        <connector>
            <targetReference>Update_Request_User</targetReference>
        </connector>
    </assignments>
    <description>Access Request process to set the requested profile on the user record - autolaunch version</description>
    <interviewLabel>Access Request - User Update {!$Flow.CurrentDateTime}</interviewLabel>
    <label>Access Request - User Update</label>
    <processType>AutoLaunchedFlow</processType>
    <recordLookups>
        <name>Lookup_AR</name>
        <label>Lookup AR</label>
        <locationX>28</locationX>
        <locationY>29</locationY>
        <assignNullValuesIfNoRecordsFound>false</assignNullValuesIfNoRecordsFound>
        <connector>
            <targetReference>Lookup_Request_User</targetReference>
        </connector>
        <filterLogic>and</filterLogic>
        <filters>
            <field>Id</field>
            <operator>EqualTo</operator>
            <value>
                <elementReference>AR_Id</elementReference>
            </value>
        </filters>
        <object>Access_Request__c</object>
        <outputReference>Access_Request</outputReference>
        <queriedFields>Requested_For__c</queriedFields>
        <queriedFields>Profile_Approval__c</queriedFields>
    </recordLookups>
    <recordLookups>
        <name>Lookup_Request_User</name>
        <label>Lookup Request User</label>
        <locationX>227</locationX>
        <locationY>30</locationY>
        <assignNullValuesIfNoRecordsFound>false</assignNullValuesIfNoRecordsFound>
        <connector>
            <targetReference>Set_Request_User</targetReference>
        </connector>
        <filterLogic>and</filterLogic>
        <filters>
            <field>Id</field>
            <operator>EqualTo</operator>
            <value>
                <elementReference>Access_Request.Requested_For__c</elementReference>
            </value>
        </filters>
        <object>User</object>
        <outputReference>Requested_For_User</outputReference>
        <queriedFields>ProfileId</queriedFields>
        <queriedFields>Id</queriedFields>
    </recordLookups>
    <recordUpdates>
        <name>Update_Request_User</name>
        <label>Update Request User</label>
        <locationX>569</locationX>
        <locationY>30</locationY>
        <inputReference>Requested_For_User</inputReference>
    </recordUpdates>
    <startElementReference>Lookup_AR</startElementReference>
    <status>Active</status>
    <variables>
        <name>Access_Request</name>
        <dataType>SObject</dataType>
        <isCollection>false</isCollection>
        <isInput>false</isInput>
        <isOutput>false</isOutput>
        <objectType>Access_Request__c</objectType>
    </variables>
    <variables>
        <name>AR_Id</name>
        <dataType>String</dataType>
        <isCollection>false</isCollection>
        <isInput>true</isInput>
        <isOutput>false</isOutput>
    </variables>
    <variables>
        <name>PA_Profile_Id</name>
        <dataType>String</dataType>
        <isCollection>false</isCollection>
        <isInput>true</isInput>
        <isOutput>false</isOutput>
    </variables>
    <variables>
        <name>Requested_For_User</name>
        <dataType>SObject</dataType>
        <isCollection>false</isCollection>
        <isInput>false</isInput>
        <isOutput>false</isOutput>
        <objectType>User</objectType>
    </variables>
</Flow>
