<?xml version="1.0" encoding="UTF-8"?>
<Flow xmlns="http://soap.sforce.com/2006/04/metadata">
    <apiVersion>61.0</apiVersion>
    <constants>
        <name>ProjectCode43306</name>
        <dataType>String</dataType>
        <value>
            <stringValue>43306</stringValue>
        </value>
    </constants>
    <constants>
        <name>ShipmentValueabove250000</name>
        <dataType>Number</dataType>
        <value>
            <numberValue>250000.0</numberValue>
        </value>
    </constants>
    <decisions>
        <description>This decision element is checking below
1 - If the Total shipment value is greater or equal to 250000 = High Value Cargo
2 - Weight is higher than 125 lbs or 80 Kgs = Freight Weight
3 - is a 3D Print = 3DP Shipment
4 - Project Code is 43655 = Dogfooding
5 - Project Code is 43306 and is a prototype = Prototype
6 - Everything else = R&amp;D</description>
        <name>Check_Criteria</name>
        <label>Check Criteria</label>
        <locationX>710</locationX>
        <locationY>287</locationY>
        <defaultConnector>
            <targetReference>R_D</targetReference>
        </defaultConnector>
        <defaultConnectorLabel>Default Outcome</defaultConnectorLabel>
        <rules>
            <name>Freight_weight_01</name>
            <conditionLogic>(1 AND 2) OR (3 AND 4)</conditionLogic>
            <conditions>
                <leftValueReference>$Record.Unit_of_Measures__c</leftValueReference>
                <operator>EqualTo</operator>
                <rightValue>
                    <stringValue>lbs / in</stringValue>
                </rightValue>
            </conditions>
            <conditions>
                <leftValueReference>$Record.Gross_Item_Weight__c</leftValueReference>
                <operator>GreaterThan</operator>
                <rightValue>
                    <numberValue>125.0</numberValue>
                </rightValue>
            </conditions>
            <conditions>
                <leftValueReference>$Record.Unit_of_Measures__c</leftValueReference>
                <operator>EqualTo</operator>
                <rightValue>
                    <stringValue>kgs / cm</stringValue>
                </rightValue>
            </conditions>
            <conditions>
                <leftValueReference>$Record.Gross_Item_Weight__c</leftValueReference>
                <operator>GreaterThan</operator>
                <rightValue>
                    <numberValue>80.0</numberValue>
                </rightValue>
            </conditions>
            <connector>
                <targetReference>Assign_Freight_Weight</targetReference>
            </connector>
            <label>Freight weight</label>
        </rules>
        <rules>
            <name>High_Value_Cargo_1</name>
            <conditionLogic>or</conditionLogic>
            <conditions>
                <leftValueReference>$Record.Total_Shipment_Value__c</leftValueReference>
                <operator>GreaterThanOrEqualTo</operator>
                <rightValue>
                    <elementReference>ShipmentValueabove250000</elementReference>
                </rightValue>
            </conditions>
            <connector>
                <targetReference>Assign_High_Value</targetReference>
            </connector>
            <label>High Value Cargo</label>
        </rules>
        <rules>
            <name>X3D_Print</name>
            <conditionLogic>and</conditionLogic>
            <conditions>
                <leftValueReference>$Record.Subject</leftValueReference>
                <operator>Contains</operator>
                <rightValue>
                    <stringValue>3DP Shipment</stringValue>
                </rightValue>
            </conditions>
            <connector>
                <targetReference>Assign_3DP_Shipment</targetReference>
            </connector>
            <label>3D Print</label>
        </rules>
        <rules>
            <name>PC_43655</name>
            <conditionLogic>and</conditionLogic>
            <conditions>
                <leftValueReference>$Record.Project_Code__c</leftValueReference>
                <operator>EqualTo</operator>
                <rightValue>
                    <stringValue>43655</stringValue>
                </rightValue>
            </conditions>
            <connector>
                <targetReference>Dogfooding</targetReference>
            </connector>
            <label>PC 43655</label>
        </rules>
        <rules>
            <name>Prototype_1</name>
            <conditionLogic>and</conditionLogic>
            <conditions>
                <leftValueReference>$Record.ARVR_Prototype_Info__c</leftValueReference>
                <operator>Contains</operator>
                <rightValue>
                    <stringValue>Is Prototype?:Yes</stringValue>
                </rightValue>
            </conditions>
            <connector>
                <targetReference>Prototype</targetReference>
            </connector>
            <label>Prototype</label>
        </rules>
    </decisions>
    <description>T214694084 &amp; T216262923
T200531956: Build enhancement to &quot;Request Type&quot; field and consolidate dropdown menu options; Build logic to apply Request Type based on specific criteria</description>
    <environments>Default</environments>
    <formulas>
        <name>DogfoodingorHighValueCargo</name>
        <dataType>Boolean</dataType>
        <expression>AND (({!$Record.Project_Code__c} = &apos;43306&apos;) , ({!$Record.Total_Shipment_Value__c} &gt;= 250000))</expression>
    </formulas>
    <interviewLabel>ARVR Request Type assignment {!$Flow.CurrentDateTime}</interviewLabel>
    <label>ARVR Request Type assignment</label>
    <processMetadataValues>
        <name>BuilderType</name>
        <value>
            <stringValue>LightningFlowBuilder</stringValue>
        </value>
    </processMetadataValues>
    <processMetadataValues>
        <name>CanvasMode</name>
        <value>
            <stringValue>AUTO_LAYOUT_CANVAS</stringValue>
        </value>
    </processMetadataValues>
    <processMetadataValues>
        <name>OriginBuilderType</name>
        <value>
            <stringValue>LightningFlowBuilder</stringValue>
        </value>
    </processMetadataValues>
    <processType>AutoLaunchedFlow</processType>
    <recordUpdates>
        <name>Assign_3DP_Shipment</name>
        <label>Assign 3DP Shipment</label>
        <locationX>578</locationX>
        <locationY>395</locationY>
        <inputAssignments>
            <field>Request_Type__c</field>
            <value>
                <stringValue>3D Print</stringValue>
            </value>
        </inputAssignments>
        <inputReference>$Record</inputReference>
    </recordUpdates>
    <recordUpdates>
        <name>Assign_Freight_Weight</name>
        <label>Assign Freight Weight</label>
        <locationX>50</locationX>
        <locationY>395</locationY>
        <inputAssignments>
            <field>Request_Type__c</field>
            <value>
                <stringValue>Freight</stringValue>
            </value>
        </inputAssignments>
        <inputReference>$Record</inputReference>
    </recordUpdates>
    <recordUpdates>
        <name>Assign_High_Value</name>
        <label>Assign High Value</label>
        <locationX>314</locationX>
        <locationY>395</locationY>
        <inputAssignments>
            <field>Request_Type__c</field>
            <value>
                <stringValue>High Value Cargo</stringValue>
            </value>
        </inputAssignments>
        <inputReference>$Record</inputReference>
    </recordUpdates>
    <recordUpdates>
        <name>Dogfooding</name>
        <label>Dogfooding</label>
        <locationX>842</locationX>
        <locationY>395</locationY>
        <inputAssignments>
            <field>Request_Type__c</field>
            <value>
                <stringValue>Dogfooding</stringValue>
            </value>
        </inputAssignments>
        <inputReference>$Record</inputReference>
    </recordUpdates>
    <recordUpdates>
        <name>Prototype</name>
        <label>Prototype</label>
        <locationX>1106</locationX>
        <locationY>395</locationY>
        <inputAssignments>
            <field>Request_Type__c</field>
            <value>
                <stringValue>Prototypes</stringValue>
            </value>
        </inputAssignments>
        <inputReference>$Record</inputReference>
    </recordUpdates>
    <recordUpdates>
        <name>R_D</name>
        <label>R&amp;D</label>
        <locationX>1370</locationX>
        <locationY>395</locationY>
        <inputAssignments>
            <field>Request_Type__c</field>
            <value>
                <stringValue>General R&amp;D</stringValue>
            </value>
        </inputAssignments>
        <inputReference>$Record</inputReference>
    </recordUpdates>
    <start>
        <locationX>584</locationX>
        <locationY>0</locationY>
        <connector>
            <targetReference>Check_Criteria</targetReference>
        </connector>
        <filterFormula>{!$Record.RecordType.DeveloperName} = &apos;ARVR_Case_Record_Type&apos;</filterFormula>
        <object>Case</object>
        <recordTriggerType>CreateAndUpdate</recordTriggerType>
        <triggerType>RecordBeforeSave</triggerType>
    </start>
    <status>Active</status>
</Flow>
