<?xml version="1.0" encoding="UTF-8"?>
<Flow xmlns="http://soap.sforce.com/2006/04/metadata">
    <actionCalls>
        <processMetadataValues>
            <name>customNotifTypeName</name>
            <value>
                <stringValue>ARVR_Case_Incoming_Email</stringValue>
            </value>
        </processMetadataValues>
        <processMetadataValues>
            <name>recipientCategory</name>
            <value>
                <stringValue>owner</stringValue>
            </value>
        </processMetadataValues>
        <processMetadataValues>
            <name>recipientType</name>
            <value>
                <stringValue>reference</stringValue>
            </value>
        </processMetadataValues>
        <name>myRule_1_A1</name>
        <label>ARVR Case Incoming Email</label>
        <locationX>100</locationX>
        <locationY>200</locationY>
        <actionName>customNotificationAction</actionName>
        <actionType>customNotificationAction</actionType>
        <inputParameters>
            <name>customNotifTypeId</name>
            <value>
                <stringValue>000000000000000</stringValue>
            </value>
        </inputParameters>
        <inputParameters>
            <name>customNotifTypeName</name>
            <value>
                <stringValue>ARVR_Case_Incoming_Email</stringValue>
            </value>
        </inputParameters>
        <inputParameters>
            <name>title</name>
            <value>
                <stringValue>New Case Email for {!myVariable_current.Parent.CaseNumber} </stringValue>
            </value>
        </inputParameters>
        <inputParameters>
            <name>body</name>
            <value>
                <stringValue>Case Number:  {!myVariable_current.Parent.CaseNumber}  
Case Subject:  {!myVariable_current.Parent.Subject}
Email From:  {!myVariable_current.FromName} &lt;{!myVariable_current.FromAddress}&gt;
Email Subject:  {!myVariable_current.Subject} </stringValue>
            </value>
        </inputParameters>
        <inputParameters>
            <name>targetId</name>
            <value>
                <stringValue>{!myVariable_current.Id}</stringValue>
            </value>
        </inputParameters>
        <inputParameters>
            <processMetadataValues>
                <name>dataType</name>
                <value>
                    <stringValue>String</stringValue>
                </value>
            </processMetadataValues>
            <processMetadataValues>
                <name>isRequired</name>
                <value>
                    <booleanValue>true</booleanValue>
                </value>
            </processMetadataValues>
            <processMetadataValues>
                <name>leftHandSideLabel</name>
                <value>
                    <stringValue>recipientIds</stringValue>
                </value>
            </processMetadataValues>
            <processMetadataValues>
                <name>maxOccurs</name>
                <value>
                    <numberValue>500.0</numberValue>
                </value>
            </processMetadataValues>
            <processMetadataValues>
                <name>objectType</name>
                <value>
                    <stringValue></stringValue>
                </value>
            </processMetadataValues>
            <processMetadataValues>
                <name>rightHandSideType</name>
                <value>
                    <stringValue>String</stringValue>
                </value>
            </processMetadataValues>
            <name>recipientIds</name>
            <value>
                <elementReference>myCollection_myRule_1_A1recipientIds</elementReference>
            </value>
        </inputParameters>
        <nameSegment>customNotificationAction</nameSegment>
    </actionCalls>
    <apiVersion>49.0</apiVersion>
    <assignments>
        <name>myAssignment_myRule_1_A1</name>
        <label>myAssignment_myRule_1_A1</label>
        <locationX>0</locationX>
        <locationY>0</locationY>
        <assignmentItems>
            <assignToReference>myCollection_myRule_1_A1recipientIds</assignToReference>
            <operator>Add</operator>
            <value>
                <elementReference>myVariable_current.Parent.OwnerId</elementReference>
            </value>
        </assignmentItems>
        <connector>
            <targetReference>myRule_1_A1</targetReference>
        </connector>
    </assignments>
    <decisions>
        <processMetadataValues>
            <name>index</name>
            <value>
                <numberValue>0.0</numberValue>
            </value>
        </processMetadataValues>
        <name>myDecision</name>
        <label>myDecision</label>
        <locationX>50</locationX>
        <locationY>0</locationY>
        <defaultConnectorLabel>default</defaultConnectorLabel>
        <rules>
            <name>myRule_1</name>
            <conditionLogic>3 and 4 and 1 and 2</conditionLogic>
            <conditions>
                <processMetadataValues>
                    <name>inputDataType</name>
                    <value>
                        <stringValue>Boolean</stringValue>
                    </value>
                </processMetadataValues>
                <processMetadataValues>
                    <name>leftHandSideType</name>
                    <value>
                        <stringValue>Boolean</stringValue>
                    </value>
                </processMetadataValues>
                <processMetadataValues>
                    <name>operatorDataType</name>
                    <value>
                        <stringValue>Boolean</stringValue>
                    </value>
                </processMetadataValues>
                <processMetadataValues>
                    <name>rightHandSideType</name>
                    <value>
                        <stringValue>Boolean</stringValue>
                    </value>
                </processMetadataValues>
                <leftValueReference>myVariable_current.Incoming</leftValueReference>
                <operator>EqualTo</operator>
                <rightValue>
                    <booleanValue>true</booleanValue>
                </rightValue>
            </conditions>
            <conditions>
                <processMetadataValues>
                    <name>inputDataType</name>
                    <value>
                        <stringValue>String</stringValue>
                    </value>
                </processMetadataValues>
                <processMetadataValues>
                    <name>leftHandSideType</name>
                    <value>
                        <stringValue>String</stringValue>
                    </value>
                </processMetadataValues>
                <processMetadataValues>
                    <name>operatorDataType</name>
                    <value>
                        <stringValue>String</stringValue>
                    </value>
                </processMetadataValues>
                <processMetadataValues>
                    <name>rightHandSideType</name>
                    <value>
                        <stringValue>String</stringValue>
                    </value>
                </processMetadataValues>
                <leftValueReference>myVariable_current.Parent.RecordType.DeveloperName</leftValueReference>
                <operator>EqualTo</operator>
                <rightValue>
                    <stringValue>ARVR_Case_Record_Type</stringValue>
                </rightValue>
            </conditions>
            <conditions>
                <processMetadataValues>
                    <name>inputDataType</name>
                    <value>
                        <stringValue>Boolean</stringValue>
                    </value>
                </processMetadataValues>
                <processMetadataValues>
                    <name>leftHandSideReferenceTo</name>
                    <value>
                        <stringValue>Case</stringValue>
                    </value>
                </processMetadataValues>
                <processMetadataValues>
                    <name>leftHandSideType</name>
                    <value>
                        <stringValue>ID</stringValue>
                    </value>
                </processMetadataValues>
                <processMetadataValues>
                    <name>operatorDataType</name>
                    <value>
                        <stringValue>String</stringValue>
                    </value>
                </processMetadataValues>
                <processMetadataValues>
                    <name>rightHandSideType</name>
                    <value>
                        <stringValue>Boolean</stringValue>
                    </value>
                </processMetadataValues>
                <leftValueReference>myVariable_current.ParentId</leftValueReference>
                <operator>IsNull</operator>
                <rightValue>
                    <booleanValue>false</booleanValue>
                </rightValue>
            </conditions>
            <conditions>
                <processMetadataValues>
                    <name>inputDataType</name>
                    <value>
                        <stringValue>Boolean</stringValue>
                    </value>
                </processMetadataValues>
                <processMetadataValues>
                    <name>leftHandSideType</name>
                    <value>
                        <stringValue>String</stringValue>
                    </value>
                </processMetadataValues>
                <processMetadataValues>
                    <name>operatorDataType</name>
                    <value>
                        <stringValue>String</stringValue>
                    </value>
                </processMetadataValues>
                <processMetadataValues>
                    <name>rightHandSideType</name>
                    <value>
                        <stringValue>Boolean</stringValue>
                    </value>
                </processMetadataValues>
                <leftValueReference>myVariable_current.Parent.CaseNumber</leftValueReference>
                <operator>IsNull</operator>
                <rightValue>
                    <booleanValue>false</booleanValue>
                </rightValue>
            </conditions>
            <connector>
                <targetReference>myAssignment_myRule_1_A1</targetReference>
            </connector>
            <label>Incoming ARVR Email?</label>
        </rules>
    </decisions>
    <interviewLabel>ARVR_Case_Notification-7_InterviewLabel</interviewLabel>
    <label>ARVR Case Notification</label>
    <processMetadataValues>
        <name>ObjectType</name>
        <value>
            <stringValue>EmailMessage</stringValue>
        </value>
    </processMetadataValues>
    <processMetadataValues>
        <name>ObjectVariable</name>
        <value>
            <elementReference>myVariable_current</elementReference>
        </value>
    </processMetadataValues>
    <processMetadataValues>
        <name>OldObjectVariable</name>
        <value>
            <elementReference>myVariable_old</elementReference>
        </value>
    </processMetadataValues>
    <processMetadataValues>
        <name>TriggerType</name>
        <value>
            <stringValue>onCreateOnly</stringValue>
        </value>
    </processMetadataValues>
    <processType>Workflow</processType>
    <startElementReference>myDecision</startElementReference>
    <status>Active</status>
    <variables>
        <name>myCollection_myRule_1_A1recipientIds</name>
        <dataType>String</dataType>
        <isCollection>true</isCollection>
        <isInput>false</isInput>
        <isOutput>false</isOutput>
    </variables>
    <variables>
        <name>myVariable_current</name>
        <dataType>SObject</dataType>
        <isCollection>false</isCollection>
        <isInput>true</isInput>
        <isOutput>true</isOutput>
        <objectType>EmailMessage</objectType>
    </variables>
    <variables>
        <name>myVariable_old</name>
        <dataType>SObject</dataType>
        <isCollection>false</isCollection>
        <isInput>true</isInput>
        <isOutput>false</isOutput>
        <objectType>EmailMessage</objectType>
    </variables>
</Flow>
