<?xml version="1.0" encoding="UTF-8"?>
<Flow xmlns="http://soap.sforce.com/2006/04/metadata">
    <actionCalls>
        <processMetadataValues>
            <name>emailAlertSelection</name>
            <value>
                <stringValue>ARVR_Notification_Status_Update_Pending_Requestor_Action</stringValue>
            </value>
        </processMetadataValues>
        <name>myRule_11_A1</name>
        <label>Notification - Status Update (Pending Requestor Action)</label>
        <locationX>1100</locationX>
        <locationY>200</locationY>
        <actionName>Case.ARVR_Notification_Status_Update_Pending_Requestor_Action</actionName>
        <actionType>emailAlert</actionType>
        <flowTransactionModel>CurrentTransaction</flowTransactionModel>
        <inputParameters>
            <name>SObjectRowId</name>
            <value>
                <elementReference>myVariable_current.Id</elementReference>
            </value>
        </inputParameters>
        <nameSegment>Case.ARVR_Notification_Status_Update_Pending_Requestor_Action</nameSegment>
    </actionCalls>
    <actionCalls>
        <processMetadataValues>
            <name>emailAlertSelection</name>
            <value>
                <stringValue>ARVR_Notification_Status_Update_Pending_TradeOps</stringValue>
            </value>
        </processMetadataValues>
        <name>myRule_13_A1</name>
        <label>Notification - Status Update (Pending TradeOps)</label>
        <locationX>1300</locationX>
        <locationY>200</locationY>
        <actionName>Case.ARVR_Notification_Status_Update_Pending_TradeOps</actionName>
        <actionType>emailAlert</actionType>
        <flowTransactionModel>CurrentTransaction</flowTransactionModel>
        <inputParameters>
            <name>SObjectRowId</name>
            <value>
                <elementReference>myVariable_current.Id</elementReference>
            </value>
        </inputParameters>
        <nameSegment>Case.ARVR_Notification_Status_Update_Pending_TradeOps</nameSegment>
    </actionCalls>
    <actionCalls>
        <processMetadataValues>
            <name>emailAlertSelection</name>
            <value>
                <stringValue>ARVR_Notification_Status_Update_Pending_Recipient_Approval</stringValue>
            </value>
        </processMetadataValues>
        <name>myRule_15_A1</name>
        <label>Notification - Status Update (Pending Recipient Approval)</label>
        <locationX>1500</locationX>
        <locationY>200</locationY>
        <actionName>Case.ARVR_Notification_Status_Update_Pending_Recipient_Approval</actionName>
        <actionType>emailAlert</actionType>
        <flowTransactionModel>CurrentTransaction</flowTransactionModel>
        <inputParameters>
            <name>SObjectRowId</name>
            <value>
                <elementReference>myVariable_current.Id</elementReference>
            </value>
        </inputParameters>
        <nameSegment>Case.ARVR_Notification_Status_Update_Pending_Recipient_Approval</nameSegment>
    </actionCalls>
    <actionCalls>
        <processMetadataValues>
            <name>emailAlertSelection</name>
            <value>
                <stringValue>ARVR_Notification_Case_Assignment</stringValue>
            </value>
        </processMetadataValues>
        <name>myRule_1_A1</name>
        <label>Owner Change Email Notification</label>
        <locationX>100</locationX>
        <locationY>200</locationY>
        <actionName>Case.ARVR_Notification_Case_Assignment</actionName>
        <actionType>emailAlert</actionType>
        <flowTransactionModel>CurrentTransaction</flowTransactionModel>
        <inputParameters>
            <name>SObjectRowId</name>
            <value>
                <elementReference>myVariable_current.Id</elementReference>
            </value>
        </inputParameters>
        <nameSegment>Case.ARVR_Notification_Case_Assignment</nameSegment>
    </actionCalls>
    <actionCalls>
        <processMetadataValues>
            <name>emailAlertSelection</name>
            <value>
                <stringValue>ARVR_CI_Status_change_notification_except_CI_Requested_or_blank</stringValue>
            </value>
        </processMetadataValues>
        <name>myRule_3_A1</name>
        <label>Notification CI Status</label>
        <locationX>300</locationX>
        <locationY>200</locationY>
        <actionName>Case.ARVR_CI_Status_change_notification_except_CI_Requested_or_blank</actionName>
        <actionType>emailAlert</actionType>
        <connector>
            <targetReference>myDecision4</targetReference>
        </connector>
        <flowTransactionModel>CurrentTransaction</flowTransactionModel>
        <inputParameters>
            <name>SObjectRowId</name>
            <value>
                <elementReference>myVariable_current.Id</elementReference>
            </value>
        </inputParameters>
        <nameSegment>Case.ARVR_CI_Status_change_notification_except_CI_Requested_or_blank</nameSegment>
    </actionCalls>
    <actionCalls>
        <processMetadataValues>
            <name>emailAlertSelection</name>
            <value>
                <stringValue>ARVR_Notification_Status_Update_In_Review_Shipped</stringValue>
            </value>
        </processMetadataValues>
        <name>myRule_5_A1</name>
        <label>Notification - Status Update (In Review, Shipped)</label>
        <locationX>500</locationX>
        <locationY>200</locationY>
        <actionName>Case.ARVR_Notification_Status_Update_In_Review_Shipped</actionName>
        <actionType>emailAlert</actionType>
        <flowTransactionModel>CurrentTransaction</flowTransactionModel>
        <inputParameters>
            <name>SObjectRowId</name>
            <value>
                <elementReference>myVariable_current.Id</elementReference>
            </value>
        </inputParameters>
        <nameSegment>Case.ARVR_Notification_Status_Update_In_Review_Shipped</nameSegment>
    </actionCalls>
    <actionCalls>
        <processMetadataValues>
            <name>emailAlertSelection</name>
            <value>
                <stringValue>ARVR_Notification_Status_Update_New_Booked_Shipped</stringValue>
            </value>
        </processMetadataValues>
        <name>myRule_7_A1</name>
        <label>Notification - Status Update (New, Booked, Shipped)</label>
        <locationX>700</locationX>
        <locationY>200</locationY>
        <actionName>Case.ARVR_Notification_Status_Update_New_Booked_Shipped</actionName>
        <actionType>emailAlert</actionType>
        <connector>
            <targetReference>myDecision8</targetReference>
        </connector>
        <flowTransactionModel>CurrentTransaction</flowTransactionModel>
        <inputParameters>
            <name>SObjectRowId</name>
            <value>
                <elementReference>myVariable_current.Id</elementReference>
            </value>
        </inputParameters>
        <nameSegment>Case.ARVR_Notification_Status_Update_New_Booked_Shipped</nameSegment>
    </actionCalls>
    <actionCalls>
        <processMetadataValues>
            <name>emailAlertSelection</name>
            <value>
                <stringValue>ARVR_Notification_Status_Update_Booked_Shipped</stringValue>
            </value>
        </processMetadataValues>
        <name>myRule_9_A1</name>
        <label>Notification - Status Update (Booked, Shipped)</label>
        <locationX>900</locationX>
        <locationY>200</locationY>
        <actionName>Case.ARVR_Notification_Status_Update_Booked_Shipped</actionName>
        <actionType>emailAlert</actionType>
        <flowTransactionModel>CurrentTransaction</flowTransactionModel>
        <inputParameters>
            <name>SObjectRowId</name>
            <value>
                <elementReference>myVariable_current.Id</elementReference>
            </value>
        </inputParameters>
        <nameSegment>Case.ARVR_Notification_Status_Update_Booked_Shipped</nameSegment>
    </actionCalls>
    <apiVersion>49.0</apiVersion>
    <decisions>
        <processMetadataValues>
            <name>index</name>
            <value>
                <numberValue>0.0</numberValue>
            </value>
        </processMetadataValues>
        <name>myDecision</name>
        <label>myDecision</label>
        <locationX>50</locationX>
        <locationY>0</locationY>
        <defaultConnector>
            <targetReference>myDecision2</targetReference>
        </defaultConnector>
        <defaultConnectorLabel>default</defaultConnectorLabel>
        <rules>
            <name>myRule_1</name>
            <conditionLogic>and</conditionLogic>
            <conditions>
                <leftValueReference>formula_myRule_1</leftValueReference>
                <operator>EqualTo</operator>
                <rightValue>
                    <booleanValue>true</booleanValue>
                </rightValue>
            </conditions>
            <connector>
                <targetReference>myRule_1_A1</targetReference>
            </connector>
            <label>Owner Change Check</label>
        </rules>
    </decisions>
    <decisions>
        <processMetadataValues>
            <name>index</name>
            <value>
                <numberValue>5.0</numberValue>
            </value>
        </processMetadataValues>
        <name>myDecision10</name>
        <label>myDecision10</label>
        <locationX>50</locationX>
        <locationY>0</locationY>
        <defaultConnector>
            <targetReference>myDecision12</targetReference>
        </defaultConnector>
        <defaultConnectorLabel>default</defaultConnectorLabel>
        <rules>
            <name>myRule_11</name>
            <conditionLogic>and</conditionLogic>
            <conditions>
                <leftValueReference>formula_myRule_11</leftValueReference>
                <operator>EqualTo</operator>
                <rightValue>
                    <booleanValue>true</booleanValue>
                </rightValue>
            </conditions>
            <connector>
                <targetReference>myRule_11_A1</targetReference>
            </connector>
            <label>Notification - Status Update (Pending Requestor Action)</label>
        </rules>
    </decisions>
    <decisions>
        <processMetadataValues>
            <name>index</name>
            <value>
                <numberValue>6.0</numberValue>
            </value>
        </processMetadataValues>
        <name>myDecision12</name>
        <label>myDecision12</label>
        <locationX>50</locationX>
        <locationY>0</locationY>
        <defaultConnector>
            <targetReference>myDecision14</targetReference>
        </defaultConnector>
        <defaultConnectorLabel>default</defaultConnectorLabel>
        <rules>
            <name>myRule_13</name>
            <conditionLogic>and</conditionLogic>
            <conditions>
                <leftValueReference>formula_myRule_13</leftValueReference>
                <operator>EqualTo</operator>
                <rightValue>
                    <booleanValue>true</booleanValue>
                </rightValue>
            </conditions>
            <connector>
                <targetReference>myRule_13_A1</targetReference>
            </connector>
            <label>Notification - Status Update (Pending TradeOps)</label>
        </rules>
    </decisions>
    <decisions>
        <processMetadataValues>
            <name>index</name>
            <value>
                <numberValue>7.0</numberValue>
            </value>
        </processMetadataValues>
        <name>myDecision14</name>
        <label>myDecision14</label>
        <locationX>50</locationX>
        <locationY>0</locationY>
        <defaultConnectorLabel>default</defaultConnectorLabel>
        <rules>
            <name>myRule_15</name>
            <conditionLogic>and</conditionLogic>
            <conditions>
                <leftValueReference>formula_myRule_15</leftValueReference>
                <operator>EqualTo</operator>
                <rightValue>
                    <booleanValue>true</booleanValue>
                </rightValue>
            </conditions>
            <connector>
                <targetReference>myRule_15_A1</targetReference>
            </connector>
            <label>Notification - Status Update (Pending Recipient Approval)</label>
        </rules>
    </decisions>
    <decisions>
        <processMetadataValues>
            <name>index</name>
            <value>
                <numberValue>1.0</numberValue>
            </value>
        </processMetadataValues>
        <name>myDecision2</name>
        <label>myDecision2</label>
        <locationX>50</locationX>
        <locationY>0</locationY>
        <defaultConnector>
            <targetReference>myDecision4</targetReference>
        </defaultConnector>
        <defaultConnectorLabel>default</defaultConnectorLabel>
        <rules>
            <name>myRule_3</name>
            <conditionLogic>and</conditionLogic>
            <conditions>
                <leftValueReference>formula_myRule_3</leftValueReference>
                <operator>EqualTo</operator>
                <rightValue>
                    <booleanValue>true</booleanValue>
                </rightValue>
            </conditions>
            <connector>
                <targetReference>myRule_3_A1</targetReference>
            </connector>
            <label>CI Status changed (not blank or CI Requested)</label>
        </rules>
    </decisions>
    <decisions>
        <processMetadataValues>
            <name>index</name>
            <value>
                <numberValue>2.0</numberValue>
            </value>
        </processMetadataValues>
        <name>myDecision4</name>
        <label>myDecision4</label>
        <locationX>50</locationX>
        <locationY>0</locationY>
        <defaultConnector>
            <targetReference>myDecision6</targetReference>
        </defaultConnector>
        <defaultConnectorLabel>default</defaultConnectorLabel>
        <rules>
            <name>myRule_5</name>
            <conditionLogic>and</conditionLogic>
            <conditions>
                <leftValueReference>formula_myRule_5</leftValueReference>
                <operator>EqualTo</operator>
                <rightValue>
                    <booleanValue>true</booleanValue>
                </rightValue>
            </conditions>
            <connector>
                <targetReference>myRule_5_A1</targetReference>
            </connector>
            <label>Notification - Status Update (In Review, Shipped)</label>
        </rules>
    </decisions>
    <decisions>
        <processMetadataValues>
            <name>index</name>
            <value>
                <numberValue>3.0</numberValue>
            </value>
        </processMetadataValues>
        <name>myDecision6</name>
        <label>myDecision6</label>
        <locationX>50</locationX>
        <locationY>0</locationY>
        <defaultConnector>
            <targetReference>myDecision8</targetReference>
        </defaultConnector>
        <defaultConnectorLabel>default</defaultConnectorLabel>
        <rules>
            <name>myRule_7</name>
            <conditionLogic>and</conditionLogic>
            <conditions>
                <leftValueReference>formula_myRule_7</leftValueReference>
                <operator>EqualTo</operator>
                <rightValue>
                    <booleanValue>true</booleanValue>
                </rightValue>
            </conditions>
            <connector>
                <targetReference>myRule_7_A1</targetReference>
            </connector>
            <label>Notification - Status Update (New, Booked, Shipped)</label>
        </rules>
    </decisions>
    <decisions>
        <processMetadataValues>
            <name>index</name>
            <value>
                <numberValue>4.0</numberValue>
            </value>
        </processMetadataValues>
        <name>myDecision8</name>
        <label>myDecision8</label>
        <locationX>50</locationX>
        <locationY>0</locationY>
        <defaultConnector>
            <targetReference>myDecision10</targetReference>
        </defaultConnector>
        <defaultConnectorLabel>default</defaultConnectorLabel>
        <rules>
            <name>myRule_9</name>
            <conditionLogic>and</conditionLogic>
            <conditions>
                <leftValueReference>formula_myRule_9</leftValueReference>
                <operator>EqualTo</operator>
                <rightValue>
                    <booleanValue>true</booleanValue>
                </rightValue>
            </conditions>
            <connector>
                <targetReference>myRule_9_A1</targetReference>
            </connector>
            <label>Notification - Status Update (Booked, Shipped)</label>
        </rules>
    </decisions>
    <description>To check for change in ARVR Case Ownership, Status, or CI Status values -T214607081</description>
    <formulas>
        <processMetadataValues>
            <name>originalFormula</name>
            <value>
                <stringValue>AND(
NOT(ISNEW()),
[Case].RecordType.Name = &apos;ARVR Case Record Type&apos;,
ISCHANGED([Case].OwnerId),
BEGINS([Case].OwnerId, &apos;005&apos;),
[Case].LastModifiedById &lt;&gt; [Case].OwnerId)</stringValue>
            </value>
        </processMetadataValues>
        <name>formula_myRule_1</name>
        <dataType>Boolean</dataType>
        <expression>AND(
NOT(ISNEW()),
{!myVariable_current.RecordType.Name} = &apos;ARVR Case Record Type&apos;,
ISCHANGED({!myVariable_current.OwnerId}),
BEGINS({!myVariable_current.OwnerId}, &apos;005&apos;),
{!myVariable_current.LastModifiedById} &lt;&gt; {!myVariable_current.OwnerId})</expression>
    </formulas>
    <formulas>
        <processMetadataValues>
            <name>originalFormula</name>
            <value>
                <stringValue>AND(
NOT(ISNEW()),
[Case].RecordType.Name = &apos;ARVR Case Record Type&apos;,
ISCHANGED([Case].Status),
ISPICKVAL([Case].Status, &apos;Pending Requestor Action&apos;))

</stringValue>
            </value>
        </processMetadataValues>
        <name>formula_myRule_11</name>
        <dataType>Boolean</dataType>
        <expression>AND(
NOT(ISNEW()),
{!myVariable_current.RecordType.Name} = &apos;ARVR Case Record Type&apos;,
ISCHANGED({!myVariable_current.Status}),
ISPICKVAL({!myVariable_current.Status}, &apos;Pending Requestor Action&apos;))</expression>
    </formulas>
    <formulas>
        <processMetadataValues>
            <name>originalFormula</name>
            <value>
                <stringValue>AND(
NOT(ISNEW()),
[Case].RecordType.Name = &apos;ARVR Case Record Type&apos;,
ISCHANGED([Case].Status),
ISPICKVAL([Case].Status, &apos;Pending TradeOps&apos;))</stringValue>
            </value>
        </processMetadataValues>
        <name>formula_myRule_13</name>
        <dataType>Boolean</dataType>
        <expression>AND(
NOT(ISNEW()),
{!myVariable_current.RecordType.Name} = &apos;ARVR Case Record Type&apos;,
ISCHANGED({!myVariable_current.Status}),
ISPICKVAL({!myVariable_current.Status}, &apos;Pending TradeOps&apos;))</expression>
    </formulas>
    <formulas>
        <processMetadataValues>
            <name>originalFormula</name>
            <value>
                <stringValue>AND(
NOT(ISNEW()),
[Case].RecordType.Name = &apos;ARVR Case Record Type&apos;,
ISCHANGED([Case].Status),
ISPICKVAL([Case].Status, &apos;Pending Recipient Approval&apos;))

</stringValue>
            </value>
        </processMetadataValues>
        <name>formula_myRule_15</name>
        <dataType>Boolean</dataType>
        <expression>AND(
NOT(ISNEW()),
{!myVariable_current.RecordType.Name} = &apos;ARVR Case Record Type&apos;,
ISCHANGED({!myVariable_current.Status}),
ISPICKVAL({!myVariable_current.Status}, &apos;Pending Recipient Approval&apos;))</expression>
    </formulas>
    <formulas>
        <processMetadataValues>
            <name>originalFormula</name>
            <value>
                <stringValue>AND(
NOT(ISNEW()),
[Case].RecordType.Name = &apos;ARVR Case Record Type&apos;,
ISCHANGED([Case].CI_Status__c),
NOT(ISBLANK(TEXT([Case].CI_Status__c))),
NOT(ISPICKVAL([Case].CI_Status__c, &apos;CI Requested&apos;))
)</stringValue>
            </value>
        </processMetadataValues>
        <name>formula_myRule_3</name>
        <dataType>Boolean</dataType>
        <expression>AND(
NOT(ISNEW()),
{!myVariable_current.RecordType.Name} = &apos;ARVR Case Record Type&apos;,
ISCHANGED({!myVariable_current.CI_Status__c}),
NOT(ISBLANK(TEXT({!myVariable_current.CI_Status__c}))),
NOT(ISPICKVAL({!myVariable_current.CI_Status__c}, &apos;CI Requested&apos;))
)</expression>
    </formulas>
    <formulas>
        <processMetadataValues>
            <name>originalFormula</name>
            <value>
                <stringValue>AND(
NOT(ISNEW()),
[Case].RecordType.Name = &apos;ARVR Case Record Type&apos;,
ISCHANGED([Case].Status),
OR(ISPICKVAL([Case].Status, &apos;In Review&apos;) ,ISPICKVAL([Case].Status, &apos;Shipped&apos;)))</stringValue>
            </value>
        </processMetadataValues>
        <name>formula_myRule_5</name>
        <dataType>Boolean</dataType>
        <expression>AND(
NOT(ISNEW()),
{!myVariable_current.RecordType.Name} = &apos;ARVR Case Record Type&apos;,
ISCHANGED({!myVariable_current.Status}),
OR(ISPICKVAL({!myVariable_current.Status}, &apos;In Review&apos;) ,ISPICKVAL({!myVariable_current.Status}, &apos;Shipped&apos;)))</expression>
    </formulas>
    <formulas>
        <processMetadataValues>
            <name>originalFormula</name>
            <value>
                <stringValue>AND(
NOT(ISNEW()),
[Case].RecordType.Name = &apos;ARVR Case Record Type&apos;,
ISCHANGED([Case].Status),
OR(
ISPICKVAL([Case].Status, &apos;New&apos;),
ISPICKVAL([Case].Status, &apos;Shipped&apos;) ,
ISPICKVAL([Case].Status, &apos;Booked&apos;) 
))</stringValue>
            </value>
        </processMetadataValues>
        <name>formula_myRule_7</name>
        <dataType>Boolean</dataType>
        <expression>AND(
NOT(ISNEW()),
{!myVariable_current.RecordType.Name} = &apos;ARVR Case Record Type&apos;,
ISCHANGED({!myVariable_current.Status}),
OR(
ISPICKVAL({!myVariable_current.Status}, &apos;New&apos;),
ISPICKVAL({!myVariable_current.Status}, &apos;Shipped&apos;) ,
ISPICKVAL({!myVariable_current.Status}, &apos;Booked&apos;) 
))</expression>
    </formulas>
    <formulas>
        <processMetadataValues>
            <name>originalFormula</name>
            <value>
                <stringValue>AND(
NOT(ISNEW()),
[Case].RecordType.Name = &apos;ARVR Case Record Type&apos;,
OR(
[Case].Recipient_Email__c &lt;&gt;[Case].Sender_Email__c ,
[Case].Recipient_Email__c &lt;&gt;[Case].SuppliedEmail),

CONTAINS([Case].Recipient_Email__c, &apos;@meta.com&apos;), 
ISCHANGED([Case].Status),
OR(
ISPICKVAL([Case].Status, &apos;Shipped&apos;) ,
ISPICKVAL([Case].Status, &apos;Booked&apos;) 
))
</stringValue>
            </value>
        </processMetadataValues>
        <name>formula_myRule_9</name>
        <dataType>Boolean</dataType>
        <expression>AND(
NOT(ISNEW()),
{!myVariable_current.RecordType.Name} = &apos;ARVR Case Record Type&apos;,
OR(
{!myVariable_current.Recipient_Email__c} &lt;&gt;{!myVariable_current.Sender_Email__c} ,
{!myVariable_current.Recipient_Email__c} &lt;&gt;{!myVariable_current.SuppliedEmail}),

CONTAINS({!myVariable_current.Recipient_Email__c}, &apos;@meta.com&apos;), 
ISCHANGED({!myVariable_current.Status}),
OR(
ISPICKVAL({!myVariable_current.Status}, &apos;Shipped&apos;) ,
ISPICKVAL({!myVariable_current.Status}, &apos;Booked&apos;) 
))</expression>
    </formulas>
    <interviewLabel>ARVR_Case_Owner_Status_Update-18_InterviewLabel</interviewLabel>
    <label>ARVR Case Owner, Status, and CI Status Update</label>
    <processMetadataValues>
        <name>ObjectType</name>
        <value>
            <stringValue>Case</stringValue>
        </value>
    </processMetadataValues>
    <processMetadataValues>
        <name>ObjectVariable</name>
        <value>
            <elementReference>myVariable_current</elementReference>
        </value>
    </processMetadataValues>
    <processMetadataValues>
        <name>OldObjectVariable</name>
        <value>
            <elementReference>myVariable_old</elementReference>
        </value>
    </processMetadataValues>
    <processMetadataValues>
        <name>TriggerType</name>
        <value>
            <stringValue>onAllChanges</stringValue>
        </value>
    </processMetadataValues>
    <processType>Workflow</processType>
    <startElementReference>myDecision</startElementReference>
    <status>Active</status>
    <variables>
        <name>myVariable_current</name>
        <dataType>SObject</dataType>
        <isCollection>false</isCollection>
        <isInput>true</isInput>
        <isOutput>true</isOutput>
        <objectType>Case</objectType>
    </variables>
    <variables>
        <name>myVariable_old</name>
        <dataType>SObject</dataType>
        <isCollection>false</isCollection>
        <isInput>true</isInput>
        <isOutput>false</isOutput>
        <objectType>Case</objectType>
    </variables>
</Flow>
