<?xml version="1.0" encoding="UTF-8"?>
<Flow xmlns="http://soap.sforce.com/2006/04/metadata">
    <apiVersion>49.0</apiVersion>
    <assignments>
        <name>VariabledAssignments</name>
        <label>VariabledAssignments</label>
        <locationX>308</locationX>
        <locationY>384</locationY>
        <assignmentItems>
            <assignToReference>IsAssigned</assignToReference>
            <operator>Assign</operator>
            <value>
                <elementReference>Check_If_Already_Assigned</elementReference>
            </value>
        </assignmentItems>
        <connector>
            <targetReference>Check_If_Assignment_Needed</targetReference>
        </connector>
    </assignments>
    <decisions>
        <name>Check_If_Assignment_Needed</name>
        <label>Check If Assignment Needed</label>
        <locationX>568</locationX>
        <locationY>230</locationY>
        <defaultConnectorLabel>Default Outcome</defaultConnectorLabel>
        <rules>
            <name>NotAssigned</name>
            <conditionLogic>and</conditionLogic>
            <conditions>
                <leftValueReference>IsAssigned</leftValueReference>
                <operator>EqualTo</operator>
                <rightValue>
                    <booleanValue>false</booleanValue>
                </rightValue>
            </conditions>
            <connector>
                <targetReference>Assign_Permission_Set</targetReference>
            </connector>
            <label>NotAssigned</label>
        </rules>
    </decisions>
    <interviewLabel>Assign Permission Set {!$Flow.CurrentDateTime}</interviewLabel>
    <label>Assign Permission Set</label>
    <processMetadataValues>
        <name>BuilderType</name>
        <value>
            <stringValue>LightningFlowBuilder</stringValue>
        </value>
    </processMetadataValues>
    <processMetadataValues>
        <name>OriginBuilderType</name>
        <value>
            <stringValue>LightningFlowBuilder</stringValue>
        </value>
    </processMetadataValues>
    <processType>AutoLaunchedFlow</processType>
    <recordCreates>
        <name>Assign_Permission_Set</name>
        <label>Assign Permission Set</label>
        <locationX>851</locationX>
        <locationY>391</locationY>
        <inputAssignments>
            <field>AssigneeId</field>
            <value>
                <elementReference>UserRecordid</elementReference>
            </value>
        </inputAssignments>
        <inputAssignments>
            <field>PermissionSetId</field>
            <value>
                <elementReference>PermissionSetId</elementReference>
            </value>
        </inputAssignments>
        <object>PermissionSetAssignment</object>
        <storeOutputAutomatically>true</storeOutputAutomatically>
    </recordCreates>
    <recordLookups>
        <name>Check_If_Already_Assigned</name>
        <label>Check If Already Assigned</label>
        <locationX>77</locationX>
        <locationY>234</locationY>
        <assignNullValuesIfNoRecordsFound>true</assignNullValuesIfNoRecordsFound>
        <connector>
            <targetReference>VariabledAssignments</targetReference>
        </connector>
        <filterLogic>and</filterLogic>
        <filters>
            <field>AssigneeId</field>
            <operator>EqualTo</operator>
            <value>
                <elementReference>UserRecordid</elementReference>
            </value>
        </filters>
        <filters>
            <field>PermissionSetId</field>
            <operator>EqualTo</operator>
            <value>
                <elementReference>PermissionSetId</elementReference>
            </value>
        </filters>
        <object>PermissionSetAssignment</object>
        <outputAssignments>
            <assignToReference>ExistingPermissionSetAssignmetId</assignToReference>
            <field>Id</field>
        </outputAssignments>
    </recordLookups>
    <start>
        <locationX>50</locationX>
        <locationY>50</locationY>
        <connector>
            <targetReference>Check_If_Already_Assigned</targetReference>
        </connector>
    </start>
    <status>Active</status>
    <variables>
        <name>ExistingPermissionSetAssignmetId</name>
        <dataType>String</dataType>
        <isCollection>false</isCollection>
        <isInput>false</isInput>
        <isOutput>false</isOutput>
        <value>
            <stringValue></stringValue>
        </value>
    </variables>
    <variables>
        <name>IsAssigned</name>
        <dataType>Boolean</dataType>
        <isCollection>false</isCollection>
        <isInput>false</isInput>
        <isOutput>false</isOutput>
        <value>
            <booleanValue>false</booleanValue>
        </value>
    </variables>
    <variables>
        <name>PermissionSetId</name>
        <dataType>String</dataType>
        <isCollection>false</isCollection>
        <isInput>true</isInput>
        <isOutput>false</isOutput>
        <value>
            <stringValue></stringValue>
        </value>
    </variables>
    <variables>
        <name>UserRecordid</name>
        <dataType>String</dataType>
        <isCollection>false</isCollection>
        <isInput>true</isInput>
        <isOutput>false</isOutput>
        <value>
            <stringValue></stringValue>
        </value>
    </variables>
</Flow>
