<?xml version="1.0" encoding="UTF-8"?>
<Flow xmlns="http://soap.sforce.com/2006/04/metadata">
    <actionCalls>
        <name>myRule_1_A1</name>
        <label>Atlas Big Deal Alert</label>
        <locationX>176</locationX>
        <locationY>335</locationY>
        <actionName>Opportunity.Atlas_Big_Deal_Alert</actionName>
        <actionType>emailAlert</actionType>
        <flowTransactionModel>CurrentTransaction</flowTransactionModel>
        <inputParameters>
            <name>SObjectRowId</name>
            <value>
                <elementReference>$Record.Id</elementReference>
            </value>
        </inputParameters>
        <nameSegment>Opportunity.Atlas_Big_Deal_Alert</nameSegment>
    </actionCalls>
    <apiVersion>57.0</apiVersion>
    <description>Migrated from the Atlas Big Deal (Volume) Alert process using Atlas Big Deal? criteria.
Task 10329255 - Atlas Big Deal (Volume) Alert</description>
    <environments>Default</environments>
    <label>Atlas Big Deal (Volume) Alert_1</label>
    <processMetadataValues>
        <name>BuilderType</name>
        <value>
            <stringValue>LightningFlowBuilder</stringValue>
        </value>
    </processMetadataValues>
    <processMetadataValues>
        <name>CanvasMode</name>
        <value>
            <stringValue>AUTO_LAYOUT_CANVAS</stringValue>
        </value>
    </processMetadataValues>
    <processType>AutoLaunchedFlow</processType>
    <start>
        <locationX>50</locationX>
        <locationY>0</locationY>
        <connector>
            <targetReference>myRule_1_A1</targetReference>
        </connector>
        <doesRequireRecordChangedToMeetCriteria>true</doesRequireRecordChangedToMeetCriteria>
        <filterLogic>1 AND (2 OR 3) AND 4</filterLogic>
        <filters>
            <field>IsClosed</field>
            <operator>EqualTo</operator>
            <value>
                <booleanValue>false</booleanValue>
            </value>
        </filters>
        <filters>
            <field>RecordTypeId</field>
            <operator>EqualTo</operator>
            <value>
                <stringValue>012120000019jgnAAA</stringValue>
            </value>
        </filters>
        <filters>
            <field>RecordTypeId</field>
            <operator>EqualTo</operator>
            <value>
                <stringValue>012120000019jgsAAA</stringValue>
            </value>
        </filters>
        <filters>
            <field>Annual_volume_for_advertiser_millions__c</field>
            <operator>GreaterThanOrEqualTo</operator>
            <value>
                <numberValue>1000.0</numberValue>
            </value>
        </filters>
        <object>Opportunity</object>
        <recordTriggerType>CreateAndUpdate</recordTriggerType>
        <triggerType>RecordAfterSave</triggerType>
    </start>
    <status>Active</status>
</Flow>
