<?xml version="1.0" encoding="UTF-8"?>
<Flow xmlns="http://soap.sforce.com/2006/04/metadata">
    <actionCalls>
        <processMetadataValues>
            <name>ActionCallType</name>
            <value>
                <stringValue>flow</stringValue>
            </value>
        </processMetadataValues>
        <processMetadataValues>
            <name>flowSelection</name>
            <value>
                <stringValue>FB Bypass Process Builder Action</stringValue>
            </value>
        </processMetadataValues>
        <name>myRule_1_A1</name>
        <label>FB Bypass PB Action</label>
        <locationX>100</locationX>
        <locationY>200</locationY>
        <actionName>FB_Bypass_Process_Builder_Action</actionName>
        <actionType>flow</actionType>
        <flowTransactionModel>CurrentTransaction</flowTransactionModel>
        <nameSegment>FB_Bypass_Process_Builder_Action</nameSegment>
    </actionCalls>
    <apiVersion>49.0</apiVersion>
    <decisions>
        <processMetadataValues>
            <name>index</name>
            <value>
                <numberValue>0.0</numberValue>
            </value>
        </processMetadataValues>
        <name>myDecision</name>
        <label>myDecision</label>
        <locationX>50</locationX>
        <locationY>0</locationY>
        <defaultConnector>
            <targetReference>myDecision2</targetReference>
        </defaultConnector>
        <defaultConnectorLabel>default</defaultConnectorLabel>
        <rules>
            <name>myRule_1</name>
            <conditionLogic>and</conditionLogic>
            <conditions>
                <leftValueReference>formula_myRule_1</leftValueReference>
                <operator>EqualTo</operator>
                <rightValue>
                    <booleanValue>true</booleanValue>
                </rightValue>
            </conditions>
            <connector>
                <targetReference>myRule_1_A1</targetReference>
            </connector>
            <label>Bypass PB</label>
        </rules>
    </decisions>
    <decisions>
        <processMetadataValues>
            <name>index</name>
            <value>
                <numberValue>1.0</numberValue>
            </value>
        </processMetadataValues>
        <name>myDecision2</name>
        <label>myDecision2</label>
        <locationX>50</locationX>
        <locationY>0</locationY>
        <defaultConnectorLabel>default</defaultConnectorLabel>
        <rules>
            <name>myRule_3</name>
            <conditionLogic>and</conditionLogic>
            <conditions>
                <processMetadataValues>
                    <name>inputDataType</name>
                    <value>
                        <stringValue>ID</stringValue>
                    </value>
                </processMetadataValues>
                <processMetadataValues>
                    <name>leftHandSideType</name>
                    <value>
                        <stringValue>ID</stringValue>
                    </value>
                </processMetadataValues>
                <processMetadataValues>
                    <name>operatorDataType</name>
                    <value>
                        <stringValue>String</stringValue>
                    </value>
                </processMetadataValues>
                <processMetadataValues>
                    <name>rightHandSideType</name>
                    <value>
                        <stringValue>ID</stringValue>
                    </value>
                </processMetadataValues>
                <leftValueReference>myVariable_current.RecordType.Id</leftValueReference>
                <operator>EqualTo</operator>
                <rightValue>
                    <stringValue>012120000019kHtAAI</stringValue>
                </rightValue>
            </conditions>
            <connector>
                <targetReference>myRule_3_A1</targetReference>
            </connector>
            <label>Audience Network Tech Partner record type?</label>
        </rules>
    </decisions>
    <description>T16677963, T58346093, T64268061-Bypass PB, T137978529</description>
    <formulas>
        <processMetadataValues>
            <name>originalFormula</name>
            <value>
                <stringValue>LEFT([Lead].Approved_Products_Services__c,32768)
</stringValue>
            </value>
        </processMetadataValues>
        <name>formula_10_myRule_3_A1_8645444979</name>
        <dataType>String</dataType>
        <expression>LEFT({!myVariable_current.Approved_Products_Services__c},32768)</expression>
    </formulas>
    <formulas>
        <processMetadataValues>
            <name>originalFormula</name>
            <value>
                <stringValue>LEFT([Lead].Company,120)</stringValue>
            </value>
        </processMetadataValues>
        <name>formula_11_myRule_3_A1_5104962877</name>
        <dataType>String</dataType>
        <expression>LEFT({!myVariable_current.Company},120)</expression>
    </formulas>
    <formulas>
        <processMetadataValues>
            <name>originalFormula</name>
            <value>
                <stringValue>LEFT([Lead].Parent_Company__c,120)
</stringValue>
            </value>
        </processMetadataValues>
        <name>formula_12_myRule_3_A1_5764952233</name>
        <dataType>String</dataType>
        <expression>LEFT({!myVariable_current.Parent_Company__c},120)</expression>
    </formulas>
    <formulas>
        <processMetadataValues>
            <name>originalFormula</name>
            <value>
                <stringValue>TEXT([Lead].Already_have_a_contact_at_Facebook__c)
</stringValue>
            </value>
        </processMetadataValues>
        <name>formula_13_myRule_3_A1_4673966328</name>
        <dataType>String</dataType>
        <expression>TEXT({!myVariable_current.Already_have_a_contact_at_Facebook__c})</expression>
    </formulas>
    <formulas>
        <processMetadataValues>
            <name>originalFormula</name>
            <value>
                <stringValue>LEFT([Lead].Client_contact_info_for_FB_follow_up__c,32768)
</stringValue>
            </value>
        </processMetadataValues>
        <name>formula_14_myRule_3_A1_7265643936</name>
        <dataType>String</dataType>
        <expression>LEFT({!myVariable_current.Client_contact_info_for_FB_follow_up__c},32768)</expression>
    </formulas>
    <formulas>
        <processMetadataValues>
            <name>originalFormula</name>
            <value>
                <stringValue>LEFT([Lead].Business_challenge_for_advertiser__c,32768) 
</stringValue>
            </value>
        </processMetadataValues>
        <name>formula_15_myRule_3_A1_2289551729</name>
        <dataType>String</dataType>
        <expression>LEFT({!myVariable_current.Business_challenge_for_advertiser__c},32768)</expression>
    </formulas>
    <formulas>
        <processMetadataValues>
            <name>originalFormula</name>
            <value>
                <stringValue>LEFT([Lead].Comments__c,255)
</stringValue>
            </value>
        </processMetadataValues>
        <name>formula_16_myRule_3_A1_9036765236</name>
        <dataType>String</dataType>
        <expression>LEFT({!myVariable_current.Comments__c},255)</expression>
    </formulas>
    <formulas>
        <processMetadataValues>
            <name>originalFormula</name>
            <value>
                <stringValue>LEFT([Lead].Place_Category_1__c,255)
</stringValue>
            </value>
        </processMetadataValues>
        <name>formula_17_myRule_3_A1_0946991571</name>
        <dataType>String</dataType>
        <expression>LEFT({!myVariable_current.Place_Category_1__c},255)</expression>
    </formulas>
    <formulas>
        <processMetadataValues>
            <name>originalFormula</name>
            <value>
                <stringValue>LEFT(TEXT([Lead].TRUSTe__c),255)
</stringValue>
            </value>
        </processMetadataValues>
        <name>formula_18_myRule_3_A1_7032037958</name>
        <dataType>String</dataType>
        <expression>LEFT(TEXT({!myVariable_current.TRUSTe__c}),255)</expression>
    </formulas>
    <formulas>
        <processMetadataValues>
            <name>originalFormula</name>
            <value>
                <stringValue>LEFT([Lead].What_types_of_products_do_you_sell__c,255)
</stringValue>
            </value>
        </processMetadataValues>
        <name>formula_19_myRule_3_A1_9490225158</name>
        <dataType>String</dataType>
        <expression>LEFT({!myVariable_current.What_types_of_products_do_you_sell__c},255)</expression>
    </formulas>
    <formulas>
        <processMetadataValues>
            <name>originalFormula</name>
            <value>
                <stringValue>LEFT([Lead].Do_you_provide_managed_services__c,255)
</stringValue>
            </value>
        </processMetadataValues>
        <name>formula_20_myRule_3_A1_1691388530</name>
        <dataType>String</dataType>
        <expression>LEFT({!myVariable_current.Do_you_provide_managed_services__c},255)</expression>
    </formulas>
    <formulas>
        <processMetadataValues>
            <name>originalFormula</name>
            <value>
                <stringValue>[Lead].Email</stringValue>
            </value>
        </processMetadataValues>
        <name>formula_21_myRule_3_A1_7152716183</name>
        <dataType>String</dataType>
        <expression>{!myVariable_current.Email}</expression>
    </formulas>
    <formulas>
        <processMetadataValues>
            <name>originalFormula</name>
            <value>
                <stringValue>[Lead].Referred_By_Email__c 
</stringValue>
            </value>
        </processMetadataValues>
        <name>formula_22_myRule_3_A1_1504326773</name>
        <dataType>String</dataType>
        <expression>{!myVariable_current.Referred_By_Email__c}</expression>
    </formulas>
    <formulas>
        <processMetadataValues>
            <name>originalFormula</name>
            <value>
                <stringValue>LEFT([Lead].Facebook_Contact__c,120)
</stringValue>
            </value>
        </processMetadataValues>
        <name>formula_23_myRule_3_A1_5064604763</name>
        <dataType>String</dataType>
        <expression>LEFT({!myVariable_current.Facebook_Contact__c},120)</expression>
    </formulas>
    <formulas>
        <processMetadataValues>
            <name>originalFormula</name>
            <value>
                <stringValue>LEFT([Lead].Company_Description__c,2000)</stringValue>
            </value>
        </processMetadataValues>
        <name>formula_24_myRule_3_A1_1674069973</name>
        <dataType>String</dataType>
        <expression>LEFT({!myVariable_current.Company_Description__c},2000)</expression>
    </formulas>
    <formulas>
        <processMetadataValues>
            <name>originalFormula</name>
            <value>
                <stringValue>LEFT([Lead].Business_Manager_ID__c,255)
</stringValue>
            </value>
        </processMetadataValues>
        <name>formula_25_myRule_3_A1_6821341221</name>
        <dataType>String</dataType>
        <expression>LEFT({!myVariable_current.Business_Manager_ID__c},255)</expression>
    </formulas>
    <formulas>
        <processMetadataValues>
            <name>originalFormula</name>
            <value>
                <stringValue>LEFT([Lead].Agency_contact_info_for_FB_to_follow_up__c,32768)</stringValue>
            </value>
        </processMetadataValues>
        <name>formula_26_myRule_3_A1_6941291138</name>
        <dataType>String</dataType>
        <expression>LEFT({!myVariable_current.Agency_contact_info_for_FB_to_follow_up__c},32768)</expression>
    </formulas>
    <formulas>
        <processMetadataValues>
            <name>originalFormula</name>
            <value>
                <stringValue>LEFT([Lead].How_did_you_learn_about_this_program__c,255)
</stringValue>
            </value>
        </processMetadataValues>
        <name>formula_27_myRule_3_A1_3752754047</name>
        <dataType>String</dataType>
        <expression>LEFT({!myVariable_current.How_did_you_learn_about_this_program__c},255)</expression>
    </formulas>
    <formulas>
        <processMetadataValues>
            <name>originalFormula</name>
            <value>
                <stringValue>LEFT([Lead].Business_Objectives__c,255)
</stringValue>
            </value>
        </processMetadataValues>
        <name>formula_28_myRule_3_A1_6990493618</name>
        <dataType>String</dataType>
        <expression>LEFT({!myVariable_current.Business_Objectives__c},255)</expression>
    </formulas>
    <formulas>
        <processMetadataValues>
            <name>originalFormula</name>
            <value>
                <stringValue>LEFT([Lead].Legal_Contact_Email__c,80)
</stringValue>
            </value>
        </processMetadataValues>
        <name>formula_29_myRule_3_A1_3592683457</name>
        <dataType>String</dataType>
        <expression>LEFT({!myVariable_current.Legal_Contact_Email__c},80)</expression>
    </formulas>
    <formulas>
        <processMetadataValues>
            <name>originalFormula</name>
            <value>
                <stringValue>LEFT([Lead].Legal_Contact__c,120)</stringValue>
            </value>
        </processMetadataValues>
        <name>formula_30_myRule_3_A1_2801034398</name>
        <dataType>String</dataType>
        <expression>LEFT({!myVariable_current.Legal_Contact__c},120)</expression>
    </formulas>
    <formulas>
        <processMetadataValues>
            <name>originalFormula</name>
            <value>
                <stringValue>LEFT([Lead].Adtech_firms_you_have_integrated_with__c,32768)</stringValue>
            </value>
        </processMetadataValues>
        <name>formula_31_myRule_3_A1_2579223586</name>
        <dataType>String</dataType>
        <expression>LEFT({!myVariable_current.Adtech_firms_you_have_integrated_with__c},32768)</expression>
    </formulas>
    <formulas>
        <processMetadataValues>
            <name>originalFormula</name>
            <value>
                <stringValue>LEFT([Lead].List_your_privacy_policy__c,255)
</stringValue>
            </value>
        </processMetadataValues>
        <name>formula_32_myRule_3_A1_9007727463</name>
        <dataType>String</dataType>
        <expression>LEFT({!myVariable_current.List_your_privacy_policy__c},255)</expression>
    </formulas>
    <formulas>
        <processMetadataValues>
            <name>originalFormula</name>
            <value>
                <stringValue>LEFT([Lead].List_of_Clients_and_References__c,255)
</stringValue>
            </value>
        </processMetadataValues>
        <name>formula_33_myRule_3_A1_4020111286</name>
        <dataType>String</dataType>
        <expression>LEFT({!myVariable_current.List_of_Clients_and_References__c},255)</expression>
    </formulas>
    <formulas>
        <processMetadataValues>
            <name>originalFormula</name>
            <value>
                <stringValue>LEFT([Lead].How_will_your_company_use_data_from_fb__c,255)
</stringValue>
            </value>
        </processMetadataValues>
        <name>formula_34_myRule_3_A1_4311699890</name>
        <dataType>String</dataType>
        <expression>LEFT({!myVariable_current.How_will_your_company_use_data_from_fb__c},255)</expression>
    </formulas>
    <formulas>
        <processMetadataValues>
            <name>originalFormula</name>
            <value>
                <stringValue>[Lead].Id</stringValue>
            </value>
        </processMetadataValues>
        <name>formula_35_myRule_3_A1_6721297287</name>
        <dataType>String</dataType>
        <expression>{!myVariable_current.Id}</expression>
    </formulas>
    <formulas>
        <processMetadataValues>
            <name>originalFormula</name>
            <value>
                <stringValue>LEFT([Lead].FirstName &amp;&quot; &quot;&amp; [Lead].LastName,120)</stringValue>
            </value>
        </processMetadataValues>
        <name>formula_36_myRule_3_A1_0716346358</name>
        <dataType>String</dataType>
        <expression>LEFT({!myVariable_current.FirstName} &amp;&quot; &quot;&amp; {!myVariable_current.LastName},120)</expression>
    </formulas>
    <formulas>
        <processMetadataValues>
            <name>originalFormula</name>
            <value>
                <stringValue>LEFT([Lead].Do_you_license_your_technology_for_other__c,255)
</stringValue>
            </value>
        </processMetadataValues>
        <name>formula_37_myRule_3_A1_3237146032</name>
        <dataType>String</dataType>
        <expression>LEFT({!myVariable_current.Do_you_license_your_technology_for_other__c},255)</expression>
    </formulas>
    <formulas>
        <processMetadataValues>
            <name>originalFormula</name>
            <value>
                <stringValue>LEFT([Lead].Campaign_strategy_overview__c,32768)</stringValue>
            </value>
        </processMetadataValues>
        <name>formula_38_myRule_3_A1_5834330150</name>
        <dataType>String</dataType>
        <expression>LEFT({!myVariable_current.Campaign_strategy_overview__c},32768)</expression>
    </formulas>
    <formulas>
        <processMetadataValues>
            <name>originalFormula</name>
            <value>
                <stringValue>LEFT([Lead].Advertising_objective_focus__c,255)
</stringValue>
            </value>
        </processMetadataValues>
        <name>formula_39_myRule_3_A1_8402143544</name>
        <dataType>String</dataType>
        <expression>LEFT({!myVariable_current.Advertising_objective_focus__c},255)</expression>
    </formulas>
    <formulas>
        <processMetadataValues>
            <name>originalFormula</name>
            <value>
                <stringValue>LEFT([Lead].Referral_Source__c,255)
</stringValue>
            </value>
        </processMetadataValues>
        <name>formula_40_myRule_3_A1_8854397082</name>
        <dataType>String</dataType>
        <expression>LEFT({!myVariable_current.Referral_Source__c},255)</expression>
    </formulas>
    <formulas>
        <processMetadataValues>
            <name>originalFormula</name>
            <value>
                <stringValue>LEFT([Lead].What_problem_does_your_app_solve__c,255)
</stringValue>
            </value>
        </processMetadataValues>
        <name>formula_41_myRule_3_A1_2196869885</name>
        <dataType>String</dataType>
        <expression>LEFT({!myVariable_current.What_problem_does_your_app_solve__c},255)</expression>
    </formulas>
    <formulas>
        <processMetadataValues>
            <name>originalFormula</name>
            <value>
                <stringValue>LEFT([Lead].Place_Category_2__c,255)
</stringValue>
            </value>
        </processMetadataValues>
        <name>formula_42_myRule_3_A1_5762293890</name>
        <dataType>String</dataType>
        <expression>LEFT({!myVariable_current.Place_Category_2__c},255)</expression>
    </formulas>
    <formulas>
        <processMetadataValues>
            <name>originalFormula</name>
            <value>
                <stringValue>LEFT(TEXT([Lead].Will_you_ever_share_your_app__c),255)
</stringValue>
            </value>
        </processMetadataValues>
        <name>formula_43_myRule_3_A1_0741938615</name>
        <dataType>String</dataType>
        <expression>LEFT(TEXT({!myVariable_current.Will_you_ever_share_your_app__c}),255)</expression>
    </formulas>
    <formulas>
        <processMetadataValues>
            <name>originalFormula</name>
            <value>
                <stringValue>LEFT([Lead].Technical_Contact_Email__c,120)</stringValue>
            </value>
        </processMetadataValues>
        <name>formula_44_myRule_3_A1_9025602665</name>
        <dataType>String</dataType>
        <expression>LEFT({!myVariable_current.Technical_Contact_Email__c},120)</expression>
    </formulas>
    <formulas>
        <processMetadataValues>
            <name>originalFormula</name>
            <value>
                <stringValue>LEFT([Lead].Technical_Contact_First__c&amp;&quot; &quot;&amp;[Lead].Technical_Contact_Last__c,120)</stringValue>
            </value>
        </processMetadataValues>
        <name>formula_45_myRule_3_A1_9781320316</name>
        <dataType>String</dataType>
        <expression>LEFT({!myVariable_current.Technical_Contact_First__c}&amp;&quot; &quot;&amp;{!myVariable_current.Technical_Contact_Last__c},120)</expression>
    </formulas>
    <formulas>
        <processMetadataValues>
            <name>originalFormula</name>
            <value>
                <stringValue>LEFT(TEXT([Lead].Lead_Region__c),255)
</stringValue>
            </value>
        </processMetadataValues>
        <name>formula_46_myRule_3_A1_2621954110</name>
        <dataType>String</dataType>
        <expression>LEFT(TEXT({!myVariable_current.Lead_Region__c}),255)</expression>
    </formulas>
    <formulas>
        <processMetadataValues>
            <name>originalFormula</name>
            <value>
                <stringValue>LEFT([Lead].What_regions_do_you_serve__c,255)
</stringValue>
            </value>
        </processMetadataValues>
        <name>formula_47_myRule_3_A1_0367292907</name>
        <dataType>String</dataType>
        <expression>LEFT({!myVariable_current.What_regions_do_you_serve__c},255)</expression>
    </formulas>
    <formulas>
        <processMetadataValues>
            <name>originalFormula</name>
            <value>
                <stringValue>LEFT([Lead].Company_Headquarters_Country__c,120)
</stringValue>
            </value>
        </processMetadataValues>
        <name>formula_48_myRule_3_A1_3626904986</name>
        <dataType>String</dataType>
        <expression>LEFT({!myVariable_current.Company_Headquarters_Country__c},120)</expression>
    </formulas>
    <formulas>
        <processMetadataValues>
            <name>originalFormula</name>
            <value>
                <stringValue>LEFT([Lead].Ad_server_Integration__c,255)
</stringValue>
            </value>
        </processMetadataValues>
        <name>formula_49_myRule_3_A1_3230188873</name>
        <dataType>String</dataType>
        <expression>LEFT({!myVariable_current.Ad_server_Integration__c},255)</expression>
    </formulas>
    <formulas>
        <processMetadataValues>
            <name>originalFormula</name>
            <value>
                <stringValue>
LEFT([Lead].Other_Notes__c,255)
</stringValue>
            </value>
        </processMetadataValues>
        <name>formula_4_myRule_3_A1_0839030038</name>
        <dataType>String</dataType>
        <expression>
LEFT({!myVariable_current.Other_Notes__c},255)</expression>
    </formulas>
    <formulas>
        <processMetadataValues>
            <name>originalFormula</name>
            <value>
                <stringValue>LEFT([Lead].Adspend_Coupon__c,255)
</stringValue>
            </value>
        </processMetadataValues>
        <name>formula_50_myRule_3_A1_6798241856</name>
        <dataType>String</dataType>
        <expression>LEFT({!myVariable_current.Adspend_Coupon__c},255)</expression>
    </formulas>
    <formulas>
        <processMetadataValues>
            <name>originalFormula</name>
            <value>
                <stringValue>LEFT([Lead].Ads_Data_Tracking_Initial_Review_Notes__c,255)
</stringValue>
            </value>
        </processMetadataValues>
        <name>formula_51_myRule_3_A1_0395799919</name>
        <dataType>String</dataType>
        <expression>LEFT({!myVariable_current.Ads_Data_Tracking_Initial_Review_Notes__c},255)</expression>
    </formulas>
    <formulas>
        <processMetadataValues>
            <name>originalFormula</name>
            <value>
                <stringValue>LEFT(TEXT([Lead].Number_of_Employees__c),255)
</stringValue>
            </value>
        </processMetadataValues>
        <name>formula_52_myRule_3_A1_2142624905</name>
        <dataType>String</dataType>
        <expression>LEFT(TEXT({!myVariable_current.Number_of_Employees__c}),255)</expression>
    </formulas>
    <formulas>
        <processMetadataValues>
            <name>originalFormula</name>
            <value>
                <stringValue>LEFT([Lead].Where_do_you_store_the_data_collected__c,255)</stringValue>
            </value>
        </processMetadataValues>
        <name>formula_5_myRule_3_A1_3669901866</name>
        <dataType>String</dataType>
        <expression>LEFT({!myVariable_current.Where_do_you_store_the_data_collected__c},255)</expression>
    </formulas>
    <formulas>
        <processMetadataValues>
            <name>originalFormula</name>
            <value>
                <stringValue>LEFT([Lead].Description,255)
</stringValue>
            </value>
        </processMetadataValues>
        <name>formula_6_myRule_3_A1_9728536290</name>
        <dataType>String</dataType>
        <expression>LEFT({!myVariable_current.Description},255)</expression>
    </formulas>
    <formulas>
        <processMetadataValues>
            <name>originalFormula</name>
            <value>
                <stringValue>LEFT([Lead].How_many_engineers_dedicated__c,255)
</stringValue>
            </value>
        </processMetadataValues>
        <name>formula_7_myRule_3_A1_9644625561</name>
        <dataType>String</dataType>
        <expression>LEFT({!myVariable_current.How_many_engineers_dedicated__c},255)</expression>
    </formulas>
    <formulas>
        <processMetadataValues>
            <name>originalFormula</name>
            <value>
                <stringValue>LEFT([Lead].Market_Cap_of_Clients__c,255)
</stringValue>
            </value>
        </processMetadataValues>
        <name>formula_8_myRule_3_A1_3568804282</name>
        <dataType>String</dataType>
        <expression>LEFT({!myVariable_current.Market_Cap_of_Clients__c},255)</expression>
    </formulas>
    <formulas>
        <processMetadataValues>
            <name>originalFormula</name>
            <value>
                <stringValue>[Lead].NumberOfEmployees
</stringValue>
            </value>
        </processMetadataValues>
        <name>formula_9_myRule_3_A1_1230385005</name>
        <dataType>Number</dataType>
        <expression>{!myVariable_current.NumberOfEmployees}</expression>
        <scale>18</scale>
    </formulas>
    <formulas>
        <processMetadataValues>
            <name>originalFormula</name>
            <value>
                <stringValue>$Setup.FB_Trigger_Control__c.Shall_Skip_Lead_Flows__c</stringValue>
            </value>
        </processMetadataValues>
        <name>formula_myRule_1</name>
        <dataType>Boolean</dataType>
        <expression>{!$Setup.FB_Trigger_Control__c.Shall_Skip_Lead_Flows__c}</expression>
    </formulas>
    <interviewLabel>Audience_Network_Third_Party_Program_Applicants-17_InterviewLabel</interviewLabel>
    <label>DO_NOT_USE Audience Network Third Party Program Applicants</label>
    <processMetadataValues>
        <name>ObjectType</name>
        <value>
            <stringValue>Lead</stringValue>
        </value>
    </processMetadataValues>
    <processMetadataValues>
        <name>ObjectVariable</name>
        <value>
            <elementReference>myVariable_current</elementReference>
        </value>
    </processMetadataValues>
    <processMetadataValues>
        <name>OldObjectVariable</name>
        <value>
            <elementReference>myVariable_old</elementReference>
        </value>
    </processMetadataValues>
    <processMetadataValues>
        <name>TriggerType</name>
        <value>
            <stringValue>onCreateOnly</stringValue>
        </value>
    </processMetadataValues>
    <processType>Workflow</processType>
    <recordCreates>
        <name>myRule_3_A1</name>
        <label>Create Audience Network Tech Potential Partner</label>
        <locationX>300</locationX>
        <locationY>200</locationY>
        <inputAssignments>
            <processMetadataValues>
                <name>dataType</name>
                <value>
                    <stringValue>String</stringValue>
                </value>
            </processMetadataValues>
            <processMetadataValues>
                <name>isRequired</name>
                <value>
                    <booleanValue>false</booleanValue>
                </value>
            </processMetadataValues>
            <processMetadataValues>
                <name>leftHandSideLabel</name>
                <value>
                    <stringValue>Advertising inventory direct business?</stringValue>
                </value>
            </processMetadataValues>
            <processMetadataValues>
                <name>rightHandSideType</name>
                <value>
                    <stringValue>Formula</stringValue>
                </value>
            </processMetadataValues>
            <field>Advertising_inventory_direct_business__c</field>
            <value>
                <elementReference>formula_4_myRule_3_A1_0839030038</elementReference>
            </value>
        </inputAssignments>
        <inputAssignments>
            <processMetadataValues>
                <name>dataType</name>
                <value>
                    <stringValue>String</stringValue>
                </value>
            </processMetadataValues>
            <processMetadataValues>
                <name>isRequired</name>
                <value>
                    <booleanValue>false</booleanValue>
                </value>
            </processMetadataValues>
            <processMetadataValues>
                <name>leftHandSideLabel</name>
                <value>
                    <stringValue>Any machine learning processes ?</stringValue>
                </value>
            </processMetadataValues>
            <processMetadataValues>
                <name>rightHandSideType</name>
                <value>
                    <stringValue>Formula</stringValue>
                </value>
            </processMetadataValues>
            <field>Any_machine_learning_processes__c</field>
            <value>
                <elementReference>formula_5_myRule_3_A1_3669901866</elementReference>
            </value>
        </inputAssignments>
        <inputAssignments>
            <processMetadataValues>
                <name>dataType</name>
                <value>
                    <stringValue>String</stringValue>
                </value>
            </processMetadataValues>
            <processMetadataValues>
                <name>isRequired</name>
                <value>
                    <booleanValue>false</booleanValue>
                </value>
            </processMetadataValues>
            <processMetadataValues>
                <name>leftHandSideLabel</name>
                <value>
                    <stringValue>Any other technical product offerings?</stringValue>
                </value>
            </processMetadataValues>
            <processMetadataValues>
                <name>rightHandSideType</name>
                <value>
                    <stringValue>Formula</stringValue>
                </value>
            </processMetadataValues>
            <field>Any_other_technical_product_offerings__c</field>
            <value>
                <elementReference>formula_6_myRule_3_A1_9728536290</elementReference>
            </value>
        </inputAssignments>
        <inputAssignments>
            <processMetadataValues>
                <name>dataType</name>
                <value>
                    <stringValue>String</stringValue>
                </value>
            </processMetadataValues>
            <processMetadataValues>
                <name>isRequired</name>
                <value>
                    <booleanValue>false</booleanValue>
                </value>
            </processMetadataValues>
            <processMetadataValues>
                <name>leftHandSideLabel</name>
                <value>
                    <stringValue>Approximate % engineering workforce</stringValue>
                </value>
            </processMetadataValues>
            <processMetadataValues>
                <name>rightHandSideType</name>
                <value>
                    <stringValue>Formula</stringValue>
                </value>
            </processMetadataValues>
            <field>Approximate_engineering_workforce__c</field>
            <value>
                <elementReference>formula_7_myRule_3_A1_9644625561</elementReference>
            </value>
        </inputAssignments>
        <inputAssignments>
            <processMetadataValues>
                <name>dataType</name>
                <value>
                    <stringValue>String</stringValue>
                </value>
            </processMetadataValues>
            <processMetadataValues>
                <name>isRequired</name>
                <value>
                    <booleanValue>false</booleanValue>
                </value>
            </processMetadataValues>
            <processMetadataValues>
                <name>leftHandSideLabel</name>
                <value>
                    <stringValue>Approximate total customers</stringValue>
                </value>
            </processMetadataValues>
            <processMetadataValues>
                <name>rightHandSideType</name>
                <value>
                    <stringValue>Formula</stringValue>
                </value>
            </processMetadataValues>
            <field>Approximate_total_customers__c</field>
            <value>
                <elementReference>formula_8_myRule_3_A1_3568804282</elementReference>
            </value>
        </inputAssignments>
        <inputAssignments>
            <processMetadataValues>
                <name>dataType</name>
                <value>
                    <stringValue>Number</stringValue>
                </value>
            </processMetadataValues>
            <processMetadataValues>
                <name>isRequired</name>
                <value>
                    <booleanValue>false</booleanValue>
                </value>
            </processMetadataValues>
            <processMetadataValues>
                <name>leftHandSideLabel</name>
                <value>
                    <stringValue>Approximate total (fulltime) employees</stringValue>
                </value>
            </processMetadataValues>
            <processMetadataValues>
                <name>rightHandSideType</name>
                <value>
                    <stringValue>Formula</stringValue>
                </value>
            </processMetadataValues>
            <field>Approximate_total_fulltime_employees__c</field>
            <value>
                <elementReference>formula_9_myRule_3_A1_1230385005</elementReference>
            </value>
        </inputAssignments>
        <inputAssignments>
            <processMetadataValues>
                <name>dataType</name>
                <value>
                    <stringValue>String</stringValue>
                </value>
            </processMetadataValues>
            <processMetadataValues>
                <name>isRequired</name>
                <value>
                    <booleanValue>false</booleanValue>
                </value>
            </processMetadataValues>
            <processMetadataValues>
                <name>leftHandSideLabel</name>
                <value>
                    <stringValue>Client base and value of your service</stringValue>
                </value>
            </processMetadataValues>
            <processMetadataValues>
                <name>rightHandSideType</name>
                <value>
                    <stringValue>Formula</stringValue>
                </value>
            </processMetadataValues>
            <field>Client_base_and_value_of_our_service__c</field>
            <value>
                <elementReference>formula_10_myRule_3_A1_8645444979</elementReference>
            </value>
        </inputAssignments>
        <inputAssignments>
            <processMetadataValues>
                <name>dataType</name>
                <value>
                    <stringValue>String</stringValue>
                </value>
            </processMetadataValues>
            <processMetadataValues>
                <name>isRequired</name>
                <value>
                    <booleanValue>false</booleanValue>
                </value>
            </processMetadataValues>
            <processMetadataValues>
                <name>leftHandSideLabel</name>
                <value>
                    <stringValue>Company Name</stringValue>
                </value>
            </processMetadataValues>
            <processMetadataValues>
                <name>rightHandSideType</name>
                <value>
                    <stringValue>Formula</stringValue>
                </value>
            </processMetadataValues>
            <field>Company_Name__c</field>
            <value>
                <elementReference>formula_11_myRule_3_A1_5104962877</elementReference>
            </value>
        </inputAssignments>
        <inputAssignments>
            <processMetadataValues>
                <name>dataType</name>
                <value>
                    <stringValue>String</stringValue>
                </value>
            </processMetadataValues>
            <processMetadataValues>
                <name>isRequired</name>
                <value>
                    <booleanValue>false</booleanValue>
                </value>
            </processMetadataValues>
            <processMetadataValues>
                <name>leftHandSideLabel</name>
                <value>
                    <stringValue>Company Parent Name</stringValue>
                </value>
            </processMetadataValues>
            <processMetadataValues>
                <name>rightHandSideType</name>
                <value>
                    <stringValue>Formula</stringValue>
                </value>
            </processMetadataValues>
            <field>Company_Parent_Name__c</field>
            <value>
                <elementReference>formula_12_myRule_3_A1_5764952233</elementReference>
            </value>
        </inputAssignments>
        <inputAssignments>
            <processMetadataValues>
                <name>dataType</name>
                <value>
                    <stringValue>Picklist</stringValue>
                </value>
            </processMetadataValues>
            <processMetadataValues>
                <name>isRequired</name>
                <value>
                    <booleanValue>false</booleanValue>
                </value>
            </processMetadataValues>
            <processMetadataValues>
                <name>leftHandSideLabel</name>
                <value>
                    <stringValue>Dedicated FB partner manager?</stringValue>
                </value>
            </processMetadataValues>
            <processMetadataValues>
                <name>rightHandSideType</name>
                <value>
                    <stringValue>Formula</stringValue>
                </value>
            </processMetadataValues>
            <field>Dedicated_FB_partner_manager__c</field>
            <value>
                <elementReference>formula_13_myRule_3_A1_4673966328</elementReference>
            </value>
        </inputAssignments>
        <inputAssignments>
            <processMetadataValues>
                <name>dataType</name>
                <value>
                    <stringValue>String</stringValue>
                </value>
            </processMetadataValues>
            <processMetadataValues>
                <name>isRequired</name>
                <value>
                    <booleanValue>false</booleanValue>
                </value>
            </processMetadataValues>
            <processMetadataValues>
                <name>leftHandSideLabel</name>
                <value>
                    <stringValue>Describe how you charge clients</stringValue>
                </value>
            </processMetadataValues>
            <processMetadataValues>
                <name>rightHandSideType</name>
                <value>
                    <stringValue>Formula</stringValue>
                </value>
            </processMetadataValues>
            <field>Describe_how_you_charge_clients__c</field>
            <value>
                <elementReference>formula_14_myRule_3_A1_7265643936</elementReference>
            </value>
        </inputAssignments>
        <inputAssignments>
            <processMetadataValues>
                <name>dataType</name>
                <value>
                    <stringValue>String</stringValue>
                </value>
            </processMetadataValues>
            <processMetadataValues>
                <name>isRequired</name>
                <value>
                    <booleanValue>false</booleanValue>
                </value>
            </processMetadataValues>
            <processMetadataValues>
                <name>leftHandSideLabel</name>
                <value>
                    <stringValue>Describe service/business lines</stringValue>
                </value>
            </processMetadataValues>
            <processMetadataValues>
                <name>rightHandSideType</name>
                <value>
                    <stringValue>Formula</stringValue>
                </value>
            </processMetadataValues>
            <field>Describe_service_business_lines__c</field>
            <value>
                <elementReference>formula_15_myRule_3_A1_2289551729</elementReference>
            </value>
        </inputAssignments>
        <inputAssignments>
            <processMetadataValues>
                <name>dataType</name>
                <value>
                    <stringValue>String</stringValue>
                </value>
            </processMetadataValues>
            <processMetadataValues>
                <name>isRequired</name>
                <value>
                    <booleanValue>false</booleanValue>
                </value>
            </processMetadataValues>
            <processMetadataValues>
                <name>leftHandSideLabel</name>
                <value>
                    <stringValue>Describe your auction logic</stringValue>
                </value>
            </processMetadataValues>
            <processMetadataValues>
                <name>rightHandSideType</name>
                <value>
                    <stringValue>Formula</stringValue>
                </value>
            </processMetadataValues>
            <field>Describe_your_auction_logic__c</field>
            <value>
                <elementReference>formula_16_myRule_3_A1_9036765236</elementReference>
            </value>
        </inputAssignments>
        <inputAssignments>
            <processMetadataValues>
                <name>dataType</name>
                <value>
                    <stringValue>String</stringValue>
                </value>
            </processMetadataValues>
            <processMetadataValues>
                <name>isRequired</name>
                <value>
                    <booleanValue>false</booleanValue>
                </value>
            </processMetadataValues>
            <processMetadataValues>
                <name>leftHandSideLabel</name>
                <value>
                    <stringValue>Do you license technology(s) from others</stringValue>
                </value>
            </processMetadataValues>
            <processMetadataValues>
                <name>rightHandSideType</name>
                <value>
                    <stringValue>Formula</stringValue>
                </value>
            </processMetadataValues>
            <field>Do_you_license_technology_s_from_others__c</field>
            <value>
                <elementReference>formula_17_myRule_3_A1_0946991571</elementReference>
            </value>
        </inputAssignments>
        <inputAssignments>
            <processMetadataValues>
                <name>dataType</name>
                <value>
                    <stringValue>String</stringValue>
                </value>
            </processMetadataValues>
            <processMetadataValues>
                <name>isRequired</name>
                <value>
                    <booleanValue>false</booleanValue>
                </value>
            </processMetadataValues>
            <processMetadataValues>
                <name>leftHandSideLabel</name>
                <value>
                    <stringValue>Do you modify bid requests</stringValue>
                </value>
            </processMetadataValues>
            <processMetadataValues>
                <name>rightHandSideType</name>
                <value>
                    <stringValue>Formula</stringValue>
                </value>
            </processMetadataValues>
            <field>Do_you_modify_bid_requests__c</field>
            <value>
                <elementReference>formula_18_myRule_3_A1_7032037958</elementReference>
            </value>
        </inputAssignments>
        <inputAssignments>
            <processMetadataValues>
                <name>dataType</name>
                <value>
                    <stringValue>String</stringValue>
                </value>
            </processMetadataValues>
            <processMetadataValues>
                <name>isRequired</name>
                <value>
                    <booleanValue>false</booleanValue>
                </value>
            </processMetadataValues>
            <processMetadataValues>
                <name>leftHandSideLabel</name>
                <value>
                    <stringValue>Do you operate your own technology?</stringValue>
                </value>
            </processMetadataValues>
            <processMetadataValues>
                <name>rightHandSideType</name>
                <value>
                    <stringValue>Formula</stringValue>
                </value>
            </processMetadataValues>
            <field>Do_you_operate_your_own_technology__c</field>
            <value>
                <elementReference>formula_19_myRule_3_A1_9490225158</elementReference>
            </value>
        </inputAssignments>
        <inputAssignments>
            <processMetadataValues>
                <name>dataType</name>
                <value>
                    <stringValue>String</stringValue>
                </value>
            </processMetadataValues>
            <processMetadataValues>
                <name>isRequired</name>
                <value>
                    <booleanValue>false</booleanValue>
                </value>
            </processMetadataValues>
            <processMetadataValues>
                <name>leftHandSideLabel</name>
                <value>
                    <stringValue>Do you provide a managed service ?</stringValue>
                </value>
            </processMetadataValues>
            <processMetadataValues>
                <name>rightHandSideType</name>
                <value>
                    <stringValue>Formula</stringValue>
                </value>
            </processMetadataValues>
            <field>Do_you_provide_a_managed_service__c</field>
            <value>
                <elementReference>formula_20_myRule_3_A1_1691388530</elementReference>
            </value>
        </inputAssignments>
        <inputAssignments>
            <processMetadataValues>
                <name>dataType</name>
                <value>
                    <stringValue>String</stringValue>
                </value>
            </processMetadataValues>
            <processMetadataValues>
                <name>isRequired</name>
                <value>
                    <booleanValue>false</booleanValue>
                </value>
            </processMetadataValues>
            <processMetadataValues>
                <name>leftHandSideLabel</name>
                <value>
                    <stringValue>Email</stringValue>
                </value>
            </processMetadataValues>
            <processMetadataValues>
                <name>rightHandSideType</name>
                <value>
                    <stringValue>Formula</stringValue>
                </value>
            </processMetadataValues>
            <field>Email__c</field>
            <value>
                <elementReference>formula_21_myRule_3_A1_7152716183</elementReference>
            </value>
        </inputAssignments>
        <inputAssignments>
            <processMetadataValues>
                <name>dataType</name>
                <value>
                    <stringValue>String</stringValue>
                </value>
            </processMetadataValues>
            <processMetadataValues>
                <name>isRequired</name>
                <value>
                    <booleanValue>false</booleanValue>
                </value>
            </processMetadataValues>
            <processMetadataValues>
                <name>leftHandSideLabel</name>
                <value>
                    <stringValue>FB partner manager&apos;s email</stringValue>
                </value>
            </processMetadataValues>
            <processMetadataValues>
                <name>rightHandSideType</name>
                <value>
                    <stringValue>Formula</stringValue>
                </value>
            </processMetadataValues>
            <field>FB_partner_manager_s_email__c</field>
            <value>
                <elementReference>formula_22_myRule_3_A1_1504326773</elementReference>
            </value>
        </inputAssignments>
        <inputAssignments>
            <processMetadataValues>
                <name>dataType</name>
                <value>
                    <stringValue>String</stringValue>
                </value>
            </processMetadataValues>
            <processMetadataValues>
                <name>isRequired</name>
                <value>
                    <booleanValue>false</booleanValue>
                </value>
            </processMetadataValues>
            <processMetadataValues>
                <name>leftHandSideLabel</name>
                <value>
                    <stringValue>FB partner manager&apos;s name</stringValue>
                </value>
            </processMetadataValues>
            <processMetadataValues>
                <name>rightHandSideType</name>
                <value>
                    <stringValue>Formula</stringValue>
                </value>
            </processMetadataValues>
            <field>FB_partner_manager_s_name__c</field>
            <value>
                <elementReference>formula_23_myRule_3_A1_5064604763</elementReference>
            </value>
        </inputAssignments>
        <inputAssignments>
            <processMetadataValues>
                <name>dataType</name>
                <value>
                    <stringValue>String</stringValue>
                </value>
            </processMetadataValues>
            <processMetadataValues>
                <name>isRequired</name>
                <value>
                    <booleanValue>false</booleanValue>
                </value>
            </processMetadataValues>
            <processMetadataValues>
                <name>leftHandSideLabel</name>
                <value>
                    <stringValue>Fee incorporated in the media cost?</stringValue>
                </value>
            </processMetadataValues>
            <processMetadataValues>
                <name>leftHandSideReferenceTo</name>
                <value>
                    <stringValue></stringValue>
                </value>
            </processMetadataValues>
            <processMetadataValues>
                <name>rightHandSideType</name>
                <value>
                    <stringValue>Formula</stringValue>
                </value>
            </processMetadataValues>
            <field>Fee_incorporated_in_the_media_cost__c</field>
            <value>
                <elementReference>formula_24_myRule_3_A1_1674069973</elementReference>
            </value>
        </inputAssignments>
        <inputAssignments>
            <processMetadataValues>
                <name>dataType</name>
                <value>
                    <stringValue>String</stringValue>
                </value>
            </processMetadataValues>
            <processMetadataValues>
                <name>isRequired</name>
                <value>
                    <booleanValue>false</booleanValue>
                </value>
            </processMetadataValues>
            <processMetadataValues>
                <name>leftHandSideLabel</name>
                <value>
                    <stringValue>Formats of supported ad technology</stringValue>
                </value>
            </processMetadataValues>
            <processMetadataValues>
                <name>rightHandSideType</name>
                <value>
                    <stringValue>Formula</stringValue>
                </value>
            </processMetadataValues>
            <field>Formats_of_supported_ad_technology__c</field>
            <value>
                <elementReference>formula_25_myRule_3_A1_6821341221</elementReference>
            </value>
        </inputAssignments>
        <inputAssignments>
            <processMetadataValues>
                <name>dataType</name>
                <value>
                    <stringValue>String</stringValue>
                </value>
            </processMetadataValues>
            <processMetadataValues>
                <name>isRequired</name>
                <value>
                    <booleanValue>false</booleanValue>
                </value>
            </processMetadataValues>
            <processMetadataValues>
                <name>leftHandSideLabel</name>
                <value>
                    <stringValue>How do you ensure objectivity?</stringValue>
                </value>
            </processMetadataValues>
            <processMetadataValues>
                <name>rightHandSideType</name>
                <value>
                    <stringValue>Formula</stringValue>
                </value>
            </processMetadataValues>
            <field>How_do_you_ensure_objectivity__c</field>
            <value>
                <elementReference>formula_26_myRule_3_A1_6941291138</elementReference>
            </value>
        </inputAssignments>
        <inputAssignments>
            <processMetadataValues>
                <name>dataType</name>
                <value>
                    <stringValue>String</stringValue>
                </value>
            </processMetadataValues>
            <processMetadataValues>
                <name>isRequired</name>
                <value>
                    <booleanValue>false</booleanValue>
                </value>
            </processMetadataValues>
            <processMetadataValues>
                <name>leftHandSideLabel</name>
                <value>
                    <stringValue>How long do you store big logs for?</stringValue>
                </value>
            </processMetadataValues>
            <processMetadataValues>
                <name>rightHandSideType</name>
                <value>
                    <stringValue>Formula</stringValue>
                </value>
            </processMetadataValues>
            <field>How_long_do_you_store_big_logs_for__c</field>
            <value>
                <elementReference>formula_27_myRule_3_A1_3752754047</elementReference>
            </value>
        </inputAssignments>
        <inputAssignments>
            <processMetadataValues>
                <name>dataType</name>
                <value>
                    <stringValue>String</stringValue>
                </value>
            </processMetadataValues>
            <processMetadataValues>
                <name>isRequired</name>
                <value>
                    <booleanValue>false</booleanValue>
                </value>
            </processMetadataValues>
            <processMetadataValues>
                <name>leftHandSideLabel</name>
                <value>
                    <stringValue>Is your auction based on net or gross pr</stringValue>
                </value>
            </processMetadataValues>
            <processMetadataValues>
                <name>rightHandSideType</name>
                <value>
                    <stringValue>Formula</stringValue>
                </value>
            </processMetadataValues>
            <field>Is_your_auction_based_on_net_or_gross_pr__c</field>
            <value>
                <elementReference>formula_28_myRule_3_A1_6990493618</elementReference>
            </value>
        </inputAssignments>
        <inputAssignments>
            <processMetadataValues>
                <name>dataType</name>
                <value>
                    <stringValue>String</stringValue>
                </value>
            </processMetadataValues>
            <processMetadataValues>
                <name>isRequired</name>
                <value>
                    <booleanValue>false</booleanValue>
                </value>
            </processMetadataValues>
            <processMetadataValues>
                <name>leftHandSideLabel</name>
                <value>
                    <stringValue>Legal Contact Email</stringValue>
                </value>
            </processMetadataValues>
            <processMetadataValues>
                <name>rightHandSideType</name>
                <value>
                    <stringValue>Formula</stringValue>
                </value>
            </processMetadataValues>
            <field>Legal_Contact_Email__c</field>
            <value>
                <elementReference>formula_29_myRule_3_A1_3592683457</elementReference>
            </value>
        </inputAssignments>
        <inputAssignments>
            <processMetadataValues>
                <name>dataType</name>
                <value>
                    <stringValue>String</stringValue>
                </value>
            </processMetadataValues>
            <processMetadataValues>
                <name>isRequired</name>
                <value>
                    <booleanValue>false</booleanValue>
                </value>
            </processMetadataValues>
            <processMetadataValues>
                <name>leftHandSideLabel</name>
                <value>
                    <stringValue>Legal Contact Name</stringValue>
                </value>
            </processMetadataValues>
            <processMetadataValues>
                <name>rightHandSideType</name>
                <value>
                    <stringValue>Formula</stringValue>
                </value>
            </processMetadataValues>
            <field>Legal_Contact_Name__c</field>
            <value>
                <elementReference>formula_30_myRule_3_A1_2801034398</elementReference>
            </value>
        </inputAssignments>
        <inputAssignments>
            <processMetadataValues>
                <name>dataType</name>
                <value>
                    <stringValue>String</stringValue>
                </value>
            </processMetadataValues>
            <processMetadataValues>
                <name>isRequired</name>
                <value>
                    <booleanValue>false</booleanValue>
                </value>
            </processMetadataValues>
            <processMetadataValues>
                <name>leftHandSideLabel</name>
                <value>
                    <stringValue>Length of time to onboard a new client?</stringValue>
                </value>
            </processMetadataValues>
            <processMetadataValues>
                <name>rightHandSideType</name>
                <value>
                    <stringValue>Formula</stringValue>
                </value>
            </processMetadataValues>
            <field>Length_of_time_to_onboard_a_new_client__c</field>
            <value>
                <elementReference>formula_31_myRule_3_A1_2579223586</elementReference>
            </value>
        </inputAssignments>
        <inputAssignments>
            <processMetadataValues>
                <name>dataType</name>
                <value>
                    <stringValue>String</stringValue>
                </value>
            </processMetadataValues>
            <processMetadataValues>
                <name>isRequired</name>
                <value>
                    <booleanValue>false</booleanValue>
                </value>
            </processMetadataValues>
            <processMetadataValues>
                <name>leftHandSideLabel</name>
                <value>
                    <stringValue>Link to your data policy</stringValue>
                </value>
            </processMetadataValues>
            <processMetadataValues>
                <name>rightHandSideType</name>
                <value>
                    <stringValue>Formula</stringValue>
                </value>
            </processMetadataValues>
            <field>Link_to_your_data_policy__c</field>
            <value>
                <elementReference>formula_32_myRule_3_A1_9007727463</elementReference>
            </value>
        </inputAssignments>
        <inputAssignments>
            <processMetadataValues>
                <name>dataType</name>
                <value>
                    <stringValue>String</stringValue>
                </value>
            </processMetadataValues>
            <processMetadataValues>
                <name>isRequired</name>
                <value>
                    <booleanValue>false</booleanValue>
                </value>
            </processMetadataValues>
            <processMetadataValues>
                <name>leftHandSideLabel</name>
                <value>
                    <stringValue>List of top 5 customers</stringValue>
                </value>
            </processMetadataValues>
            <processMetadataValues>
                <name>rightHandSideType</name>
                <value>
                    <stringValue>Formula</stringValue>
                </value>
            </processMetadataValues>
            <field>List_of_top_5_customers__c</field>
            <value>
                <elementReference>formula_33_myRule_3_A1_4020111286</elementReference>
            </value>
        </inputAssignments>
        <inputAssignments>
            <processMetadataValues>
                <name>dataType</name>
                <value>
                    <stringValue>String</stringValue>
                </value>
            </processMetadataValues>
            <processMetadataValues>
                <name>isRequired</name>
                <value>
                    <booleanValue>false</booleanValue>
                </value>
            </processMetadataValues>
            <processMetadataValues>
                <name>leftHandSideLabel</name>
                <value>
                    <stringValue>Modify bid request and intended use case</stringValue>
                </value>
            </processMetadataValues>
            <processMetadataValues>
                <name>rightHandSideType</name>
                <value>
                    <stringValue>Formula</stringValue>
                </value>
            </processMetadataValues>
            <field>Modify_bid_request_and_intended_use_case__c</field>
            <value>
                <elementReference>formula_34_myRule_3_A1_4311699890</elementReference>
            </value>
        </inputAssignments>
        <inputAssignments>
            <processMetadataValues>
                <name>dataType</name>
                <value>
                    <stringValue>String</stringValue>
                </value>
            </processMetadataValues>
            <processMetadataValues>
                <name>isRequired</name>
                <value>
                    <booleanValue>false</booleanValue>
                </value>
            </processMetadataValues>
            <processMetadataValues>
                <name>leftHandSideLabel</name>
                <value>
                    <stringValue>Potential Partner Name</stringValue>
                </value>
            </processMetadataValues>
            <processMetadataValues>
                <name>rightHandSideType</name>
                <value>
                    <stringValue>Formula</stringValue>
                </value>
            </processMetadataValues>
            <field>Name</field>
            <value>
                <elementReference>formula_35_myRule_3_A1_6721297287</elementReference>
            </value>
        </inputAssignments>
        <inputAssignments>
            <processMetadataValues>
                <name>dataType</name>
                <value>
                    <stringValue>String</stringValue>
                </value>
            </processMetadataValues>
            <processMetadataValues>
                <name>isRequired</name>
                <value>
                    <booleanValue>false</booleanValue>
                </value>
            </processMetadataValues>
            <processMetadataValues>
                <name>leftHandSideLabel</name>
                <value>
                    <stringValue>Name</stringValue>
                </value>
            </processMetadataValues>
            <processMetadataValues>
                <name>rightHandSideType</name>
                <value>
                    <stringValue>Formula</stringValue>
                </value>
            </processMetadataValues>
            <field>Name__c</field>
            <value>
                <elementReference>formula_36_myRule_3_A1_0716346358</elementReference>
            </value>
        </inputAssignments>
        <inputAssignments>
            <processMetadataValues>
                <name>dataType</name>
                <value>
                    <stringValue>String</stringValue>
                </value>
            </processMetadataValues>
            <processMetadataValues>
                <name>isRequired</name>
                <value>
                    <booleanValue>false</booleanValue>
                </value>
            </processMetadataValues>
            <processMetadataValues>
                <name>leftHandSideLabel</name>
                <value>
                    <stringValue>Other ad technology you operate in</stringValue>
                </value>
            </processMetadataValues>
            <processMetadataValues>
                <name>rightHandSideType</name>
                <value>
                    <stringValue>Formula</stringValue>
                </value>
            </processMetadataValues>
            <field>Other_ad_technology_you_operate_in__c</field>
            <value>
                <elementReference>formula_37_myRule_3_A1_3237146032</elementReference>
            </value>
        </inputAssignments>
        <inputAssignments>
            <processMetadataValues>
                <name>dataType</name>
                <value>
                    <stringValue>String</stringValue>
                </value>
            </processMetadataValues>
            <processMetadataValues>
                <name>isRequired</name>
                <value>
                    <booleanValue>false</booleanValue>
                </value>
            </processMetadataValues>
            <processMetadataValues>
                <name>leftHandSideLabel</name>
                <value>
                    <stringValue>% total revenue per service/business</stringValue>
                </value>
            </processMetadataValues>
            <processMetadataValues>
                <name>rightHandSideType</name>
                <value>
                    <stringValue>Formula</stringValue>
                </value>
            </processMetadataValues>
            <field>Percent_total_revenue_service_business__c</field>
            <value>
                <elementReference>formula_38_myRule_3_A1_5834330150</elementReference>
            </value>
        </inputAssignments>
        <inputAssignments>
            <processMetadataValues>
                <name>dataType</name>
                <value>
                    <stringValue>String</stringValue>
                </value>
            </processMetadataValues>
            <processMetadataValues>
                <name>isRequired</name>
                <value>
                    <booleanValue>false</booleanValue>
                </value>
            </processMetadataValues>
            <processMetadataValues>
                <name>leftHandSideLabel</name>
                <value>
                    <stringValue>Please describe how you use bid logs</stringValue>
                </value>
            </processMetadataValues>
            <processMetadataValues>
                <name>rightHandSideType</name>
                <value>
                    <stringValue>Formula</stringValue>
                </value>
            </processMetadataValues>
            <field>Please_describe_how_you_use_bid_logs__c</field>
            <value>
                <elementReference>formula_39_myRule_3_A1_8402143544</elementReference>
            </value>
        </inputAssignments>
        <inputAssignments>
            <processMetadataValues>
                <name>dataType</name>
                <value>
                    <stringValue>String</stringValue>
                </value>
            </processMetadataValues>
            <processMetadataValues>
                <name>isRequired</name>
                <value>
                    <booleanValue>false</booleanValue>
                </value>
            </processMetadataValues>
            <processMetadataValues>
                <name>leftHandSideLabel</name>
                <value>
                    <stringValue>Primary type of ad technology applying</stringValue>
                </value>
            </processMetadataValues>
            <processMetadataValues>
                <name>rightHandSideType</name>
                <value>
                    <stringValue>Formula</stringValue>
                </value>
            </processMetadataValues>
            <field>Primary_type_of_ad_technology_applying__c</field>
            <value>
                <elementReference>formula_40_myRule_3_A1_8854397082</elementReference>
            </value>
        </inputAssignments>
        <inputAssignments>
            <processMetadataValues>
                <name>dataType</name>
                <value>
                    <stringValue>String</stringValue>
                </value>
            </processMetadataValues>
            <processMetadataValues>
                <name>isRequired</name>
                <value>
                    <booleanValue>false</booleanValue>
                </value>
            </processMetadataValues>
            <processMetadataValues>
                <name>leftHandSideLabel</name>
                <value>
                    <stringValue>Provide a github fork to your technology</stringValue>
                </value>
            </processMetadataValues>
            <processMetadataValues>
                <name>rightHandSideType</name>
                <value>
                    <stringValue>Formula</stringValue>
                </value>
            </processMetadataValues>
            <field>Provide_a_github_fork_to_your_technology__c</field>
            <value>
                <elementReference>formula_41_myRule_3_A1_2196869885</elementReference>
            </value>
        </inputAssignments>
        <inputAssignments>
            <processMetadataValues>
                <name>dataType</name>
                <value>
                    <stringValue>String</stringValue>
                </value>
            </processMetadataValues>
            <processMetadataValues>
                <name>isRequired</name>
                <value>
                    <booleanValue>false</booleanValue>
                </value>
            </processMetadataValues>
            <processMetadataValues>
                <name>leftHandSideLabel</name>
                <value>
                    <stringValue>Provide technology on an open source ?</stringValue>
                </value>
            </processMetadataValues>
            <processMetadataValues>
                <name>rightHandSideType</name>
                <value>
                    <stringValue>Formula</stringValue>
                </value>
            </processMetadataValues>
            <field>Provide_technology_on_an_open_source__c</field>
            <value>
                <elementReference>formula_42_myRule_3_A1_5762293890</elementReference>
            </value>
        </inputAssignments>
        <inputAssignments>
            <processMetadataValues>
                <name>dataType</name>
                <value>
                    <stringValue>String</stringValue>
                </value>
            </processMetadataValues>
            <processMetadataValues>
                <name>isRequired</name>
                <value>
                    <booleanValue>false</booleanValue>
                </value>
            </processMetadataValues>
            <processMetadataValues>
                <name>leftHandSideLabel</name>
                <value>
                    <stringValue>Re-sell inventory that is not your own a</stringValue>
                </value>
            </processMetadataValues>
            <processMetadataValues>
                <name>rightHandSideType</name>
                <value>
                    <stringValue>Formula</stringValue>
                </value>
            </processMetadataValues>
            <field>Re_sell_inventory_that_is_not_your_own_a__c</field>
            <value>
                <elementReference>formula_43_myRule_3_A1_0741938615</elementReference>
            </value>
        </inputAssignments>
        <inputAssignments>
            <processMetadataValues>
                <name>dataType</name>
                <value>
                    <stringValue>String</stringValue>
                </value>
            </processMetadataValues>
            <processMetadataValues>
                <name>isRequired</name>
                <value>
                    <booleanValue>false</booleanValue>
                </value>
            </processMetadataValues>
            <processMetadataValues>
                <name>leftHandSideLabel</name>
                <value>
                    <stringValue>Technical Contact Email</stringValue>
                </value>
            </processMetadataValues>
            <processMetadataValues>
                <name>rightHandSideType</name>
                <value>
                    <stringValue>Formula</stringValue>
                </value>
            </processMetadataValues>
            <field>Technical_Contact_Email__c</field>
            <value>
                <elementReference>formula_44_myRule_3_A1_9025602665</elementReference>
            </value>
        </inputAssignments>
        <inputAssignments>
            <processMetadataValues>
                <name>dataType</name>
                <value>
                    <stringValue>String</stringValue>
                </value>
            </processMetadataValues>
            <processMetadataValues>
                <name>isRequired</name>
                <value>
                    <booleanValue>false</booleanValue>
                </value>
            </processMetadataValues>
            <processMetadataValues>
                <name>leftHandSideLabel</name>
                <value>
                    <stringValue>Technical Contact Name</stringValue>
                </value>
            </processMetadataValues>
            <processMetadataValues>
                <name>rightHandSideType</name>
                <value>
                    <stringValue>Formula</stringValue>
                </value>
            </processMetadataValues>
            <field>Technical_Contact_Name__c</field>
            <value>
                <elementReference>formula_45_myRule_3_A1_9781320316</elementReference>
            </value>
        </inputAssignments>
        <inputAssignments>
            <processMetadataValues>
                <name>dataType</name>
                <value>
                    <stringValue>String</stringValue>
                </value>
            </processMetadataValues>
            <processMetadataValues>
                <name>isRequired</name>
                <value>
                    <booleanValue>false</booleanValue>
                </value>
            </processMetadataValues>
            <processMetadataValues>
                <name>leftHandSideLabel</name>
                <value>
                    <stringValue>Where is the team(s) physically located?</stringValue>
                </value>
            </processMetadataValues>
            <processMetadataValues>
                <name>rightHandSideType</name>
                <value>
                    <stringValue>Formula</stringValue>
                </value>
            </processMetadataValues>
            <field>Where_is_the_team_s_physically_located__c</field>
            <value>
                <elementReference>formula_46_myRule_3_A1_2621954110</elementReference>
            </value>
        </inputAssignments>
        <inputAssignments>
            <processMetadataValues>
                <name>dataType</name>
                <value>
                    <stringValue>String</stringValue>
                </value>
            </processMetadataValues>
            <processMetadataValues>
                <name>isRequired</name>
                <value>
                    <booleanValue>false</booleanValue>
                </value>
            </processMetadataValues>
            <processMetadataValues>
                <name>leftHandSideLabel</name>
                <value>
                    <stringValue>Which region(s) do you operate in today?</stringValue>
                </value>
            </processMetadataValues>
            <processMetadataValues>
                <name>rightHandSideType</name>
                <value>
                    <stringValue>Formula</stringValue>
                </value>
            </processMetadataValues>
            <field>Which_region_s_do_you_operate_in_today__c</field>
            <value>
                <elementReference>formula_47_myRule_3_A1_0367292907</elementReference>
            </value>
        </inputAssignments>
        <inputAssignments>
            <processMetadataValues>
                <name>dataType</name>
                <value>
                    <stringValue>String</stringValue>
                </value>
            </processMetadataValues>
            <processMetadataValues>
                <name>isRequired</name>
                <value>
                    <booleanValue>false</booleanValue>
                </value>
            </processMetadataValues>
            <processMetadataValues>
                <name>leftHandSideLabel</name>
                <value>
                    <stringValue>Your company headquarters location</stringValue>
                </value>
            </processMetadataValues>
            <processMetadataValues>
                <name>rightHandSideType</name>
                <value>
                    <stringValue>Formula</stringValue>
                </value>
            </processMetadataValues>
            <field>Your_company_headquarters_location__c</field>
            <value>
                <elementReference>formula_48_myRule_3_A1_3626904986</elementReference>
            </value>
        </inputAssignments>
        <inputAssignments>
            <processMetadataValues>
                <name>dataType</name>
                <value>
                    <stringValue>String</stringValue>
                </value>
            </processMetadataValues>
            <processMetadataValues>
                <name>isRequired</name>
                <value>
                    <booleanValue>false</booleanValue>
                </value>
            </processMetadataValues>
            <processMetadataValues>
                <name>leftHandSideLabel</name>
                <value>
                    <stringValue># of bid request (millions) past 365 day</stringValue>
                </value>
            </processMetadataValues>
            <processMetadataValues>
                <name>rightHandSideType</name>
                <value>
                    <stringValue>Formula</stringValue>
                </value>
            </processMetadataValues>
            <field>bid_request_millions_past_365_days__c</field>
            <value>
                <elementReference>formula_49_myRule_3_A1_3230188873</elementReference>
            </value>
        </inputAssignments>
        <inputAssignments>
            <processMetadataValues>
                <name>dataType</name>
                <value>
                    <stringValue>String</stringValue>
                </value>
            </processMetadataValues>
            <processMetadataValues>
                <name>isRequired</name>
                <value>
                    <booleanValue>false</booleanValue>
                </value>
            </processMetadataValues>
            <processMetadataValues>
                <name>leftHandSideLabel</name>
                <value>
                    <stringValue># of bid request (millions) past 180 day</stringValue>
                </value>
            </processMetadataValues>
            <processMetadataValues>
                <name>rightHandSideType</name>
                <value>
                    <stringValue>Formula</stringValue>
                </value>
            </processMetadataValues>
            <field>bid_requests_millions_past_180_days__c</field>
            <value>
                <elementReference>formula_50_myRule_3_A1_6798241856</elementReference>
            </value>
        </inputAssignments>
        <inputAssignments>
            <processMetadataValues>
                <name>dataType</name>
                <value>
                    <stringValue>String</stringValue>
                </value>
            </processMetadataValues>
            <processMetadataValues>
                <name>isRequired</name>
                <value>
                    <booleanValue>false</booleanValue>
                </value>
            </processMetadataValues>
            <processMetadataValues>
                <name>leftHandSideLabel</name>
                <value>
                    <stringValue># bid requests  (millions) past 30 days</stringValue>
                </value>
            </processMetadataValues>
            <processMetadataValues>
                <name>rightHandSideType</name>
                <value>
                    <stringValue>Formula</stringValue>
                </value>
            </processMetadataValues>
            <field>bid_requests_millions_past_30_days__c</field>
            <value>
                <elementReference>formula_51_myRule_3_A1_0395799919</elementReference>
            </value>
        </inputAssignments>
        <inputAssignments>
            <processMetadataValues>
                <name>dataType</name>
                <value>
                    <stringValue>String</stringValue>
                </value>
            </processMetadataValues>
            <processMetadataValues>
                <name>isRequired</name>
                <value>
                    <booleanValue>false</booleanValue>
                </value>
            </processMetadataValues>
            <processMetadataValues>
                <name>leftHandSideLabel</name>
                <value>
                    <stringValue># employees dedicated to service deliver</stringValue>
                </value>
            </processMetadataValues>
            <processMetadataValues>
                <name>rightHandSideType</name>
                <value>
                    <stringValue>Formula</stringValue>
                </value>
            </processMetadataValues>
            <field>employees_dedicated_to_service_delivery__c</field>
            <value>
                <elementReference>formula_52_myRule_3_A1_2142624905</elementReference>
            </value>
        </inputAssignments>
        <object>Potential_Partner__c</object>
    </recordCreates>
    <startElementReference>myDecision</startElementReference>
    <status>Obsolete</status>
    <variables>
        <name>myVariable_current</name>
        <dataType>SObject</dataType>
        <isCollection>false</isCollection>
        <isInput>true</isInput>
        <isOutput>true</isOutput>
        <objectType>Lead</objectType>
    </variables>
    <variables>
        <name>myVariable_old</name>
        <dataType>SObject</dataType>
        <isCollection>false</isCollection>
        <isInput>true</isInput>
        <isOutput>false</isOutput>
        <objectType>Lead</objectType>
    </variables>
</Flow>
