<?xml version="1.0" encoding="UTF-8"?>
<Flow xmlns="http://soap.sforce.com/2006/04/metadata">
    <apiVersion>49.0</apiVersion>
    <assignments>
        <name>AddSeperator</name>
        <label>AddSeperator</label>
        <locationX>599</locationX>
        <locationY>642</locationY>
        <assignmentItems>
            <assignToReference>New_Case_Label</assignToReference>
            <operator>Add</operator>
            <value>
                <elementReference>MultiValueSeperator</elementReference>
            </value>
        </assignmentItems>
        <connector>
            <targetReference>AppendTheRegion</targetReference>
        </connector>
    </assignments>
    <assignments>
        <name>AppendTheRegion</name>
        <label>AppendTheRegion</label>
        <locationX>406</locationX>
        <locationY>493</locationY>
        <assignmentItems>
            <assignToReference>New_Case_Label</assignToReference>
            <operator>Add</operator>
            <value>
                <elementReference>varT_TopicName</elementReference>
            </value>
        </assignmentItems>
        <connector>
            <targetReference>Update_Case</targetReference>
        </connector>
    </assignments>
    <assignments>
        <name>CopyExistingCaseRegion</name>
        <label>CopyExistingCaseRegion</label>
        <locationX>763</locationX>
        <locationY>255</locationY>
        <assignmentItems>
            <assignToReference>New_Case_Label</assignToReference>
            <operator>Assign</operator>
            <value>
                <elementReference>GetCaseRecord.Case_Labels__c</elementReference>
            </value>
        </assignmentItems>
        <connector>
            <targetReference>LabelIsAlreadyAdded</targetReference>
        </connector>
    </assignments>
    <decisions>
        <name>Case_Found</name>
        <label>Case Found?</label>
        <locationX>684</locationX>
        <locationY>50</locationY>
        <defaultConnectorLabel>Default Outcome</defaultConnectorLabel>
        <rules>
            <name>Case_Returned</name>
            <conditionLogic>and</conditionLogic>
            <conditions>
                <leftValueReference>GetCaseRecord.Id</leftValueReference>
                <operator>NotEqualTo</operator>
                <rightValue>
                    <stringValue></stringValue>
                </rightValue>
            </conditions>
            <connector>
                <targetReference>CopyExistingCaseRegion</targetReference>
            </connector>
            <label>Case Returned?</label>
        </rules>
    </decisions>
    <decisions>
        <name>LabelIsAlreadyAdded</name>
        <label>LabelIsAlreadyAdded?</label>
        <locationX>786</locationX>
        <locationY>391</locationY>
        <defaultConnectorLabel>Default Outcome</defaultConnectorLabel>
        <rules>
            <name>IsLabelIsAlreadyAdded</name>
            <conditionLogic>NOT(1)</conditionLogic>
            <conditions>
                <leftValueReference>New_Case_Label</leftValueReference>
                <operator>Contains</operator>
                <rightValue>
                    <elementReference>varT_TopicName</elementReference>
                </rightValue>
            </conditions>
            <connector>
                <targetReference>AddSeperator</targetReference>
            </connector>
            <label>LabelIsAlreadyAdded?</label>
        </rules>
    </decisions>
    <description>T127114401</description>
    <environments>Default</environments>
    <interviewLabel>AutoAssign Case Label to Cases {!$Flow.CurrentDateTime}</interviewLabel>
    <label>AutoAssign Case Label to Cases</label>
    <processMetadataValues>
        <name>BuilderType</name>
        <value>
            <stringValue>LightningFlowBuilder</stringValue>
        </value>
    </processMetadataValues>
    <processMetadataValues>
        <name>CanvasMode</name>
        <value>
            <stringValue>FREE_FORM_CANVAS</stringValue>
        </value>
    </processMetadataValues>
    <processMetadataValues>
        <name>OriginBuilderType</name>
        <value>
            <stringValue>LightningFlowBuilder</stringValue>
        </value>
    </processMetadataValues>
    <processType>AutoLaunchedFlow</processType>
    <recordLookups>
        <name>GetCaseRecord</name>
        <label>GetCaseRecord</label>
        <locationX>427</locationX>
        <locationY>69</locationY>
        <assignNullValuesIfNoRecordsFound>false</assignNullValuesIfNoRecordsFound>
        <connector>
            <targetReference>Case_Found</targetReference>
        </connector>
        <filterLogic>and</filterLogic>
        <filters>
            <field>Id</field>
            <operator>EqualTo</operator>
            <value>
                <elementReference>VarT_CaseId</elementReference>
            </value>
        </filters>
        <getFirstRecordOnly>true</getFirstRecordOnly>
        <object>Case</object>
        <storeOutputAutomatically>true</storeOutputAutomatically>
    </recordLookups>
    <recordUpdates>
        <name>Update_Case</name>
        <label>Update Case</label>
        <locationX>349</locationX>
        <locationY>383</locationY>
        <filterLogic>1</filterLogic>
        <filters>
            <field>Id</field>
            <operator>EqualTo</operator>
            <value>
                <elementReference>VarT_CaseId</elementReference>
            </value>
        </filters>
        <inputAssignments>
            <field>Case_Labels__c</field>
            <value>
                <elementReference>New_Case_Label</elementReference>
            </value>
        </inputAssignments>
        <object>Case</object>
    </recordUpdates>
    <start>
        <locationX>50</locationX>
        <locationY>228</locationY>
        <connector>
            <targetReference>GetCaseRecord</targetReference>
        </connector>
    </start>
    <status>Active</status>
    <variables>
        <name>MultiValueSeperator</name>
        <dataType>String</dataType>
        <isCollection>false</isCollection>
        <isInput>false</isInput>
        <isOutput>false</isOutput>
        <value>
            <stringValue>;</stringValue>
        </value>
    </variables>
    <variables>
        <name>New_Case_Label</name>
        <dataType>String</dataType>
        <isCollection>false</isCollection>
        <isInput>false</isInput>
        <isOutput>false</isOutput>
        <value>
            <elementReference>varT_TopicName</elementReference>
        </value>
    </variables>
    <variables>
        <name>VarT_CaseId</name>
        <dataType>String</dataType>
        <isCollection>false</isCollection>
        <isInput>true</isInput>
        <isOutput>false</isOutput>
    </variables>
    <variables>
        <name>varT_TopicName</name>
        <dataType>String</dataType>
        <isCollection>false</isCollection>
        <isInput>true</isInput>
        <isOutput>true</isOutput>
    </variables>
</Flow>
