<?xml version="1.0" encoding="UTF-8"?>
<Flow xmlns="http://soap.sforce.com/2006/04/metadata">
    <actionCalls>
        <name>Notify_Acct_Team_of_ONCL_change</name>
        <label>Account.Notify_Acct_Team_of_ONCL_change</label>
        <locationX>0</locationX>
        <locationY>0</locationY>
        <actionName>Account.Notify_Acct_Team_of_ONCL_change</actionName>
        <actionType>emailAlert</actionType>
        <flowTransactionModel>CurrentTransaction</flowTransactionModel>
        <inputParameters>
            <name>SObjectRowId</name>
            <value>
                <elementReference>$Record.Id</elementReference>
            </value>
        </inputParameters>
        <nameSegment>Account.Notify_Acct_Team_of_ONCL_change</nameSegment>
    </actionCalls>
    <apiVersion>58.0</apiVersion>
    <description>Migrated from the: Auto-Increase ONCL workflow rule
Workflow rule description: Notify Acct Team when Facebook Integration Auto-Bumps the ONCL for their account.&quot;</description>
    <label>Auto-Increase ONCL</label>
    <migratedFromWorkflowRuleName>Auto-Increase ONCL</migratedFromWorkflowRuleName>
    <processMetadataValues>
        <name>CanvasMode</name>
        <value>
            <stringValue>AUTO_LAYOUT_CANVAS</stringValue>
        </value>
    </processMetadataValues>
    <processType>AutoLaunchedFlow</processType>
    <start>
        <locationX>0</locationX>
        <locationY>0</locationY>
        <connector>
            <targetReference>Notify_Acct_Team_of_ONCL_change</targetReference>
        </connector>
        <filterFormula>IF( {!$Record.Online_Credit_Limit__c} &gt; PRIORVALUE({!$Record.Online_Credit_Limit__c})  
  &amp;&amp; {!$Record.LastModifiedById} = &apos;005A00000028EhJ&apos;, true, false)</filterFormula>
        <object>Account</object>
        <recordTriggerType>CreateAndUpdate</recordTriggerType>
        <triggerType>RecordAfterSave</triggerType>
    </start>
    <status>Active</status>
</Flow>
