<?xml version="1.0" encoding="UTF-8"?>
<Flow xmlns="http://soap.sforce.com/2006/04/metadata">
    <apiVersion>49.0</apiVersion>
    <decisions>
        <name>Topic_Found</name>
        <label>Topic Found?</label>
        <locationX>393</locationX>
        <locationY>60</locationY>
        <defaultConnectorLabel>Default Outcome</defaultConnectorLabel>
        <rules>
            <name>Topics_Returned</name>
            <conditionLogic>and</conditionLogic>
            <conditions>
                <leftValueReference>VarT_TopicId</leftValueReference>
                <operator>NotEqualTo</operator>
                <rightValue>
                    <stringValue></stringValue>
                </rightValue>
            </conditions>
            <connector>
                <targetReference>Create_Topic_Assignment</targetReference>
            </connector>
            <label>Topics Returned?</label>
        </rules>
    </decisions>
    <interviewLabel>AutoAssign Topics to Cases {!$Flow.CurrentDateTime}</interviewLabel>
    <label>AutoAssign Topics to Cases</label>
    <processMetadataValues>
        <name>BuilderType</name>
        <value>
            <stringValue>LightningFlowBuilder</stringValue>
        </value>
    </processMetadataValues>
    <processMetadataValues>
        <name>OriginBuilderType</name>
        <value>
            <stringValue>LightningFlowBuilder</stringValue>
        </value>
    </processMetadataValues>
    <processType>AutoLaunchedFlow</processType>
    <recordCreates>
        <name>Create_Topic_Assignment</name>
        <label>Create Topic Assignment</label>
        <locationX>678</locationX>
        <locationY>63</locationY>
        <inputAssignments>
            <field>EntityId</field>
            <value>
                <elementReference>VarT_CaseId</elementReference>
            </value>
        </inputAssignments>
        <inputAssignments>
            <field>TopicId</field>
            <value>
                <elementReference>VarT_TopicId</elementReference>
            </value>
        </inputAssignments>
        <object>TopicAssignment</object>
    </recordCreates>
    <recordLookups>
        <name>Get_Topic_Records</name>
        <label>Get Topic Records</label>
        <locationX>212</locationX>
        <locationY>55</locationY>
        <assignNullValuesIfNoRecordsFound>true</assignNullValuesIfNoRecordsFound>
        <connector>
            <targetReference>Topic_Found</targetReference>
        </connector>
        <filterLogic>and</filterLogic>
        <filters>
            <field>Name</field>
            <operator>EqualTo</operator>
            <value>
                <elementReference>varT_TopicName</elementReference>
            </value>
        </filters>
        <object>Topic</object>
        <outputAssignments>
            <assignToReference>VarT_TopicId</assignToReference>
            <field>Id</field>
        </outputAssignments>
    </recordLookups>
    <start>
        <locationX>50</locationX>
        <locationY>50</locationY>
        <connector>
            <targetReference>Get_Topic_Records</targetReference>
        </connector>
    </start>
    <status>Draft</status>
    <variables>
        <name>VarT_CaseId</name>
        <dataType>String</dataType>
        <isCollection>false</isCollection>
        <isInput>true</isInput>
        <isOutput>false</isOutput>
    </variables>
    <variables>
        <name>VarT_TopicId</name>
        <dataType>String</dataType>
        <isCollection>false</isCollection>
        <isInput>true</isInput>
        <isOutput>true</isOutput>
    </variables>
    <variables>
        <name>varT_TopicName</name>
        <dataType>String</dataType>
        <isCollection>false</isCollection>
        <isInput>true</isInput>
        <isOutput>true</isOutput>
    </variables>
</Flow>
