<?xml version="1.0" encoding="UTF-8"?>
<Flow xmlns="http://soap.sforce.com/2006/04/metadata">
    <actionCalls>
        <name>Send_An_Email_alert_To_Assigned_To_Field_for_BM_task_on_opportunity</name>
        <label>Send An Email alert To Assigned To Field for BM task on opportunity</label>
        <locationX>176</locationX>
        <locationY>323</locationY>
        <actionName>Task.BM_Send_an_email_Assigned_To</actionName>
        <actionType>emailAlert</actionType>
        <flowTransactionModel>CurrentTransaction</flowTransactionModel>
        <inputParameters>
            <name>SObjectRowId</name>
            <value>
                <elementReference>$Record.Id</elementReference>
            </value>
        </inputParameters>
        <nameSegment>Task.BM_Send_an_email_Assigned_To</nameSegment>
    </actionCalls>
    <apiVersion>62.0</apiVersion>
    <description>T204343888</description>
    <environments>Default</environments>
    <interviewLabel>BM - Send Email to Assigned To when a task is created {!$Flow.CurrentDateTime}</interviewLabel>
    <label>BM - Send Email to Assigned To when a task is created</label>
    <processMetadataValues>
        <name>BuilderType</name>
        <value>
            <stringValue>LightningFlowBuilder</stringValue>
        </value>
    </processMetadataValues>
    <processMetadataValues>
        <name>CanvasMode</name>
        <value>
            <stringValue>AUTO_LAYOUT_CANVAS</stringValue>
        </value>
    </processMetadataValues>
    <processMetadataValues>
        <name>OriginBuilderType</name>
        <value>
            <stringValue>LightningFlowBuilder</stringValue>
        </value>
    </processMetadataValues>
    <processType>AutoLaunchedFlow</processType>
    <start>
        <locationX>50</locationX>
        <locationY>0</locationY>
        <connector>
            <targetReference>Send_An_Email_alert_To_Assigned_To_Field_for_BM_task_on_opportunity</targetReference>
        </connector>
        <filterLogic>and</filterLogic>
        <filters>
            <field>RecordTypeId</field>
            <operator>EqualTo</operator>
            <value>
                <stringValue>0128V000001IlRHQA0</stringValue>
            </value>
        </filters>
        <filters>
            <field>WhatId</field>
            <operator>StartsWith</operator>
            <value>
                <stringValue>006</stringValue>
            </value>
        </filters>
        <object>Task</object>
        <recordTriggerType>Create</recordTriggerType>
        <triggerType>RecordAfterSave</triggerType>
    </start>
    <status>Active</status>
</Flow>
