<?xml version="1.0" encoding="UTF-8"?>
<Flow xmlns="http://soap.sforce.com/2006/04/metadata">
    <actionCalls>
        <name>Send_Email_to_Owner</name>
        <label>Send Email to Owner</label>
        <locationX>176</locationX>
        <locationY>323</locationY>
        <actionName>emailSimple</actionName>
        <actionType>emailSimple</actionType>
        <flowTransactionModel>CurrentTransaction</flowTransactionModel>
        <inputParameters>
            <name>emailAddresses</name>
            <value>
                <elementReference>$Record.Owner:User.Email</elementReference>
            </value>
        </inputParameters>
        <inputParameters>
            <name>senderType</name>
            <value>
                <stringValue>OrgWideEmailAddress</stringValue>
            </value>
        </inputParameters>
        <inputParameters>
            <name>senderAddress</name>
            <value>
                <stringValue>salesappsteam@meta.com</stringValue>
            </value>
        </inputParameters>
        <inputParameters>
            <name>emailSubject</name>
            <value>
                <elementReference>Subject</elementReference>
            </value>
        </inputParameters>
        <inputParameters>
            <name>emailBody</name>
            <value>
                <elementReference>EmailBody</elementReference>
            </value>
        </inputParameters>
        <inputParameters>
            <name>sendRichBody</name>
            <value>
                <booleanValue>true</booleanValue>
            </value>
        </inputParameters>
        <nameSegment>emailSimple</nameSegment>
    </actionCalls>
    <apiVersion>62.0</apiVersion>
    <description>T201212074, T215732052,T217136331</description>
    <environments>Default</environments>
    <interviewLabel>BM - Send Email to CW for Amendment request {!$Flow.CurrentDateTime}</interviewLabel>
    <label>BM - Send Email to CW for Amendment request</label>
    <processMetadataValues>
        <name>BuilderType</name>
        <value>
            <stringValue>LightningFlowBuilder</stringValue>
        </value>
    </processMetadataValues>
    <processMetadataValues>
        <name>CanvasMode</name>
        <value>
            <stringValue>AUTO_LAYOUT_CANVAS</stringValue>
        </value>
    </processMetadataValues>
    <processMetadataValues>
        <name>OriginBuilderType</name>
        <value>
            <stringValue>LightningFlowBuilder</stringValue>
        </value>
    </processMetadataValues>
    <processType>AutoLaunchedFlow</processType>
    <start>
        <locationX>50</locationX>
        <locationY>0</locationY>
        <connector>
            <targetReference>Send_Email_to_Owner</targetReference>
        </connector>
        <object>GBG_Contract_Amendment__c</object>
        <recordTriggerType>Create</recordTriggerType>
        <triggerType>RecordAfterSave</triggerType>
    </start>
    <status>Active</status>
    <textTemplates>
        <description>CC eamil address</description>
        <name>ccemail</name>
        <isViewedAsPlainText>false</isViewedAsPlainText>
        <text>&lt;p&gt;rajnijain@meta.com&lt;/p&gt;</text>
    </textTemplates>
    <textTemplates>
        <description>Body</description>
        <name>EmailBody</name>
        <isViewedAsPlainText>true</isViewedAsPlainText>
        <text>&lt;p&gt;&lt;span style=&quot;background-color: transparent; color: rgb(0, 0, 0); font-family: sans-serif; font-size: 11pt;&quot;&gt;A new request has been submitted for your region.&amp;nbsp;&lt;/span&gt;&lt;/p&gt;&lt;p&gt;&lt;br&gt;&lt;/p&gt;&lt;p&gt;&lt;strong style=&quot;background-color: transparent; color: rgb(0, 0, 0); font-family: sans-serif; font-size: 11pt;&quot;&gt;Request Type:&lt;/strong&gt;&lt;span style=&quot;background-color: transparent; color: rgb(0, 0, 0); font-family: sans-serif; font-size: 11pt;&quot;&gt;   Contract Amendment&lt;/span&gt;&lt;/p&gt;&lt;p&gt;&lt;br&gt;&lt;/p&gt;&lt;p&gt;&lt;strong style=&quot;font-family: sans-serif;&quot;&gt;Contract Record : &lt;/strong&gt;&lt;span style=&quot;font-family: sans-serif;&quot;&gt;https://fb.lightning.force.com/{!$Record.Contract_Name__r.Id}&lt;/span&gt;&lt;/p&gt;&lt;p&gt;&lt;br&gt;&lt;/p&gt;&lt;p&gt;See Details in Amendment request&lt;/p&gt;&lt;p&gt;&lt;strong style=&quot;font-family: sans-serif;&quot;&gt;Amendment Request Record Link : &lt;/strong&gt;&lt;span style=&quot;font-family: sans-serif; color: rgb(68, 68, 68); background-color: rgb(255, 255, 255);&quot;&gt;https://fb.lightning.force.com/{!$Record.Id}&lt;/span&gt;&lt;/p&gt;&lt;p&gt;&lt;strong style=&quot;font-family: sans-serif; color: rgb(68, 68, 68); background-color: rgb(255, 255, 255);&quot;&gt;Amendment Comments : {!$Record.Amendment_Comments__c}&lt;/strong&gt;&lt;/p&gt;&lt;p&gt;&lt;br&gt;&lt;/p&gt;&lt;p&gt;&lt;span style=&quot;background-color: transparent; color: rgb(0, 0, 0); font-family: sans-serif; font-size: 11pt;&quot;&gt;For all requests, please reach out to the requestor through the Activity functionality in Salesforce. Below is the contact information that is to be used only for exceptions.&amp;nbsp;&amp;nbsp;&lt;/span&gt;&lt;/p&gt;&lt;p&gt;&lt;br&gt;&lt;/p&gt;&lt;p&gt;&lt;strong style=&quot;background-color: transparent; color: rgb(0, 0, 0); font-family: sans-serif; font-size: 11pt;&quot;&gt;Requestors Name: &lt;/strong&gt;&lt;span style=&quot;font-family: sans-serif;&quot;&gt;{!$Record.CreatedBy.FirstName}  {!$Record.CreatedBy.LastName}&lt;/span&gt;&lt;/p&gt;&lt;p&gt;&lt;strong style=&quot;font-family: sans-serif;&quot;&gt;Requestor&apos;s Email : {!$Record.CreatedBy.Email}&lt;/strong&gt;&lt;/p&gt;&lt;p&gt;&lt;br&gt;&lt;/p&gt;&lt;p&gt;&lt;span style=&quot;background-color: transparent; color: rgb(0, 0, 0); font-family: sans-serif; font-size: 11pt;&quot;&gt;Thank You,&lt;/span&gt;&lt;/p&gt;&lt;p&gt;&lt;span style=&quot;background-color: transparent; color: rgb(0, 0, 0); font-family: sans-serif; font-size: 11pt;&quot;&gt;Business Messaging Team&lt;/span&gt;&lt;/p&gt;</text>
    </textTemplates>
    <textTemplates>
        <name>Subject</name>
        <isViewedAsPlainText>false</isViewedAsPlainText>
        <text>A new request has been submitted for your region.</text>
    </textTemplates>
</Flow>
