<?xml version="1.0" encoding="UTF-8"?>
<Flow xmlns="http://soap.sforce.com/2006/04/metadata">
    <actionCalls>
        <name>Send_Email_APAC</name>
        <label>Send Email APAC</label>
        <locationX>712</locationX>
        <locationY>444</locationY>
        <actionName>emailSimple</actionName>
        <actionType>emailSimple</actionType>
        <flowTransactionModel>CurrentTransaction</flowTransactionModel>
        <inputParameters>
            <name>emailAddressesArray</name>
            <value>
                <elementReference>APACEmail</elementReference>
            </value>
        </inputParameters>
        <inputParameters>
            <name>senderAddress</name>
            <value>
                <stringValue>no-reply@meta.com </stringValue>
            </value>
        </inputParameters>
        <inputParameters>
            <name>emailSubject</name>
            <value>
                <elementReference>EmailSubject</elementReference>
            </value>
        </inputParameters>
        <inputParameters>
            <name>emailBody</name>
            <value>
                <elementReference>EmailBody</elementReference>
            </value>
        </inputParameters>
        <inputParameters>
            <name>sendRichBody</name>
            <value>
                <booleanValue>true</booleanValue>
            </value>
        </inputParameters>
        <nameSegment>emailSimple</nameSegment>
    </actionCalls>
    <apiVersion>56.0</apiVersion>
    <assignments>
        <name>Regional_Lead_APAC</name>
        <label>Regional Lead APAC</label>
        <locationX>712</locationX>
        <locationY>324</locationY>
        <assignmentItems>
            <assignToReference>APACEmail</assignToReference>
            <operator>Add</operator>
            <value>
                <elementReference>EmailRLAPAC</elementReference>
            </value>
        </assignmentItems>
        <connector>
            <targetReference>Send_Email_APAC</targetReference>
        </connector>
    </assignments>
    <description>T145363137, T187341272</description>
    <environments>Default</environments>
    <formulas>
        <name>EmailRLAPAC</name>
        <dataType>String</dataType>
        <expression>{!$Label.BMG_Partner_Incentive_APAC}</expression>
    </formulas>
    <interviewLabel>BMG - Email Regional Lead Status doesn&apos;t change Approve/Deny(APAC) {!$Flow.CurrentDateTime}</interviewLabel>
    <label>BMG - Email Regional Lead Status doesn&apos;t change Approve/Deny(APAC)</label>
    <processMetadataValues>
        <name>BuilderType</name>
        <value>
            <stringValue>LightningFlowBuilder</stringValue>
        </value>
    </processMetadataValues>
    <processMetadataValues>
        <name>CanvasMode</name>
        <value>
            <stringValue>FREE_FORM_CANVAS</stringValue>
        </value>
    </processMetadataValues>
    <processMetadataValues>
        <name>OriginBuilderType</name>
        <value>
            <stringValue>LightningFlowBuilder</stringValue>
        </value>
    </processMetadataValues>
    <processType>AutoLaunchedFlow</processType>
    <start>
        <locationX>586</locationX>
        <locationY>48</locationY>
        <connector>
            <targetReference>Regional_Lead_APAC</targetReference>
        </connector>
        <filterLogic>and</filterLogic>
        <filters>
            <field>Status__c</field>
            <operator>EqualTo</operator>
            <value>
                <stringValue>Pending Regional Lead Review</stringValue>
            </value>
        </filters>
        <filters>
            <field>TimefromStatusUpdate__c</field>
            <operator>GreaterThan</operator>
            <value>
                <numberValue>24.0</numberValue>
            </value>
        </filters>
        <filters>
            <field>Region__c</field>
            <operator>EqualTo</operator>
            <value>
                <stringValue>APAC</stringValue>
            </value>
        </filters>
        <object>Partner_Incentive__c</object>
        <schedule>
            <frequency>Daily</frequency>
            <startDate>2023-04-19</startDate>
            <startTime>10:00:00.000Z</startTime>
        </schedule>
        <triggerType>Scheduled</triggerType>
    </start>
    <status>Active</status>
    <textTemplates>
        <name>EmailBody</name>
        <isViewedAsPlainText>false</isViewedAsPlainText>
        <text>&lt;p&gt;A friendly reminder to review a pending HiPo Incentive Request.&lt;/p&gt;
&lt;p&gt;{!$Record.Opportunity__r.Reseller_Agency__r.Name} requested your HiPo account funds approval. Please click on the link below to review and approve or reject the request.&lt;/p&gt;
&lt;p&gt;Click Here to Review: https://fb.lightning.force.com/{!$Record.Opportunity__c}&lt;/p&gt;
&lt;p&gt;&lt;strong&gt;REQUEST SUMMARY:&lt;/strong&gt;&lt;/p&gt;
&lt;ui&gt;&lt;li&gt;Account: {!$Record.Account__r.Name}&lt;/li&gt;
&lt;li&gt;Opportunity Name: {!$Record.Opportunity__r.Name}&lt;/li&gt;
&lt;li&gt;Submitted By: {!$Record.CreatedBy.FirstName}  {!$Record.CreatedBy.LastName}&lt;/li&gt;
&lt;li&gt;Submitted Date: {!$Record.Status_Pending_SPM_Review__c}&lt;/li&gt;&lt;/ui&gt;
&lt;p&gt;Thank you,&lt;/p&gt;
&lt;p&gt;Meta Business Messaging Team&lt;/p&gt;</text>
    </textTemplates>
    <textTemplates>
        <name>EmailSubject</name>
        <isViewedAsPlainText>false</isViewedAsPlainText>
        <text>[Reminder] [Action Requested] HiPo account funds request Review.</text>
    </textTemplates>
    <variables>
        <name>APACEmail</name>
        <dataType>String</dataType>
        <isCollection>true</isCollection>
        <isInput>false</isInput>
        <isOutput>false</isOutput>
    </variables>
</Flow>
