<?xml version="1.0" encoding="UTF-8"?>
<Flow xmlns="http://soap.sforce.com/2006/04/metadata">
    <apiVersion>58.0</apiVersion>
    <decisions>
        <name>Check_if_it_s_1st_day_of_Quarter</name>
        <label>Check if it&apos;s 1st day of Quarter</label>
        <locationX>578</locationX>
        <locationY>252</locationY>
        <defaultConnector>
            <targetReference>Copy_4_of_Update_PI_Active_to_InActive_1st_Qtr</targetReference>
        </defaultConnector>
        <defaultConnectorLabel>Default Outcome</defaultConnectorLabel>
        <rules>
            <name>First_day_of_1st_QTR</name>
            <conditionLogic>and</conditionLogic>
            <conditions>
                <leftValueReference>FirstQTR</leftValueReference>
                <operator>EqualTo</operator>
                <rightValue>
                    <booleanValue>true</booleanValue>
                </rightValue>
            </conditions>
            <connector>
                <targetReference>Update_PI_Active_to_InActive_1st_Qtr</targetReference>
            </connector>
            <label>First day of 1st QTR</label>
        </rules>
        <rules>
            <name>First_day_of_2nd_QTR</name>
            <conditionLogic>and</conditionLogic>
            <conditions>
                <leftValueReference>SecondQtr</leftValueReference>
                <operator>EqualTo</operator>
                <rightValue>
                    <booleanValue>true</booleanValue>
                </rightValue>
            </conditions>
            <connector>
                <targetReference>Update_PI_Active_to_InActive_2nd_Qtr</targetReference>
            </connector>
            <label>First day of 2nd QTR</label>
        </rules>
        <rules>
            <name>First_day_of_3rd_QTR</name>
            <conditionLogic>and</conditionLogic>
            <conditions>
                <leftValueReference>ThirdQtr</leftValueReference>
                <operator>EqualTo</operator>
                <rightValue>
                    <booleanValue>true</booleanValue>
                </rightValue>
            </conditions>
            <connector>
                <targetReference>Update_PI_Active_to_InActive_3rd_Qtr</targetReference>
            </connector>
            <label>First  day of 3rd QTR</label>
        </rules>
        <rules>
            <name>First_day_of_4th_QTR</name>
            <conditionLogic>and</conditionLogic>
            <conditions>
                <leftValueReference>FourthQtr</leftValueReference>
                <operator>EqualTo</operator>
                <rightValue>
                    <booleanValue>true</booleanValue>
                </rightValue>
            </conditions>
            <connector>
                <targetReference>Update_PI_Active_to_InActive_4th_Qtr</targetReference>
            </connector>
            <label>First  day of 4th QTR</label>
        </rules>
    </decisions>
    <description>T156952865</description>
    <environments>Default</environments>
    <formulas>
        <name>FirstQTR</name>
        <dataType>Boolean</dataType>
        <expression>DAY(TODAY()) == 1 &amp;&amp; MONTH(TODAY()) == 1</expression>
    </formulas>
    <formulas>
        <name>FourthQtr</name>
        <dataType>Boolean</dataType>
        <expression>DAY(TODAY()) == 1 &amp;&amp; MONTH(TODAY()) == 12</expression>
    </formulas>
    <formulas>
        <name>SecondQtr</name>
        <dataType>Boolean</dataType>
        <expression>DAY(TODAY()) == 1 &amp;&amp; MONTH(TODAY()) == 6</expression>
    </formulas>
    <formulas>
        <name>ThirdQtr</name>
        <dataType>Boolean</dataType>
        <expression>DAY(TODAY()) == 1 &amp;&amp; MONTH(TODAY()) == 9</expression>
    </formulas>
    <interviewLabel>BMG - Partner Incentive Object record Inactive (QTR 1st day) {!$Flow.CurrentDateTime}</interviewLabel>
    <label>BMG - Partner Incentive Object record Inactive (QTR 1st day)</label>
    <processMetadataValues>
        <name>BuilderType</name>
        <value>
            <stringValue>LightningFlowBuilder</stringValue>
        </value>
    </processMetadataValues>
    <processMetadataValues>
        <name>CanvasMode</name>
        <value>
            <stringValue>AUTO_LAYOUT_CANVAS</stringValue>
        </value>
    </processMetadataValues>
    <processMetadataValues>
        <name>OriginBuilderType</name>
        <value>
            <stringValue>LightningFlowBuilder</stringValue>
        </value>
    </processMetadataValues>
    <processType>AutoLaunchedFlow</processType>
    <recordUpdates>
        <name>Copy_4_of_Update_PI_Active_to_InActive_1st_Qtr</name>
        <label>Copy 4 of Update PI Active to InActive (1st Qtr)</label>
        <locationX>1106</locationX>
        <locationY>360</locationY>
        <filterLogic>(1 OR 2 )AND 3 AND (4 OR 5 OR 6 OR 7 OR 8)</filterLogic>
        <filters>
            <field>RecordTypeId</field>
            <operator>EqualTo</operator>
            <value>
                <stringValue>0128V000001trgZQAQ</stringValue>
            </value>
        </filters>
        <filters>
            <field>RecordTypeId</field>
            <operator>EqualTo</operator>
            <value>
                <stringValue>0128V000001trgZ</stringValue>
            </value>
        </filters>
        <filters>
            <field>Is_Active__c</field>
            <operator>EqualTo</operator>
            <value>
                <booleanValue>true</booleanValue>
            </value>
        </filters>
        <filters>
            <field>Status__c</field>
            <operator>EqualTo</operator>
            <value>
                <stringValue>Pending Purchase Order</stringValue>
            </value>
        </filters>
        <filters>
            <field>Status__c</field>
            <operator>EqualTo</operator>
            <value>
                <stringValue>Proof of Completion Review</stringValue>
            </value>
        </filters>
        <filters>
            <field>Status__c</field>
            <operator>EqualTo</operator>
            <value>
                <stringValue>Purchase Order Issued</stringValue>
            </value>
        </filters>
        <filters>
            <field>Status__c</field>
            <operator>EqualTo</operator>
            <value>
                <stringValue>Ready to Invoice</stringValue>
            </value>
        </filters>
        <filters>
            <field>Status__c</field>
            <operator>EqualTo</operator>
            <value>
                <stringValue>Purchase Order Closed</stringValue>
            </value>
        </filters>
        <inputAssignments>
            <field>Is_Active__c</field>
            <value>
                <booleanValue>false</booleanValue>
            </value>
        </inputAssignments>
        <object>Partner_Incentive__c</object>
    </recordUpdates>
    <recordUpdates>
        <name>Update_PI_Active_to_InActive_1st_Qtr</name>
        <label>Update PI Active to InActive (1st Qtr)</label>
        <locationX>50</locationX>
        <locationY>360</locationY>
        <filterLogic>(1 OR 2 )AND 3 AND (4 OR 5 OR 6 OR 7 OR 8)</filterLogic>
        <filters>
            <field>RecordTypeId</field>
            <operator>EqualTo</operator>
            <value>
                <stringValue>0128V000001trgZQAQ</stringValue>
            </value>
        </filters>
        <filters>
            <field>RecordTypeId</field>
            <operator>EqualTo</operator>
            <value>
                <stringValue>0128V000001trgZ</stringValue>
            </value>
        </filters>
        <filters>
            <field>Is_Active__c</field>
            <operator>EqualTo</operator>
            <value>
                <booleanValue>true</booleanValue>
            </value>
        </filters>
        <filters>
            <field>Status__c</field>
            <operator>EqualTo</operator>
            <value>
                <stringValue>Pending Purchase Order</stringValue>
            </value>
        </filters>
        <filters>
            <field>Status__c</field>
            <operator>EqualTo</operator>
            <value>
                <stringValue>Proof of Completion Review</stringValue>
            </value>
        </filters>
        <filters>
            <field>Status__c</field>
            <operator>EqualTo</operator>
            <value>
                <stringValue>Purchase Order Issued</stringValue>
            </value>
        </filters>
        <filters>
            <field>Status__c</field>
            <operator>EqualTo</operator>
            <value>
                <stringValue>Ready to Invoice</stringValue>
            </value>
        </filters>
        <filters>
            <field>Status__c</field>
            <operator>EqualTo</operator>
            <value>
                <stringValue>Purchase Order Closed</stringValue>
            </value>
        </filters>
        <inputAssignments>
            <field>Is_Active__c</field>
            <value>
                <booleanValue>false</booleanValue>
            </value>
        </inputAssignments>
        <object>Partner_Incentive__c</object>
    </recordUpdates>
    <recordUpdates>
        <name>Update_PI_Active_to_InActive_2nd_Qtr</name>
        <label>Update PI Active to InActive (2nd Qtr)</label>
        <locationX>314</locationX>
        <locationY>360</locationY>
        <filterLogic>(1 OR 2 )AND 3 AND (4 OR 5 OR 6 OR 7 OR 8)</filterLogic>
        <filters>
            <field>RecordTypeId</field>
            <operator>EqualTo</operator>
            <value>
                <stringValue>0128V000001trgZQAQ</stringValue>
            </value>
        </filters>
        <filters>
            <field>RecordTypeId</field>
            <operator>EqualTo</operator>
            <value>
                <stringValue>0128V000001trgZ</stringValue>
            </value>
        </filters>
        <filters>
            <field>Is_Active__c</field>
            <operator>EqualTo</operator>
            <value>
                <booleanValue>true</booleanValue>
            </value>
        </filters>
        <filters>
            <field>Status__c</field>
            <operator>EqualTo</operator>
            <value>
                <stringValue>Pending Purchase Order</stringValue>
            </value>
        </filters>
        <filters>
            <field>Status__c</field>
            <operator>EqualTo</operator>
            <value>
                <stringValue>Proof of Completion Review</stringValue>
            </value>
        </filters>
        <filters>
            <field>Status__c</field>
            <operator>EqualTo</operator>
            <value>
                <stringValue>Purchase Order Issued</stringValue>
            </value>
        </filters>
        <filters>
            <field>Status__c</field>
            <operator>EqualTo</operator>
            <value>
                <stringValue>Ready to Invoice</stringValue>
            </value>
        </filters>
        <filters>
            <field>Status__c</field>
            <operator>EqualTo</operator>
            <value>
                <stringValue>Purchase Order Closed</stringValue>
            </value>
        </filters>
        <inputAssignments>
            <field>Is_Active__c</field>
            <value>
                <booleanValue>false</booleanValue>
            </value>
        </inputAssignments>
        <object>Partner_Incentive__c</object>
    </recordUpdates>
    <recordUpdates>
        <name>Update_PI_Active_to_InActive_3rd_Qtr</name>
        <label>Update PI Active to InActive (3rd Qtr)</label>
        <locationX>578</locationX>
        <locationY>360</locationY>
        <filterLogic>(1 OR 2 )AND 3 AND (4 OR 5 OR 6 OR 7 OR 8)</filterLogic>
        <filters>
            <field>RecordTypeId</field>
            <operator>EqualTo</operator>
            <value>
                <stringValue>0128V000001trgZQAQ</stringValue>
            </value>
        </filters>
        <filters>
            <field>RecordTypeId</field>
            <operator>EqualTo</operator>
            <value>
                <stringValue>0128V000001trgZ</stringValue>
            </value>
        </filters>
        <filters>
            <field>Is_Active__c</field>
            <operator>EqualTo</operator>
            <value>
                <booleanValue>true</booleanValue>
            </value>
        </filters>
        <filters>
            <field>Status__c</field>
            <operator>EqualTo</operator>
            <value>
                <stringValue>Pending Purchase Order</stringValue>
            </value>
        </filters>
        <filters>
            <field>Status__c</field>
            <operator>EqualTo</operator>
            <value>
                <stringValue>Proof of Completion Review</stringValue>
            </value>
        </filters>
        <filters>
            <field>Status__c</field>
            <operator>EqualTo</operator>
            <value>
                <stringValue>Purchase Order Issued</stringValue>
            </value>
        </filters>
        <filters>
            <field>Status__c</field>
            <operator>EqualTo</operator>
            <value>
                <stringValue>Ready to Invoice</stringValue>
            </value>
        </filters>
        <filters>
            <field>Status__c</field>
            <operator>EqualTo</operator>
            <value>
                <stringValue>Purchase Order Closed</stringValue>
            </value>
        </filters>
        <inputAssignments>
            <field>Is_Active__c</field>
            <value>
                <booleanValue>false</booleanValue>
            </value>
        </inputAssignments>
        <object>Partner_Incentive__c</object>
    </recordUpdates>
    <recordUpdates>
        <name>Update_PI_Active_to_InActive_4th_Qtr</name>
        <label>Update PI Active to InActive (4th Qtr)</label>
        <locationX>842</locationX>
        <locationY>360</locationY>
        <filterLogic>(1 OR 2 )AND 3 AND (4 OR 5 OR 6 OR 7 OR 8)</filterLogic>
        <filters>
            <field>RecordTypeId</field>
            <operator>EqualTo</operator>
            <value>
                <stringValue>0128V000001trgZQAQ</stringValue>
            </value>
        </filters>
        <filters>
            <field>RecordTypeId</field>
            <operator>EqualTo</operator>
            <value>
                <stringValue>0128V000001trgZ</stringValue>
            </value>
        </filters>
        <filters>
            <field>Is_Active__c</field>
            <operator>EqualTo</operator>
            <value>
                <booleanValue>true</booleanValue>
            </value>
        </filters>
        <filters>
            <field>Status__c</field>
            <operator>EqualTo</operator>
            <value>
                <stringValue>Pending Purchase Order</stringValue>
            </value>
        </filters>
        <filters>
            <field>Status__c</field>
            <operator>EqualTo</operator>
            <value>
                <stringValue>Proof of Completion Review</stringValue>
            </value>
        </filters>
        <filters>
            <field>Status__c</field>
            <operator>EqualTo</operator>
            <value>
                <stringValue>Purchase Order Issued</stringValue>
            </value>
        </filters>
        <filters>
            <field>Status__c</field>
            <operator>EqualTo</operator>
            <value>
                <stringValue>Ready to Invoice</stringValue>
            </value>
        </filters>
        <filters>
            <field>Status__c</field>
            <operator>EqualTo</operator>
            <value>
                <stringValue>Purchase Order Closed</stringValue>
            </value>
        </filters>
        <inputAssignments>
            <field>Is_Active__c</field>
            <value>
                <booleanValue>false</booleanValue>
            </value>
        </inputAssignments>
        <object>Partner_Incentive__c</object>
    </recordUpdates>
    <start>
        <locationX>452</locationX>
        <locationY>0</locationY>
        <connector>
            <targetReference>Check_if_it_s_1st_day_of_Quarter</targetReference>
        </connector>
        <schedule>
            <frequency>Once</frequency>
            <startDate>2023-09-01</startDate>
            <startTime>10:00:00.000Z</startTime>
        </schedule>
        <triggerType>Scheduled</triggerType>
    </start>
    <status>Draft</status>
</Flow>
