<?xml version="1.0" encoding="UTF-8"?>
<Flow xmlns="http://soap.sforce.com/2006/04/metadata">
    <apiVersion>56.0</apiVersion>
    <description>T131953439 - Create a before flow which will default the BMG_Product_Line to WhatsApp.</description>
    <environments>Default</environments>
    <interviewLabel>BMG - Auto Update ProductLine {!$Flow.CurrentDateTime}</interviewLabel>
    <label>BMG - Auto Update ProductLine</label>
    <processMetadataValues>
        <name>BuilderType</name>
        <value>
            <stringValue>LightningFlowBuilder</stringValue>
        </value>
    </processMetadataValues>
    <processMetadataValues>
        <name>CanvasMode</name>
        <value>
            <stringValue>AUTO_LAYOUT_CANVAS</stringValue>
        </value>
    </processMetadataValues>
    <processMetadataValues>
        <name>OriginBuilderType</name>
        <value>
            <stringValue>LightningFlowBuilder</stringValue>
        </value>
    </processMetadataValues>
    <processType>AutoLaunchedFlow</processType>
    <recordUpdates>
        <description>T131953439</description>
        <name>Auto_Update_BMG_Product_Line</name>
        <label>Auto Update BMG Product Line</label>
        <locationX>176</locationX>
        <locationY>311</locationY>
        <inputAssignments>
            <field>BMG_Product_Line__c</field>
            <value>
                <stringValue>WhatsApp</stringValue>
            </value>
        </inputAssignments>
        <inputReference>$Record</inputReference>
    </recordUpdates>
    <start>
        <locationX>50</locationX>
        <locationY>0</locationY>
        <connector>
            <targetReference>Auto_Update_BMG_Product_Line</targetReference>
        </connector>
        <filterLogic>or</filterLogic>
        <filters>
            <field>RecordTypeId</field>
            <operator>EqualTo</operator>
            <value>
                <stringValue>0121H0000019pQKQAY</stringValue>
            </value>
        </filters>
        <filters>
            <field>RecordTypeId</field>
            <operator>EqualTo</operator>
            <value>
                <stringValue>0121H0000019pQoQAI</stringValue>
            </value>
        </filters>
        <filters>
            <field>RecordTypeId</field>
            <operator>EqualTo</operator>
            <value>
                <stringValue>0121H000000WLEIQA4</stringValue>
            </value>
        </filters>
        <object>Lead</object>
        <recordTriggerType>Create</recordTriggerType>
        <triggerType>RecordBeforeSave</triggerType>
    </start>
    <status>Active</status>
</Flow>
