<?xml version="1.0" encoding="UTF-8"?>
<Flow xmlns="http://soap.sforce.com/2006/04/metadata">
    <actionCalls>
        <description>T165031365</description>
        <name>Renewal_Opp_Notification</name>
        <label>Renewal Opp Notification</label>
        <locationX>176</locationX>
        <locationY>323</locationY>
        <actionName>Opportunity.BMG_Send_Email_Notification_For_Renewal_Opp</actionName>
        <actionType>emailAlert</actionType>
        <flowTransactionModel>CurrentTransaction</flowTransactionModel>
        <inputParameters>
            <name>SObjectRowId</name>
            <value>
                <elementReference>$Record.Id</elementReference>
            </value>
        </inputParameters>
        <nameSegment>Opportunity.BMG_Send_Email_Notification_For_Renewal_Opp</nameSegment>
    </actionCalls>
    <apiVersion>60.0</apiVersion>
    <description>T165031365</description>
    <environments>Default</environments>
    <interviewLabel>BMG - Opp Notif for Renewal opp {!$Flow.CurrentDateTime}</interviewLabel>
    <label>BMG - Opp Notif for Renewal opp</label>
    <processMetadataValues>
        <name>BuilderType</name>
        <value>
            <stringValue>LightningFlowBuilder</stringValue>
        </value>
    </processMetadataValues>
    <processMetadataValues>
        <name>CanvasMode</name>
        <value>
            <stringValue>AUTO_LAYOUT_CANVAS</stringValue>
        </value>
    </processMetadataValues>
    <processMetadataValues>
        <name>OriginBuilderType</name>
        <value>
            <stringValue>LightningFlowBuilder</stringValue>
        </value>
    </processMetadataValues>
    <processType>AutoLaunchedFlow</processType>
    <start>
        <locationX>50</locationX>
        <locationY>0</locationY>
        <connector>
            <targetReference>Renewal_Opp_Notification</targetReference>
        </connector>
        <filterLogic>and</filterLogic>
        <filters>
            <field>RecordTypeId</field>
            <operator>EqualTo</operator>
            <value>
                <stringValue>0121H0000019pQyQAI</stringValue>
            </value>
        </filters>
        <filters>
            <field>Opportunity_Type__c</field>
            <operator>EqualTo</operator>
            <value>
                <stringValue>Renewal</stringValue>
            </value>
        </filters>
        <object>Opportunity</object>
        <recordTriggerType>Create</recordTriggerType>
        <triggerType>RecordAfterSave</triggerType>
    </start>
    <status>Active</status>
</Flow>
