<?xml version="1.0" encoding="UTF-8"?>
<Flow xmlns="http://soap.sforce.com/2006/04/metadata">
    <apiVersion>57.0</apiVersion>
    <decisions>
        <name>Check_Contract</name>
        <label>Check Contract</label>
        <locationX>380</locationX>
        <locationY>170</locationY>
        <defaultConnector>
            <targetReference>Is_Order_Activation_Event</targetReference>
        </defaultConnector>
        <defaultConnectorLabel>Default Outcome</defaultConnectorLabel>
        <rules>
            <name>Is_Contract</name>
            <conditionLogic>and</conditionLogic>
            <conditions>
                <leftValueReference>$Record.Target_Object__c</leftValueReference>
                <operator>EqualTo</operator>
                <rightValue>
                    <stringValue>Contract</stringValue>
                </rightValue>
            </conditions>
            <conditions>
                <leftValueReference>$Record.Action__c</leftValueReference>
                <operator>EqualTo</operator>
                <rightValue>
                    <stringValue>Standard Contract Needs to be Activated</stringValue>
                </rightValue>
            </conditions>
            <connector>
                <targetReference>Get_Contract</targetReference>
            </connector>
            <label>Is Contract</label>
        </rules>
    </decisions>
    <decisions>
        <name>Check_Contract_Not_Null</name>
        <label>Check Contract Not Null</label>
        <locationX>182</locationX>
        <locationY>386</locationY>
        <defaultConnectorLabel>Default Outcome</defaultConnectorLabel>
        <rules>
            <name>Not_Null</name>
            <conditionLogic>and</conditionLogic>
            <conditions>
                <leftValueReference>Get_Contract</leftValueReference>
                <operator>IsNull</operator>
                <rightValue>
                    <booleanValue>false</booleanValue>
                </rightValue>
            </conditions>
            <connector>
                <targetReference>Update_Contract</targetReference>
            </connector>
            <label>Not Null</label>
        </rules>
    </decisions>
    <decisions>
        <name>Check_Order_Already_Activated_and_Contracted</name>
        <label>Check Order Already Activated and Contracted</label>
        <locationX>182</locationX>
        <locationY>1094</locationY>
        <defaultConnectorLabel>Default Outcome</defaultConnectorLabel>
        <rules>
            <name>True</name>
            <conditionLogic>and</conditionLogic>
            <conditions>
                <leftValueReference>Get_Order_Record.Status</leftValueReference>
                <operator>NotEqualTo</operator>
                <rightValue>
                    <stringValue>Activated</stringValue>
                </rightValue>
            </conditions>
            <conditions>
                <leftValueReference>Get_Order_Record.SBQQ__Contracted__c</leftValueReference>
                <operator>NotEqualTo</operator>
                <rightValue>
                    <booleanValue>true</booleanValue>
                </rightValue>
            </conditions>
            <connector>
                <targetReference>Update_Order</targetReference>
            </connector>
            <label>True</label>
        </rules>
    </decisions>
    <decisions>
        <name>Is_Order_Activation_Event</name>
        <label>Is Order Activation Event</label>
        <locationX>380</locationX>
        <locationY>878</locationY>
        <defaultConnectorLabel>Default Outcome</defaultConnectorLabel>
        <rules>
            <name>Order_Activation</name>
            <conditionLogic>and</conditionLogic>
            <conditions>
                <leftValueReference>$Record.Action__c</leftValueReference>
                <operator>EqualTo</operator>
                <rightValue>
                    <stringValue>Order Needs to be Activated</stringValue>
                </rightValue>
            </conditions>
            <connector>
                <targetReference>Get_Order_Record</targetReference>
            </connector>
            <label>Order Activation</label>
        </rules>
    </decisions>
    <environments>Default</environments>
    <interviewLabel>BMG CPQ Event Flow {!$Flow.CurrentDateTime}</interviewLabel>
    <label>BMG CPQ Event Flow</label>
    <processMetadataValues>
        <name>BuilderType</name>
        <value>
            <stringValue>LightningFlowBuilder</stringValue>
        </value>
    </processMetadataValues>
    <processMetadataValues>
        <name>CanvasMode</name>
        <value>
            <stringValue>AUTO_LAYOUT_CANVAS</stringValue>
        </value>
    </processMetadataValues>
    <processMetadataValues>
        <name>OriginBuilderType</name>
        <value>
            <stringValue>LightningFlowBuilder</stringValue>
        </value>
    </processMetadataValues>
    <processType>AutoLaunchedFlow</processType>
    <recordLookups>
        <name>Get_Contract</name>
        <label>Get Contract</label>
        <locationX>182</locationX>
        <locationY>278</locationY>
        <assignNullValuesIfNoRecordsFound>false</assignNullValuesIfNoRecordsFound>
        <connector>
            <targetReference>Check_Contract_Not_Null</targetReference>
        </connector>
        <filterLogic>and</filterLogic>
        <filters>
            <field>Id</field>
            <operator>EqualTo</operator>
            <value>
                <elementReference>$Record.Record_Id__c</elementReference>
            </value>
        </filters>
        <getFirstRecordOnly>true</getFirstRecordOnly>
        <object>Contract</object>
        <sortField>CreatedDate</sortField>
        <sortOrder>Desc</sortOrder>
        <storeOutputAutomatically>true</storeOutputAutomatically>
    </recordLookups>
    <recordLookups>
        <name>Get_Order_Record</name>
        <label>Get Order Record</label>
        <locationX>182</locationX>
        <locationY>986</locationY>
        <assignNullValuesIfNoRecordsFound>false</assignNullValuesIfNoRecordsFound>
        <connector>
            <targetReference>Check_Order_Already_Activated_and_Contracted</targetReference>
        </connector>
        <filterLogic>and</filterLogic>
        <filters>
            <field>Id</field>
            <operator>EqualTo</operator>
            <value>
                <elementReference>$Record.Order_Id__c</elementReference>
            </value>
        </filters>
        <getFirstRecordOnly>true</getFirstRecordOnly>
        <object>Order</object>
        <storeOutputAutomatically>true</storeOutputAutomatically>
    </recordLookups>
    <recordUpdates>
        <name>Update_Contract</name>
        <label>Update Contract</label>
        <locationX>50</locationX>
        <locationY>494</locationY>
        <connector>
            <targetReference>Update_Opportunity_Closed_Won</targetReference>
        </connector>
        <filterLogic>and</filterLogic>
        <filters>
            <field>Id</field>
            <operator>EqualTo</operator>
            <value>
                <elementReference>Get_Contract.Id</elementReference>
            </value>
        </filters>
        <inputAssignments>
            <field>BMG_Version_Number__c</field>
            <value>
                <numberValue>0.0</numberValue>
            </value>
        </inputAssignments>
        <inputAssignments>
            <field>Status</field>
            <value>
                <stringValue>Activated</stringValue>
            </value>
        </inputAssignments>
        <object>Contract</object>
    </recordUpdates>
    <recordUpdates>
        <name>Update_Opportunity_Closed_Won</name>
        <label>Update Opportunity Closed Won</label>
        <locationX>50</locationX>
        <locationY>602</locationY>
        <connector>
            <targetReference>Is_Order_Activation_Event</targetReference>
        </connector>
        <filterLogic>and</filterLogic>
        <filters>
            <field>Id</field>
            <operator>EqualTo</operator>
            <value>
                <elementReference>Get_Contract.SBQQ__Opportunity__c</elementReference>
            </value>
        </filters>
        <inputAssignments>
            <field>StageName</field>
            <value>
                <stringValue>Closed-Won</stringValue>
            </value>
        </inputAssignments>
        <object>Opportunity</object>
    </recordUpdates>
    <recordUpdates>
        <name>Update_Order</name>
        <label>Update Order</label>
        <locationX>50</locationX>
        <locationY>1202</locationY>
        <filterLogic>and</filterLogic>
        <filters>
            <field>Id</field>
            <operator>EqualTo</operator>
            <value>
                <elementReference>Get_Order_Record.Id</elementReference>
            </value>
        </filters>
        <inputAssignments>
            <field>SBQQ__Contracted__c</field>
            <value>
                <elementReference>True</elementReference>
            </value>
        </inputAssignments>
        <inputAssignments>
            <field>Status</field>
            <value>
                <stringValue>Activated</stringValue>
            </value>
        </inputAssignments>
        <object>Order</object>
    </recordUpdates>
    <start>
        <locationX>254</locationX>
        <locationY>0</locationY>
        <connector>
            <targetReference>Check_Contract</targetReference>
        </connector>
        <object>BMG_CPQ_Event__e</object>
        <triggerType>PlatformEvent</triggerType>
    </start>
    <status>Active</status>
</Flow>
