<?xml version="1.0" encoding="UTF-8"?>
<Flow xmlns="http://soap.sforce.com/2006/04/metadata">
    <apiVersion>58.0</apiVersion>
    <assignments>
        <name>UpdateCustomTerms2</name>
        <label>UpdateCustomTerms2</label>
        <locationX>968</locationX>
        <locationY>443</locationY>
        <assignmentItems>
            <assignToReference>$Record.Custom_Terms__c</assignToReference>
            <operator>Assign</operator>
            <value>
                <elementReference>RemoveSpanClosingTag</elementReference>
            </value>
        </assignmentItems>
    </assignments>
    <assignments>
        <name>UpdatedCustomTerms</name>
        <label>UpdatedCustomTerms</label>
        <locationX>968</locationX>
        <locationY>335</locationY>
        <assignmentItems>
            <assignToReference>$Record.Custom_Terms__c</assignToReference>
            <operator>Assign</operator>
            <value>
                <elementReference>RemoveSpan</elementReference>
            </value>
        </assignmentItems>
        <connector>
            <targetReference>UpdateCustomTerms2</targetReference>
        </connector>
    </assignments>
    <environments>Default</environments>
    <formulas>
        <name>RemoveSpan</name>
        <dataType>String</dataType>
        <expression>SUBSTITUTE({!$Record.Custom_Terms__c}, &quot;&lt;span*&gt;&quot;, &apos;&apos;)</expression>
    </formulas>
    <formulas>
        <name>RemoveSpanClosingTag</name>
        <dataType>String</dataType>
        <expression>SUBSTITUTE({!$Record.Custom_Terms__c},&quot;&lt;/span&gt;&quot;, &quot;&quot;)</expression>
    </formulas>
    <interviewLabel>BMG-RemoveSpanTag {!$Flow.CurrentDateTime}</interviewLabel>
    <label>BMG-RemoveSpanTag</label>
    <processMetadataValues>
        <name>BuilderType</name>
        <value>
            <stringValue>LightningFlowBuilder</stringValue>
        </value>
    </processMetadataValues>
    <processMetadataValues>
        <name>CanvasMode</name>
        <value>
            <stringValue>FREE_FORM_CANVAS</stringValue>
        </value>
    </processMetadataValues>
    <processMetadataValues>
        <name>OriginBuilderType</name>
        <value>
            <stringValue>LightningFlowBuilder</stringValue>
        </value>
    </processMetadataValues>
    <processType>AutoLaunchedFlow</processType>
    <start>
        <locationX>842</locationX>
        <locationY>48</locationY>
        <connector>
            <targetReference>UpdatedCustomTerms</targetReference>
        </connector>
        <filterLogic>and</filterLogic>
        <filters>
            <field>Record_Type_Developer_Name__c</field>
            <operator>EqualTo</operator>
            <value>
                <stringValue>BMG_Enterprise</stringValue>
            </value>
        </filters>
        <filters>
            <field>Quote_Terms__c</field>
            <operator>EqualTo</operator>
            <value>
                <stringValue>Custom</stringValue>
            </value>
        </filters>
        <filters>
            <field>Custom_Terms__c</field>
            <operator>IsNull</operator>
            <value>
                <booleanValue>false</booleanValue>
            </value>
        </filters>
        <object>SBQQ__Quote__c</object>
        <recordTriggerType>Update</recordTriggerType>
        <triggerType>RecordBeforeSave</triggerType>
    </start>
    <status>Active</status>
</Flow>
