<?xml version="1.0" encoding="UTF-8"?>
<Flow xmlns="http://soap.sforce.com/2006/04/metadata">
    <apiVersion>57.0</apiVersion>
    <decisions>
        <name>Status_Changed</name>
        <label>Status Changed</label>
        <locationX>314</locationX>
        <locationY>311</locationY>
        <defaultConnectorLabel>Default Outcome</defaultConnectorLabel>
        <rules>
            <name>Pending_SPM_Review</name>
            <conditionLogic>and</conditionLogic>
            <conditions>
                <leftValueReference>$Record.Status__c</leftValueReference>
                <operator>EqualTo</operator>
                <rightValue>
                    <stringValue>Pending SPM Review</stringValue>
                </rightValue>
            </conditions>
            <connector>
                <targetReference>Update_Status_Pending_SPM_Review</targetReference>
            </connector>
            <label>Pending SPM Review</label>
        </rules>
        <rules>
            <name>Pending_RegionalLead_Review</name>
            <conditionLogic>and</conditionLogic>
            <conditions>
                <leftValueReference>$Record.Status__c</leftValueReference>
                <operator>EqualTo</operator>
                <rightValue>
                    <stringValue>Pending Regional Lead Review</stringValue>
                </rightValue>
            </conditions>
            <connector>
                <targetReference>Update_Status_Pending_RegLead_Review</targetReference>
            </connector>
            <label>Pending RegionalLead Review</label>
        </rules>
    </decisions>
    <environments>Default</environments>
    <interviewLabel>BMG - Update Status Pending SPM Review {!$Flow.CurrentDateTime}</interviewLabel>
    <label>BMG - Update Status Pending SPM Review Field</label>
    <processMetadataValues>
        <name>BuilderType</name>
        <value>
            <stringValue>LightningFlowBuilder</stringValue>
        </value>
    </processMetadataValues>
    <processMetadataValues>
        <name>CanvasMode</name>
        <value>
            <stringValue>AUTO_LAYOUT_CANVAS</stringValue>
        </value>
    </processMetadataValues>
    <processMetadataValues>
        <name>OriginBuilderType</name>
        <value>
            <stringValue>LightningFlowBuilder</stringValue>
        </value>
    </processMetadataValues>
    <processType>AutoLaunchedFlow</processType>
    <recordUpdates>
        <name>Update_Status_Pending_RegLead_Review</name>
        <label>Update Status Pending RegLead Review</label>
        <locationX>314</locationX>
        <locationY>431</locationY>
        <inputAssignments>
            <field>Status_Pending_SPM_Review__c</field>
            <value>
                <elementReference>$Record.LastModifiedDate</elementReference>
            </value>
        </inputAssignments>
        <inputReference>$Record</inputReference>
    </recordUpdates>
    <recordUpdates>
        <name>Update_Status_Pending_SPM_Review</name>
        <label>Update Status Pending SPM Review</label>
        <locationX>50</locationX>
        <locationY>431</locationY>
        <inputAssignments>
            <field>Status_Pending_SPM_Review__c</field>
            <value>
                <elementReference>$Record.LastModifiedDate</elementReference>
            </value>
        </inputAssignments>
        <inputReference>$Record</inputReference>
    </recordUpdates>
    <start>
        <locationX>188</locationX>
        <locationY>0</locationY>
        <connector>
            <targetReference>Status_Changed</targetReference>
        </connector>
        <filterLogic>1 AND (2 OR 3)</filterLogic>
        <filters>
            <field>Status__c</field>
            <operator>IsChanged</operator>
            <value>
                <booleanValue>true</booleanValue>
            </value>
        </filters>
        <filters>
            <field>Status__c</field>
            <operator>EqualTo</operator>
            <value>
                <stringValue>Pending SPM Review</stringValue>
            </value>
        </filters>
        <filters>
            <field>Status__c</field>
            <operator>EqualTo</operator>
            <value>
                <stringValue>Pending Regional Lead Review</stringValue>
            </value>
        </filters>
        <object>Partner_Incentive__c</object>
        <recordTriggerType>Update</recordTriggerType>
        <triggerType>RecordBeforeSave</triggerType>
    </start>
    <status>Active</status>
</Flow>
