<?xml version="1.0" encoding="UTF-8"?>
<Flow xmlns="http://soap.sforce.com/2006/04/metadata">
    <actionCalls>
        <description>Cc: bmgdealopsnotifications@meta.com,dealops@fb.com</description>
        <name>Send_Email_to_the_Partners</name>
        <label>Send Email to the Partners</label>
        <locationX>685</locationX>
        <locationY>403</locationY>
        <actionName>Deal_Desk_Support_Request__c.BMG_1st_reminder_After_Hipo_request_approved_End_of_Qtr</actionName>
        <actionType>emailAlert</actionType>
        <flowTransactionModel>CurrentTransaction</flowTransactionModel>
        <inputParameters>
            <name>SObjectRowId</name>
            <value>
                <elementReference>$Record.Id</elementReference>
            </value>
        </inputParameters>
        <nameSegment>Deal_Desk_Support_Request__c.BMG_1st_reminder_After_Hipo_request_approved_End_of_Qtr</nameSegment>
    </actionCalls>
    <apiVersion>56.0</apiVersion>
    <description>If confirmation is not received, send email to partners 1 week before end of each quarter, asking them to verify if the project is still active for the duration of the project. This applies to all HiPO Deal. 
Attach the email to Deal Desk Support Request for audit

cc: bmgdealopsnotifications@meta.com</description>
    <environments>Default</environments>
    <formulas>
        <name>BMGPRMSiteLinkFormula</name>
        <dataType>String</dataType>
        <expression>{!$Label.BMG_PRM_Site_Link}&amp;&quot;/&quot;&amp;{!$Record.Opportunity__c}</expression>
    </formulas>
    <formulas>
        <name>Lastdatetosubmitproofofcompletion</name>
        <dataType>DateTime</dataType>
        <expression>DATETIMEVALUE({!$Record.Project_End_Date__c})+30</expression>
    </formulas>
    <interviewLabel>BMG - 2nd reminder After Hipo request approved(End of Qtr) {!$Flow.CurrentDateTime}</interviewLabel>
    <label>BMG - 2nd reminder After Hipo request approved(End of Qtr)</label>
    <loops>
        <name>Loop_Brand_Team_Members</name>
        <label>Loop Brand Team Members</label>
        <locationX>431</locationX>
        <locationY>1745</locationY>
        <collectionReference>Get_Brand_Team_Members</collectionReference>
        <iterationOrder>Asc</iterationOrder>
    </loops>
    <processMetadataValues>
        <name>BuilderType</name>
        <value>
            <stringValue>LightningFlowBuilder</stringValue>
        </value>
    </processMetadataValues>
    <processMetadataValues>
        <name>CanvasMode</name>
        <value>
            <stringValue>FREE_FORM_CANVAS</stringValue>
        </value>
    </processMetadataValues>
    <processMetadataValues>
        <name>OriginBuilderType</name>
        <value>
            <stringValue>LightningFlowBuilder</stringValue>
        </value>
    </processMetadataValues>
    <processType>AutoLaunchedFlow</processType>
    <recordLookups>
        <name>Get_Brand_Team_Members</name>
        <label>Get Brand Team Members</label>
        <locationX>630</locationX>
        <locationY>1505</locationY>
        <assignNullValuesIfNoRecordsFound>false</assignNullValuesIfNoRecordsFound>
        <filterLogic>and</filterLogic>
        <filters>
            <field>Brand_Team__c</field>
            <operator>In</operator>
            <value>
                <elementReference>BrandTeamIds</elementReference>
            </value>
        </filters>
        <filters>
            <field>IsActive__c</field>
            <operator>EqualTo</operator>
            <value>
                <booleanValue>true</booleanValue>
            </value>
        </filters>
        <getFirstRecordOnly>false</getFirstRecordOnly>
        <object>Brand_Team_Member__c</object>
        <queriedFields>Id</queriedFields>
        <queriedFields>Brand_Team__c</queriedFields>
        <queriedFields>User_Email__c</queriedFields>
        <queriedFields>IsPrimary__c</queriedFields>
        <queriedFields>IsActive__c</queriedFields>
        <queriedFields>Name</queriedFields>
        <storeOutputAutomatically>true</storeOutputAutomatically>
    </recordLookups>
    <start>
        <locationX>531</locationX>
        <locationY>50</locationY>
        <connector>
            <targetReference>Send_Email_to_the_Partners</targetReference>
        </connector>
        <filterLogic>and</filterLogic>
        <filters>
            <field>Status__c</field>
            <operator>EqualTo</operator>
            <value>
                <stringValue>Purchase Order Issued</stringValue>
            </value>
        </filters>
        <filters>
            <field>PI_Is_Project_Active_For_Current_QTR__c</field>
            <operator>Contains</operator>
            <value>
                <stringValue>Q1 2023</stringValue>
            </value>
        </filters>
        <filters>
            <field>Partner_Incentive_Status__c</field>
            <operator>EqualTo</operator>
            <value>
                <stringValue>Purchase Order Issued</stringValue>
            </value>
        </filters>
        <object>Deal_Desk_Support_Request__c</object>
        <schedule>
            <frequency>Once</frequency>
            <startDate>2023-06-23</startDate>
            <startTime>19:30:00.000Z</startTime>
        </schedule>
        <triggerType>Scheduled</triggerType>
    </start>
    <status>Obsolete</status>
    <textTemplates>
        <name>emailBody</name>
        <isViewedAsPlainText>false</isViewedAsPlainText>
        <text>&lt;p&gt;Dear Partner,
&lt;br&gt;
&lt;p&gt;Please kindly confirm that the HiPo account funds project with details listed below is still active.
&lt;ul&gt;&lt;li&gt;Client name:{!$Record.Partner_Name__r.Name}&lt;/li&gt;
&lt;li&gt;Purchase Order Number:{!$Record.Purchase_Order__c}&lt;/li&gt;
&lt;li&gt;Project Start Date:{!$Record.Project_Start_Date__c}&lt;/li&gt;
&lt;li&gt;Project End Date:{!$Record.Project_End_Date__c}&lt;/li&gt;
&lt;/ul&gt;&lt;p&gt;&lt;a href=&quot;{!BMGPRMSiteLinkFormula}&quot; rel=&quot;noopener noreferrer&quot; target=&quot;_blank&quot;&gt;Click here&lt;/a&gt; to confirm the project is still active.
&lt;p&gt;Thank you,
&lt;p&gt;Meta Business Messaging Team</text>
    </textTemplates>
    <textTemplates>
        <name>emailHeader</name>
        <isViewedAsPlainText>false</isViewedAsPlainText>
        <text>Business Messaging Partner Portal: [Reminder] End date is approaching for {!$Record.Partner_Name__r.Name} HiPo account funds project</text>
    </textTemplates>
    <variables>
        <name>AddAccounts</name>
        <dataType>String</dataType>
        <isCollection>true</isCollection>
        <isInput>false</isInput>
        <isOutput>false</isOutput>
    </variables>
    <variables>
        <name>BrandTeamIds</name>
        <dataType>String</dataType>
        <isCollection>true</isCollection>
        <isInput>false</isInput>
        <isOutput>false</isOutput>
    </variables>
    <variables>
        <name>NonPrimarySPMPartner</name>
        <dataType>String</dataType>
        <isCollection>true</isCollection>
        <isInput>false</isInput>
        <isOutput>false</isOutput>
    </variables>
    <variables>
        <name>NoprimarySPM</name>
        <dataType>String</dataType>
        <isCollection>true</isCollection>
        <isInput>false</isInput>
        <isOutput>false</isOutput>
    </variables>
    <variables>
        <name>NoSPMs</name>
        <dataType>String</dataType>
        <isCollection>true</isCollection>
        <isInput>false</isInput>
        <isOutput>false</isOutput>
    </variables>
    <variables>
        <name>SPMEmailAddress</name>
        <dataType>String</dataType>
        <isCollection>true</isCollection>
        <isInput>false</isInput>
        <isOutput>false</isOutput>
    </variables>
    <variables>
        <name>SPMPartnerEmail</name>
        <dataType>String</dataType>
        <isCollection>true</isCollection>
        <isInput>false</isInput>
        <isOutput>false</isOutput>
    </variables>
</Flow>
