<?xml version="1.0" encoding="UTF-8"?>
<Flow xmlns="http://soap.sforce.com/2006/04/metadata">
    <actionCalls>
        <name>Send_Email</name>
        <label>Send Email</label>
        <locationX>176</locationX>
        <locationY>335</locationY>
        <actionName>Terms_And_Conditions__c.BMG_Email_notification_when_BMA_program_agreement_is_accepted</actionName>
        <actionType>emailAlert</actionType>
        <flowTransactionModel>CurrentTransaction</flowTransactionModel>
        <inputParameters>
            <name>SObjectRowId</name>
            <value>
                <elementReference>$Record.Id</elementReference>
            </value>
        </inputParameters>
        <nameSegment>Terms_And_Conditions__c.BMG_Email_notification_when_BMA_program_agreement_is_accepted</nameSegment>
    </actionCalls>
    <apiVersion>57.0</apiVersion>
    <description>T150031847</description>
    <environments>Default</environments>
    <interviewLabel>BMG - {!$Flow.CurrentDateTime}</interviewLabel>
    <label>BMG - Email on BMA program agreement acceptance</label>
    <processMetadataValues>
        <name>BuilderType</name>
        <value>
            <stringValue>LightningFlowBuilder</stringValue>
        </value>
    </processMetadataValues>
    <processMetadataValues>
        <name>CanvasMode</name>
        <value>
            <stringValue>AUTO_LAYOUT_CANVAS</stringValue>
        </value>
    </processMetadataValues>
    <processMetadataValues>
        <name>OriginBuilderType</name>
        <value>
            <stringValue>LightningFlowBuilder</stringValue>
        </value>
    </processMetadataValues>
    <processType>AutoLaunchedFlow</processType>
    <start>
        <locationX>50</locationX>
        <locationY>0</locationY>
        <connector>
            <targetReference>Send_Email</targetReference>
        </connector>
        <filterLogic>and</filterLogic>
        <filters>
            <field>Accepted_By__c</field>
            <operator>IsNull</operator>
            <value>
                <booleanValue>false</booleanValue>
            </value>
        </filters>
        <filters>
            <field>Contract_Number__c</field>
            <operator>IsNull</operator>
            <value>
                <booleanValue>false</booleanValue>
            </value>
        </filters>
        <filters>
            <field>Terms_Title__c</field>
            <operator>Contains</operator>
            <value>
                <stringValue>Business Messaging Accelerate </stringValue>
            </value>
        </filters>
        <object>Terms_And_Conditions__c</object>
        <recordTriggerType>CreateAndUpdate</recordTriggerType>
        <triggerType>RecordAfterSave</triggerType>
    </start>
    <status>Active</status>
</Flow>
