<?xml version="1.0" encoding="UTF-8"?>
<Flow xmlns="http://soap.sforce.com/2006/04/metadata">
    <actionCalls>
        <name>Send_notification_on_15th_day_from_end_date</name>
        <label>Send notification on 15th day from end date</label>
        <locationX>314</locationX>
        <locationY>468</locationY>
        <actionName>emailSimple</actionName>
        <actionType>emailSimple</actionType>
        <flowTransactionModel>CurrentTransaction</flowTransactionModel>
        <inputParameters>
            <name>emailAddresses</name>
            <value>
                <elementReference>$Record.Owner_Email__c</elementReference>
            </value>
        </inputParameters>
        <inputParameters>
            <name>senderType</name>
            <value>
                <stringValue>OrgWideEmailAddress</stringValue>
            </value>
        </inputParameters>
        <inputParameters>
            <name>senderAddress</name>
            <value>
                <stringValue>sf-no-reply@fb.com</stringValue>
            </value>
        </inputParameters>
        <inputParameters>
            <name>emailSubject</name>
            <value>
                <stringValue>Action Needed: Deadline approaching: ASAP submit your MDF Claim</stringValue>
            </value>
        </inputParameters>
        <inputParameters>
            <name>emailBody</name>
            <value>
                <elementReference>MDF_request_claim_second_notification</elementReference>
            </value>
        </inputParameters>
        <inputParameters>
            <name>sendRichBody</name>
            <value>
                <booleanValue>true</booleanValue>
            </value>
        </inputParameters>
        <inputParameters>
            <name>relatedRecordId</name>
            <value>
                <elementReference>$Record.Id</elementReference>
            </value>
        </inputParameters>
        <inputParameters>
            <name>logEmailOnSend</name>
            <value>
                <booleanValue>true</booleanValue>
            </value>
        </inputParameters>
        <nameSegment>emailSimple</nameSegment>
    </actionCalls>
    <actionCalls>
        <name>Send_notification_on_end_date</name>
        <label>Send notification on end date</label>
        <locationX>50</locationX>
        <locationY>468</locationY>
        <actionName>emailSimple</actionName>
        <actionType>emailSimple</actionType>
        <flowTransactionModel>CurrentTransaction</flowTransactionModel>
        <inputParameters>
            <name>emailAddresses</name>
            <value>
                <elementReference>$Record.Owner_Email__c</elementReference>
            </value>
        </inputParameters>
        <inputParameters>
            <name>senderType</name>
            <value>
                <stringValue>OrgWideEmailAddress</stringValue>
            </value>
        </inputParameters>
        <inputParameters>
            <name>senderAddress</name>
            <value>
                <stringValue>sf-no-reply@fb.com</stringValue>
            </value>
        </inputParameters>
        <inputParameters>
            <name>emailSubject</name>
            <value>
                <stringValue>Action Needed: Submit your MDF Claim</stringValue>
            </value>
        </inputParameters>
        <inputParameters>
            <name>emailBody</name>
            <value>
                <elementReference>MDF_request_claim_first_notification</elementReference>
            </value>
        </inputParameters>
        <inputParameters>
            <name>sendRichBody</name>
            <value>
                <booleanValue>true</booleanValue>
            </value>
        </inputParameters>
        <inputParameters>
            <name>relatedRecordId</name>
            <value>
                <elementReference>$Record.Id</elementReference>
            </value>
        </inputParameters>
        <inputParameters>
            <name>logEmailOnSend</name>
            <value>
                <booleanValue>true</booleanValue>
            </value>
        </inputParameters>
        <nameSegment>emailSimple</nameSegment>
    </actionCalls>
    <apiVersion>63.0</apiVersion>
    <decisions>
        <name>Check_Fund_Request_End_Date</name>
        <label>Check Fund Request End Date</label>
        <locationX>314</locationX>
        <locationY>360</locationY>
        <defaultConnectorLabel>Default Outcome</defaultConnectorLabel>
        <rules>
            <name>End_Date_Is_Today</name>
            <conditionLogic>and</conditionLogic>
            <conditions>
                <leftValueReference>Get_partner_fund_claims</leftValueReference>
                <operator>IsEmpty</operator>
                <rightValue>
                    <booleanValue>false</booleanValue>
                </rightValue>
            </conditions>
            <conditions>
                <leftValueReference>$Record.End_Date__c</leftValueReference>
                <operator>EqualTo</operator>
                <rightValue>
                    <elementReference>TODAY</elementReference>
                </rightValue>
            </conditions>
            <connector>
                <targetReference>Send_notification_on_end_date</targetReference>
            </connector>
            <label>End Date Is Today</label>
        </rules>
        <rules>
            <name>Ended15_Days_Ago</name>
            <conditionLogic>and</conditionLogic>
            <conditions>
                <leftValueReference>Get_partner_fund_claims</leftValueReference>
                <operator>IsEmpty</operator>
                <rightValue>
                    <booleanValue>false</booleanValue>
                </rightValue>
            </conditions>
            <conditions>
                <leftValueReference>X15DaysAgo</leftValueReference>
                <operator>EqualTo</operator>
                <rightValue>
                    <numberValue>15.0</numberValue>
                </rightValue>
            </conditions>
            <connector>
                <targetReference>Send_notification_on_15th_day_from_end_date</targetReference>
            </connector>
            <label>Ended15 Days Ago</label>
        </rules>
    </decisions>
    <description>T210461388</description>
    <environments>Default</environments>
    <formulas>
        <name>TODAY</name>
        <dataType>Date</dataType>
        <expression>TODAY()</expression>
    </formulas>
    <formulas>
        <name>X15DaysAgo</name>
        <dataType>Number</dataType>
        <expression>TODAY()-{!$Record.End_Date__c}</expression>
        <scale>0</scale>
    </formulas>
    <interviewLabel>BMG Notify Partners Reg Fund Requests {!$Flow.CurrentDateTime}</interviewLabel>
    <label>BMG Notify Partners To Submit Fund Claims</label>
    <processMetadataValues>
        <name>BuilderType</name>
        <value>
            <stringValue>LightningFlowBuilder</stringValue>
        </value>
    </processMetadataValues>
    <processMetadataValues>
        <name>CanvasMode</name>
        <value>
            <stringValue>AUTO_LAYOUT_CANVAS</stringValue>
        </value>
    </processMetadataValues>
    <processMetadataValues>
        <name>OriginBuilderType</name>
        <value>
            <stringValue>LightningFlowBuilder</stringValue>
        </value>
    </processMetadataValues>
    <processType>AutoLaunchedFlow</processType>
    <recordLookups>
        <name>Get_partner_fund_claims</name>
        <label>Get partner fund claims</label>
        <locationX>314</locationX>
        <locationY>252</locationY>
        <assignNullValuesIfNoRecordsFound>false</assignNullValuesIfNoRecordsFound>
        <connector>
            <targetReference>Check_Fund_Request_End_Date</targetReference>
        </connector>
        <filterLogic>and</filterLogic>
        <filters>
            <field>RequestId</field>
            <operator>EqualTo</operator>
            <value>
                <elementReference>$Record.Id</elementReference>
            </value>
        </filters>
        <filters>
            <field>Status</field>
            <operator>EqualTo</operator>
            <value>
                <stringValue>Draft</stringValue>
            </value>
        </filters>
        <getFirstRecordOnly>false</getFirstRecordOnly>
        <object>PartnerFundClaim</object>
        <storeOutputAutomatically>true</storeOutputAutomatically>
    </recordLookups>
    <start>
        <locationX>188</locationX>
        <locationY>0</locationY>
        <connector>
            <targetReference>Get_partner_fund_claims</targetReference>
        </connector>
        <filterLogic>and</filterLogic>
        <filters>
            <field>Recordtype_name__c</field>
            <operator>EqualTo</operator>
            <value>
                <stringValue>BMG</stringValue>
            </value>
        </filters>
        <filters>
            <field>Status</field>
            <operator>EqualTo</operator>
            <value>
                <stringValue>Approved</stringValue>
            </value>
        </filters>
        <object>PartnerFundRequest</object>
        <schedule>
            <frequency>Daily</frequency>
            <startDate>2025-03-15</startDate>
            <startTime>10:00:00.000Z</startTime>
        </schedule>
        <triggerType>Scheduled</triggerType>
    </start>
    <status>Active</status>
    <textTemplates>
        <name>MDF_request_claim_first_notification</name>
        <isViewedAsPlainText>false</isViewedAsPlainText>
        <text>&lt;p&gt;Dear {!$Record.Owner_Name__c},&lt;/p&gt;&lt;p&gt;The MDF campaign, {!$Record.Campaign_Name__r.Name}, ends today, and we have not yet received your Fund Claim.&lt;/p&gt;&lt;p&gt;Please submit your Fund Claim as soon as possible. Fund Claims received 30+ days after the Fund Request end date will be rejected.&lt;/p&gt;&lt;p&gt;Unclaimed funds will reduce your 2025 MDF utilization, impacting future MDF incentives you receive.&lt;/p&gt;&lt;p&gt;If you have any questions, please reach out to our support team using this link: &lt;a href=&quot;https://fb.me/BMA&quot; rel=&quot;noopener noreferrer&quot; target=&quot;_blank&quot;&gt;https://fb.me/BMA&lt;/a&gt;&lt;a href=&quot;https://l.facebook.com/l.php?u=https%3A%2F%2Ffb.me%2FBMA&amp;amp;h=AT1H9SgM0ti1nVfyUX2pv8RQidMcLl-37GXUBpAWeydDU2m0nsogwhUqHGL8JSLKa8jkMAVZhphPw0mLSIPgG9qrz69DpZSL5W4RMAMRkLoc4Uu0x_T1S1pjrXINMadvqAjFg0BS6DMn&quot; rel=&quot;noopener noreferrer&quot; target=&quot;_blank&quot;&gt;https://l.facebook.com/l.php?u=https%3A%2F%2Ffb.me%2FBMA&amp;amp;h=AT1H9SgM0ti1nVfyUX2pv8RQidMcLl-37GXUBpAWeydDU2m0nsogwhUqHGL8JSLKa8jkMAVZhphPw0mLSIPgG9qrz69DpZSL5W4RMAMRkLoc4Uu0x_T1S1pjrXINMadvqAjFg0BS6DMn&lt;/a&gt;.&lt;/p&gt;&lt;p&gt;Thank you,&lt;/p&gt;&lt;p&gt;Business Messaging Partner Marketing Team&lt;/p&gt;</text>
    </textTemplates>
    <textTemplates>
        <name>MDF_request_claim_second_notification</name>
        <isViewedAsPlainText>false</isViewedAsPlainText>
        <text>&lt;p&gt;Dear {!$Record.Owner_Name__c},&lt;/p&gt;&lt;p&gt;The MDF campaign, {!$Record.Campaign_Name__r.Name}, ended 15 days ago, and we have not yet received your Fund Claim. Please submit a Fund Claim ASAP for this Fund Request.&lt;/p&gt;&lt;p&gt;Please submit your Fund Claim as soon as possible. Any Fund Claims received 30+ days after the Fund Request end date will be rejected.&lt;/p&gt;&lt;p&gt;Unclaimed funds will reduce your 2025 MDF utilization, impacting future MDF incentives you receive.&lt;/p&gt;&lt;p&gt;If you have any questions, please reach out to our support team using this link: &lt;a href=&quot;https://fb.me/BMA&quot; rel=&quot;noopener noreferrer&quot; target=&quot;_blank&quot;&gt;https://fb.me/BMA&lt;/a&gt;&lt;a href=&quot;https://l.facebook.com/l.php?u=https%3A%2F%2Ffb.me%2FBMA&amp;amp;h=AT3cLfoQQmah4tu6CsrvHPMgSwy0iHfmoS0lI-St5zyvbncu-RBDBixUwJZe09IbUitDMFF_1enTEH0j2hu433Kx0orCHZlEd8EgF9bIEjXPQfJXc-LQvbdN8Bu7cKCGrFf8dRUb-Kej&quot; rel=&quot;noopener noreferrer&quot; target=&quot;_blank&quot;&gt;https://l.facebook.com/l.php?u=https%3A%2F%2Ffb.me%2FBMA&amp;amp;h=AT3cLfoQQmah4tu6CsrvHPMgSwy0iHfmoS0lI-St5zyvbncu-RBDBixUwJZe09IbUitDMFF_1enTEH0j2hu433Kx0orCHZlEd8EgF9bIEjXPQfJXc-LQvbdN8Bu7cKCGrFf8dRUb-Kej&lt;/a&gt;.&lt;/p&gt;&lt;p&gt;Thank you,&lt;/p&gt;&lt;p&gt;Business Messaging Partner Marketing Team&lt;/p&gt;</text>
    </textTemplates>
</Flow>
