<?xml version="1.0" encoding="UTF-8"?>
<Flow xmlns="http://soap.sforce.com/2006/04/metadata">
    <actionCalls>
        <name>BMG_Email_to_SAM_for_Custom_deal_getting_signed</name>
        <label>BMG - Email to SAM for Custom deal getting signed</label>
        <locationX>630</locationX>
        <locationY>383</locationY>
        <actionName>Opportunity.BMG_Email_to_SAM_for_Custom_deal_getting_signed</actionName>
        <actionType>emailAlert</actionType>
        <flowTransactionModel>CurrentTransaction</flowTransactionModel>
        <inputParameters>
            <name>SObjectRowId</name>
            <value>
                <elementReference>$Record.Id</elementReference>
            </value>
        </inputParameters>
        <nameSegment>Opportunity.BMG_Email_to_SAM_for_Custom_deal_getting_signed</nameSegment>
    </actionCalls>
    <apiVersion>57.0</apiVersion>
    <description>T147159033 - Email to SAM alias would need to be  trained once the custom deal is getting signed and uploaded to SF</description>
    <environments>Default</environments>
    <interviewLabel>BMG - Email to SAM for Custom deal getting signed {!$Flow.CurrentDateTime}</interviewLabel>
    <label>BMG - Email to SAM for Custom deal getting signed</label>
    <processMetadataValues>
        <name>BuilderType</name>
        <value>
            <stringValue>LightningFlowBuilder</stringValue>
        </value>
    </processMetadataValues>
    <processMetadataValues>
        <name>CanvasMode</name>
        <value>
            <stringValue>FREE_FORM_CANVAS</stringValue>
        </value>
    </processMetadataValues>
    <processMetadataValues>
        <name>OriginBuilderType</name>
        <value>
            <stringValue>LightningFlowBuilder</stringValue>
        </value>
    </processMetadataValues>
    <processType>AutoLaunchedFlow</processType>
    <start>
        <locationX>504</locationX>
        <locationY>48</locationY>
        <connector>
            <targetReference>BMG_Email_to_SAM_for_Custom_deal_getting_signed</targetReference>
        </connector>
        <doesRequireRecordChangedToMeetCriteria>true</doesRequireRecordChangedToMeetCriteria>
        <filterLogic>1 AND (2 OR 4) AND 3</filterLogic>
        <filters>
            <field>StageName</field>
            <operator>EqualTo</operator>
            <value>
                <stringValue>Closed/Won</stringValue>
            </value>
        </filters>
        <filters>
            <field>RecordTypeId</field>
            <operator>EqualTo</operator>
            <value>
                <stringValue>0121H0000019pQyQAI</stringValue>
            </value>
        </filters>
        <filters>
            <field>Total_Requested_Discount__c</field>
            <operator>GreaterThan</operator>
            <value>
                <numberValue>0.0</numberValue>
            </value>
        </filters>
        <filters>
            <field>RecordTypeId</field>
            <operator>EqualTo</operator>
            <value>
                <stringValue>0121H0000019pQy</stringValue>
            </value>
        </filters>
        <object>Opportunity</object>
        <recordTriggerType>Update</recordTriggerType>
        <triggerType>RecordAfterSave</triggerType>
    </start>
    <status>Active</status>
</Flow>
