<?xml version="1.0" encoding="UTF-8"?>
<Flow xmlns="http://soap.sforce.com/2006/04/metadata">
    <apiVersion>59.0</apiVersion>
    <assignments>
        <name>ActualRevenueFromContract</name>
        <label>ActualRevenueFromContract</label>
        <locationX>176</locationX>
        <locationY>242</locationY>
        <assignmentItems>
            <assignToReference>ActualRevenue</assignToReference>
            <operator>Assign</operator>
            <value>
                <elementReference>GetQuoteandContractRecords.SBQQ__Opportunity2__r.SBQQ__RenewedContract__r.Actual_Revenue__c</elementReference>
            </value>
        </assignmentItems>
        <connector>
            <targetReference>ShowRevenue</targetReference>
        </connector>
    </assignments>
    <environments>Default</environments>
    <interviewLabel>BMG Show Actual Revenue {!$Flow.CurrentDateTime}</interviewLabel>
    <label>BMG Show Actual Revenue</label>
    <processMetadataValues>
        <name>BuilderType</name>
        <value>
            <stringValue>LightningFlowBuilder</stringValue>
        </value>
    </processMetadataValues>
    <processMetadataValues>
        <name>CanvasMode</name>
        <value>
            <stringValue>AUTO_LAYOUT_CANVAS</stringValue>
        </value>
    </processMetadataValues>
    <processMetadataValues>
        <name>OriginBuilderType</name>
        <value>
            <stringValue>LightningFlowBuilder</stringValue>
        </value>
    </processMetadataValues>
    <processType>Flow</processType>
    <recordLookups>
        <name>GetQuoteandContractRecords</name>
        <label>GetQuoteandContractRecords</label>
        <locationX>176</locationX>
        <locationY>134</locationY>
        <assignNullValuesIfNoRecordsFound>false</assignNullValuesIfNoRecordsFound>
        <connector>
            <targetReference>ActualRevenueFromContract</targetReference>
        </connector>
        <filterLogic>and</filterLogic>
        <filters>
            <field>Record_Type_Developer_Name__c</field>
            <operator>EqualTo</operator>
            <value>
                <stringValue>BMG_Enterprise</stringValue>
            </value>
        </filters>
        <filters>
            <field>SBQQ__Type__c</field>
            <operator>EqualTo</operator>
            <value>
                <stringValue>Renewal</stringValue>
            </value>
        </filters>
        <filters>
            <field>Id</field>
            <operator>EqualTo</operator>
            <value>
                <elementReference>recordId</elementReference>
            </value>
        </filters>
        <getFirstRecordOnly>true</getFirstRecordOnly>
        <object>SBQQ__Quote__c</object>
        <storeOutputAutomatically>true</storeOutputAutomatically>
    </recordLookups>
    <screens>
        <name>ShowRevenue</name>
        <label>ShowRevenue</label>
        <locationX>176</locationX>
        <locationY>350</locationY>
        <allowBack>false</allowBack>
        <allowFinish>true</allowFinish>
        <allowPause>false</allowPause>
        <fields>
            <name>ActualRevenueFromPreviousContract</name>
            <fieldText>&lt;p&gt;&lt;strong style=&quot;font-size: 14px;&quot;&gt; Actual Revenue Generated From previous Contract is &lt;/strong&gt;- {!ActualRevenue}&lt;/p&gt;</fieldText>
            <fieldType>DisplayText</fieldType>
        </fields>
        <showFooter>false</showFooter>
        <showHeader>false</showHeader>
    </screens>
    <start>
        <locationX>50</locationX>
        <locationY>0</locationY>
        <connector>
            <targetReference>GetQuoteandContractRecords</targetReference>
        </connector>
    </start>
    <status>Active</status>
    <variables>
        <name>ActualRevenue</name>
        <dataType>Currency</dataType>
        <isCollection>false</isCollection>
        <isInput>true</isInput>
        <isOutput>true</isOutput>
        <scale>2</scale>
    </variables>
    <variables>
        <name>QuoteList</name>
        <dataType>SObject</dataType>
        <isCollection>false</isCollection>
        <isInput>true</isInput>
        <isOutput>true</isOutput>
        <objectType>SBQQ__Quote__c</objectType>
    </variables>
    <variables>
        <name>recordId</name>
        <dataType>String</dataType>
        <isCollection>false</isCollection>
        <isInput>true</isInput>
        <isOutput>false</isOutput>
    </variables>
</Flow>
