<?xml version="1.0" encoding="UTF-8"?>
<Flow xmlns="http://soap.sforce.com/2006/04/metadata">
    <actionCalls>
        <description>WABA Ads API Call Log Notification for Soo</description>
        <name>WABA_Ads_API_Call_Log_Notification</name>
        <label>WABA Ads API Call Log Notification</label>
        <locationX>50</locationX>
        <locationY>455</locationY>
        <actionName>Ads_API_Call_Log__c.WABA_Ads_API_Call_Log_Notification</actionName>
        <actionType>emailAlert</actionType>
        <flowTransactionModel>CurrentTransaction</flowTransactionModel>
        <inputParameters>
            <name>SObjectRowId</name>
            <value>
                <elementReference>$Record.Id</elementReference>
            </value>
        </inputParameters>
        <nameSegment>Ads_API_Call_Log__c.WABA_Ads_API_Call_Log_Notification</nameSegment>
    </actionCalls>
    <apiVersion>56.0</apiVersion>
    <decisions>
        <name>Response</name>
        <label>Response?</label>
        <locationX>182</locationX>
        <locationY>335</locationY>
        <defaultConnectorLabel>N/A</defaultConnectorLabel>
        <rules>
            <name>Doesn_t_Contain_200</name>
            <conditionLogic>(1) AND (NOT(2))</conditionLogic>
            <conditions>
                <leftValueReference>$Record.PDF_To_ContractsTool__r.Batch_Retry_Type__c</leftValueReference>
                <operator>EqualTo</operator>
                <rightValue>
                    <numberValue>4.0</numberValue>
                </rightValue>
            </conditions>
            <conditions>
                <leftValueReference>$Record.Responses__c</leftValueReference>
                <operator>Contains</operator>
                <rightValue>
                    <stringValue>200</stringValue>
                </rightValue>
            </conditions>
            <connector>
                <targetReference>WABA_Ads_API_Call_Log_Notification</targetReference>
            </connector>
            <label>Doesn&apos;t Contain 200</label>
        </rules>
    </decisions>
    <description>T140681496</description>
    <environments>Default</environments>
    <interviewLabel>BMG - Send email to Soo for Ads API Call Log Records w/o 200 {!$Flow.CurrentDateTime}</interviewLabel>
    <label>BMG - Send email to Soo for Ads API Call Log Records w/o 200</label>
    <processMetadataValues>
        <name>BuilderType</name>
        <value>
            <stringValue>LightningFlowBuilder</stringValue>
        </value>
    </processMetadataValues>
    <processMetadataValues>
        <name>CanvasMode</name>
        <value>
            <stringValue>AUTO_LAYOUT_CANVAS</stringValue>
        </value>
    </processMetadataValues>
    <processMetadataValues>
        <name>OriginBuilderType</name>
        <value>
            <stringValue>LightningFlowBuilder</stringValue>
        </value>
    </processMetadataValues>
    <processType>AutoLaunchedFlow</processType>
    <start>
        <locationX>56</locationX>
        <locationY>0</locationY>
        <connector>
            <targetReference>Response</targetReference>
        </connector>
        <doesRequireRecordChangedToMeetCriteria>true</doesRequireRecordChangedToMeetCriteria>
        <filterLogic>and</filterLogic>
        <filters>
            <field>Action_Type__c</field>
            <operator>EqualTo</operator>
            <value>
                <stringValue>SEND_PDF_TO_CONTRACT_TOOL_FOR_ESIGN</stringValue>
            </value>
        </filters>
        <object>Ads_API_Call_Log__c</object>
        <recordTriggerType>CreateAndUpdate</recordTriggerType>
        <triggerType>RecordAfterSave</triggerType>
    </start>
    <status>Active</status>
</Flow>
