<?xml version="1.0" encoding="UTF-8"?>
<Flow xmlns="http://soap.sforce.com/2006/04/metadata">
    <actionCalls>
        <name>BMG_Alert_to_Regional_Lead</name>
        <label>BMG - Alert to Regional Lead</label>
        <locationX>176</locationX>
        <locationY>335</locationY>
        <actionName>Account.BMG_Alert_to_Regional_Lead</actionName>
        <actionType>emailAlert</actionType>
        <flowTransactionModel>CurrentTransaction</flowTransactionModel>
        <inputParameters>
            <name>SObjectRowId</name>
            <value>
                <elementReference>$Record.Id</elementReference>
            </value>
        </inputParameters>
        <nameSegment>Account.BMG_Alert_to_Regional_Lead</nameSegment>
    </actionCalls>
    <apiVersion>57.0</apiVersion>
    <description>T147159259</description>
    <environments>Default</environments>
    <interviewLabel>BMG - {!$Flow.CurrentDateTime}</interviewLabel>
    <label>BMG - Alert to Regional Lead</label>
    <processMetadataValues>
        <name>BuilderType</name>
        <value>
            <stringValue>LightningFlowBuilder</stringValue>
        </value>
    </processMetadataValues>
    <processMetadataValues>
        <name>CanvasMode</name>
        <value>
            <stringValue>AUTO_LAYOUT_CANVAS</stringValue>
        </value>
    </processMetadataValues>
    <processMetadataValues>
        <name>OriginBuilderType</name>
        <value>
            <stringValue>LightningFlowBuilder</stringValue>
        </value>
    </processMetadataValues>
    <processType>AutoLaunchedFlow</processType>
    <start>
        <locationX>50</locationX>
        <locationY>0</locationY>
        <connector>
            <targetReference>BMG_Alert_to_Regional_Lead</targetReference>
        </connector>
        <filterLogic>1 AND (2 OR 3)</filterLogic>
        <filters>
            <field>WAPartnerTier__c</field>
            <operator>IsChanged</operator>
            <value>
                <booleanValue>true</booleanValue>
            </value>
        </filters>
        <filters>
            <field>WAPartnerTier__c</field>
            <operator>EqualTo</operator>
            <value>
                <stringValue>Select</stringValue>
            </value>
        </filters>
        <filters>
            <field>WAPartnerTier__c</field>
            <operator>EqualTo</operator>
            <value>
                <stringValue>Premier</stringValue>
            </value>
        </filters>
        <object>Account</object>
        <recordTriggerType>Update</recordTriggerType>
        <triggerType>RecordAfterSave</triggerType>
    </start>
    <status>Active</status>
</Flow>
