<?xml version="1.0" encoding="UTF-8"?>
<Flow xmlns="http://soap.sforce.com/2006/04/metadata">
    <actionCalls>
        <name>Send_Email_alert_to_Opp_Owner</name>
        <label>Send Email alert to Opp Owner</label>
        <locationX>176</locationX>
        <locationY>323</locationY>
        <actionName>emailSimple</actionName>
        <actionType>emailSimple</actionType>
        <flowTransactionModel>CurrentTransaction</flowTransactionModel>
        <inputParameters>
            <name>emailAddresses</name>
            <value>
                <elementReference>$Record.Owner.Email</elementReference>
            </value>
        </inputParameters>
        <inputParameters>
            <name>senderType</name>
            <value>
                <stringValue>OrgWideEmailAddress</stringValue>
            </value>
        </inputParameters>
        <inputParameters>
            <name>senderAddress</name>
            <value>
                <stringValue>salesappsteam@meta.com</stringValue>
            </value>
        </inputParameters>
        <inputParameters>
            <name>emailSubject</name>
            <value>
                <elementReference>Subject</elementReference>
            </value>
        </inputParameters>
        <inputParameters>
            <name>emailBody</name>
            <value>
                <elementReference>Body</elementReference>
            </value>
        </inputParameters>
        <inputParameters>
            <name>sendRichBody</name>
            <value>
                <booleanValue>true</booleanValue>
            </value>
        </inputParameters>
        <inputParameters>
            <name>logEmailOnSend</name>
        </inputParameters>
        <nameSegment>emailSimple</nameSegment>
    </actionCalls>
    <apiVersion>57.0</apiVersion>
    <description>T147652779 , T201212074,T215732052,T217136331</description>
    <environments>Default</environments>
    <interviewLabel>BMG - Send Email Notification when GBG Opp is created {!$Flow.CurrentDateTime}</interviewLabel>
    <label>BMG - Send Email Notification when GBG Opp is created</label>
    <processMetadataValues>
        <name>BuilderType</name>
        <value>
            <stringValue>LightningFlowBuilder</stringValue>
        </value>
    </processMetadataValues>
    <processMetadataValues>
        <name>CanvasMode</name>
        <value>
            <stringValue>AUTO_LAYOUT_CANVAS</stringValue>
        </value>
    </processMetadataValues>
    <processMetadataValues>
        <name>OriginBuilderType</name>
        <value>
            <stringValue>LightningFlowBuilder</stringValue>
        </value>
    </processMetadataValues>
    <processType>AutoLaunchedFlow</processType>
    <start>
        <locationX>50</locationX>
        <locationY>0</locationY>
        <connector>
            <targetReference>Send_Email_alert_to_Opp_Owner</targetReference>
        </connector>
        <filterLogic>( 1 OR 2 )AND 3</filterLogic>
        <filters>
            <field>RecordTypeId</field>
            <operator>EqualTo</operator>
            <value>
                <stringValue>0121H0000019pQy</stringValue>
            </value>
        </filters>
        <filters>
            <field>RecordTypeId</field>
            <operator>EqualTo</operator>
            <value>
                <stringValue>0121H0000019pQyQAI</stringValue>
            </value>
        </filters>
        <filters>
            <field>Original_Lead_Source_Detail__c</field>
            <operator>Contains</operator>
            <value>
                <stringValue>GBG Team</stringValue>
            </value>
        </filters>
        <object>Opportunity</object>
        <recordTriggerType>Create</recordTriggerType>
        <triggerType>RecordAfterSave</triggerType>
    </start>
    <status>Active</status>
    <textTemplates>
        <description>Email Body</description>
        <name>Body</name>
        <isViewedAsPlainText>true</isViewedAsPlainText>
        <text>&lt;p&gt;A new request has been submitted for your region.&amp;nbsp;&lt;/p&gt;&lt;p&gt;&lt;br&gt;&lt;/p&gt;&lt;p&gt;&lt;strong&gt;Request Type:&lt;/strong&gt; New Contract&lt;/p&gt;&lt;p&gt;&lt;br&gt;&lt;/p&gt;&lt;p&gt;&lt;strong&gt;Opportunity link:&lt;/strong&gt;  https://fb.lightning.force.com/{!$Record.Id}&lt;/p&gt;&lt;p&gt;&lt;br&gt;&lt;/p&gt;&lt;p&gt;For all requests, please reach out to the requestor through the Activity functionality in Salesforce. Below is the contact information that is to be used only for exceptions.&amp;nbsp;&amp;nbsp;&lt;/p&gt;&lt;p&gt;&lt;br&gt;&lt;/p&gt;&lt;p&gt;&lt;strong&gt;Requestors Name&lt;/strong&gt;: {!$Record.CreatedBy.FirstName}  {!$Record.CreatedBy.LastName}&lt;/p&gt;&lt;p&gt;&lt;strong&gt;Requestors Email:&lt;/strong&gt; {!$Record.CreatedBy.Email}&lt;/p&gt;&lt;p&gt;&lt;br&gt;&lt;/p&gt;&lt;p&gt;Thank You,&lt;/p&gt;&lt;p&gt;Business Messaging Team&lt;/p&gt;</text>
    </textTemplates>
    <textTemplates>
        <description>Subject</description>
        <name>Subject</name>
        <isViewedAsPlainText>false</isViewedAsPlainText>
        <text>A new request has been submitted for your region.</text>
    </textTemplates>
</Flow>
