<?xml version="1.0" encoding="UTF-8"?>
<Flow xmlns="http://soap.sforce.com/2006/04/metadata">
    <actionCalls>
        <processMetadataValues>
            <name>ActionCallType</name>
            <value>
                <stringValue>flow</stringValue>
            </value>
        </processMetadataValues>
        <processMetadataValues>
            <name>flowSelection</name>
            <value>
                <stringValue>Delete Brand Connection w/o Account</stringValue>
            </value>
        </processMetadataValues>
        <name>myRule_9_A1</name>
        <label>Delete Brand Connection w/o Account</label>
        <locationX>900</locationX>
        <locationY>200</locationY>
        <actionName>Delete_Brand_Connection_w_o_Account</actionName>
        <actionType>flow</actionType>
        <inputParameters>
            <processMetadataValues>
                <name>dataType</name>
                <value>
                    <stringValue>String</stringValue>
                </value>
            </processMetadataValues>
            <processMetadataValues>
                <name>isRequired</name>
                <value>
                    <booleanValue>false</booleanValue>
                </value>
            </processMetadataValues>
            <processMetadataValues>
                <name>leftHandSideLabel</name>
                <value>
                    <stringValue>ivar_brand_id</stringValue>
                </value>
            </processMetadataValues>
            <processMetadataValues>
                <name>maxOccurs</name>
                <value>
                    <numberValue>1.0</numberValue>
                </value>
            </processMetadataValues>
            <processMetadataValues>
                <name>objectType</name>
                <value>
                    <stringValue></stringValue>
                </value>
            </processMetadataValues>
            <processMetadataValues>
                <name>rightHandSideType</name>
                <value>
                    <stringValue>Reference</stringValue>
                </value>
            </processMetadataValues>
            <name>ivar_brand_id</name>
            <value>
                <elementReference>myVariable_current.Id</elementReference>
            </value>
        </inputParameters>
        <inputParameters>
            <processMetadataValues>
                <name>dataType</name>
                <value>
                    <stringValue>String</stringValue>
                </value>
            </processMetadataValues>
            <processMetadataValues>
                <name>isRequired</name>
                <value>
                    <booleanValue>false</booleanValue>
                </value>
            </processMetadataValues>
            <processMetadataValues>
                <name>leftHandSideLabel</name>
                <value>
                    <stringValue>ivar_acct_id</stringValue>
                </value>
            </processMetadataValues>
            <processMetadataValues>
                <name>maxOccurs</name>
                <value>
                    <numberValue>1.0</numberValue>
                </value>
            </processMetadataValues>
            <processMetadataValues>
                <name>objectType</name>
                <value>
                    <stringValue></stringValue>
                </value>
            </processMetadataValues>
            <processMetadataValues>
                <name>rightHandSideType</name>
                <value>
                    <stringValue>Formula</stringValue>
                </value>
            </processMetadataValues>
            <name>ivar_acct_id</name>
            <value>
                <elementReference>formula_10_myRule_9_A1_4617862320</elementReference>
            </value>
        </inputParameters>
        <nameSegment>Delete_Brand_Connection_w_o_Account</nameSegment>
    </actionCalls>
    <apiVersion>49.0</apiVersion>
    <decisions>
        <processMetadataValues>
            <name>index</name>
            <value>
                <numberValue>0.0</numberValue>
            </value>
        </processMetadataValues>
        <name>myDecision</name>
        <label>myDecision</label>
        <locationX>50</locationX>
        <locationY>0</locationY>
        <defaultConnector>
            <targetReference>myDecision4</targetReference>
        </defaultConnector>
        <defaultConnectorLabel>default</defaultConnectorLabel>
        <rules>
            <name>myRule_1</name>
            <conditionLogic>and</conditionLogic>
            <conditions>
                <leftValueReference>formula_myRule_1</leftValueReference>
                <operator>EqualTo</operator>
                <rightValue>
                    <booleanValue>true</booleanValue>
                </rightValue>
            </conditions>
            <connector>
                <targetReference>myRule_1_A1</targetReference>
            </connector>
            <label>Create Brand Connection</label>
        </rules>
    </decisions>
    <decisions>
        <processMetadataValues>
            <name>index</name>
            <value>
                <numberValue>1.0</numberValue>
            </value>
        </processMetadataValues>
        <name>myDecision4</name>
        <label>myDecision4</label>
        <locationX>50</locationX>
        <locationY>0</locationY>
        <defaultConnector>
            <targetReference>myDecision8</targetReference>
        </defaultConnector>
        <defaultConnectorLabel>default</defaultConnectorLabel>
        <rules>
            <name>myRule_5</name>
            <conditionLogic>and</conditionLogic>
            <conditions>
                <leftValueReference>formula_myRule_5</leftValueReference>
                <operator>EqualTo</operator>
                <rightValue>
                    <booleanValue>true</booleanValue>
                </rightValue>
            </conditions>
            <connector>
                <targetReference>myRule_5_A1</targetReference>
            </connector>
            <label>Update Brand Connection</label>
        </rules>
    </decisions>
    <decisions>
        <processMetadataValues>
            <name>index</name>
            <value>
                <numberValue>2.0</numberValue>
            </value>
        </processMetadataValues>
        <name>myDecision8</name>
        <label>myDecision8</label>
        <locationX>50</locationX>
        <locationY>0</locationY>
        <defaultConnectorLabel>default</defaultConnectorLabel>
        <rules>
            <name>myRule_9</name>
            <conditionLogic>and</conditionLogic>
            <conditions>
                <leftValueReference>formula_myRule_9</leftValueReference>
                <operator>EqualTo</operator>
                <rightValue>
                    <booleanValue>true</booleanValue>
                </rightValue>
            </conditions>
            <connector>
                <targetReference>myRule_9_A1</targetReference>
            </connector>
            <label>Delete Brand Connection</label>
        </rules>
    </decisions>
    <description>Handles the automatic creation, update and deletion of Brand Connections upon changes to the Brand&apos;s Account</description>
    <formulas>
        <processMetadataValues>
            <name>originalFormula</name>
            <value>
                <stringValue>PRIORVALUE([ads_Brand__c].Account__c )</stringValue>
            </value>
        </processMetadataValues>
        <name>formula_10_myRule_9_A1_4617862320</name>
        <dataType>String</dataType>
        <expression>PRIORVALUE({!myVariable_current.Account__c} )</expression>
    </formulas>
    <formulas>
        <processMetadataValues>
            <name>originalFormula</name>
            <value>
                <stringValue>CASESAFEID( [ads_Brand__c].Id ) &amp; CASESAFEID ([ads_Brand__c].Account__c  )</stringValue>
            </value>
        </processMetadataValues>
        <name>formula_2_myRule_1_A1_5805838924</name>
        <dataType>String</dataType>
        <expression>CASESAFEID( {!myVariable_current.Id} ) &amp; CASESAFEID ({!myVariable_current.Account__c}  )</expression>
    </formulas>
    <formulas>
        <processMetadataValues>
            <name>originalFormula</name>
            <value>
                <stringValue>IF(LEN([ads_Brand__c].Name)&lt;=40, [ads_Brand__c].Name, &quot;BrandId&quot;&amp;[ads_Brand__c].Facebook_ID__c)
	&amp; &quot;_&quot; &amp; 
IF(LEN([ads_Brand__c].Account__c.Name)&lt;=40, [ads_Brand__c].Account__c.Name , &quot;OrgId&quot;&amp;[ads_Brand__c].Account__c.External_ID__c )</stringValue>
            </value>
        </processMetadataValues>
        <name>formula_3_myRule_1_A1_0121169077</name>
        <dataType>String</dataType>
        <expression>IF(LEN({!myVariable_current.Name})&lt;=40, {!myVariable_current.Name}, &quot;BrandId&quot;&amp;{!myVariable_current.Facebook_ID__c})
	&amp; &quot;_&quot; &amp; 
IF(LEN({!myVariable_current.Account__r.Name})&lt;=40, {!myVariable_current.Account__r.Name} , &quot;OrgId&quot;&amp;{!myVariable_current.Account__r.External_ID__c} )</expression>
    </formulas>
    <formulas>
        <processMetadataValues>
            <name>originalFormula</name>
            <value>
                <stringValue>CASESAFEID([ads_Brand__c].Id ) &amp; CASESAFEID(PRIORVALUE([ads_Brand__c].Account__c ))</stringValue>
            </value>
        </processMetadataValues>
        <name>formula_6_myRule_5_A1_5922156212</name>
        <dataType>String</dataType>
        <expression>CASESAFEID({!myVariable_current.Id} ) &amp; CASESAFEID(PRIORVALUE({!myVariable_current.Account__c} ))</expression>
    </formulas>
    <formulas>
        <processMetadataValues>
            <name>originalFormula</name>
            <value>
                <stringValue>[ads_Brand__c].Name &amp; &quot;_&quot; &amp; [ads_Brand__c].Account__c.Name  </stringValue>
            </value>
        </processMetadataValues>
        <name>formula_7_myRule_5_A1_0309253042</name>
        <dataType>String</dataType>
        <expression>{!myVariable_current.Name} &amp; &quot;_&quot; &amp; {!myVariable_current.Account__r.Name}</expression>
    </formulas>
    <formulas>
        <processMetadataValues>
            <name>originalFormula</name>
            <value>
                <stringValue>AND(
	NOT(ISBLANK([ads_Brand__c].Account__c )),
	OR(
		ISNEW(), 
		AND(
			ISCHANGED([ads_Brand__c].Account__c ),
			ISBLANK(PRIORVALUE([ads_Brand__c].Account__c ))
		)
	)
)</stringValue>
            </value>
        </processMetadataValues>
        <name>formula_myRule_1</name>
        <dataType>Boolean</dataType>
        <expression>AND(
	NOT(ISBLANK({!myVariable_current.Account__c} )),
	OR(
		ISNEW(), 
		AND(
			ISCHANGED({!myVariable_current.Account__c} ),
			ISBLANK(PRIORVALUE({!myVariable_current.Account__c} ))
		)
	)
)</expression>
    </formulas>
    <formulas>
        <processMetadataValues>
            <name>originalFormula</name>
            <value>
                <stringValue>AND (
ISCHANGED([ads_Brand__c].Account__c ),
NOT(ISBLANK([ads_Brand__c].Account__c ))
)</stringValue>
            </value>
        </processMetadataValues>
        <name>formula_myRule_5</name>
        <dataType>Boolean</dataType>
        <expression>AND (
ISCHANGED({!myVariable_current.Account__c} ),
NOT(ISBLANK({!myVariable_current.Account__c} ))
)</expression>
    </formulas>
    <formulas>
        <processMetadataValues>
            <name>originalFormula</name>
            <value>
                <stringValue>AND (
ISCHANGED([ads_Brand__c].Account__c ),
ISBLANK([ads_Brand__c].Account__c )
)</stringValue>
            </value>
        </processMetadataValues>
        <name>formula_myRule_9</name>
        <dataType>Boolean</dataType>
        <expression>AND (
ISCHANGED({!myVariable_current.Account__c} ),
ISBLANK({!myVariable_current.Account__c} )
)</expression>
    </formulas>
    <interviewLabel>Brand_Connection_Create_Update_Delete-4_InterviewLabel</interviewLabel>
    <label>Brand Connection - Create, Update, Delete</label>
    <processMetadataValues>
        <name>ObjectType</name>
        <value>
            <stringValue>ads_Brand__c</stringValue>
        </value>
    </processMetadataValues>
    <processMetadataValues>
        <name>ObjectVariable</name>
        <value>
            <elementReference>myVariable_current</elementReference>
        </value>
    </processMetadataValues>
    <processMetadataValues>
        <name>OldObjectVariable</name>
        <value>
            <elementReference>myVariable_old</elementReference>
        </value>
    </processMetadataValues>
    <processMetadataValues>
        <name>TriggerType</name>
        <value>
            <stringValue>onAllChanges</stringValue>
        </value>
    </processMetadataValues>
    <processType>Workflow</processType>
    <recordCreates>
        <name>myRule_1_A1</name>
        <label>Create Brand Connection</label>
        <locationX>100</locationX>
        <locationY>200</locationY>
        <inputAssignments>
            <processMetadataValues>
                <name>dataType</name>
                <value>
                    <stringValue>ID</stringValue>
                </value>
            </processMetadataValues>
            <processMetadataValues>
                <name>isRequired</name>
                <value>
                    <booleanValue>true</booleanValue>
                </value>
            </processMetadataValues>
            <processMetadataValues>
                <name>leftHandSideLabel</name>
                <value>
                    <stringValue>Account</stringValue>
                </value>
            </processMetadataValues>
            <processMetadataValues>
                <name>rightHandSideType</name>
                <value>
                    <stringValue>Reference</stringValue>
                </value>
            </processMetadataValues>
            <field>Account__c</field>
            <value>
                <elementReference>myVariable_current.Account__c</elementReference>
            </value>
        </inputAssignments>
        <inputAssignments>
            <processMetadataValues>
                <name>dataType</name>
                <value>
                    <stringValue>String</stringValue>
                </value>
            </processMetadataValues>
            <processMetadataValues>
                <name>isRequired</name>
                <value>
                    <booleanValue>false</booleanValue>
                </value>
            </processMetadataValues>
            <processMetadataValues>
                <name>leftHandSideLabel</name>
                <value>
                    <stringValue>Brand Connection Name</stringValue>
                </value>
            </processMetadataValues>
            <processMetadataValues>
                <name>rightHandSideType</name>
                <value>
                    <stringValue>Formula</stringValue>
                </value>
            </processMetadataValues>
            <field>Name</field>
            <value>
                <elementReference>formula_3_myRule_1_A1_0121169077</elementReference>
            </value>
        </inputAssignments>
        <inputAssignments>
            <processMetadataValues>
                <name>dataType</name>
                <value>
                    <stringValue>String</stringValue>
                </value>
            </processMetadataValues>
            <processMetadataValues>
                <name>isRequired</name>
                <value>
                    <booleanValue>true</booleanValue>
                </value>
            </processMetadataValues>
            <processMetadataValues>
                <name>leftHandSideLabel</name>
                <value>
                    <stringValue>Primary Key</stringValue>
                </value>
            </processMetadataValues>
            <processMetadataValues>
                <name>rightHandSideType</name>
                <value>
                    <stringValue>Formula</stringValue>
                </value>
            </processMetadataValues>
            <field>Primary_Key__c</field>
            <value>
                <elementReference>formula_2_myRule_1_A1_5805838924</elementReference>
            </value>
        </inputAssignments>
        <inputAssignments>
            <processMetadataValues>
                <name>dataType</name>
                <value>
                    <stringValue>ID</stringValue>
                </value>
            </processMetadataValues>
            <processMetadataValues>
                <name>isRequired</name>
                <value>
                    <booleanValue>true</booleanValue>
                </value>
            </processMetadataValues>
            <processMetadataValues>
                <name>leftHandSideLabel</name>
                <value>
                    <stringValue>Brand</stringValue>
                </value>
            </processMetadataValues>
            <processMetadataValues>
                <name>rightHandSideType</name>
                <value>
                    <stringValue>Reference</stringValue>
                </value>
            </processMetadataValues>
            <field>ads_Brand__c</field>
            <value>
                <elementReference>myVariable_current.Id</elementReference>
            </value>
        </inputAssignments>
        <object>ads_Brand_Connection__c</object>
    </recordCreates>
    <recordUpdates>
        <processMetadataValues>
            <name>evaluationType</name>
            <value>
                <stringValue>criteria</stringValue>
            </value>
        </processMetadataValues>
        <processMetadataValues>
            <name>extraTypeInfo</name>
        </processMetadataValues>
        <processMetadataValues>
            <name>isChildRelationship</name>
            <value>
                <booleanValue>true</booleanValue>
            </value>
        </processMetadataValues>
        <processMetadataValues>
            <name>reference</name>
            <value>
                <stringValue>[ads_Brand__c].Brand_Connections__r</stringValue>
            </value>
        </processMetadataValues>
        <processMetadataValues>
            <name>referenceTargetField</name>
        </processMetadataValues>
        <name>myRule_5_A1</name>
        <label>Update Brand Connection</label>
        <locationX>500</locationX>
        <locationY>200</locationY>
        <filterLogic>and</filterLogic>
        <filters>
            <processMetadataValues>
                <name>implicit</name>
                <value>
                    <booleanValue>true</booleanValue>
                </value>
            </processMetadataValues>
            <field>ads_Brand__c</field>
            <operator>EqualTo</operator>
            <value>
                <elementReference>myVariable_current.Id</elementReference>
            </value>
        </filters>
        <filters>
            <processMetadataValues>
                <name>implicit</name>
                <value>
                    <booleanValue>false</booleanValue>
                </value>
            </processMetadataValues>
            <processMetadataValues>
                <name>inputDataType</name>
                <value>
                    <stringValue>String</stringValue>
                </value>
            </processMetadataValues>
            <processMetadataValues>
                <name>leftHandSideLabel</name>
                <value>
                    <stringValue>Primary Key</stringValue>
                </value>
            </processMetadataValues>
            <processMetadataValues>
                <name>leftHandSideReferenceTo</name>
                <value>
                    <stringValue></stringValue>
                </value>
            </processMetadataValues>
            <processMetadataValues>
                <name>leftHandSideType</name>
                <value>
                    <stringValue>String</stringValue>
                </value>
            </processMetadataValues>
            <processMetadataValues>
                <name>operatorDataType</name>
                <value>
                    <stringValue>String</stringValue>
                </value>
            </processMetadataValues>
            <processMetadataValues>
                <name>rightHandSideType</name>
                <value>
                    <stringValue>Formula</stringValue>
                </value>
            </processMetadataValues>
            <field>Primary_Key__c</field>
            <operator>EqualTo</operator>
            <value>
                <elementReference>formula_6_myRule_5_A1_5922156212</elementReference>
            </value>
        </filters>
        <inputAssignments>
            <processMetadataValues>
                <name>dataType</name>
                <value>
                    <stringValue>ID</stringValue>
                </value>
            </processMetadataValues>
            <processMetadataValues>
                <name>isRequired</name>
                <value>
                    <booleanValue>false</booleanValue>
                </value>
            </processMetadataValues>
            <processMetadataValues>
                <name>leftHandSideLabel</name>
                <value>
                    <stringValue>Account</stringValue>
                </value>
            </processMetadataValues>
            <processMetadataValues>
                <name>leftHandSideReferenceTo</name>
                <value>
                    <stringValue>Account</stringValue>
                </value>
            </processMetadataValues>
            <processMetadataValues>
                <name>rightHandSideType</name>
                <value>
                    <stringValue>Reference</stringValue>
                </value>
            </processMetadataValues>
            <field>Account__c</field>
            <value>
                <elementReference>myVariable_current.Account__c</elementReference>
            </value>
        </inputAssignments>
        <inputAssignments>
            <processMetadataValues>
                <name>dataType</name>
                <value>
                    <stringValue>String</stringValue>
                </value>
            </processMetadataValues>
            <processMetadataValues>
                <name>isRequired</name>
                <value>
                    <booleanValue>false</booleanValue>
                </value>
            </processMetadataValues>
            <processMetadataValues>
                <name>leftHandSideLabel</name>
                <value>
                    <stringValue>Brand Connection Name</stringValue>
                </value>
            </processMetadataValues>
            <processMetadataValues>
                <name>leftHandSideReferenceTo</name>
                <value>
                    <stringValue></stringValue>
                </value>
            </processMetadataValues>
            <processMetadataValues>
                <name>rightHandSideType</name>
                <value>
                    <stringValue>Formula</stringValue>
                </value>
            </processMetadataValues>
            <field>Name</field>
            <value>
                <elementReference>formula_7_myRule_5_A1_0309253042</elementReference>
            </value>
        </inputAssignments>
        <inputAssignments>
            <processMetadataValues>
                <name>dataType</name>
                <value>
                    <stringValue>ID</stringValue>
                </value>
            </processMetadataValues>
            <processMetadataValues>
                <name>isRequired</name>
                <value>
                    <booleanValue>false</booleanValue>
                </value>
            </processMetadataValues>
            <processMetadataValues>
                <name>leftHandSideLabel</name>
                <value>
                    <stringValue>Brand</stringValue>
                </value>
            </processMetadataValues>
            <processMetadataValues>
                <name>leftHandSideReferenceTo</name>
                <value>
                    <stringValue>ads_Brand__c</stringValue>
                </value>
            </processMetadataValues>
            <processMetadataValues>
                <name>rightHandSideType</name>
                <value>
                    <stringValue>Reference</stringValue>
                </value>
            </processMetadataValues>
            <field>ads_Brand__c</field>
            <value>
                <elementReference>myVariable_current.Id</elementReference>
            </value>
        </inputAssignments>
        <object>ads_Brand_Connection__c</object>
    </recordUpdates>
    <startElementReference>myDecision</startElementReference>
    <status>Active</status>
    <variables>
        <name>myVariable_current</name>
        <dataType>SObject</dataType>
        <isCollection>false</isCollection>
        <isInput>true</isInput>
        <isOutput>true</isOutput>
        <objectType>ads_Brand__c</objectType>
    </variables>
    <variables>
        <name>myVariable_old</name>
        <dataType>SObject</dataType>
        <isCollection>false</isCollection>
        <isInput>true</isInput>
        <isOutput>false</isOutput>
        <objectType>ads_Brand__c</objectType>
    </variables>
</Flow>
