<?xml version="1.0" encoding="UTF-8"?>
<Flow xmlns="http://soap.sforce.com/2006/04/metadata">
    <actionCalls>
        <name>Send_1_Day_Reminder_Email</name>
        <label>Send 1 Day Reminder Email</label>
        <locationX>314</locationX>
        <locationY>384</locationY>
        <actionName>PC_TriggerSFMCNotification</actionName>
        <actionType>apex</actionType>
        <flowTransactionModel>CurrentTransaction</flowTransactionModel>
        <inputParameters>
            <name>campaignId</name>
            <value>
                <elementReference>$Record.Id</elementReference>
            </value>
        </inputParameters>
        <inputParameters>
            <name>emailType</name>
            <value>
                <elementReference>emailType</elementReference>
            </value>
        </inputParameters>
        <nameSegment>PC_TriggerSFMCNotification</nameSegment>
    </actionCalls>
    <actionCalls>
        <name>Send_30_Minute_Reminder_Email</name>
        <label>Send 30 Minute Reminder Email</label>
        <locationX>578</locationX>
        <locationY>384</locationY>
        <actionName>PC_TriggerSFMCNotification</actionName>
        <actionType>apex</actionType>
        <flowTransactionModel>CurrentTransaction</flowTransactionModel>
        <inputParameters>
            <name>campaignId</name>
            <value>
                <elementReference>$Record.Id</elementReference>
            </value>
        </inputParameters>
        <inputParameters>
            <name>emailType</name>
            <value>
                <elementReference>emailType</elementReference>
            </value>
        </inputParameters>
        <nameSegment>PC_TriggerSFMCNotification</nameSegment>
    </actionCalls>
    <actionCalls>
        <name>Send_3_Day_Reminder_Email</name>
        <label>Send 3 Day Reminder Email</label>
        <locationX>50</locationX>
        <locationY>384</locationY>
        <actionName>PC_TriggerSFMCNotification</actionName>
        <actionType>apex</actionType>
        <flowTransactionModel>CurrentTransaction</flowTransactionModel>
        <inputParameters>
            <name>campaignId</name>
            <value>
                <elementReference>$Record.Id</elementReference>
            </value>
        </inputParameters>
        <inputParameters>
            <name>emailType</name>
            <value>
                <elementReference>emailType</elementReference>
            </value>
        </inputParameters>
        <nameSegment>PC_TriggerSFMCNotification</nameSegment>
    </actionCalls>
    <apiVersion>63.0</apiVersion>
    <assignments>
        <name>Set_emailType_1_Day_Reminder</name>
        <label>Set emailType - 1 Day Reminder</label>
        <locationX>314</locationX>
        <locationY>276</locationY>
        <assignmentItems>
            <assignToReference>emailType</assignToReference>
            <operator>Assign</operator>
            <value>
                <stringValue>1 Day Reminder</stringValue>
            </value>
        </assignmentItems>
        <connector>
            <targetReference>Send_1_Day_Reminder_Email</targetReference>
        </connector>
    </assignments>
    <assignments>
        <name>Set_emailType_30_Minute_Reminder</name>
        <label>Set emailType - 30 Minute Reminder</label>
        <locationX>578</locationX>
        <locationY>276</locationY>
        <assignmentItems>
            <assignToReference>emailType</assignToReference>
            <operator>Assign</operator>
            <value>
                <stringValue>30 Minute Reminder</stringValue>
            </value>
        </assignmentItems>
        <connector>
            <targetReference>Send_30_Minute_Reminder_Email</targetReference>
        </connector>
    </assignments>
    <assignments>
        <name>Set_emailType_3_Day_Reminder</name>
        <label>Set emailType - 3 Day Reminder</label>
        <locationX>50</locationX>
        <locationY>276</locationY>
        <assignmentItems>
            <assignToReference>emailType</assignToReference>
            <operator>Assign</operator>
            <value>
                <stringValue>3 Day Reminder</stringValue>
            </value>
        </assignmentItems>
        <connector>
            <targetReference>Send_3_Day_Reminder_Email</targetReference>
        </connector>
    </assignments>
    <description>T214269742</description>
    <environments>Default</environments>
    <interviewLabel>Call SFMC API to Send Reminder Emails {!$Flow.CurrentDateTime}</interviewLabel>
    <label>Call SFMC API to Send Reminder Emails</label>
    <processMetadataValues>
        <name>BuilderType</name>
        <value>
            <stringValue>LightningFlowBuilder</stringValue>
        </value>
    </processMetadataValues>
    <processMetadataValues>
        <name>CanvasMode</name>
        <value>
            <stringValue>AUTO_LAYOUT_CANVAS</stringValue>
        </value>
    </processMetadataValues>
    <processMetadataValues>
        <name>OriginBuilderType</name>
        <value>
            <stringValue>LightningFlowBuilder</stringValue>
        </value>
    </processMetadataValues>
    <processType>AutoLaunchedFlow</processType>
    <start>
        <locationX>56</locationX>
        <locationY>0</locationY>
        <filterLogic>and</filterLogic>
        <filters>
            <field>Event_Start_Date_Time__c</field>
            <operator>IsNull</operator>
            <value>
                <booleanValue>false</booleanValue>
            </value>
        </filters>
        <filters>
            <field>Shall_Use_Marketing_Automation__c</field>
            <operator>EqualTo</operator>
            <value>
                <booleanValue>true</booleanValue>
            </value>
        </filters>
        <object>Campaign</object>
        <recordTriggerType>CreateAndUpdate</recordTriggerType>
        <scheduledPaths>
            <name>X1_3Days_before_Event_Start_Date_Time</name>
            <connector>
                <targetReference>Set_emailType_3_Day_Reminder</targetReference>
            </connector>
            <label>3 Days before Event Start Date Time</label>
            <offsetNumber>-3</offsetNumber>
            <offsetUnit>Days</offsetUnit>
            <recordField>Event_Start_Date_Time__c</recordField>
            <timeSource>RecordField</timeSource>
        </scheduledPaths>
        <scheduledPaths>
            <name>X1_Day_before_Event_Start_Date_Time</name>
            <connector>
                <targetReference>Set_emailType_1_Day_Reminder</targetReference>
            </connector>
            <label>1 Day before Event Start Date Time</label>
            <offsetNumber>-1</offsetNumber>
            <offsetUnit>Days</offsetUnit>
            <recordField>Event_Start_Date_Time__c</recordField>
            <timeSource>RecordField</timeSource>
        </scheduledPaths>
        <scheduledPaths>
            <name>X30_Minute_before_Event_Start_Date_Time</name>
            <connector>
                <targetReference>Set_emailType_30_Minute_Reminder</targetReference>
            </connector>
            <label>30 Minute before Event Start Date Time</label>
            <offsetNumber>-30</offsetNumber>
            <offsetUnit>Minutes</offsetUnit>
            <recordField>Event_Start_Date_Time__c</recordField>
            <timeSource>RecordField</timeSource>
        </scheduledPaths>
        <triggerType>RecordAfterSave</triggerType>
    </start>
    <status>Active</status>
    <variables>
        <name>emailType</name>
        <dataType>String</dataType>
        <isCollection>false</isCollection>
        <isInput>true</isInput>
        <isOutput>false</isOutput>
    </variables>
</Flow>
