<?xml version="1.0" encoding="UTF-8"?>
<Flow xmlns="http://soap.sforce.com/2006/04/metadata">
    <apiVersion>62.0</apiVersion>
    <environments>Default</environments>
    <interviewLabel>Capture Cadence Request For Targets {!$Flow.CurrentDateTime}</interviewLabel>
    <label>Capture Cadence Request For Targets</label>
    <processMetadataValues>
        <name>BuilderType</name>
        <value>
            <stringValue>LightningFlowBuilder</stringValue>
        </value>
    </processMetadataValues>
    <processMetadataValues>
        <name>CanvasMode</name>
        <value>
            <stringValue>FREE_FORM_CANVAS</stringValue>
        </value>
    </processMetadataValues>
    <processMetadataValues>
        <name>OriginBuilderType</name>
        <value>
            <stringValue>LightningFlowBuilder</stringValue>
        </value>
    </processMetadataValues>
    <processType>Flow</processType>
    <screens>
        <name>ccr4t</name>
        <label>ccr4t</label>
        <locationX>1096</locationX>
        <locationY>215</locationY>
        <allowBack>true</allowBack>
        <allowFinish>true</allowFinish>
        <allowPause>true</allowPause>
        <fields>
            <name>ccr4tf</name>
            <extensionName>c:captureCadenceRequestForTarget</extensionName>
            <fieldType>ComponentInstance</fieldType>
            <inputParameters>
                <name>business</name>
                <value>
                    <elementReference>business</elementReference>
                </value>
            </inputParameters>
            <inputParameters>
                <name>targetIds</name>
                <value>
                    <elementReference>ids</elementReference>
                </value>
            </inputParameters>
            <inputsOnNextNavToAssocScrn>UseStoredValues</inputsOnNextNavToAssocScrn>
            <isRequired>true</isRequired>
            <storeOutputAutomatically>true</storeOutputAutomatically>
        </fields>
        <showFooter>false</showFooter>
        <showHeader>false</showHeader>
    </screens>
    <start>
        <locationX>970</locationX>
        <locationY>48</locationY>
        <connector>
            <targetReference>ccr4t</targetReference>
        </connector>
    </start>
    <status>Active</status>
    <variables>
        <name>business</name>
        <dataType>String</dataType>
        <isCollection>false</isCollection>
        <isInput>true</isInput>
        <isOutput>false</isOutput>
    </variables>
    <variables>
        <name>ids</name>
        <dataType>String</dataType>
        <isCollection>true</isCollection>
        <isInput>true</isInput>
        <isOutput>false</isOutput>
    </variables>
</Flow>
