<?xml version="1.0" encoding="UTF-8"?>
<Flow xmlns="http://soap.sforce.com/2006/04/metadata">
    <apiVersion>56.0</apiVersion>
    <decisions>
        <name>Belong_to_Case</name>
        <label>Belong to Case</label>
        <locationX>336</locationX>
        <locationY>311</locationY>
        <defaultConnectorLabel>Default Outcome</defaultConnectorLabel>
        <rules>
            <name>Related_to_Case</name>
            <conditionLogic>and</conditionLogic>
            <conditions>
                <leftValueReference>$Record.ParentId</leftValueReference>
                <operator>IsNull</operator>
                <rightValue>
                    <booleanValue>false</booleanValue>
                </rightValue>
            </conditions>
            <connector>
                <targetReference>Get_Case</targetReference>
            </connector>
            <label>Related to Case</label>
        </rules>
    </decisions>
    <decisions>
        <name>Contains_Case_Number</name>
        <label>Contains Case Number</label>
        <locationX>182</locationX>
        <locationY>551</locationY>
        <defaultConnectorLabel>Default Outcome</defaultConnectorLabel>
        <rules>
            <name>NotContainsCaseNumber</name>
            <conditionLogic>NOT (1) AND 2</conditionLogic>
            <conditions>
                <leftValueReference>$Record.HtmlBody</leftValueReference>
                <operator>Contains</operator>
                <rightValue>
                    <elementReference>CaseNumber</elementReference>
                </rightValue>
            </conditions>
            <conditions>
                <leftValueReference>Get_Case.RecordType.DeveloperName</leftValueReference>
                <operator>EqualTo</operator>
                <rightValue>
                    <stringValue>TradeOps</stringValue>
                </rightValue>
            </conditions>
            <connector>
                <targetReference>Embed_Case_Numebr</targetReference>
            </connector>
            <label>NotContainsCaseNumber?</label>
        </rules>
    </decisions>
    <environments>Default</environments>
    <formulas>
        <name>CaseNumber</name>
        <dataType>String</dataType>
        <expression>&quot;Case Number: &quot;+{!$Record.Parent.CaseNumber}</expression>
    </formulas>
    <formulas>
        <name>HTML_Body</name>
        <dataType>String</dataType>
        <expression>{!$Record.HtmlBody}  + BR() + {!CaseNumber}</expression>
    </formulas>
    <formulas>
        <name>Text_Body</name>
        <dataType>String</dataType>
        <expression>{!$Record.TextBody} + BR() + {!CaseNumber}</expression>
    </formulas>
    <interviewLabel>Case Email Message - Fast {!$Flow.CurrentDateTime}</interviewLabel>
    <label>Case Email Message - Fast Field Updates</label>
    <processMetadataValues>
        <name>BuilderType</name>
        <value>
            <stringValue>LightningFlowBuilder</stringValue>
        </value>
    </processMetadataValues>
    <processMetadataValues>
        <name>CanvasMode</name>
        <value>
            <stringValue>AUTO_LAYOUT_CANVAS</stringValue>
        </value>
    </processMetadataValues>
    <processMetadataValues>
        <name>OriginBuilderType</name>
        <value>
            <stringValue>LightningFlowBuilder</stringValue>
        </value>
    </processMetadataValues>
    <processType>AutoLaunchedFlow</processType>
    <recordLookups>
        <name>Get_Case</name>
        <label>Get Case</label>
        <locationX>182</locationX>
        <locationY>431</locationY>
        <assignNullValuesIfNoRecordsFound>false</assignNullValuesIfNoRecordsFound>
        <connector>
            <targetReference>Contains_Case_Number</targetReference>
        </connector>
        <filterLogic>and</filterLogic>
        <filters>
            <field>Id</field>
            <operator>EqualTo</operator>
            <value>
                <elementReference>$Record.ParentId</elementReference>
            </value>
        </filters>
        <getFirstRecordOnly>true</getFirstRecordOnly>
        <object>Case</object>
        <storeOutputAutomatically>true</storeOutputAutomatically>
    </recordLookups>
    <recordUpdates>
        <name>Embed_Case_Numebr</name>
        <label>Embed Case Numebr</label>
        <locationX>50</locationX>
        <locationY>671</locationY>
        <inputAssignments>
            <field>HtmlBody</field>
            <value>
                <elementReference>HTML_Body</elementReference>
            </value>
        </inputAssignments>
        <inputAssignments>
            <field>TextBody</field>
            <value>
                <elementReference>Text_Body</elementReference>
            </value>
        </inputAssignments>
        <inputReference>$Record</inputReference>
    </recordUpdates>
    <start>
        <locationX>210</locationX>
        <locationY>0</locationY>
        <connector>
            <targetReference>Belong_to_Case</targetReference>
        </connector>
        <filterLogic>and</filterLogic>
        <filters>
            <field>Incoming</field>
            <operator>EqualTo</operator>
            <value>
                <booleanValue>false</booleanValue>
            </value>
        </filters>
        <filters>
            <field>ParentId</field>
            <operator>IsNull</operator>
            <value>
                <booleanValue>false</booleanValue>
            </value>
        </filters>
        <filters>
            <field>ParentId</field>
            <operator>StartsWith</operator>
            <value>
                <stringValue>500</stringValue>
            </value>
        </filters>
        <object>EmailMessage</object>
        <recordTriggerType>Create</recordTriggerType>
        <triggerType>RecordBeforeSave</triggerType>
    </start>
    <status>Obsolete</status>
    <variables>
        <name>debug</name>
        <dataType>String</dataType>
        <isCollection>false</isCollection>
        <isInput>false</isInput>
        <isOutput>false</isOutput>
    </variables>
</Flow>
