<?xml version="1.0" encoding="UTF-8"?>
<Flow xmlns="http://soap.sforce.com/2006/04/metadata">
    <apiVersion>56.0</apiVersion>
    <decisions>
        <name>Inherit_Parent_Case_Label_Check</name>
        <label>Inherit Parent Case Label Check</label>
        <locationX>182</locationX>
        <locationY>323</locationY>
        <defaultConnector>
            <targetReference>Inherit_Parent_Web_Email</targetReference>
        </defaultConnector>
        <defaultConnectorLabel>Default Outcome</defaultConnectorLabel>
        <rules>
            <name>Inherit_Parent_Case_Label</name>
            <conditionLogic>and</conditionLogic>
            <conditions>
                <leftValueReference>$Record.Inherit_Parent_Case_Labels__c</leftValueReference>
                <operator>EqualTo</operator>
                <rightValue>
                    <booleanValue>true</booleanValue>
                </rightValue>
            </conditions>
            <connector>
                <targetReference>Update_Case_Label_from_Parent_Case</targetReference>
            </connector>
            <label>Inherit Parent Case Label</label>
        </rules>
    </decisions>
    <description>T134829562
T167231897 - Add Case Subject Logic</description>
    <environments>Default</environments>
    <formulas>
        <name>ChildCaseSubject</name>
        <dataType>String</dataType>
        <expression>{!$Record.Parent.Subject} + &quot; - &quot; +TEXT({!$Record.Inquiry_Type__c})</expression>
    </formulas>
    <interviewLabel>Case - Inherit Parent Case Label {!$Flow.CurrentDateTime}</interviewLabel>
    <label>Case - Inherit Parent Case</label>
    <processMetadataValues>
        <name>BuilderType</name>
        <value>
            <stringValue>LightningFlowBuilder</stringValue>
        </value>
    </processMetadataValues>
    <processMetadataValues>
        <name>CanvasMode</name>
        <value>
            <stringValue>AUTO_LAYOUT_CANVAS</stringValue>
        </value>
    </processMetadataValues>
    <processMetadataValues>
        <name>OriginBuilderType</name>
        <value>
            <stringValue>LightningFlowBuilder</stringValue>
        </value>
    </processMetadataValues>
    <processType>AutoLaunchedFlow</processType>
    <recordUpdates>
        <name>Inherit_Parent_Web_Email</name>
        <label>Inherit Parent Web Email</label>
        <locationX>182</locationX>
        <locationY>623</locationY>
        <inputAssignments>
            <field>ContactId</field>
            <value>
                <elementReference>$Record.Parent.Contact.Id</elementReference>
            </value>
        </inputAssignments>
        <inputAssignments>
            <field>Subject</field>
            <value>
                <elementReference>ChildCaseSubject</elementReference>
            </value>
        </inputAssignments>
        <inputAssignments>
            <field>SuppliedEmail</field>
            <value>
                <elementReference>$Record.Parent.SuppliedEmail</elementReference>
            </value>
        </inputAssignments>
        <inputReference>$Record</inputReference>
    </recordUpdates>
    <recordUpdates>
        <name>Update_Case_Label_from_Parent_Case</name>
        <label>Update Case Label from Parent Case</label>
        <locationX>50</locationX>
        <locationY>431</locationY>
        <connector>
            <targetReference>Inherit_Parent_Web_Email</targetReference>
        </connector>
        <inputAssignments>
            <field>Case_Labels__c</field>
            <value>
                <elementReference>$Record.Parent.Case_Labels__c</elementReference>
            </value>
        </inputAssignments>
        <inputReference>$Record</inputReference>
    </recordUpdates>
    <start>
        <locationX>56</locationX>
        <locationY>0</locationY>
        <connector>
            <targetReference>Inherit_Parent_Case_Label_Check</targetReference>
        </connector>
        <filterLogic>and</filterLogic>
        <filters>
            <field>ParentId</field>
            <operator>NotEqualTo</operator>
            <value>
                <stringValue></stringValue>
            </value>
        </filters>
        <filters>
            <field>RecordTypeId</field>
            <operator>EqualTo</operator>
            <value>
                <stringValue>0121H000000WL0GQAW</stringValue>
            </value>
        </filters>
        <object>Case</object>
        <recordTriggerType>CreateAndUpdate</recordTriggerType>
        <triggerType>RecordAfterSave</triggerType>
    </start>
    <status>Obsolete</status>
</Flow>
