<?xml version="1.0" encoding="UTF-8"?>
<Flow xmlns="http://soap.sforce.com/2006/04/metadata">
    <apiVersion>60.0</apiVersion>
    <decisions>
        <description>To check if sender address is NOT null</description>
        <name>Sender_Address_present</name>
        <label>Sender Address present?</label>
        <locationX>182</locationX>
        <locationY>323</locationY>
        <defaultConnectorLabel>Default Outcome</defaultConnectorLabel>
        <rules>
            <name>Sender_Address_is_NOT_null</name>
            <conditionLogic>or</conditionLogic>
            <conditions>
                <leftValueReference>$Record.Sender_Address__c</leftValueReference>
                <operator>IsNull</operator>
                <rightValue>
                    <booleanValue>false</booleanValue>
                </rightValue>
            </conditions>
            <conditions>
                <leftValueReference>$Record.Sender_Address_Lookup__c</leftValueReference>
                <operator>IsNull</operator>
                <rightValue>
                    <booleanValue>false</booleanValue>
                </rightValue>
            </conditions>
            <connector>
                <targetReference>Populate_Region</targetReference>
            </connector>
            <label>Yes</label>
        </rules>
    </decisions>
    <description>T212536942
T180217174
3/21/24: Added Upper to the region values
3/26/2024: Changed NORAM to NA
6/5/2024: Adding the DG goods logic T185376117</description>
    <environments>Default</environments>
    <formulas>
        <name>RegionfromStreetAddressFormula</name>
        <dataType>String</dataType>
        <expression>IF(NOT(ISBLANK({!$Record.Sender_Address__c})), 
  IF(
	OR(
	CONTAINS($CustomMetadata.Region__mdt.EMEA1.Country_Codes__c, RIGHT(({!$Record.Sender_Address__c}), 2)) ||
	CONTAINS($CustomMetadata.Region__mdt.EMEA2.Country_Codes__c, RIGHT(({!$Record.Sender_Address__c}), 2))
	),
	UPPER(&apos;EMEA&apos;),
	IF(
	CONTAINS($CustomMetadata.Region__mdt.LATAM.Country_Codes__c, RIGHT(({!$Record.Sender_Address__c}), 2)),
	UPPER(&apos;LATAM&apos;),
	IF(
	CONTAINS($CustomMetadata.Region__mdt.NA.Country_Codes__c, RIGHT(({!$Record.Sender_Address__c}), 2)),
	UPPER(&apos;NA&apos;),
	IF(
	CONTAINS($CustomMetadata.Region__mdt.APAC.Country_Codes__c, RIGHT(({!$Record.Sender_Address__c}), 2)),
	UPPER(&apos;APAC&apos;),
	&apos;&apos;
	)
	)
	)
	), 
			{!$Record.Sender_Address_Lookup__r.Region__c}	
		)</expression>
    </formulas>
    <interviewLabel>Case {!$Flow.CurrentDateTime}</interviewLabel>
    <label>Case - ARVR Record Type</label>
    <processMetadataValues>
        <name>BuilderType</name>
        <value>
            <stringValue>LightningFlowBuilder</stringValue>
        </value>
    </processMetadataValues>
    <processMetadataValues>
        <name>CanvasMode</name>
        <value>
            <stringValue>AUTO_LAYOUT_CANVAS</stringValue>
        </value>
    </processMetadataValues>
    <processMetadataValues>
        <name>OriginBuilderType</name>
        <value>
            <stringValue>LightningFlowBuilder</stringValue>
        </value>
    </processMetadataValues>
    <processType>AutoLaunchedFlow</processType>
    <recordUpdates>
        <description>Populate Region based on Sender&apos;s Address Field</description>
        <name>Populate_Region</name>
        <label>Populate Region</label>
        <locationX>50</locationX>
        <locationY>431</locationY>
        <filterLogic>or</filterLogic>
        <filters>
            <field>Region__c</field>
            <operator>IsNull</operator>
            <value>
                <booleanValue>true</booleanValue>
            </value>
        </filters>
        <filters>
            <field>Sender_Address__c</field>
            <operator>NotEqualTo</operator>
            <value>
                <elementReference>$Record__Prior.Sender_Address__c</elementReference>
            </value>
        </filters>
        <filters>
            <field>Sender_Address_Lookup__c</field>
            <operator>NotEqualTo</operator>
            <value>
                <elementReference>$Record__Prior.Sender_Address_Lookup__c</elementReference>
            </value>
        </filters>
        <inputAssignments>
            <field>Region__c</field>
            <value>
                <elementReference>RegionfromStreetAddressFormula</elementReference>
            </value>
        </inputAssignments>
        <inputReference>$Record</inputReference>
    </recordUpdates>
    <start>
        <locationX>56</locationX>
        <locationY>0</locationY>
        <connector>
            <targetReference>Sender_Address_present</targetReference>
        </connector>
        <filterLogic>and</filterLogic>
        <filters>
            <field>RecordTypeId</field>
            <operator>EqualTo</operator>
            <value>
                <stringValue>0121H0000012e4WQAQ</stringValue>
            </value>
        </filters>
        <object>Case</object>
        <recordTriggerType>CreateAndUpdate</recordTriggerType>
        <triggerType>RecordAfterSave</triggerType>
    </start>
    <status>Active</status>
    <variables>
        <name>RelatedARVRItemsLISTToUPDATE</name>
        <dataType>SObject</dataType>
        <isCollection>true</isCollection>
        <isInput>true</isInput>
        <isOutput>false</isOutput>
        <objectType>ARVR_Items__c</objectType>
    </variables>
</Flow>
