<?xml version="1.0" encoding="UTF-8"?>
<Flow xmlns="http://soap.sforce.com/2006/04/metadata">
    <apiVersion>56.0</apiVersion>
    <assignments>
        <name>Assign_case_to_TradeOps_BPS_queue_and_change_status_to_COE_triaging</name>
        <label>Assign case to TradeOps BPS queue and change status to COE triaging</label>
        <locationX>1106</locationX>
        <locationY>3803</locationY>
        <assignmentItems>
            <assignToReference>$Record.Status</assignToReference>
            <operator>Assign</operator>
            <value>
                <stringValue>CoE Triaging</stringValue>
            </value>
        </assignmentItems>
        <assignmentItems>
            <assignToReference>$Record.OwnerId</assignToReference>
            <operator>Assign</operator>
            <value>
                <elementReference>Get_TradeOps_BPS_Queue.Id</elementReference>
            </value>
        </assignmentItems>
        <assignmentItems>
            <assignToReference>$Record.Previous_Status__c</assignToReference>
            <operator>Assign</operator>
            <value>
                <elementReference>$Record__Prior.Status</elementReference>
            </value>
        </assignmentItems>
    </assignments>
    <assignments>
        <name>Assign_case_to_TradeOps_BPS_queue_and_change_status_to_COE_triaging_1</name>
        <label>Assign case to TradeOps BPS queue and change status to COE triaging</label>
        <locationX>50</locationX>
        <locationY>3803</locationY>
        <assignmentItems>
            <assignToReference>$Record.Status</assignToReference>
            <operator>Assign</operator>
            <value>
                <stringValue>CoE Triaging</stringValue>
            </value>
        </assignmentItems>
        <assignmentItems>
            <assignToReference>$Record.OwnerId</assignToReference>
            <operator>Assign</operator>
            <value>
                <elementReference>Get_TradeOps_BPS_Queue_1.Id</elementReference>
            </value>
        </assignmentItems>
    </assignments>
    <assignments>
        <name>Assign_Date</name>
        <label>Assign Date</label>
        <locationX>1832</locationX>
        <locationY>695</locationY>
        <assignmentItems>
            <assignToReference>$Record.Auto_Resolved_Datetime__c</assignToReference>
            <operator>Assign</operator>
            <value>
                <elementReference>DuringWeekend_NextDate</elementReference>
            </value>
        </assignmentItems>
        <connector>
            <targetReference>Is_Escalated</targetReference>
        </connector>
    </assignments>
    <assignments>
        <name>Assign_Date_1</name>
        <label>Assign Date</label>
        <locationX>248</locationX>
        <locationY>803</locationY>
        <assignmentItems>
            <assignToReference>$Record.Auto_Resolved_Datetime__c</assignToReference>
            <operator>Assign</operator>
            <value>
                <elementReference>DuringWeekend_NextDate</elementReference>
            </value>
        </assignmentItems>
        <connector>
            <targetReference>Is_Escalated</targetReference>
        </connector>
    </assignments>
    <assignments>
        <name>Assign_Date_2</name>
        <label>Assign Date</label>
        <locationX>512</locationX>
        <locationY>803</locationY>
        <assignmentItems>
            <assignToReference>$Record.Auto_Resolved_Datetime__c</assignToReference>
            <operator>Assign</operator>
            <value>
                <elementReference>DuringWeekdays_NextDate</elementReference>
            </value>
        </assignmentItems>
        <connector>
            <targetReference>Is_Escalated</targetReference>
        </connector>
    </assignments>
    <assignments>
        <name>Assign_Date_3</name>
        <label>Assign Date</label>
        <locationX>776</locationX>
        <locationY>803</locationY>
        <assignmentItems>
            <assignToReference>$Record.Auto_Resolved_Datetime__c</assignToReference>
            <operator>Assign</operator>
            <value>
                <elementReference>DuringWeekdays_NextDate</elementReference>
            </value>
        </assignmentItems>
        <connector>
            <targetReference>Is_Escalated</targetReference>
        </connector>
    </assignments>
    <assignments>
        <name>Assign_Date_4</name>
        <label>Assign Date</label>
        <locationX>1040</locationX>
        <locationY>803</locationY>
        <assignmentItems>
            <assignToReference>$Record.Auto_Resolved_Datetime__c</assignToReference>
            <operator>Assign</operator>
            <value>
                <elementReference>DuringWeekdays_NextDate_2</elementReference>
            </value>
        </assignmentItems>
        <connector>
            <targetReference>Is_Escalated</targetReference>
        </connector>
    </assignments>
    <assignments>
        <name>Assign_Date_5</name>
        <label>Assign Date</label>
        <locationX>1304</locationX>
        <locationY>803</locationY>
        <assignmentItems>
            <assignToReference>$Record.Auto_Resolved_Datetime__c</assignToReference>
            <operator>Assign</operator>
            <value>
                <elementReference>DuringWeekdays_NextDate_2</elementReference>
            </value>
        </assignmentItems>
        <connector>
            <targetReference>Is_Escalated</targetReference>
        </connector>
    </assignments>
    <assignments>
        <name>Assign_Date_6</name>
        <label>Assign Date</label>
        <locationX>1568</locationX>
        <locationY>803</locationY>
        <assignmentItems>
            <assignToReference>$Record.Auto_Resolved_Datetime__c</assignToReference>
            <operator>Assign</operator>
            <value>
                <elementReference>DuringWeekend_NextDate</elementReference>
            </value>
        </assignmentItems>
        <connector>
            <targetReference>Is_Escalated</targetReference>
        </connector>
    </assignments>
    <assignments>
        <name>Assign_Escalation_Timestamp</name>
        <label>Assign Escalation Timestamp</label>
        <locationX>1106</locationX>
        <locationY>1187</locationY>
        <assignmentItems>
            <assignToReference>$Record.Case_Escalation_Date__c</assignToReference>
            <operator>Assign</operator>
            <value>
                <elementReference>CurrentDateTime</elementReference>
            </value>
        </assignmentItems>
        <connector>
            <targetReference>Is_Expedited</targetReference>
        </connector>
    </assignments>
    <assignments>
        <name>Assign_Expedite_Timestamp</name>
        <label>Assign Expedite Timestamp</label>
        <locationX>1106</locationX>
        <locationY>1487</locationY>
        <assignmentItems>
            <assignToReference>$Record.Expedited_Date__c</assignToReference>
            <operator>Assign</operator>
            <value>
                <elementReference>CurrentDateTime</elementReference>
            </value>
        </assignmentItems>
        <connector>
            <targetReference>Has_Parent_Case</targetReference>
        </connector>
    </assignments>
    <assignments>
        <name>Assign_Status_to_COE_Triaging</name>
        <label>Assign Status to COE Triaging</label>
        <locationX>1370</locationX>
        <locationY>3695</locationY>
        <assignmentItems>
            <assignToReference>$Record.Status</assignToReference>
            <operator>Assign</operator>
            <value>
                <stringValue>CoE Triaging</stringValue>
            </value>
        </assignmentItems>
        <assignmentItems>
            <assignToReference>$Record.Previous_Status__c</assignToReference>
            <operator>Assign</operator>
            <value>
                <elementReference>$Record__Prior.Status</elementReference>
            </value>
        </assignmentItems>
    </assignments>
    <assignments>
        <name>Assign_Status_to_FTE_Escalated</name>
        <label>Assign Status to FTE Escalated</label>
        <locationX>578</locationX>
        <locationY>3803</locationY>
        <assignmentItems>
            <assignToReference>$Record.Status</assignToReference>
            <operator>Assign</operator>
            <value>
                <stringValue>FTE Escalated</stringValue>
            </value>
        </assignmentItems>
        <assignmentItems>
            <assignToReference>$Record.Previous_Status__c</assignToReference>
            <operator>Assign</operator>
            <value>
                <elementReference>$Record__Prior.Status</elementReference>
            </value>
        </assignmentItems>
    </assignments>
    <assignments>
        <name>Assign_Status_to_SME_Assigned</name>
        <label>Assign Status to SME Assigned</label>
        <locationX>314</locationX>
        <locationY>3803</locationY>
        <assignmentItems>
            <assignToReference>$Record.Status</assignToReference>
            <operator>Assign</operator>
            <value>
                <stringValue>SME Assigned</stringValue>
            </value>
        </assignmentItems>
        <assignmentItems>
            <assignToReference>$Record.Previous_Status__c</assignToReference>
            <operator>Assign</operator>
            <value>
                <elementReference>$Record__Prior.Status</elementReference>
            </value>
        </assignmentItems>
    </assignments>
    <assignments>
        <name>Assign_to_SME_Queued</name>
        <label>Assign to SME Queued</label>
        <locationX>886</locationX>
        <locationY>2195</locationY>
        <assignmentItems>
            <assignToReference>$Record.Status</assignToReference>
            <operator>Assign</operator>
            <value>
                <stringValue>SME Queued</stringValue>
            </value>
        </assignmentItems>
        <connector>
            <targetReference>Check_Subject</targetReference>
        </connector>
    </assignments>
    <assignments>
        <name>Assign_to_TradeOps_BPS_queue</name>
        <label>Assign to TradeOps BPS queue</label>
        <locationX>1106</locationX>
        <locationY>3095</locationY>
        <assignmentItems>
            <assignToReference>$Record.OwnerId</assignToReference>
            <operator>Assign</operator>
            <value>
                <elementReference>Get_Queue.Id</elementReference>
            </value>
        </assignmentItems>
        <assignmentItems>
            <assignToReference>$Record.Previous_Status__c</assignToReference>
            <operator>Assign</operator>
            <value>
                <elementReference>$Record__Prior.Status</elementReference>
            </value>
        </assignmentItems>
        <assignmentItems>
            <assignToReference>$Record.Last_Status_Update_Time__c</assignToReference>
            <operator>Assign</operator>
            <value>
                <elementReference>CurrentDateTime</elementReference>
            </value>
        </assignmentItems>
        <connector>
            <targetReference>Owner_Changed</targetReference>
        </connector>
    </assignments>
    <assignments>
        <name>Assign_to_TradeOps_queue</name>
        <label>Assign to TradeOps queue</label>
        <locationX>842</locationX>
        <locationY>3095</locationY>
        <assignmentItems>
            <assignToReference>$Record.OwnerId</assignToReference>
            <operator>Assign</operator>
            <value>
                <elementReference>Get_Tradeops_Queue.Id</elementReference>
            </value>
        </assignmentItems>
        <assignmentItems>
            <assignToReference>$Record.Previous_Status__c</assignToReference>
            <operator>Assign</operator>
            <value>
                <elementReference>$Record__Prior.Status</elementReference>
            </value>
        </assignmentItems>
        <assignmentItems>
            <assignToReference>$Record.Last_Status_Update_Time__c</assignToReference>
            <operator>Assign</operator>
            <value>
                <elementReference>CurrentDateTime</elementReference>
            </value>
        </assignmentItems>
        <connector>
            <targetReference>Owner_Changed</targetReference>
        </connector>
    </assignments>
    <assignments>
        <name>Assign_Tradeops_Domain</name>
        <label>Assign Tradeops Domain</label>
        <locationX>1106</locationX>
        <locationY>395</locationY>
        <assignmentItems>
            <assignToReference>$Record.TradeOps_Domain__c</assignToReference>
            <operator>Assign</operator>
            <value>
                <stringValue>TradeOps</stringValue>
            </value>
        </assignmentItems>
        <connector>
            <targetReference>Case_status_is_changed_to_Returned</targetReference>
        </connector>
    </assignments>
    <assignments>
        <name>Change_Status_to_FTE_Escalated</name>
        <label>Change Status to FTE Escalated</label>
        <locationX>1898</locationX>
        <locationY>3695</locationY>
        <assignmentItems>
            <assignToReference>$Record.Status</assignToReference>
            <operator>Assign</operator>
            <value>
                <stringValue>FTE Escalated</stringValue>
            </value>
        </assignmentItems>
        <assignmentItems>
            <assignToReference>$Record.Previous_Status__c</assignToReference>
            <operator>Assign</operator>
            <value>
                <elementReference>$Record__Prior.Status</elementReference>
            </value>
        </assignmentItems>
    </assignments>
    <assignments>
        <name>Change_Status_to_SME_Assigned</name>
        <label>Change Status to SME Assigned</label>
        <locationX>1634</locationX>
        <locationY>3695</locationY>
        <assignmentItems>
            <assignToReference>$Record.Status</assignToReference>
            <operator>Assign</operator>
            <value>
                <stringValue>SME Assigned</stringValue>
            </value>
        </assignmentItems>
        <assignmentItems>
            <assignToReference>$Record.Previous_Status__c</assignToReference>
            <operator>Assign</operator>
            <value>
                <elementReference>$Record__Prior.Status</elementReference>
            </value>
        </assignmentItems>
    </assignments>
    <assignments>
        <name>Change_Status_toSME_Queued</name>
        <label>Change Status toSME Queued</label>
        <locationX>2162</locationX>
        <locationY>3803</locationY>
        <assignmentItems>
            <assignToReference>$Record.Status</assignToReference>
            <operator>Assign</operator>
            <value>
                <stringValue>SME Queued</stringValue>
            </value>
        </assignmentItems>
        <assignmentItems>
            <assignToReference>$Record.Previous_Status__c</assignToReference>
            <operator>Assign</operator>
            <value>
                <elementReference>$Record__Prior.Status</elementReference>
            </value>
        </assignmentItems>
        <assignmentItems>
            <assignToReference>$Record.OwnerId</assignToReference>
            <operator>Assign</operator>
            <value>
                <elementReference>Get_Tradeops_Queue_1.Id</elementReference>
            </value>
        </assignmentItems>
    </assignments>
    <assignments>
        <name>Inherit_Parent_Web_Email</name>
        <label>Inherit Parent Web Email</label>
        <locationX>1018</locationX>
        <locationY>2687</locationY>
        <assignmentItems>
            <assignToReference>$Record.ContactId</assignToReference>
            <operator>Assign</operator>
            <value>
                <elementReference>$Record.Parent.Contact.Id</elementReference>
            </value>
        </assignmentItems>
        <assignmentItems>
            <assignToReference>$Record.SuppliedEmail</assignToReference>
            <operator>Assign</operator>
            <value>
                <elementReference>$Record.Parent.SuppliedEmail</elementReference>
            </value>
        </assignmentItems>
        <connector>
            <targetReference>Status_Change</targetReference>
        </connector>
    </assignments>
    <assignments>
        <name>Set_Previous_Status</name>
        <label>Set Previous Status</label>
        <locationX>1370</locationX>
        <locationY>2987</locationY>
        <assignmentItems>
            <assignToReference>$Record.Last_Status_Update_Time__c</assignToReference>
            <operator>Assign</operator>
            <value>
                <elementReference>CurrentDateTime</elementReference>
            </value>
        </assignmentItems>
        <assignmentItems>
            <assignToReference>$Record.Previous_Status__c</assignToReference>
            <operator>Assign</operator>
            <value>
                <elementReference>$Record__Prior.Status</elementReference>
            </value>
        </assignmentItems>
        <connector>
            <targetReference>Owner_Changed</targetReference>
        </connector>
    </assignments>
    <assignments>
        <name>Set_Subject</name>
        <label>Set Subject</label>
        <locationX>886</locationX>
        <locationY>2495</locationY>
        <assignmentItems>
            <assignToReference>$Record.Subject</assignToReference>
            <operator>Assign</operator>
            <value>
                <elementReference>ChildCaseSubject</elementReference>
            </value>
        </assignmentItems>
        <connector>
            <targetReference>Inherit_Parent_Web_Email</targetReference>
        </connector>
    </assignments>
    <assignments>
        <name>Status_changed_CoE_triaging</name>
        <label>Status changed  CoE triaging</label>
        <locationX>1502</locationX>
        <locationY>3395</locationY>
        <assignmentItems>
            <assignToReference>$Record.Status</assignToReference>
            <operator>Assign</operator>
            <value>
                <stringValue>CoE Triaging</stringValue>
            </value>
        </assignmentItems>
        <assignmentItems>
            <assignToReference>$Record.Previous_Status__c</assignToReference>
            <operator>Assign</operator>
            <value>
                <elementReference>$Record__Prior.Status</elementReference>
            </value>
        </assignmentItems>
        <connector>
            <targetReference>Status_based_Email_event</targetReference>
        </connector>
    </assignments>
    <assignments>
        <name>Status_to_FTE_Escalated</name>
        <label>Status to FTE Escalated</label>
        <locationX>974</locationX>
        <locationY>3395</locationY>
        <assignmentItems>
            <assignToReference>$Record.Status</assignToReference>
            <operator>Assign</operator>
            <value>
                <stringValue>FTE Escalated</stringValue>
            </value>
        </assignmentItems>
        <assignmentItems>
            <assignToReference>$Record.Previous_Status__c</assignToReference>
            <operator>Assign</operator>
            <value>
                <elementReference>$Record__Prior.Status</elementReference>
            </value>
        </assignmentItems>
        <connector>
            <targetReference>Status_based_Email_event</targetReference>
        </connector>
    </assignments>
    <assignments>
        <name>Status_to_SME_Assigned</name>
        <label>Status to SME Assigned</label>
        <locationX>710</locationX>
        <locationY>3395</locationY>
        <assignmentItems>
            <assignToReference>$Record.Status</assignToReference>
            <operator>Assign</operator>
            <value>
                <stringValue>SME Assigned</stringValue>
            </value>
        </assignmentItems>
        <assignmentItems>
            <assignToReference>$Record.Previous_Status__c</assignToReference>
            <operator>Assign</operator>
            <value>
                <elementReference>$Record__Prior.Status</elementReference>
            </value>
        </assignmentItems>
        <connector>
            <targetReference>Status_based_Email_event</targetReference>
        </connector>
    </assignments>
    <assignments>
        <name>Status_to_SME_Queued</name>
        <label>Status to SME Queued</label>
        <locationX>1238</locationX>
        <locationY>3395</locationY>
        <assignmentItems>
            <assignToReference>$Record.Status</assignToReference>
            <operator>Assign</operator>
            <value>
                <stringValue>SME Queued</stringValue>
            </value>
        </assignmentItems>
        <assignmentItems>
            <assignToReference>$Record.Previous_Status__c</assignToReference>
            <operator>Assign</operator>
            <value>
                <elementReference>$Record__Prior.Status</elementReference>
            </value>
        </assignmentItems>
        <connector>
            <targetReference>Status_based_Email_event</targetReference>
        </connector>
    </assignments>
    <assignments>
        <name>Update_Labels_And_Inquiry_Type_From_Parent_Case</name>
        <label>Update Labels  And Inquiry Type From Parent Case</label>
        <locationX>1018</locationX>
        <locationY>1895</locationY>
        <assignmentItems>
            <assignToReference>$Record.Case_Labels__c</assignToReference>
            <operator>Assign</operator>
            <value>
                <elementReference>$Record.Parent.Case_Labels__c</elementReference>
            </value>
        </assignmentItems>
        <assignmentItems>
            <assignToReference>$Record.Country_Labels__c</assignToReference>
            <operator>Assign</operator>
            <value>
                <elementReference>$Record.Parent.Country_Labels__c</elementReference>
            </value>
        </assignmentItems>
        <assignmentItems>
            <assignToReference>$Record.Region_Labels__c</assignToReference>
            <operator>Assign</operator>
            <value>
                <elementReference>$Record.Parent.Region_Labels__c</elementReference>
            </value>
        </assignmentItems>
        <assignmentItems>
            <assignToReference>$Record.Inquiry_Type__c</assignToReference>
            <operator>Assign</operator>
            <value>
                <elementReference>$Record.Parent.Inquiry_Type__c</elementReference>
            </value>
        </assignmentItems>
        <connector>
            <targetReference>isStatus_New</targetReference>
        </connector>
    </assignments>
    <assignments>
        <name>Update_Labels_From_Parent_Case</name>
        <label>Update Labels From Parent Case</label>
        <locationX>754</locationX>
        <locationY>1895</locationY>
        <assignmentItems>
            <assignToReference>$Record.Case_Labels__c</assignToReference>
            <operator>Assign</operator>
            <value>
                <elementReference>$Record.Parent.Case_Labels__c</elementReference>
            </value>
        </assignmentItems>
        <assignmentItems>
            <assignToReference>$Record.Country_Labels__c</assignToReference>
            <operator>Assign</operator>
            <value>
                <elementReference>$Record.Parent.Country_Labels__c</elementReference>
            </value>
        </assignmentItems>
        <assignmentItems>
            <assignToReference>$Record.Region_Labels__c</assignToReference>
            <operator>Assign</operator>
            <value>
                <elementReference>$Record.Parent.Region_Labels__c</elementReference>
            </value>
        </assignmentItems>
        <connector>
            <targetReference>isStatus_New</targetReference>
        </connector>
    </assignments>
    <decisions>
        <name>After_4_PM</name>
        <label>After 4 PM</label>
        <locationX>380</locationX>
        <locationY>695</locationY>
        <defaultConnector>
            <targetReference>Assign_Date_2</targetReference>
        </defaultConnector>
        <defaultConnectorLabel>After</defaultConnectorLabel>
        <rules>
            <name>Before</name>
            <conditionLogic>and</conditionLogic>
            <conditions>
                <leftValueReference>DayHours</leftValueReference>
                <operator>LessThan</operator>
                <rightValue>
                    <numberValue>16.0</numberValue>
                </rightValue>
            </conditions>
            <connector>
                <targetReference>Assign_Date_1</targetReference>
            </connector>
            <label>Before</label>
        </rules>
    </decisions>
    <decisions>
        <name>After_5_PM</name>
        <label>After 5 PM</label>
        <locationX>1436</locationX>
        <locationY>695</locationY>
        <defaultConnector>
            <targetReference>Assign_Date_6</targetReference>
        </defaultConnector>
        <defaultConnectorLabel>After</defaultConnectorLabel>
        <rules>
            <name>Before_5_PM</name>
            <conditionLogic>and</conditionLogic>
            <conditions>
                <leftValueReference>DayHours</leftValueReference>
                <operator>LessThan</operator>
                <rightValue>
                    <numberValue>17.0</numberValue>
                </rightValue>
            </conditions>
            <connector>
                <targetReference>Assign_Date_5</targetReference>
            </connector>
            <label>Before</label>
        </rules>
    </decisions>
    <decisions>
        <description>Calculated Auto resolved Datetime when the case status is Returned</description>
        <name>Case_status_is_changed_to_Returned</name>
        <label>Case status is changed to Returned</label>
        <locationX>1238</locationX>
        <locationY>587</locationY>
        <defaultConnector>
            <targetReference>Is_Escalated</targetReference>
        </defaultConnector>
        <defaultConnectorLabel>Default</defaultConnectorLabel>
        <rules>
            <name>Sunday</name>
            <conditionLogic>(1 AND 2 AND 3 ) OR 4</conditionLogic>
            <conditions>
                <leftValueReference>$Record.Last_Status_Update_Time__c</leftValueReference>
                <operator>IsChanged</operator>
                <rightValue>
                    <booleanValue>true</booleanValue>
                </rightValue>
            </conditions>
            <conditions>
                <leftValueReference>$Record.Status</leftValueReference>
                <operator>EqualTo</operator>
                <rightValue>
                    <stringValue>Returned</stringValue>
                </rightValue>
            </conditions>
            <conditions>
                <leftValueReference>WeekDay</leftValueReference>
                <operator>EqualTo</operator>
                <rightValue>
                    <numberValue>1.0</numberValue>
                </rightValue>
            </conditions>
            <conditions>
                <leftValueReference>$Record.TradeOps_Last_Inbound_Email_Date_Time__c</leftValueReference>
                <operator>IsChanged</operator>
                <rightValue>
                    <booleanValue>true</booleanValue>
                </rightValue>
            </conditions>
            <connector>
                <targetReference>After_4_PM</targetReference>
            </connector>
            <label>Sunday</label>
        </rules>
        <rules>
            <name>Monday_to_Thursday</name>
            <conditionLogic>1 AND 2 AND(3 OR 4 OR 5 OR 6 OR 7)</conditionLogic>
            <conditions>
                <leftValueReference>$Record.Last_Status_Update_Time__c</leftValueReference>
                <operator>IsChanged</operator>
                <rightValue>
                    <booleanValue>true</booleanValue>
                </rightValue>
            </conditions>
            <conditions>
                <leftValueReference>$Record.Status</leftValueReference>
                <operator>EqualTo</operator>
                <rightValue>
                    <stringValue>Returned</stringValue>
                </rightValue>
            </conditions>
            <conditions>
                <leftValueReference>WeekDay</leftValueReference>
                <operator>EqualTo</operator>
                <rightValue>
                    <numberValue>2.0</numberValue>
                </rightValue>
            </conditions>
            <conditions>
                <leftValueReference>WeekDay</leftValueReference>
                <operator>EqualTo</operator>
                <rightValue>
                    <numberValue>3.0</numberValue>
                </rightValue>
            </conditions>
            <conditions>
                <leftValueReference>WeekDay</leftValueReference>
                <operator>EqualTo</operator>
                <rightValue>
                    <numberValue>4.0</numberValue>
                </rightValue>
            </conditions>
            <conditions>
                <leftValueReference>WeekDay</leftValueReference>
                <operator>EqualTo</operator>
                <rightValue>
                    <numberValue>5.0</numberValue>
                </rightValue>
            </conditions>
            <conditions>
                <leftValueReference>$Record.TradeOps_Last_Inbound_Email_Date_Time__c</leftValueReference>
                <operator>IsChanged</operator>
                <rightValue>
                    <booleanValue>true</booleanValue>
                </rightValue>
            </conditions>
            <connector>
                <targetReference>Next_Date_Before_Weekend_Start</targetReference>
            </connector>
            <label>Monday to Thursday</label>
        </rules>
        <rules>
            <name>Friday</name>
            <conditionLogic>(1 AND 2 AND 3 ) OR 4</conditionLogic>
            <conditions>
                <leftValueReference>$Record.Last_Status_Update_Time__c</leftValueReference>
                <operator>IsChanged</operator>
                <rightValue>
                    <booleanValue>true</booleanValue>
                </rightValue>
            </conditions>
            <conditions>
                <leftValueReference>$Record.Status</leftValueReference>
                <operator>EqualTo</operator>
                <rightValue>
                    <stringValue>Returned</stringValue>
                </rightValue>
            </conditions>
            <conditions>
                <leftValueReference>WeekDay</leftValueReference>
                <operator>EqualTo</operator>
                <rightValue>
                    <numberValue>6.0</numberValue>
                </rightValue>
            </conditions>
            <conditions>
                <leftValueReference>$Record.TradeOps_Last_Inbound_Email_Date_Time__c</leftValueReference>
                <operator>IsChanged</operator>
                <rightValue>
                    <booleanValue>true</booleanValue>
                </rightValue>
            </conditions>
            <connector>
                <targetReference>After_5_PM</targetReference>
            </connector>
            <label>Friday</label>
        </rules>
        <rules>
            <name>Saturday</name>
            <conditionLogic>(1 AND 2) OR 3</conditionLogic>
            <conditions>
                <leftValueReference>$Record.Last_Status_Update_Time__c</leftValueReference>
                <operator>IsChanged</operator>
                <rightValue>
                    <booleanValue>true</booleanValue>
                </rightValue>
            </conditions>
            <conditions>
                <leftValueReference>$Record.Status</leftValueReference>
                <operator>EqualTo</operator>
                <rightValue>
                    <stringValue>Returned</stringValue>
                </rightValue>
            </conditions>
            <conditions>
                <leftValueReference>$Record.TradeOps_Last_Inbound_Email_Date_Time__c</leftValueReference>
                <operator>IsChanged</operator>
                <rightValue>
                    <booleanValue>true</booleanValue>
                </rightValue>
            </conditions>
            <connector>
                <targetReference>Assign_Date</targetReference>
            </connector>
            <label>Saturday</label>
        </rules>
    </decisions>
    <decisions>
        <name>Check_owner_of_the_record</name>
        <label>Check owner of the record</label>
        <locationX>578</locationX>
        <locationY>3695</locationY>
        <defaultConnectorLabel>Default Outcome</defaultConnectorLabel>
        <rules>
            <name>Owner_is_contingent_worker</name>
            <conditionLogic>and</conditionLogic>
            <conditions>
                <leftValueReference>$Record.Owner:User.Title</leftValueReference>
                <operator>EqualTo</operator>
                <rightValue>
                    <stringValue>Contingent Worker</stringValue>
                </rightValue>
            </conditions>
            <connector>
                <targetReference>Assign_Status_to_SME_Assigned</targetReference>
            </connector>
            <label>Owner is contingent worker</label>
        </rules>
        <rules>
            <name>Owner_is_FTE</name>
            <conditionLogic>and</conditionLogic>
            <conditions>
                <leftValueReference>$Record.Owner:User.Title</leftValueReference>
                <operator>NotEqualTo</operator>
                <rightValue>
                    <stringValue>Contingent Worker</stringValue>
                </rightValue>
            </conditions>
            <conditions>
                <leftValueReference>$Record.Owner:User.Title</leftValueReference>
                <operator>NotEqualTo</operator>
                <rightValue>
                    <stringValue>Contingent Partner</stringValue>
                </rightValue>
            </conditions>
            <conditions>
                <leftValueReference>$Record.Owner:User.Title</leftValueReference>
                <operator>IsNull</operator>
                <rightValue>
                    <booleanValue>false</booleanValue>
                </rightValue>
            </conditions>
            <connector>
                <targetReference>Assign_Status_to_FTE_Escalated</targetReference>
            </connector>
            <label>Owner is FTE</label>
        </rules>
    </decisions>
    <decisions>
        <name>Check_Owner_Type</name>
        <label>Check Owner Type</label>
        <locationX>1238</locationX>
        <locationY>287</locationY>
        <defaultConnector>
            <targetReference>Case_status_is_changed_to_Returned</targetReference>
        </defaultConnector>
        <defaultConnectorLabel>Default Outcome</defaultConnectorLabel>
        <rules>
            <name>Owner_TradeOps</name>
            <conditionLogic>and</conditionLogic>
            <conditions>
                <leftValueReference>$Record.Owner:User.Profile.Name</leftValueReference>
                <operator>EqualTo</operator>
                <rightValue>
                    <stringValue>Facebook TradeOps</stringValue>
                </rightValue>
            </conditions>
            <conditions>
                <leftValueReference>$Record.Owner:User.Profile.Name</leftValueReference>
                <operator>EqualTo</operator>
                <rightValue>
                    <stringValue>TradeOps Community User</stringValue>
                </rightValue>
            </conditions>
            <conditions>
                <leftValueReference>$Record.Owner:User.Profile.Name</leftValueReference>
                <operator>EqualTo</operator>
                <rightValue>
                    <stringValue>Facebook TradeOps Admin</stringValue>
                </rightValue>
            </conditions>
            <conditions>
                <leftValueReference>$Record.Owner:User.Profile.Name</leftValueReference>
                <operator>EqualTo</operator>
                <rightValue>
                    <stringValue>Facebook Base No Function Full</stringValue>
                </rightValue>
            </conditions>
            <connector>
                <targetReference>Assign_Tradeops_Domain</targetReference>
            </connector>
            <label>Owner - TradeOps</label>
        </rules>
    </decisions>
    <decisions>
        <name>Check_Subject</name>
        <label>Check Subject</label>
        <locationX>1018</locationX>
        <locationY>2387</locationY>
        <defaultConnector>
            <targetReference>Inherit_Parent_Web_Email</targetReference>
        </defaultConnector>
        <defaultConnectorLabel>Default Outcome</defaultConnectorLabel>
        <rules>
            <name>Subject_is_empty</name>
            <conditionLogic>and</conditionLogic>
            <conditions>
                <leftValueReference>$Record.Subject</leftValueReference>
                <operator>IsNull</operator>
                <rightValue>
                    <booleanValue>true</booleanValue>
                </rightValue>
            </conditions>
            <connector>
                <targetReference>Set_Subject</targetReference>
            </connector>
            <label>Subject is empty</label>
        </rules>
    </decisions>
    <decisions>
        <name>Has_Parent_Case</name>
        <label>Has Parent Case?</label>
        <locationX>1238</locationX>
        <locationY>1679</locationY>
        <defaultConnector>
            <targetReference>Status_Change</targetReference>
        </defaultConnector>
        <defaultConnectorLabel>Default Outcome</defaultConnectorLabel>
        <rules>
            <name>Has_Parent</name>
            <conditionLogic>and</conditionLogic>
            <conditions>
                <leftValueReference>$Record.ParentId</leftValueReference>
                <operator>IsNull</operator>
                <rightValue>
                    <booleanValue>false</booleanValue>
                </rightValue>
            </conditions>
            <connector>
                <targetReference>Inherit_Parent_Label_Check</targetReference>
            </connector>
            <label>Has Parent</label>
        </rules>
    </decisions>
    <decisions>
        <name>Inherit_Parent_Label_Check</name>
        <label>Inherit Parent Label Check</label>
        <locationX>1018</locationX>
        <locationY>1787</locationY>
        <defaultConnector>
            <targetReference>isStatus_New</targetReference>
        </defaultConnector>
        <defaultConnectorLabel>Default Outcome</defaultConnectorLabel>
        <rules>
            <name>Inherit_Label_Only</name>
            <conditionLogic>and</conditionLogic>
            <conditions>
                <leftValueReference>$Record.Origin</leftValueReference>
                <operator>NotEqualTo</operator>
                <rightValue>
                    <stringValue>TradeOps Email</stringValue>
                </rightValue>
            </conditions>
            <conditions>
                <leftValueReference>$Record.Case_Labels__c</leftValueReference>
                <operator>IsChanged</operator>
                <rightValue>
                    <booleanValue>false</booleanValue>
                </rightValue>
            </conditions>
            <conditions>
                <leftValueReference>$Record.Country_Labels__c</leftValueReference>
                <operator>IsChanged</operator>
                <rightValue>
                    <booleanValue>false</booleanValue>
                </rightValue>
            </conditions>
            <conditions>
                <leftValueReference>$Record.Region_Labels__c</leftValueReference>
                <operator>IsChanged</operator>
                <rightValue>
                    <booleanValue>false</booleanValue>
                </rightValue>
            </conditions>
            <connector>
                <targetReference>Update_Labels_From_Parent_Case</targetReference>
            </connector>
            <label>Inherit Label Only</label>
        </rules>
        <rules>
            <name>Inherit_Labels_With_Inquiry_Type</name>
            <conditionLogic>and</conditionLogic>
            <conditions>
                <leftValueReference>$Record.Origin</leftValueReference>
                <operator>EqualTo</operator>
                <rightValue>
                    <stringValue>TradeOps Email</stringValue>
                </rightValue>
            </conditions>
            <conditions>
                <leftValueReference>$Record.Case_Labels__c</leftValueReference>
                <operator>IsChanged</operator>
                <rightValue>
                    <booleanValue>false</booleanValue>
                </rightValue>
            </conditions>
            <conditions>
                <leftValueReference>$Record.Country_Labels__c</leftValueReference>
                <operator>IsChanged</operator>
                <rightValue>
                    <booleanValue>false</booleanValue>
                </rightValue>
            </conditions>
            <conditions>
                <leftValueReference>$Record.Region_Labels__c</leftValueReference>
                <operator>IsChanged</operator>
                <rightValue>
                    <booleanValue>false</booleanValue>
                </rightValue>
            </conditions>
            <conditions>
                <leftValueReference>$Record.Inquiry_Type__c</leftValueReference>
                <operator>IsChanged</operator>
                <rightValue>
                    <booleanValue>false</booleanValue>
                </rightValue>
            </conditions>
            <connector>
                <targetReference>Update_Labels_And_Inquiry_Type_From_Parent_Case</targetReference>
            </connector>
            <label>Inherit Labels With Inquiry Type</label>
        </rules>
    </decisions>
    <decisions>
        <name>Is_Escalated</name>
        <label>Is Escalated?</label>
        <locationX>1238</locationX>
        <locationY>1079</locationY>
        <defaultConnector>
            <targetReference>Is_Expedited</targetReference>
        </defaultConnector>
        <defaultConnectorLabel>Default Outcome</defaultConnectorLabel>
        <rules>
            <name>Escalated_True</name>
            <conditionLogic>and</conditionLogic>
            <conditions>
                <leftValueReference>$Record.IsEscalated</leftValueReference>
                <operator>EqualTo</operator>
                <rightValue>
                    <booleanValue>true</booleanValue>
                </rightValue>
            </conditions>
            <conditions>
                <leftValueReference>$Record__Prior.IsEscalated</leftValueReference>
                <operator>EqualTo</operator>
                <rightValue>
                    <booleanValue>false</booleanValue>
                </rightValue>
            </conditions>
            <connector>
                <targetReference>Assign_Escalation_Timestamp</targetReference>
            </connector>
            <label>Escalated - True</label>
        </rules>
    </decisions>
    <decisions>
        <name>Is_Expedited</name>
        <label>Is Expedited?</label>
        <locationX>1238</locationX>
        <locationY>1379</locationY>
        <defaultConnector>
            <targetReference>Has_Parent_Case</targetReference>
        </defaultConnector>
        <defaultConnectorLabel>Default Outcome</defaultConnectorLabel>
        <rules>
            <name>Expedited_True</name>
            <conditionLogic>and</conditionLogic>
            <conditions>
                <leftValueReference>$Record.isExpedited__c</leftValueReference>
                <operator>EqualTo</operator>
                <rightValue>
                    <booleanValue>true</booleanValue>
                </rightValue>
            </conditions>
            <conditions>
                <leftValueReference>$Record__Prior.isExpedited__c</leftValueReference>
                <operator>EqualTo</operator>
                <rightValue>
                    <booleanValue>false</booleanValue>
                </rightValue>
            </conditions>
            <connector>
                <targetReference>Assign_Expedite_Timestamp</targetReference>
            </connector>
            <label>Expedited - True</label>
        </rules>
    </decisions>
    <decisions>
        <name>isStatus_New</name>
        <label>isStatus New?</label>
        <locationX>1018</locationX>
        <locationY>2087</locationY>
        <defaultConnector>
            <targetReference>Check_Subject</targetReference>
        </defaultConnector>
        <defaultConnectorLabel>Default Outcome</defaultConnectorLabel>
        <rules>
            <name>Status_is_set_to_SME_Queued</name>
            <conditionLogic>and</conditionLogic>
            <conditions>
                <leftValueReference>$Record.Status</leftValueReference>
                <operator>EqualTo</operator>
                <rightValue>
                    <stringValue>New</stringValue>
                </rightValue>
            </conditions>
            <connector>
                <targetReference>Assign_to_SME_Queued</targetReference>
            </connector>
            <label>Status is set to SME Queued</label>
        </rules>
    </decisions>
    <decisions>
        <name>Next_Date_Before_Weekend_Start</name>
        <label>Next Date Before Weekend Start</label>
        <locationX>908</locationX>
        <locationY>695</locationY>
        <defaultConnector>
            <targetReference>Assign_Date_4</targetReference>
        </defaultConnector>
        <defaultConnectorLabel>After</defaultConnectorLabel>
        <rules>
            <name>BeforeWeekendStart</name>
            <conditionLogic>and</conditionLogic>
            <conditions>
                <leftValueReference>DuringWeekdays_NextDate</leftValueReference>
                <operator>LessThan</operator>
                <rightValue>
                    <elementReference>WeekendStartDateTime</elementReference>
                </rightValue>
            </conditions>
            <connector>
                <targetReference>Assign_Date_3</targetReference>
            </connector>
            <label>Before</label>
        </rules>
    </decisions>
    <decisions>
        <name>Owner_Changed</name>
        <label>Owner Changed?</label>
        <locationX>1238</locationX>
        <locationY>3287</locationY>
        <defaultConnector>
            <targetReference>Status_based_Email_event</targetReference>
        </defaultConnector>
        <defaultConnectorLabel>Default Outcome</defaultConnectorLabel>
        <rules>
            <name>Owner_Changed_to_Contingent_Worker</name>
            <conditionLogic>and</conditionLogic>
            <conditions>
                <leftValueReference>$Record.OwnerId</leftValueReference>
                <operator>IsChanged</operator>
                <rightValue>
                    <booleanValue>true</booleanValue>
                </rightValue>
            </conditions>
            <conditions>
                <leftValueReference>$Record.Owner:User.Title</leftValueReference>
                <operator>EqualTo</operator>
                <rightValue>
                    <stringValue>Contingent Worker</stringValue>
                </rightValue>
            </conditions>
            <connector>
                <targetReference>Status_to_SME_Assigned</targetReference>
            </connector>
            <label>Owner Changed to Contingent Worker</label>
        </rules>
        <rules>
            <name>Owner_Changed_to_FTE</name>
            <conditionLogic>and</conditionLogic>
            <conditions>
                <leftValueReference>$Record.OwnerId</leftValueReference>
                <operator>IsChanged</operator>
                <rightValue>
                    <booleanValue>true</booleanValue>
                </rightValue>
            </conditions>
            <conditions>
                <leftValueReference>$Record.Owner:User.Title</leftValueReference>
                <operator>NotEqualTo</operator>
                <rightValue>
                    <stringValue>Contingent Worker</stringValue>
                </rightValue>
            </conditions>
            <conditions>
                <leftValueReference>$Record.Owner:User.Title</leftValueReference>
                <operator>IsNull</operator>
                <rightValue>
                    <booleanValue>false</booleanValue>
                </rightValue>
            </conditions>
            <conditions>
                <leftValueReference>$Record.Owner:User.Title</leftValueReference>
                <operator>NotEqualTo</operator>
                <rightValue>
                    <stringValue>Contingent Partner</stringValue>
                </rightValue>
            </conditions>
            <connector>
                <targetReference>Status_to_FTE_Escalated</targetReference>
            </connector>
            <label>Owner Changed to FTE</label>
        </rules>
        <rules>
            <name>Owner_changed_to_Tradeops</name>
            <conditionLogic>1 AND (2 OR 3 OR 4 OR 5 OR 6)</conditionLogic>
            <conditions>
                <leftValueReference>$Record.OwnerId</leftValueReference>
                <operator>IsChanged</operator>
                <rightValue>
                    <booleanValue>true</booleanValue>
                </rightValue>
            </conditions>
            <conditions>
                <leftValueReference>$Record.Owner:Group.DeveloperName</leftValueReference>
                <operator>EqualTo</operator>
                <rightValue>
                    <stringValue>TradeOps</stringValue>
                </rightValue>
            </conditions>
            <conditions>
                <leftValueReference>$Record.Owner:Group.DeveloperName</leftValueReference>
                <operator>EqualTo</operator>
                <rightValue>
                    <stringValue>TradeOps_EMEA</stringValue>
                </rightValue>
            </conditions>
            <conditions>
                <leftValueReference>$Record.Owner:Group.DeveloperName</leftValueReference>
                <operator>EqualTo</operator>
                <rightValue>
                    <stringValue>TradeOps_APAC</stringValue>
                </rightValue>
            </conditions>
            <conditions>
                <leftValueReference>$Record.Owner:Group.DeveloperName</leftValueReference>
                <operator>EqualTo</operator>
                <rightValue>
                    <stringValue>TradeOps_LATAM</stringValue>
                </rightValue>
            </conditions>
            <conditions>
                <leftValueReference>$Record.Owner:Group.DeveloperName</leftValueReference>
                <operator>EqualTo</operator>
                <rightValue>
                    <stringValue>TradeOps_NORAM</stringValue>
                </rightValue>
            </conditions>
            <connector>
                <targetReference>Status_to_SME_Queued</targetReference>
            </connector>
            <label>Owner changed  to Tradeops</label>
        </rules>
        <rules>
            <name>Owner_Changed_To_External_Partner</name>
            <conditionLogic>1 AND( 2 OR 3)</conditionLogic>
            <conditions>
                <leftValueReference>$Record.OwnerId</leftValueReference>
                <operator>IsChanged</operator>
                <rightValue>
                    <booleanValue>true</booleanValue>
                </rightValue>
            </conditions>
            <conditions>
                <leftValueReference>$Record.Owner:Group.DeveloperName</leftValueReference>
                <operator>EqualTo</operator>
                <rightValue>
                    <stringValue>TradeOps_BPS</stringValue>
                </rightValue>
            </conditions>
            <conditions>
                <leftValueReference>$Record.Owner:User.Profile.Name</leftValueReference>
                <operator>EqualTo</operator>
                <rightValue>
                    <stringValue>TradeOps Community User</stringValue>
                </rightValue>
            </conditions>
            <connector>
                <targetReference>Status_changed_CoE_triaging</targetReference>
            </connector>
            <label>Owner Changed To External Partner</label>
        </rules>
    </decisions>
    <decisions>
        <name>Status_based_Email_event</name>
        <label>Status based Email event</label>
        <locationX>1238</locationX>
        <locationY>3587</locationY>
        <defaultConnectorLabel>Default Outcome</defaultConnectorLabel>
        <rules>
            <name>Status_Returned_inbound_email_comes_within_3_days</name>
            <conditionLogic>and</conditionLogic>
            <conditions>
                <leftValueReference>$Record.TradeOps_Last_Inbound_Email_Date_Time__c</leftValueReference>
                <operator>IsChanged</operator>
                <rightValue>
                    <booleanValue>true</booleanValue>
                </rightValue>
            </conditions>
            <conditions>
                <leftValueReference>$Record.Status</leftValueReference>
                <operator>EqualTo</operator>
                <rightValue>
                    <stringValue>Returned</stringValue>
                </rightValue>
            </conditions>
            <conditions>
                <leftValueReference>NumberofDaysFromStatusChange</leftValueReference>
                <operator>LessThanOrEqualTo</operator>
                <rightValue>
                    <numberValue>3.0</numberValue>
                </rightValue>
            </conditions>
            <connector>
                <targetReference>Get_TradeOps_BPS_Queue_1</targetReference>
            </connector>
            <label>Status Returned &amp; inbound email comes within 3 days</label>
        </rules>
        <rules>
            <name>Status_changed_to_Pending_Business_or_Pending_partner</name>
            <conditionLogic>1 AND (2 OR 3)</conditionLogic>
            <conditions>
                <leftValueReference>$Record.TradeOps_Last_Inbound_Email_Date_Time__c</leftValueReference>
                <operator>IsChanged</operator>
                <rightValue>
                    <booleanValue>true</booleanValue>
                </rightValue>
            </conditions>
            <conditions>
                <leftValueReference>$Record.Status</leftValueReference>
                <operator>EqualTo</operator>
                <rightValue>
                    <stringValue>Pending Business</stringValue>
                </rightValue>
            </conditions>
            <conditions>
                <leftValueReference>$Record.Status</leftValueReference>
                <operator>EqualTo</operator>
                <rightValue>
                    <stringValue>Pending Partner</stringValue>
                </rightValue>
            </conditions>
            <connector>
                <targetReference>Check_owner_of_the_record</targetReference>
            </connector>
            <label>Status changed to Pending Business or Pending partner</label>
        </rules>
        <rules>
            <name>Status_Resolved_inbound_email_comes_within_7_days_previous_status_was_Returned</name>
            <conditionLogic>and</conditionLogic>
            <conditions>
                <leftValueReference>$Record.TradeOps_Last_Inbound_Email_Date_Time__c</leftValueReference>
                <operator>IsChanged</operator>
                <rightValue>
                    <booleanValue>true</booleanValue>
                </rightValue>
            </conditions>
            <conditions>
                <leftValueReference>$Record.Status</leftValueReference>
                <operator>EqualTo</operator>
                <rightValue>
                    <stringValue>Resolved</stringValue>
                </rightValue>
            </conditions>
            <conditions>
                <leftValueReference>$Record.Previous_Status__c</leftValueReference>
                <operator>EqualTo</operator>
                <rightValue>
                    <stringValue>Returned</stringValue>
                </rightValue>
            </conditions>
            <conditions>
                <leftValueReference>NumberofDaysFromStatusChange</leftValueReference>
                <operator>LessThanOrEqualTo</operator>
                <rightValue>
                    <numberValue>7.0</numberValue>
                </rightValue>
            </conditions>
            <connector>
                <targetReference>Get_TradeOps_BPS_Queue</targetReference>
            </connector>
            <label>Status Resolved &amp; inbound email comes within 7 days &amp; previous status was Returned</label>
        </rules>
        <rules>
            <name>Status_Resolved_inbound_email_comes_within_7days_previous_status_CoE_Triaging</name>
            <conditionLogic>and</conditionLogic>
            <conditions>
                <leftValueReference>$Record.TradeOps_Last_Inbound_Email_Date_Time__c</leftValueReference>
                <operator>IsChanged</operator>
                <rightValue>
                    <booleanValue>true</booleanValue>
                </rightValue>
            </conditions>
            <conditions>
                <leftValueReference>$Record.Status</leftValueReference>
                <operator>EqualTo</operator>
                <rightValue>
                    <stringValue>Resolved</stringValue>
                </rightValue>
            </conditions>
            <conditions>
                <leftValueReference>$Record.Previous_Status__c</leftValueReference>
                <operator>EqualTo</operator>
                <rightValue>
                    <stringValue>CoE Triaging</stringValue>
                </rightValue>
            </conditions>
            <conditions>
                <leftValueReference>NumberofDaysFromStatusChange</leftValueReference>
                <operator>LessThanOrEqualTo</operator>
                <rightValue>
                    <numberValue>7.0</numberValue>
                </rightValue>
            </conditions>
            <connector>
                <targetReference>Assign_Status_to_COE_Triaging</targetReference>
            </connector>
            <label>Status Resolved &amp; inbound email comes within 7 days &amp; previous status was CoE Triaging</label>
        </rules>
        <rules>
            <name>Status_Resolved_email_comes_in_7days_previous_status_SME_Assigned</name>
            <conditionLogic>and</conditionLogic>
            <conditions>
                <leftValueReference>$Record.TradeOps_Last_Inbound_Email_Date_Time__c</leftValueReference>
                <operator>IsChanged</operator>
                <rightValue>
                    <booleanValue>true</booleanValue>
                </rightValue>
            </conditions>
            <conditions>
                <leftValueReference>$Record.Status</leftValueReference>
                <operator>EqualTo</operator>
                <rightValue>
                    <stringValue>Resolved</stringValue>
                </rightValue>
            </conditions>
            <conditions>
                <leftValueReference>$Record.Previous_Status__c</leftValueReference>
                <operator>EqualTo</operator>
                <rightValue>
                    <stringValue>SME Assigned</stringValue>
                </rightValue>
            </conditions>
            <conditions>
                <leftValueReference>NumberofDaysFromStatusChange</leftValueReference>
                <operator>LessThanOrEqualTo</operator>
                <rightValue>
                    <numberValue>7.0</numberValue>
                </rightValue>
            </conditions>
            <connector>
                <targetReference>Change_Status_to_SME_Assigned</targetReference>
            </connector>
            <label>Status Resolved &amp; inbound email comes within 7 days &amp; previous status was SME Assigned</label>
        </rules>
        <rules>
            <name>Status_Resolved_inbound_email_comes_within_7_days_previous_status_FTE_Escalated</name>
            <conditionLogic>and</conditionLogic>
            <conditions>
                <leftValueReference>$Record.TradeOps_Last_Inbound_Email_Date_Time__c</leftValueReference>
                <operator>IsChanged</operator>
                <rightValue>
                    <booleanValue>true</booleanValue>
                </rightValue>
            </conditions>
            <conditions>
                <leftValueReference>$Record.Status</leftValueReference>
                <operator>EqualTo</operator>
                <rightValue>
                    <stringValue>Resolved</stringValue>
                </rightValue>
            </conditions>
            <conditions>
                <leftValueReference>$Record.Previous_Status__c</leftValueReference>
                <operator>EqualTo</operator>
                <rightValue>
                    <stringValue>FTE Escalated</stringValue>
                </rightValue>
            </conditions>
            <conditions>
                <leftValueReference>NumberofDaysFromStatusChange</leftValueReference>
                <operator>LessThanOrEqualTo</operator>
                <rightValue>
                    <numberValue>7.0</numberValue>
                </rightValue>
            </conditions>
            <connector>
                <targetReference>Change_Status_to_FTE_Escalated</targetReference>
            </connector>
            <label>Status Resolved &amp; inbound email comes within 7 days &amp; previous status was FTE Escalated</label>
        </rules>
        <rules>
            <name>Status_is_Resolved_email_7days_previous_status_PendingBusiness_pendingPartner</name>
            <conditionLogic>1 AND 2 AND 3 AND ( 4 OR 5 OR 6 OR 7)</conditionLogic>
            <conditions>
                <leftValueReference>$Record.TradeOps_Last_Inbound_Email_Date_Time__c</leftValueReference>
                <operator>IsChanged</operator>
                <rightValue>
                    <booleanValue>true</booleanValue>
                </rightValue>
            </conditions>
            <conditions>
                <leftValueReference>$Record.Status</leftValueReference>
                <operator>EqualTo</operator>
                <rightValue>
                    <stringValue>Resolved</stringValue>
                </rightValue>
            </conditions>
            <conditions>
                <leftValueReference>NumberofDaysFromStatusChange</leftValueReference>
                <operator>LessThanOrEqualTo</operator>
                <rightValue>
                    <numberValue>7.0</numberValue>
                </rightValue>
            </conditions>
            <conditions>
                <leftValueReference>$Record.Previous_Status__c</leftValueReference>
                <operator>EqualTo</operator>
                <rightValue>
                    <stringValue>Pending Business</stringValue>
                </rightValue>
            </conditions>
            <conditions>
                <leftValueReference>$Record.Previous_Status__c</leftValueReference>
                <operator>EqualTo</operator>
                <rightValue>
                    <stringValue>Pending Partner</stringValue>
                </rightValue>
            </conditions>
            <conditions>
                <leftValueReference>$Record.Previous_Status__c</leftValueReference>
                <operator>EqualTo</operator>
                <rightValue>
                    <stringValue>SME Queued</stringValue>
                </rightValue>
            </conditions>
            <conditions>
                <leftValueReference>$Record.Previous_Status__c</leftValueReference>
                <operator>EqualTo</operator>
                <rightValue>
                    <stringValue>New</stringValue>
                </rightValue>
            </conditions>
            <connector>
                <targetReference>Get_Tradeops_Queue_1</targetReference>
            </connector>
            <label>Status is Resolved &amp; inbound email comes within 7 days &amp; previous status was Pending Busines or Pending Partner</label>
        </rules>
    </decisions>
    <decisions>
        <name>Status_Change</name>
        <label>Status Change?</label>
        <locationX>1238</locationX>
        <locationY>2879</locationY>
        <defaultConnector>
            <targetReference>Owner_Changed</targetReference>
        </defaultConnector>
        <defaultConnectorLabel>Default Outcome</defaultConnectorLabel>
        <rules>
            <name>Status_changed_to_SME_Queued</name>
            <conditionLogic>and</conditionLogic>
            <conditions>
                <leftValueReference>$Record.Status</leftValueReference>
                <operator>IsChanged</operator>
                <rightValue>
                    <booleanValue>true</booleanValue>
                </rightValue>
            </conditions>
            <conditions>
                <leftValueReference>$Record.Status</leftValueReference>
                <operator>EqualTo</operator>
                <rightValue>
                    <stringValue>SME Queued</stringValue>
                </rightValue>
            </conditions>
            <connector>
                <targetReference>Get_Tradeops_Queue</targetReference>
            </connector>
            <label>Status changed to SME Queued</label>
        </rules>
        <rules>
            <name>Status_changed_to_CoE_triaging</name>
            <conditionLogic>and</conditionLogic>
            <conditions>
                <leftValueReference>$Record.Status</leftValueReference>
                <operator>EqualTo</operator>
                <rightValue>
                    <stringValue>CoE Triaging</stringValue>
                </rightValue>
            </conditions>
            <conditions>
                <leftValueReference>$Record.Status</leftValueReference>
                <operator>IsChanged</operator>
                <rightValue>
                    <booleanValue>true</booleanValue>
                </rightValue>
            </conditions>
            <connector>
                <targetReference>Get_Queue</targetReference>
            </connector>
            <label>Status changed to CoE triaging</label>
        </rules>
        <rules>
            <name>Status_Is_Changed</name>
            <conditionLogic>and</conditionLogic>
            <conditions>
                <leftValueReference>$Record.Status</leftValueReference>
                <operator>IsChanged</operator>
                <rightValue>
                    <booleanValue>true</booleanValue>
                </rightValue>
            </conditions>
            <conditions>
                <leftValueReference>$Record.Status</leftValueReference>
                <operator>NotEqualTo</operator>
                <rightValue>
                    <elementReference>$Record__Prior.Status</elementReference>
                </rightValue>
            </conditions>
            <connector>
                <targetReference>Set_Previous_Status</targetReference>
            </connector>
            <label>Status Is Changed</label>
        </rules>
    </decisions>
    <description>T191642561</description>
    <environments>Default</environments>
    <formulas>
        <name>ChildCaseSubject</name>
        <dataType>String</dataType>
        <expression>{!$Record.Parent.Subject} + &quot; - &quot; +TEXT({!$Record.Inquiry_Type__c})</expression>
    </formulas>
    <formulas>
        <name>CurrentDateTime</name>
        <dataType>DateTime</dataType>
        <expression>NOW()</expression>
    </formulas>
    <formulas>
        <name>DayHours</name>
        <dataType>Number</dataType>
        <expression>VALUE(LEFT( {!TextTime}, FIND(&quot;:&quot;, {!TextTime})-1))</expression>
        <scale>2</scale>
    </formulas>
    <formulas>
        <name>DuringWeekdays_NextDate</name>
        <dataType>DateTime</dataType>
        <expression>{!$Record.Last_Status_Update_Time__c} + {!DaysToAdd}</expression>
    </formulas>
    <formulas>
        <name>DuringWeekdays_NextDate_2</name>
        <dataType>DateTime</dataType>
        <expression>{!DuringWeekdays_NextDate} + 47/24</expression>
    </formulas>
    <formulas>
        <name>DuringWeekend_NextDate</name>
        <dataType>DateTime</dataType>
        <expression>DATETIMEVALUE( {!TextDate} &amp; &quot; 16:00:00&quot; ) + {!DaysToAdd} + 
CASE( {!WeekDay},
6, 2, /* If Friday, Add 2 Days */
7, 1, /* If Saturday, Add 1 Day*/
0)</expression>
    </formulas>
    <formulas>
        <name>NumberofDaysFromStatusChange</name>
        <dataType>Number</dataType>
        <expression>{!CurrentDateTime} - {!$Record.Last_Status_Update_Time__c}</expression>
        <scale>0</scale>
    </formulas>
    <formulas>
        <name>TextDate</name>
        <dataType>String</dataType>
        <expression>LEFT( {!TextDateTime}, FIND( &quot; &quot;, {!TextDateTime} )-1 )</expression>
    </formulas>
    <formulas>
        <name>TextDateTime</name>
        <dataType>String</dataType>
        <expression>TEXT({!$Record.Last_Status_Update_Time__c})</expression>
    </formulas>
    <formulas>
        <name>TextTime</name>
        <dataType>String</dataType>
        <expression>RIGHT( {!TextDateTime}, LEN({!TextDateTime}) - FIND(&quot; &quot;, {!TextDateTime}))</expression>
    </formulas>
    <formulas>
        <name>WeekDay</name>
        <dataType>Number</dataType>
        <expression>WEEKDAY( DATEVALUE( {!$Record.Last_Status_Update_Time__c} - ( 8/24 ) ) )</expression>
        <scale>2</scale>
    </formulas>
    <formulas>
        <name>WeekendStartDateTime</name>
        <dataType>DateTime</dataType>
        <expression>DATETIMEVALUE( {!TextDate} &amp; &quot; 17:00:00&quot; ) + (6 - {!WeekDay})</expression>
    </formulas>
    <interviewLabel>Case - TradeOps {!$Flow.CurrentDateTime}</interviewLabel>
    <label>Case - TradeOps</label>
    <processMetadataValues>
        <name>BuilderType</name>
        <value>
            <stringValue>LightningFlowBuilder</stringValue>
        </value>
    </processMetadataValues>
    <processMetadataValues>
        <name>CanvasMode</name>
        <value>
            <stringValue>AUTO_LAYOUT_CANVAS</stringValue>
        </value>
    </processMetadataValues>
    <processMetadataValues>
        <name>OriginBuilderType</name>
        <value>
            <stringValue>LightningFlowBuilder</stringValue>
        </value>
    </processMetadataValues>
    <processType>AutoLaunchedFlow</processType>
    <recordLookups>
        <name>Get_Queue</name>
        <label>Get Queue</label>
        <locationX>1106</locationX>
        <locationY>2987</locationY>
        <assignNullValuesIfNoRecordsFound>false</assignNullValuesIfNoRecordsFound>
        <connector>
            <targetReference>Assign_to_TradeOps_BPS_queue</targetReference>
        </connector>
        <filterLogic>and</filterLogic>
        <filters>
            <field>DeveloperName</field>
            <operator>EqualTo</operator>
            <value>
                <stringValue>TradeOps_BPS</stringValue>
            </value>
        </filters>
        <filters>
            <field>Type</field>
            <operator>EqualTo</operator>
            <value>
                <stringValue>Queue</stringValue>
            </value>
        </filters>
        <getFirstRecordOnly>true</getFirstRecordOnly>
        <object>Group</object>
        <storeOutputAutomatically>true</storeOutputAutomatically>
    </recordLookups>
    <recordLookups>
        <name>Get_TradeOps_BPS_Queue</name>
        <label>Get TradeOps BPS Queue</label>
        <locationX>1106</locationX>
        <locationY>3695</locationY>
        <assignNullValuesIfNoRecordsFound>false</assignNullValuesIfNoRecordsFound>
        <connector>
            <targetReference>Assign_case_to_TradeOps_BPS_queue_and_change_status_to_COE_triaging</targetReference>
        </connector>
        <filterLogic>and</filterLogic>
        <filters>
            <field>DeveloperName</field>
            <operator>EqualTo</operator>
            <value>
                <stringValue>TradeOps_BPS</stringValue>
            </value>
        </filters>
        <filters>
            <field>Type</field>
            <operator>EqualTo</operator>
            <value>
                <stringValue>Queue</stringValue>
            </value>
        </filters>
        <getFirstRecordOnly>true</getFirstRecordOnly>
        <object>Group</object>
        <storeOutputAutomatically>true</storeOutputAutomatically>
    </recordLookups>
    <recordLookups>
        <name>Get_TradeOps_BPS_Queue_1</name>
        <label>Get TradeOps BPS Queue</label>
        <locationX>50</locationX>
        <locationY>3695</locationY>
        <assignNullValuesIfNoRecordsFound>false</assignNullValuesIfNoRecordsFound>
        <connector>
            <targetReference>Assign_case_to_TradeOps_BPS_queue_and_change_status_to_COE_triaging_1</targetReference>
        </connector>
        <filterLogic>and</filterLogic>
        <filters>
            <field>DeveloperName</field>
            <operator>EqualTo</operator>
            <value>
                <stringValue>TradeOps_BPS</stringValue>
            </value>
        </filters>
        <filters>
            <field>Type</field>
            <operator>EqualTo</operator>
            <value>
                <stringValue>Queue</stringValue>
            </value>
        </filters>
        <getFirstRecordOnly>true</getFirstRecordOnly>
        <object>Group</object>
        <storeOutputAutomatically>true</storeOutputAutomatically>
    </recordLookups>
    <recordLookups>
        <name>Get_Tradeops_Queue</name>
        <label>Get Tradeops Queue</label>
        <locationX>842</locationX>
        <locationY>2987</locationY>
        <assignNullValuesIfNoRecordsFound>false</assignNullValuesIfNoRecordsFound>
        <connector>
            <targetReference>Assign_to_TradeOps_queue</targetReference>
        </connector>
        <filterLogic>and</filterLogic>
        <filters>
            <field>DeveloperName</field>
            <operator>EqualTo</operator>
            <value>
                <stringValue>TradeOps</stringValue>
            </value>
        </filters>
        <filters>
            <field>Type</field>
            <operator>EqualTo</operator>
            <value>
                <stringValue>Queue</stringValue>
            </value>
        </filters>
        <getFirstRecordOnly>true</getFirstRecordOnly>
        <object>Group</object>
        <storeOutputAutomatically>true</storeOutputAutomatically>
    </recordLookups>
    <recordLookups>
        <name>Get_Tradeops_Queue_1</name>
        <label>Get Tradeops Queue</label>
        <locationX>2162</locationX>
        <locationY>3695</locationY>
        <assignNullValuesIfNoRecordsFound>false</assignNullValuesIfNoRecordsFound>
        <connector>
            <targetReference>Change_Status_toSME_Queued</targetReference>
        </connector>
        <filterLogic>and</filterLogic>
        <filters>
            <field>DeveloperName</field>
            <operator>EqualTo</operator>
            <value>
                <stringValue>TradeOps</stringValue>
            </value>
        </filters>
        <filters>
            <field>Type</field>
            <operator>EqualTo</operator>
            <value>
                <stringValue>Queue</stringValue>
            </value>
        </filters>
        <getFirstRecordOnly>true</getFirstRecordOnly>
        <object>Group</object>
        <storeOutputAutomatically>true</storeOutputAutomatically>
    </recordLookups>
    <start>
        <locationX>1112</locationX>
        <locationY>0</locationY>
        <connector>
            <targetReference>Check_Owner_Type</targetReference>
        </connector>
        <filterLogic>and</filterLogic>
        <filters>
            <field>RecordTypeId</field>
            <operator>EqualTo</operator>
            <value>
                <stringValue>0121H000000WL0GQAW</stringValue>
            </value>
        </filters>
        <object>Case</object>
        <recordTriggerType>CreateAndUpdate</recordTriggerType>
        <triggerType>RecordBeforeSave</triggerType>
    </start>
    <status>Obsolete</status>
    <variables>
        <name>DaysToAdd</name>
        <dataType>Number</dataType>
        <isCollection>false</isCollection>
        <isInput>false</isInput>
        <isOutput>false</isOutput>
        <scale>2</scale>
        <value>
            <numberValue>3.0</numberValue>
        </value>
    </variables>
</Flow>
