<?xml version="1.0" encoding="UTF-8"?>
<Flow xmlns="http://soap.sforce.com/2006/04/metadata">
    <actionCalls>
        <name>case_for_7days</name>
        <label>case for 7days</label>
        <locationX>50</locationX>
        <locationY>587</locationY>
        <actionName>Academic_Relation__c.whenever_the_case_is_in_stage_triage_send_an_email_in_specific_days</actionName>
        <actionType>emailAlert</actionType>
        <flowTransactionModel>CurrentTransaction</flowTransactionModel>
        <inputParameters>
            <name>SObjectRowId</name>
            <value>
                <elementReference>$Record.Id</elementReference>
            </value>
        </inputParameters>
        <nameSegment>Academic_Relation__c.whenever_the_case_is_in_stage_triage_send_an_email_in_specific_days</nameSegment>
    </actionCalls>
    <actionCalls>
        <name>email_42days</name>
        <label>email 42days</label>
        <locationX>1370</locationX>
        <locationY>587</locationY>
        <actionName>Academic_Relation__c.whenever_the_case_is_in_stage_triage_send_an_email_in_specific_days</actionName>
        <actionType>emailAlert</actionType>
        <flowTransactionModel>CurrentTransaction</flowTransactionModel>
        <inputParameters>
            <name>SObjectRowId</name>
            <value>
                <elementReference>$Record.Id</elementReference>
            </value>
        </inputParameters>
        <nameSegment>Academic_Relation__c.whenever_the_case_is_in_stage_triage_send_an_email_in_specific_days</nameSegment>
    </actionCalls>
    <actionCalls>
        <name>email_for_14days</name>
        <label>email for 14days</label>
        <locationX>314</locationX>
        <locationY>587</locationY>
        <actionName>Academic_Relation__c.whenever_the_case_is_in_stage_triage_send_an_email_in_specific_days</actionName>
        <actionType>emailAlert</actionType>
        <flowTransactionModel>CurrentTransaction</flowTransactionModel>
        <inputParameters>
            <name>SObjectRowId</name>
            <value>
                <elementReference>$Record.Id</elementReference>
            </value>
        </inputParameters>
        <nameSegment>Academic_Relation__c.whenever_the_case_is_in_stage_triage_send_an_email_in_specific_days</nameSegment>
    </actionCalls>
    <actionCalls>
        <name>email_for_21days</name>
        <label>email for 21days</label>
        <locationX>578</locationX>
        <locationY>587</locationY>
        <actionName>Academic_Relation__c.whenever_the_case_is_in_stage_triage_send_an_email_in_specific_days</actionName>
        <actionType>emailAlert</actionType>
        <flowTransactionModel>CurrentTransaction</flowTransactionModel>
        <inputParameters>
            <name>SObjectRowId</name>
            <value>
                <elementReference>$Record.Id</elementReference>
            </value>
        </inputParameters>
        <nameSegment>Academic_Relation__c.whenever_the_case_is_in_stage_triage_send_an_email_in_specific_days</nameSegment>
    </actionCalls>
    <actionCalls>
        <name>email_for_28days</name>
        <label>email for 28days</label>
        <locationX>842</locationX>
        <locationY>587</locationY>
        <actionName>Academic_Relation__c.whenever_the_case_is_in_stage_triage_send_an_email_in_specific_days</actionName>
        <actionType>emailAlert</actionType>
        <flowTransactionModel>CurrentTransaction</flowTransactionModel>
        <inputParameters>
            <name>SObjectRowId</name>
            <value>
                <elementReference>$Record.Id</elementReference>
            </value>
        </inputParameters>
        <nameSegment>Academic_Relation__c.whenever_the_case_is_in_stage_triage_send_an_email_in_specific_days</nameSegment>
    </actionCalls>
    <actionCalls>
        <name>X35_days</name>
        <label>35 days</label>
        <locationX>1106</locationX>
        <locationY>587</locationY>
        <actionName>Academic_Relation__c.whenever_the_case_is_in_stage_triage_send_an_email_in_specific_days</actionName>
        <actionType>emailAlert</actionType>
        <flowTransactionModel>CurrentTransaction</flowTransactionModel>
        <inputParameters>
            <name>SObjectRowId</name>
            <value>
                <elementReference>$Record.Id</elementReference>
            </value>
        </inputParameters>
        <nameSegment>Academic_Relation__c.whenever_the_case_is_in_stage_triage_send_an_email_in_specific_days</nameSegment>
    </actionCalls>
    <apiVersion>63.0</apiVersion>
    <decisions>
        <name>case_stage_is_pending_triage</name>
        <label>case stage is pending triage</label>
        <locationX>842</locationX>
        <locationY>479</locationY>
        <defaultConnectorLabel>Default Outcome</defaultConnectorLabel>
        <rules>
            <name>pending</name>
            <conditionLogic>and</conditionLogic>
            <conditions>
                <leftValueReference>$Record.Current_Status_Aria__c</leftValueReference>
                <operator>EqualTo</operator>
                <rightValue>
                    <stringValue>Pending Triage decision</stringValue>
                </rightValue>
            </conditions>
            <conditions>
                <leftValueReference>$Record.Current_Status_Aria__c</leftValueReference>
                <operator>IsChanged</operator>
                <rightValue>
                    <booleanValue>true</booleanValue>
                </rightValue>
            </conditions>
            <connector>
                <targetReference>case_for_7days</targetReference>
            </connector>
            <label>pending for 7day</label>
        </rules>
        <rules>
            <name>X14days</name>
            <conditionLogic>and</conditionLogic>
            <conditions>
                <leftValueReference>$Record.Current_Status_Aria__c</leftValueReference>
                <operator>EqualTo</operator>
                <rightValue>
                    <stringValue>Pending Triage decision</stringValue>
                </rightValue>
            </conditions>
            <conditions>
                <leftValueReference>$Record.Current_Status_Aria__c</leftValueReference>
                <operator>EqualTo</operator>
                <rightValue>
                    <booleanValue>true</booleanValue>
                </rightValue>
            </conditions>
            <connector>
                <targetReference>email_for_14days</targetReference>
            </connector>
            <label>14days</label>
        </rules>
        <rules>
            <name>X21days</name>
            <conditionLogic>and</conditionLogic>
            <conditions>
                <leftValueReference>$Record.Current_Status_Aria__c</leftValueReference>
                <operator>EqualTo</operator>
                <rightValue>
                    <stringValue>Pending Triage decision</stringValue>
                </rightValue>
            </conditions>
            <conditions>
                <leftValueReference>$Record.Current_Status_Aria__c</leftValueReference>
                <operator>EqualTo</operator>
                <rightValue>
                    <booleanValue>true</booleanValue>
                </rightValue>
            </conditions>
            <connector>
                <targetReference>email_for_21days</targetReference>
            </connector>
            <label>21days</label>
        </rules>
        <rules>
            <name>X28days</name>
            <conditionLogic>and</conditionLogic>
            <conditions>
                <leftValueReference>$Record.Current_Status_Aria__c</leftValueReference>
                <operator>EqualTo</operator>
                <rightValue>
                    <stringValue>Pending Triage decision</stringValue>
                </rightValue>
            </conditions>
            <conditions>
                <leftValueReference>$Record.Current_Status_Aria__c</leftValueReference>
                <operator>EqualTo</operator>
                <rightValue>
                    <booleanValue>true</booleanValue>
                </rightValue>
            </conditions>
            <connector>
                <targetReference>email_for_28days</targetReference>
            </connector>
            <label>28days</label>
        </rules>
        <rules>
            <name>X35days1</name>
            <conditionLogic>and</conditionLogic>
            <conditions>
                <leftValueReference>$Record.Current_Status_Aria__c</leftValueReference>
                <operator>EqualTo</operator>
                <rightValue>
                    <stringValue>Pending Triage decision</stringValue>
                </rightValue>
            </conditions>
            <conditions>
                <leftValueReference>$Record.Current_Status_Aria__c</leftValueReference>
                <operator>EqualTo</operator>
                <rightValue>
                    <booleanValue>true</booleanValue>
                </rightValue>
            </conditions>
            <connector>
                <targetReference>X35_days</targetReference>
            </connector>
            <label>35 days</label>
        </rules>
        <rules>
            <name>X42days</name>
            <conditionLogic>and</conditionLogic>
            <conditions>
                <leftValueReference>$Record.Current_Status_Aria__c</leftValueReference>
                <operator>EqualTo</operator>
                <rightValue>
                    <stringValue>Pending Triage decision</stringValue>
                </rightValue>
            </conditions>
            <conditions>
                <leftValueReference>$Record.Current_Status_Aria__c</leftValueReference>
                <operator>EqualTo</operator>
                <rightValue>
                    <booleanValue>true</booleanValue>
                </rightValue>
            </conditions>
            <connector>
                <targetReference>email_42days</targetReference>
            </connector>
            <label>42days</label>
        </rules>
    </decisions>
    <environments>Default</environments>
    <interviewLabel>Case stage triage send email with decision {!$Flow.CurrentDateTime}</interviewLabel>
    <label>Case stage triage send email with decision</label>
    <processMetadataValues>
        <name>BuilderType</name>
        <value>
            <stringValue>LightningFlowBuilder</stringValue>
        </value>
    </processMetadataValues>
    <processMetadataValues>
        <name>CanvasMode</name>
        <value>
            <stringValue>AUTO_LAYOUT_CANVAS</stringValue>
        </value>
    </processMetadataValues>
    <processMetadataValues>
        <name>OriginBuilderType</name>
        <value>
            <stringValue>LightningFlowBuilder</stringValue>
        </value>
    </processMetadataValues>
    <processType>AutoLaunchedFlow</processType>
    <start>
        <locationX>716</locationX>
        <locationY>0</locationY>
        <doesRequireRecordChangedToMeetCriteria>true</doesRequireRecordChangedToMeetCriteria>
        <filterLogic>and</filterLogic>
        <filters>
            <field>RecordTypeId</field>
            <operator>EqualTo</operator>
            <value>
                <stringValue>0128V000001qIzsQAE</stringValue>
            </value>
        </filters>
        <object>Academic_Relation__c</object>
        <recordTriggerType>CreateAndUpdate</recordTriggerType>
        <scheduledPaths>
            <name>for_7_days</name>
            <connector>
                <targetReference>case_stage_is_pending_triage</targetReference>
            </connector>
            <label>for 7 days</label>
            <offsetNumber>7</offsetNumber>
            <offsetUnit>Days</offsetUnit>
            <timeSource>RecordTriggerEvent</timeSource>
        </scheduledPaths>
        <scheduledPaths>
            <name>X14_days</name>
            <connector>
                <targetReference>case_stage_is_pending_triage</targetReference>
            </connector>
            <label>14 days</label>
            <offsetNumber>14</offsetNumber>
            <offsetUnit>Days</offsetUnit>
            <timeSource>RecordTriggerEvent</timeSource>
        </scheduledPaths>
        <scheduledPaths>
            <name>X21_days</name>
            <connector>
                <targetReference>case_stage_is_pending_triage</targetReference>
            </connector>
            <label>21 days</label>
            <offsetNumber>21</offsetNumber>
            <offsetUnit>Days</offsetUnit>
            <timeSource>RecordTriggerEvent</timeSource>
        </scheduledPaths>
        <scheduledPaths>
            <name>X28</name>
            <connector>
                <targetReference>case_stage_is_pending_triage</targetReference>
            </connector>
            <label>28 days</label>
            <offsetNumber>28</offsetNumber>
            <offsetUnit>Days</offsetUnit>
            <timeSource>RecordTriggerEvent</timeSource>
        </scheduledPaths>
        <scheduledPaths>
            <name>X35days</name>
            <connector>
                <targetReference>case_stage_is_pending_triage</targetReference>
            </connector>
            <label>35days</label>
            <offsetNumber>35</offsetNumber>
            <offsetUnit>Days</offsetUnit>
            <timeSource>RecordTriggerEvent</timeSource>
        </scheduledPaths>
        <scheduledPaths>
            <name>X42_days</name>
            <connector>
                <targetReference>case_stage_is_pending_triage</targetReference>
            </connector>
            <label>42 days</label>
            <offsetNumber>42</offsetNumber>
            <offsetUnit>Days</offsetUnit>
            <timeSource>RecordTriggerEvent</timeSource>
        </scheduledPaths>
        <triggerType>RecordAfterSave</triggerType>
    </start>
    <status>Active</status>
</Flow>
