<?xml version="1.0" encoding="UTF-8"?>
<Flow xmlns="http://soap.sforce.com/2006/04/metadata">
    <apiVersion>55.0</apiVersion>
    <assignments>
        <name>myWaitAssignment_myWait_myRule_1</name>
        <label>myWaitAssignment_myWait_myRule_1</label>
        <locationX>0</locationX>
        <locationY>0</locationY>
        <assignmentItems>
            <assignToReference>cancelWaits</assignToReference>
            <operator>Add</operator>
            <value>
                <stringValue>myWait_myRule_1</stringValue>
            </value>
        </assignmentItems>
        <connector>
            <targetReference>myDecision</targetReference>
        </connector>
    </assignments>
    <assignments>
        <name>myWaitEvent_myWait_myRule_1_event_0_postWaitExecutionAssignment</name>
        <label>myWaitEvent_myWait_myRule_1_event_0_postWaitExecutionAssignment</label>
        <locationX>0</locationX>
        <locationY>0</locationY>
        <assignmentItems>
            <assignToReference>myWaitEvent_myWait_myRule_1_event_0_postActionExecutionVariable</assignToReference>
            <operator>Assign</operator>
            <value>
                <booleanValue>true</booleanValue>
            </value>
        </assignmentItems>
        <connector>
            <targetReference>myWait_myRule_1</targetReference>
        </connector>
    </assignments>
    <decisions>
        <processMetadataValues>
            <name>index</name>
            <value>
                <numberValue>0.0</numberValue>
            </value>
        </processMetadataValues>
        <name>myDecision</name>
        <label>myDecision</label>
        <locationX>50</locationX>
        <locationY>0</locationY>
        <defaultConnectorLabel>default</defaultConnectorLabel>
        <rules>
            <name>myRule_1</name>
            <conditionLogic>and</conditionLogic>
            <conditions>
                <processMetadataValues>
                    <name>inputDataType</name>
                    <value>
                        <stringValue>Boolean</stringValue>
                    </value>
                </processMetadataValues>
                <processMetadataValues>
                    <name>leftHandSideReferenceTo</name>
                    <value>
                        <stringValue>Opportunity</stringValue>
                    </value>
                </processMetadataValues>
                <processMetadataValues>
                    <name>leftHandSideType</name>
                    <value>
                        <stringValue>ID</stringValue>
                    </value>
                </processMetadataValues>
                <processMetadataValues>
                    <name>operatorDataType</name>
                    <value>
                        <stringValue>String</stringValue>
                    </value>
                </processMetadataValues>
                <processMetadataValues>
                    <name>rightHandSideType</name>
                    <value>
                        <stringValue>Boolean</stringValue>
                    </value>
                </processMetadataValues>
                <leftValueReference>myVariable_current.Opportunity__c</leftValueReference>
                <operator>IsNull</operator>
                <rightValue>
                    <booleanValue>false</booleanValue>
                </rightValue>
            </conditions>
            <conditions>
                <processMetadataValues>
                    <name>inputDataType</name>
                    <value>
                        <stringValue>String</stringValue>
                    </value>
                </processMetadataValues>
                <processMetadataValues>
                    <name>leftHandSideType</name>
                    <value>
                        <stringValue>String</stringValue>
                    </value>
                </processMetadataValues>
                <processMetadataValues>
                    <name>operatorDataType</name>
                    <value>
                        <stringValue>String</stringValue>
                    </value>
                </processMetadataValues>
                <processMetadataValues>
                    <name>rightHandSideType</name>
                    <value>
                        <stringValue>String</stringValue>
                    </value>
                </processMetadataValues>
                <leftValueReference>myVariable_current.Field__c</leftValueReference>
                <operator>Contains</operator>
                <rightValue>
                    <stringValue>Sub_stage__c</stringValue>
                </rightValue>
            </conditions>
            <connector>
                <targetReference>myWait_myRule_1</targetReference>
            </connector>
            <label>Is it Opportunity ID &amp; SubStage?</label>
        </rules>
    </decisions>
    <decisions>
        <name>myPostWaitDecision_myWaitEvent_myWait_myRule_1_event_0</name>
        <label>myPostWaitDecision_myWaitEvent_myWait_myRule_1_event_0</label>
        <locationX>0</locationX>
        <locationY>0</locationY>
        <defaultConnector>
            <targetReference>myWaitEvent_myWait_myRule_1_event_0_postWaitExecutionAssignment</targetReference>
        </defaultConnector>
        <defaultConnectorLabel>default</defaultConnectorLabel>
        <rules>
            <name>myPostWaitRule_myWaitEvent_myWait_myRule_1_event_0</name>
            <conditionLogic>and</conditionLogic>
            <conditions>
                <leftValueReference>myVariable_current.X7_days_after_creation__c</leftValueReference>
                <operator>IsNull</operator>
                <rightValue>
                    <booleanValue>false</booleanValue>
                </rightValue>
            </conditions>
            <connector>
                <targetReference>myWaitEvent_myWait_myRule_1_event_0_postWaitExecutionAssignment</targetReference>
            </connector>
            <label>myPostWaitRule_myWaitEvent_myWait_myRule_1_event_0</label>
        </rules>
    </decisions>
    <decisions>
        <name>myPreWaitDecision_myWait_myRule_1</name>
        <label>myPreWaitDecision_myWait_myRule_1</label>
        <locationX>0</locationX>
        <locationY>0</locationY>
        <defaultConnector>
            <targetReference>myWaitAssignment_myWait_myRule_1</targetReference>
        </defaultConnector>
        <defaultConnectorLabel>default</defaultConnectorLabel>
        <rules>
            <name>myPreWaitRule_myWait_myRule_1</name>
            <conditionLogic>and</conditionLogic>
            <conditions>
                <processMetadataValues>
                    <name>inputDataType</name>
                    <value>
                        <stringValue>Boolean</stringValue>
                    </value>
                </processMetadataValues>
                <processMetadataValues>
                    <name>leftHandSideReferenceTo</name>
                    <value>
                        <stringValue>Opportunity</stringValue>
                    </value>
                </processMetadataValues>
                <processMetadataValues>
                    <name>leftHandSideType</name>
                    <value>
                        <stringValue>ID</stringValue>
                    </value>
                </processMetadataValues>
                <processMetadataValues>
                    <name>operatorDataType</name>
                    <value>
                        <stringValue>String</stringValue>
                    </value>
                </processMetadataValues>
                <processMetadataValues>
                    <name>rightHandSideType</name>
                    <value>
                        <stringValue>Boolean</stringValue>
                    </value>
                </processMetadataValues>
                <leftValueReference>myVariable_current.Opportunity__c</leftValueReference>
                <operator>IsNull</operator>
                <rightValue>
                    <booleanValue>false</booleanValue>
                </rightValue>
            </conditions>
            <conditions>
                <processMetadataValues>
                    <name>inputDataType</name>
                    <value>
                        <stringValue>String</stringValue>
                    </value>
                </processMetadataValues>
                <processMetadataValues>
                    <name>leftHandSideType</name>
                    <value>
                        <stringValue>String</stringValue>
                    </value>
                </processMetadataValues>
                <processMetadataValues>
                    <name>operatorDataType</name>
                    <value>
                        <stringValue>String</stringValue>
                    </value>
                </processMetadataValues>
                <processMetadataValues>
                    <name>rightHandSideType</name>
                    <value>
                        <stringValue>String</stringValue>
                    </value>
                </processMetadataValues>
                <leftValueReference>myVariable_current.Field__c</leftValueReference>
                <operator>Contains</operator>
                <rightValue>
                    <stringValue>Sub_stage__c</stringValue>
                </rightValue>
            </conditions>
            <connector>
                <targetReference>myDecision</targetReference>
            </connector>
            <label>myPreWaitRule_myWait_myRule_1</label>
        </rules>
    </decisions>
    <interviewLabel>CBG_outreach_signals-1_InterviewLabel</interviewLabel>
    <label>CBG outreach signals</label>
    <processMetadataValues>
        <name>ObjectType</name>
        <value>
            <stringValue>Advanced_History__c</stringValue>
        </value>
    </processMetadataValues>
    <processMetadataValues>
        <name>ObjectVariable</name>
        <value>
            <elementReference>myVariable_current</elementReference>
        </value>
    </processMetadataValues>
    <processMetadataValues>
        <name>OldObjectVariable</name>
        <value>
            <elementReference>myVariable_old</elementReference>
        </value>
    </processMetadataValues>
    <processMetadataValues>
        <name>TriggerType</name>
        <value>
            <stringValue>onCreateOnly</stringValue>
        </value>
    </processMetadataValues>
    <processType>Workflow</processType>
    <startElementReference>myPreWaitDecision_myWait_myRule_1</startElementReference>
    <status>Draft</status>
    <variables>
        <name>cancelWaits</name>
        <dataType>String</dataType>
        <isCollection>true</isCollection>
        <isInput>false</isInput>
        <isOutput>true</isOutput>
    </variables>
    <variables>
        <name>myVariable_current</name>
        <dataType>SObject</dataType>
        <isCollection>false</isCollection>
        <isInput>true</isInput>
        <isOutput>true</isOutput>
        <objectType>Advanced_History__c</objectType>
    </variables>
    <variables>
        <name>myVariable_old</name>
        <dataType>SObject</dataType>
        <isCollection>false</isCollection>
        <isInput>true</isInput>
        <isOutput>false</isOutput>
        <objectType>Advanced_History__c</objectType>
    </variables>
    <variables>
        <name>myWaitEvent_myWait_myRule_1_event_0_postActionExecutionVariable</name>
        <dataType>Boolean</dataType>
        <isCollection>false</isCollection>
        <isInput>false</isInput>
        <isOutput>false</isOutput>
        <value>
            <booleanValue>false</booleanValue>
        </value>
    </variables>
    <waits>
        <name>myWait_myRule_1</name>
        <label>myWait_myRule_1</label>
        <locationX>0</locationX>
        <locationY>0</locationY>
        <defaultConnectorLabel>defaultLabel</defaultConnectorLabel>
        <waitEvents>
            <processMetadataValues>
                <name>inputParameterType</name>
                <value>
                    <stringValue>referenced</stringValue>
                </value>
            </processMetadataValues>
            <name>myWaitEvent_myWait_myRule_1_event_0</name>
            <conditionLogic>and</conditionLogic>
            <conditions>
                <leftValueReference>myWaitEvent_myWait_myRule_1_event_0_postActionExecutionVariable</leftValueReference>
                <operator>EqualTo</operator>
                <rightValue>
                    <booleanValue>false</booleanValue>
                </rightValue>
            </conditions>
            <connector>
                <targetReference>myPostWaitDecision_myWaitEvent_myWait_myRule_1_event_0</targetReference>
            </connector>
            <eventType>DateRefAlarmEvent</eventType>
            <inputParameters>
                <name>TimeTableColumnEnumOrId</name>
                <value>
                    <stringValue>Advanced_History__c</stringValue>
                </value>
            </inputParameters>
            <inputParameters>
                <name>EntityObjectId</name>
                <value>
                    <elementReference>myVariable_current.Id</elementReference>
                </value>
            </inputParameters>
            <inputParameters>
                <name>TimeOffsetUnit</name>
                <value>
                    <stringValue>Days</stringValue>
                </value>
            </inputParameters>
            <inputParameters>
                <name>TimeOffset</name>
                <value>
                    <numberValue>0.0</numberValue>
                </value>
            </inputParameters>
            <inputParameters>
                <name>TimeFieldColumnEnumOrId</name>
                <value>
                    <stringValue>X7_days_after_creation__c</stringValue>
                </value>
            </inputParameters>
            <label>myWaitEvent_myWait_myRule_1_event_0</label>
        </waitEvents>
    </waits>
</Flow>
