<?xml version="1.0" encoding="UTF-8"?>
<Flow xmlns="http://soap.sforce.com/2006/04/metadata">
    <apiVersion>59.0</apiVersion>
    <decisions>
        <name>Recommendation_Decision</name>
        <label>Recommendation Decision</label>
        <locationX>182</locationX>
        <locationY>134</locationY>
        <defaultConnector>
            <targetReference>Update_NBA_Rejected</targetReference>
        </defaultConnector>
        <defaultConnectorLabel>Default Outcome</defaultConnectorLabel>
        <rules>
            <name>Recommendation_Accepted</name>
            <conditionLogic>and</conditionLogic>
            <conditions>
                <leftValueReference>isRecommendationAccepted</leftValueReference>
                <operator>EqualTo</operator>
                <rightValue>
                    <booleanValue>true</booleanValue>
                </rightValue>
            </conditions>
            <connector>
                <targetReference>Update_NBA_Accepted</targetReference>
            </connector>
            <label>Recommendation Accepted</label>
        </rules>
    </decisions>
    <environments>Default</environments>
    <interviewLabel>CBG Churn Detail Entry {!$Flow.CurrentDateTime}</interviewLabel>
    <label>CBG Churn Detail Entry</label>
    <processMetadataValues>
        <name>BuilderType</name>
        <value>
            <stringValue>LightningFlowBuilder</stringValue>
        </value>
    </processMetadataValues>
    <processMetadataValues>
        <name>CanvasMode</name>
        <value>
            <stringValue>AUTO_LAYOUT_CANVAS</stringValue>
        </value>
    </processMetadataValues>
    <processMetadataValues>
        <name>OriginBuilderType</name>
        <value>
            <stringValue>LightningFlowBuilder</stringValue>
        </value>
    </processMetadataValues>
    <processType>Flow</processType>
    <recordCreates>
        <name>Create_ChurnDetail_Entry</name>
        <label>Create ChurnDetail Entry</label>
        <locationX>50</locationX>
        <locationY>458</locationY>
        <inputAssignments>
            <field>Integrity_Policy_Details__c</field>
            <value>
                <elementReference>HighlightsRecord.Integrity_Policy_Details__c</elementReference>
            </value>
        </inputAssignments>
        <inputAssignments>
            <field>Integrity_Policy__c</field>
            <value>
                <elementReference>HighlightsRecord.Integrity_Policy__c</elementReference>
            </value>
        </inputAssignments>
        <inputAssignments>
            <field>Missing_Functionality_Details__c</field>
            <value>
                <elementReference>HighlightsRecord.Missing_Functionality_Details__c</elementReference>
            </value>
        </inputAssignments>
        <inputAssignments>
            <field>Missing_Functionality__c</field>
            <value>
                <elementReference>HighlightsRecord.Missing_Functionality__c</elementReference>
            </value>
        </inputAssignments>
        <inputAssignments>
            <field>Non_SA_Business_specific_Details__c</field>
            <value>
                <elementReference>HighlightsRecord.Non_SA_Business_specific_Details__c</elementReference>
            </value>
        </inputAssignments>
        <inputAssignments>
            <field>Non_SA_Business_specific__c</field>
            <value>
                <elementReference>HighlightsRecord.Non_SA_Business_specific__c</elementReference>
            </value>
        </inputAssignments>
        <inputAssignments>
            <field>Non_SA_Meta_Details__c</field>
            <value>
                <elementReference>HighlightsRecord.Non_SA_Meta_Details__c</elementReference>
            </value>
        </inputAssignments>
        <inputAssignments>
            <field>Non_SA_Meta__c</field>
            <value>
                <elementReference>HighlightsRecord.Non_SA_Meta__c</elementReference>
            </value>
        </inputAssignments>
        <inputAssignments>
            <field>Opportunity__c</field>
            <value>
                <elementReference>contextRecordId</elementReference>
            </value>
        </inputAssignments>
        <inputAssignments>
            <field>Performance_Measurement_Details__c</field>
            <value>
                <elementReference>HighlightsRecord.Performance_Measurement_Details__c</elementReference>
            </value>
        </inputAssignments>
        <inputAssignments>
            <field>Performance_Measurement__c</field>
            <value>
                <elementReference>HighlightsRecord.Performance_Measurement__c</elementReference>
            </value>
        </inputAssignments>
        <inputAssignments>
            <field>Technical_issue_Education_Details__c</field>
            <value>
                <elementReference>HighlightsRecord.Technical_issue_Education_Details__c</elementReference>
            </value>
        </inputAssignments>
        <inputAssignments>
            <field>Technical_issue_Education__c</field>
            <value>
                <elementReference>HighlightsRecord.Technical_issue_Education__c</elementReference>
            </value>
        </inputAssignments>
        <inputAssignments>
            <field>Value_Proposition_Details__c</field>
            <value>
                <elementReference>HighlightsRecord.Value_Proposition_Details__c</elementReference>
            </value>
        </inputAssignments>
        <inputAssignments>
            <field>Value_Proposition__c</field>
            <value>
                <elementReference>HighlightsRecord.Value_Proposition__c</elementReference>
            </value>
        </inputAssignments>
        <object>Highlights_LowLights__c</object>
        <storeOutputAutomatically>true</storeOutputAutomatically>
    </recordCreates>
    <recordUpdates>
        <name>Update_NBA_Accepted</name>
        <label>Update NBA Accepted</label>
        <locationX>50</locationX>
        <locationY>242</locationY>
        <connector>
            <targetReference>Enter_Churn_Details</targetReference>
        </connector>
        <filterLogic>and</filterLogic>
        <filters>
            <field>Opportunity__c</field>
            <operator>EqualTo</operator>
            <value>
                <elementReference>contextRecordId</elementReference>
            </value>
        </filters>
        <filters>
            <field>Recommendation__c</field>
            <operator>EqualTo</operator>
            <value>
                <elementReference>inputRecommendation.Id</elementReference>
            </value>
        </filters>
        <inputAssignments>
            <field>Response__c</field>
            <value>
                <stringValue>Accepted</stringValue>
            </value>
        </inputAssignments>
        <object>Next_Best_Action__c</object>
    </recordUpdates>
    <recordUpdates>
        <name>Update_NBA_Rejected</name>
        <label>Update NBA Rejected</label>
        <locationX>314</locationX>
        <locationY>242</locationY>
        <filterLogic>and</filterLogic>
        <filters>
            <field>Recommendation__c</field>
            <operator>EqualTo</operator>
            <value>
                <elementReference>inputRecommendation.Id</elementReference>
            </value>
        </filters>
        <filters>
            <field>Opportunity__c</field>
            <operator>EqualTo</operator>
            <value>
                <elementReference>contextRecordId</elementReference>
            </value>
        </filters>
        <inputAssignments>
            <field>Response__c</field>
            <value>
                <stringValue>Accepted</stringValue>
            </value>
        </inputAssignments>
        <object>Next_Best_Action__c</object>
    </recordUpdates>
    <screens>
        <name>Enter_Churn_Details</name>
        <label>Enter Churn Details</label>
        <locationX>50</locationX>
        <locationY>350</locationY>
        <allowBack>true</allowBack>
        <allowFinish>true</allowFinish>
        <allowPause>true</allowPause>
        <connector>
            <targetReference>Create_ChurnDetail_Entry</targetReference>
        </connector>
        <fields>
            <fieldType>ObjectProvided</fieldType>
            <inputsOnNextNavToAssocScrn>UseStoredValues</inputsOnNextNavToAssocScrn>
            <isRequired>false</isRequired>
            <objectFieldReference>HighlightsRecord.Integrity_Policy__c</objectFieldReference>
        </fields>
        <fields>
            <fieldType>ObjectProvided</fieldType>
            <inputsOnNextNavToAssocScrn>UseStoredValues</inputsOnNextNavToAssocScrn>
            <isRequired>false</isRequired>
            <objectFieldReference>HighlightsRecord.Integrity_Policy_Details__c</objectFieldReference>
        </fields>
        <fields>
            <fieldType>ObjectProvided</fieldType>
            <inputsOnNextNavToAssocScrn>UseStoredValues</inputsOnNextNavToAssocScrn>
            <isRequired>false</isRequired>
            <objectFieldReference>HighlightsRecord.Missing_Functionality__c</objectFieldReference>
        </fields>
        <fields>
            <fieldType>ObjectProvided</fieldType>
            <inputsOnNextNavToAssocScrn>UseStoredValues</inputsOnNextNavToAssocScrn>
            <isRequired>false</isRequired>
            <objectFieldReference>HighlightsRecord.Missing_Functionality_Details__c</objectFieldReference>
        </fields>
        <fields>
            <fieldType>ObjectProvided</fieldType>
            <inputsOnNextNavToAssocScrn>UseStoredValues</inputsOnNextNavToAssocScrn>
            <isRequired>false</isRequired>
            <objectFieldReference>HighlightsRecord.Non_SA_Business_specific__c</objectFieldReference>
        </fields>
        <fields>
            <fieldType>ObjectProvided</fieldType>
            <inputsOnNextNavToAssocScrn>UseStoredValues</inputsOnNextNavToAssocScrn>
            <isRequired>false</isRequired>
            <objectFieldReference>HighlightsRecord.Non_SA_Business_specific_Details__c</objectFieldReference>
        </fields>
        <fields>
            <fieldType>ObjectProvided</fieldType>
            <inputsOnNextNavToAssocScrn>UseStoredValues</inputsOnNextNavToAssocScrn>
            <isRequired>false</isRequired>
            <objectFieldReference>HighlightsRecord.Non_SA_Meta__c</objectFieldReference>
        </fields>
        <fields>
            <fieldType>ObjectProvided</fieldType>
            <inputsOnNextNavToAssocScrn>UseStoredValues</inputsOnNextNavToAssocScrn>
            <isRequired>false</isRequired>
            <objectFieldReference>HighlightsRecord.Non_SA_Meta_Details__c</objectFieldReference>
        </fields>
        <fields>
            <fieldType>ObjectProvided</fieldType>
            <inputsOnNextNavToAssocScrn>UseStoredValues</inputsOnNextNavToAssocScrn>
            <isRequired>false</isRequired>
            <objectFieldReference>HighlightsRecord.Performance_Measurement__c</objectFieldReference>
        </fields>
        <fields>
            <fieldType>ObjectProvided</fieldType>
            <inputsOnNextNavToAssocScrn>UseStoredValues</inputsOnNextNavToAssocScrn>
            <isRequired>false</isRequired>
            <objectFieldReference>HighlightsRecord.Performance_Measurement_Details__c</objectFieldReference>
        </fields>
        <fields>
            <fieldType>ObjectProvided</fieldType>
            <inputsOnNextNavToAssocScrn>UseStoredValues</inputsOnNextNavToAssocScrn>
            <isRequired>false</isRequired>
            <objectFieldReference>HighlightsRecord.Technical_issue_Education__c</objectFieldReference>
        </fields>
        <fields>
            <fieldType>ObjectProvided</fieldType>
            <inputsOnNextNavToAssocScrn>UseStoredValues</inputsOnNextNavToAssocScrn>
            <isRequired>false</isRequired>
            <objectFieldReference>HighlightsRecord.Technical_issue_Education_Details__c</objectFieldReference>
        </fields>
        <fields>
            <fieldType>ObjectProvided</fieldType>
            <inputsOnNextNavToAssocScrn>UseStoredValues</inputsOnNextNavToAssocScrn>
            <isRequired>false</isRequired>
            <objectFieldReference>HighlightsRecord.Value_Proposition__c</objectFieldReference>
        </fields>
        <fields>
            <fieldType>ObjectProvided</fieldType>
            <inputsOnNextNavToAssocScrn>UseStoredValues</inputsOnNextNavToAssocScrn>
            <isRequired>false</isRequired>
            <objectFieldReference>HighlightsRecord.Value_Proposition_Details__c</objectFieldReference>
        </fields>
        <fields>
            <fieldType>ObjectProvided</fieldType>
            <inputsOnNextNavToAssocScrn>UseStoredValues</inputsOnNextNavToAssocScrn>
            <isRequired>false</isRequired>
            <objectFieldReference>HighlightsRecord.Other_Churn_Details__c</objectFieldReference>
        </fields>
        <showFooter>true</showFooter>
        <showHeader>true</showHeader>
    </screens>
    <start>
        <locationX>56</locationX>
        <locationY>0</locationY>
        <connector>
            <targetReference>Recommendation_Decision</targetReference>
        </connector>
    </start>
    <status>Active</status>
    <variables>
        <name>contextRecordId</name>
        <dataType>String</dataType>
        <isCollection>false</isCollection>
        <isInput>true</isInput>
        <isOutput>true</isOutput>
    </variables>
    <variables>
        <name>HighlightsRecord</name>
        <dataType>SObject</dataType>
        <isCollection>false</isCollection>
        <isInput>true</isInput>
        <isOutput>true</isOutput>
        <objectType>Highlights_LowLights__c</objectType>
    </variables>
    <variables>
        <name>inputRecommendation</name>
        <dataType>SObject</dataType>
        <isCollection>false</isCollection>
        <isInput>true</isInput>
        <isOutput>true</isOutput>
        <objectType>Recommendation</objectType>
    </variables>
    <variables>
        <name>isRecommendationAccepted</name>
        <dataType>Boolean</dataType>
        <isCollection>false</isCollection>
        <isInput>true</isInput>
        <isOutput>true</isOutput>
    </variables>
</Flow>
