<?xml version="1.0" encoding="UTF-8"?>
<Flow xmlns="http://soap.sforce.com/2006/04/metadata">
    <apiVersion>54.0</apiVersion>
    <assignments>
        <name>Assign_Single_Var_lead_values</name>
        <label>Assign Single Var lead values</label>
        <locationX>314</locationX>
        <locationY>638</locationY>
        <assignmentItems>
            <assignToReference>single_lead_var.Id</assignToReference>
            <operator>Assign</operator>
            <value>
                <elementReference>Loop_through_Task_records.WhoId</elementReference>
            </value>
        </assignmentItems>
        <assignmentItems>
            <assignToReference>single_lead_var.Already_have_a_contact_at_Facebook__c</assignToReference>
            <operator>Assign</operator>
            <value>
                <stringValue>Yes</stringValue>
            </value>
        </assignmentItems>
        <assignmentItems>
            <assignToReference>lead_list_var</assignToReference>
            <operator>Add</operator>
            <value>
                <elementReference>single_lead_var</elementReference>
            </value>
        </assignmentItems>
        <connector>
            <targetReference>Lead_var_assignment</targetReference>
        </connector>
    </assignments>
    <assignments>
        <name>Lead_var_assignment</name>
        <label>Lead var assignment</label>
        <locationX>226</locationX>
        <locationY>854</locationY>
        <assignmentItems>
            <assignToReference>PreviousWhoID.Id</assignToReference>
            <operator>Assign</operator>
            <value>
                <elementReference>Loop_through_Task_records.WhoId</elementReference>
            </value>
        </assignmentItems>
        <connector>
            <targetReference>Loop_through_Task_records</targetReference>
        </connector>
    </assignments>
    <decisions>
        <name>Check_if_it_is_a_dupe_lead</name>
        <label>Check if it is a dupe lead</label>
        <locationX>226</locationX>
        <locationY>518</locationY>
        <defaultConnector>
            <targetReference>Assign_Single_Var_lead_values</targetReference>
        </defaultConnector>
        <defaultConnectorLabel>Default Outcome</defaultConnectorLabel>
        <rules>
            <name>Already_exists_in_the_list</name>
            <conditionLogic>and</conditionLogic>
            <conditions>
                <leftValueReference>Loop_through_Task_records.WhoId</leftValueReference>
                <operator>EqualTo</operator>
                <rightValue>
                    <elementReference>PreviousWhoID.Id</elementReference>
                </rightValue>
            </conditions>
            <connector>
                <targetReference>Lead_var_assignment</targetReference>
            </connector>
            <label>Already exists in the list?</label>
        </rules>
    </decisions>
    <decisions>
        <name>Task_record_Null</name>
        <label>Task record Null?</label>
        <locationX>182</locationX>
        <locationY>278</locationY>
        <defaultConnectorLabel>Default Outcome</defaultConnectorLabel>
        <rules>
            <name>Is_task_list_null</name>
            <conditionLogic>and</conditionLogic>
            <conditions>
                <leftValueReference>Get_Task_Records</leftValueReference>
                <operator>IsNull</operator>
                <rightValue>
                    <booleanValue>false</booleanValue>
                </rightValue>
            </conditions>
            <connector>
                <targetReference>Loop_through_Task_records</targetReference>
            </connector>
            <label>Is task list null</label>
        </rules>
    </decisions>
    <interviewLabel>CBG ScreenFlow Lead Update {!$Flow.CurrentDateTime}</interviewLabel>
    <label>CBG ScreenFlow Lead Update</label>
    <loops>
        <name>Loop_through_Task_records</name>
        <label>Loop through Task records</label>
        <locationX>50</locationX>
        <locationY>398</locationY>
        <collectionReference>Get_Task_Records</collectionReference>
        <iterationOrder>Asc</iterationOrder>
        <nextValueConnector>
            <targetReference>Check_if_it_is_a_dupe_lead</targetReference>
        </nextValueConnector>
        <noMoreValuesConnector>
            <targetReference>Update_lead_records</targetReference>
        </noMoreValuesConnector>
    </loops>
    <processMetadataValues>
        <name>BuilderType</name>
        <value>
            <stringValue>LightningFlowBuilder</stringValue>
        </value>
    </processMetadataValues>
    <processMetadataValues>
        <name>CanvasMode</name>
        <value>
            <stringValue>AUTO_LAYOUT_CANVAS</stringValue>
        </value>
    </processMetadataValues>
    <processMetadataValues>
        <name>OriginBuilderType</name>
        <value>
            <stringValue>LightningFlowBuilder</stringValue>
        </value>
    </processMetadataValues>
    <processType>Flow</processType>
    <recordLookups>
        <name>Get_Task_Records</name>
        <label>Get Task Records</label>
        <locationX>182</locationX>
        <locationY>158</locationY>
        <assignNullValuesIfNoRecordsFound>false</assignNullValuesIfNoRecordsFound>
        <connector>
            <targetReference>Task_record_Null</targetReference>
        </connector>
        <filterLogic>1 AND (2 OR 3)</filterLogic>
        <filters>
            <field>RecordTypeId</field>
            <operator>EqualTo</operator>
            <value>
                <stringValue>0121H000000WLCgQAO</stringValue>
            </value>
        </filters>
        <filters>
            <field>OwnerId</field>
            <operator>EqualTo</operator>
            <value>
                <elementReference>$User.Id</elementReference>
            </value>
        </filters>
        <filters>
            <field>CreatedById</field>
            <operator>EqualTo</operator>
            <value>
                <elementReference>$User.Id</elementReference>
            </value>
        </filters>
        <getFirstRecordOnly>false</getFirstRecordOnly>
        <object>Task</object>
        <sortField>WhoId</sortField>
        <sortOrder>Asc</sortOrder>
        <storeOutputAutomatically>true</storeOutputAutomatically>
    </recordLookups>
    <recordUpdates>
        <name>Update_lead_records</name>
        <label>Update_lead_records</label>
        <locationX>50</locationX>
        <locationY>1070</locationY>
        <inputReference>lead_list_var</inputReference>
    </recordUpdates>
    <start>
        <locationX>56</locationX>
        <locationY>0</locationY>
        <connector>
            <targetReference>Get_Task_Records</targetReference>
        </connector>
    </start>
    <status>Obsolete</status>
    <variables>
        <name>lead_list_var</name>
        <dataType>SObject</dataType>
        <isCollection>true</isCollection>
        <isInput>true</isInput>
        <isOutput>true</isOutput>
        <objectType>Lead</objectType>
    </variables>
    <variables>
        <name>PreviousWhoID</name>
        <dataType>SObject</dataType>
        <isCollection>false</isCollection>
        <isInput>true</isInput>
        <isOutput>true</isOutput>
        <objectType>Lead</objectType>
    </variables>
    <variables>
        <name>single_lead_var</name>
        <dataType>SObject</dataType>
        <isCollection>false</isCollection>
        <isInput>true</isInput>
        <isOutput>true</isOutput>
        <objectType>Lead</objectType>
    </variables>
</Flow>
