<?xml version="1.0" encoding="UTF-8"?>
<Flow xmlns="http://soap.sforce.com/2006/04/metadata">
    <apiVersion>55.0</apiVersion>
    <decisions>
        <name>Sales_Accepted</name>
        <label>Sales Accepted?</label>
        <locationX>182</locationX>
        <locationY>335</locationY>
        <defaultConnectorLabel>Sales Accepted is False</defaultConnectorLabel>
        <rules>
            <name>Sales_Accepted_is_True</name>
            <conditionLogic>and</conditionLogic>
            <conditions>
                <leftValueReference>$Record.Sales_Accepted__c</leftValueReference>
                <operator>EqualTo</operator>
                <rightValue>
                    <booleanValue>true</booleanValue>
                </rightValue>
            </conditions>
            <connector>
                <targetReference>Update_Opp_Owner</targetReference>
            </connector>
            <label>Sales Accepted is True</label>
        </rules>
    </decisions>
    <description>T126895267: This flow will update the opportunity owner (OwnerID) with the CSM/Account Manager (Account_Manager__c) information if it meets the following criteria: Current Owner = Commerce Generic User, Sales Accepted = True, and Opportunity RecordType = Facebook Shops - Programs.</description>
    <environments>Default</environments>
    <interviewLabel>CBG Opportunity Owner Update {!$Flow.CurrentDateTime}</interviewLabel>
    <label>CBG Opportunity Owner Update</label>
    <processMetadataValues>
        <name>BuilderType</name>
        <value>
            <stringValue>LightningFlowBuilder</stringValue>
        </value>
    </processMetadataValues>
    <processMetadataValues>
        <name>CanvasMode</name>
        <value>
            <stringValue>AUTO_LAYOUT_CANVAS</stringValue>
        </value>
    </processMetadataValues>
    <processMetadataValues>
        <name>OriginBuilderType</name>
        <value>
            <stringValue>LightningFlowBuilder</stringValue>
        </value>
    </processMetadataValues>
    <processType>AutoLaunchedFlow</processType>
    <recordUpdates>
        <name>Update_Opp_Owner</name>
        <label>Update Opp Owner</label>
        <locationX>50</locationX>
        <locationY>455</locationY>
        <inputAssignments>
            <field>OwnerId</field>
            <value>
                <elementReference>$Record.Account_Manager__r.Id</elementReference>
            </value>
        </inputAssignments>
        <inputReference>$Record</inputReference>
    </recordUpdates>
    <start>
        <locationX>56</locationX>
        <locationY>0</locationY>
        <connector>
            <targetReference>Sales_Accepted</targetReference>
        </connector>
        <doesRequireRecordChangedToMeetCriteria>true</doesRequireRecordChangedToMeetCriteria>
        <filterLogic>and</filterLogic>
        <filters>
            <field>OwnerId</field>
            <operator>EqualTo</operator>
            <value>
                <stringValue>0058V00000CQMXqQAP</stringValue>
            </value>
        </filters>
        <filters>
            <field>Sales_Accepted__c</field>
            <operator>EqualTo</operator>
            <value>
                <booleanValue>true</booleanValue>
            </value>
        </filters>
        <filters>
            <field>RecordTypeId</field>
            <operator>EqualTo</operator>
            <value>
                <stringValue>0128V000001NGhrQAG</stringValue>
            </value>
        </filters>
        <object>Opportunity</object>
        <recordTriggerType>Update</recordTriggerType>
        <triggerType>RecordAfterSave</triggerType>
    </start>
    <status>Obsolete</status>
</Flow>
