<?xml version="1.0" encoding="UTF-8"?>
<Flow xmlns="http://soap.sforce.com/2006/04/metadata" xmlns:xsi="http://www.w3.org/2001/XMLSchema-instance">
    <apiVersion>58.0</apiVersion>
    <choices>
        <name>Bandwidth_of_Seller</name>
        <choiceText>Bandwidth of Seller</choiceText>
        <dataType>String</dataType>
        <value>
            <stringValue>Bandwidth of Seller</stringValue>
        </value>
    </choices>
    <choices>
        <name>Catalog_Requirements</name>
        <choiceText>Catalog Requirements</choiceText>
        <dataType>String</dataType>
        <value>
            <stringValue>Catalog Requirements</stringValue>
        </value>
    </choices>
    <choices>
        <name>Disqualified</name>
        <choiceText>Disqualified</choiceText>
        <dataType>String</dataType>
        <value>
            <stringValue>Disqualified</stringValue>
        </value>
    </choices>
    <choices>
        <name>Incentives_Not_Meaningful</name>
        <choiceText>Incentives Not Meaningful</choiceText>
        <dataType>String</dataType>
        <value>
            <stringValue>Incentives Not Meaningful</stringValue>
        </value>
    </choices>
    <choices>
        <name>Integration_Complexity</name>
        <choiceText>Integration Complexity for Checkout</choiceText>
        <dataType>String</dataType>
        <value>
            <stringValue>Integration Complexity for Checkout</stringValue>
        </value>
    </choices>
    <choices>
        <name>Lack_of_access_to_customer_data</name>
        <choiceText>Lack of access to customer data</choiceText>
        <dataType>String</dataType>
        <value>
            <stringValue>Lack of access to customer data</stringValue>
        </value>
    </choices>
    <choices>
        <name>No_intro_from_Sales</name>
        <choiceText>No intro from Sales</choiceText>
        <dataType>String</dataType>
        <value>
            <stringValue>No intro from Sales</stringValue>
        </value>
    </choices>
    <choices>
        <name>Other</name>
        <choiceText>Other</choiceText>
        <dataType>String</dataType>
        <value>
            <stringValue>Other</stringValue>
        </value>
    </choices>
    <choices>
        <name>Planning_to_Reduce_Advertising</name>
        <choiceText>Planning to Reduce Advertising</choiceText>
        <dataType>String</dataType>
        <value>
            <stringValue>Planning to Reduce Advertising</stringValue>
        </value>
    </choices>
    <choices>
        <name>Unresponsive</name>
        <choiceText>Unresponsive</choiceText>
        <dataType>String</dataType>
        <value>
            <stringValue>Unresponsive</stringValue>
        </value>
    </choices>
    <choices>
        <name>Value_Proposition_Lacking</name>
        <choiceText>Value Proposition Lacking</choiceText>
        <dataType>String</dataType>
        <value>
            <stringValue>Value Proposition Lacking</stringValue>
        </value>
    </choices>
    <constants>
        <name>LostReasonDetailText</name>
        <dataType>String</dataType>
        <value>
            <stringValue>**IncludecontactDates**</stringValue>
        </value>
    </constants>
    <decisions>
        <name>Recommendation_Decision</name>
        <label>Recommendation Decision</label>
        <locationX>182</locationX>
        <locationY>134</locationY>
        <defaultConnector>
            <targetReference>Update_NBA_Rejected</targetReference>
        </defaultConnector>
        <defaultConnectorLabel>Default Outcome</defaultConnectorLabel>
        <rules>
            <name>Accepted</name>
            <conditionLogic>and</conditionLogic>
            <conditions>
                <leftValueReference>isRecommendationAccepted</leftValueReference>
                <operator>EqualTo</operator>
                <rightValue>
                    <booleanValue>true</booleanValue>
                </rightValue>
            </conditions>
            <connector>
                <targetReference>Update_NBA_Accepted</targetReference>
            </connector>
            <label>Accepted</label>
        </rules>
    </decisions>
    <dynamicChoiceSets>
        <name>ClosedLostPicklist</name>
        <dataType>Picklist</dataType>
        <displayField xsi:nil="true"/>
        <object xsi:nil="true"/>
        <picklistField>Sub_Stage__c</picklistField>
        <picklistObject>Opportunity</picklistObject>
    </dynamicChoiceSets>
    <dynamicChoiceSets>
        <name>ClosedLostStage</name>
        <dataType>Picklist</dataType>
        <displayField xsi:nil="true"/>
        <object xsi:nil="true"/>
        <picklistField>StageName</picklistField>
        <picklistObject>Opportunity</picklistObject>
    </dynamicChoiceSets>
    <environments>Default</environments>
    <interviewLabel>CBG-NBA-MoveStage-Closed/Lost {!$Flow.CurrentDateTime}</interviewLabel>
    <label>CBG-NBA-MoveStage-Closed/Lost</label>
    <processMetadataValues>
        <name>BuilderType</name>
        <value>
            <stringValue>LightningFlowBuilder</stringValue>
        </value>
    </processMetadataValues>
    <processMetadataValues>
        <name>CanvasMode</name>
        <value>
            <stringValue>AUTO_LAYOUT_CANVAS</stringValue>
        </value>
    </processMetadataValues>
    <processMetadataValues>
        <name>OriginBuilderType</name>
        <value>
            <stringValue>LightningFlowBuilder</stringValue>
        </value>
    </processMetadataValues>
    <processType>Flow</processType>
    <recordUpdates>
        <name>Update_NBA_Accepted</name>
        <label>Update NBA Accepted</label>
        <locationX>50</locationX>
        <locationY>242</locationY>
        <connector>
            <targetReference>Enter_Closed_Lost_Details</targetReference>
        </connector>
        <filterLogic>and</filterLogic>
        <filters>
            <field>Opportunity__c</field>
            <operator>EqualTo</operator>
            <value>
                <elementReference>contextRecordId</elementReference>
            </value>
        </filters>
        <filters>
            <field>Recommendation__c</field>
            <operator>EqualTo</operator>
            <value>
                <elementReference>inputRecommendation.Id</elementReference>
            </value>
        </filters>
        <inputAssignments>
            <field>Response__c</field>
            <value>
                <stringValue>Accepted</stringValue>
            </value>
        </inputAssignments>
        <object>Next_Best_Action__c</object>
    </recordUpdates>
    <recordUpdates>
        <name>Update_NBA_Rejected</name>
        <label>Update NBA Rejected</label>
        <locationX>314</locationX>
        <locationY>242</locationY>
        <filterLogic>and</filterLogic>
        <filters>
            <field>Opportunity__c</field>
            <operator>EqualTo</operator>
            <value>
                <elementReference>contextRecordId</elementReference>
            </value>
        </filters>
        <filters>
            <field>Recommendation__c</field>
            <operator>EqualTo</operator>
            <value>
                <elementReference>inputRecommendation.Id</elementReference>
            </value>
        </filters>
        <inputAssignments>
            <field>Response__c</field>
            <value>
                <stringValue>Rejected</stringValue>
            </value>
        </inputAssignments>
        <object>Next_Best_Action__c</object>
    </recordUpdates>
    <recordUpdates>
        <name>UpdateOppty_Record</name>
        <label>UpdateOppty Record</label>
        <locationX>50</locationX>
        <locationY>458</locationY>
        <filterLogic>and</filterLogic>
        <filters>
            <field>Id</field>
            <operator>EqualTo</operator>
            <value>
                <elementReference>contextRecordId</elementReference>
            </value>
        </filters>
        <inputAssignments>
            <field>Lost_Reason_Details__c</field>
            <value>
                <elementReference>OpportunityRecord.Lost_Reason_Details__c</elementReference>
            </value>
        </inputAssignments>
        <inputAssignments>
            <field>StageName</field>
            <value>
                <stringValue>Closed/Lost</stringValue>
            </value>
        </inputAssignments>
        <inputAssignments>
            <field>Sub_Stage__c</field>
            <value>
                <elementReference>Sub_Stage_Closed_Lost</elementReference>
            </value>
        </inputAssignments>
        <object>Opportunity</object>
    </recordUpdates>
    <screens>
        <name>Enter_Closed_Lost_Details</name>
        <label>Enter Closed/Lost Details</label>
        <locationX>50</locationX>
        <locationY>350</locationY>
        <allowBack>false</allowBack>
        <allowFinish>true</allowFinish>
        <allowPause>false</allowPause>
        <connector>
            <targetReference>UpdateOppty_Record</targetReference>
        </connector>
        <fields>
            <name>Sub_Stage_Closed_Lost</name>
            <choiceReferences>Integration_Complexity</choiceReferences>
            <choiceReferences>Unresponsive</choiceReferences>
            <choiceReferences>Catalog_Requirements</choiceReferences>
            <choiceReferences>Value_Proposition_Lacking</choiceReferences>
            <choiceReferences>Bandwidth_of_Seller</choiceReferences>
            <choiceReferences>Planning_to_Reduce_Advertising</choiceReferences>
            <choiceReferences>Incentives_Not_Meaningful</choiceReferences>
            <choiceReferences>Disqualified</choiceReferences>
            <choiceReferences>Other</choiceReferences>
            <choiceReferences>Lack_of_access_to_customer_data</choiceReferences>
            <choiceReferences>No_intro_from_Sales</choiceReferences>
            <dataType>String</dataType>
            <fieldText>Sub Stage Closed Lost</fieldText>
            <fieldType>DropdownBox</fieldType>
            <inputsOnNextNavToAssocScrn>UseStoredValues</inputsOnNextNavToAssocScrn>
            <isRequired>true</isRequired>
        </fields>
        <fields>
            <fieldType>ObjectProvided</fieldType>
            <inputsOnNextNavToAssocScrn>UseStoredValues</inputsOnNextNavToAssocScrn>
            <isRequired>false</isRequired>
            <objectFieldReference>OpportunityRecord.Lost_Reason_Details__c</objectFieldReference>
        </fields>
        <showFooter>true</showFooter>
        <showHeader>true</showHeader>
    </screens>
    <start>
        <locationX>56</locationX>
        <locationY>0</locationY>
        <connector>
            <targetReference>Recommendation_Decision</targetReference>
        </connector>
    </start>
    <status>Active</status>
    <variables>
        <name>contextRecordId</name>
        <dataType>String</dataType>
        <isCollection>false</isCollection>
        <isInput>true</isInput>
        <isOutput>true</isOutput>
    </variables>
    <variables>
        <name>inputRecommendation</name>
        <dataType>SObject</dataType>
        <isCollection>false</isCollection>
        <isInput>true</isInput>
        <isOutput>true</isOutput>
        <objectType>Recommendation</objectType>
    </variables>
    <variables>
        <name>isRecommendationAccepted</name>
        <dataType>Boolean</dataType>
        <isCollection>false</isCollection>
        <isInput>true</isInput>
        <isOutput>true</isOutput>
    </variables>
    <variables>
        <name>OpportunityRecord</name>
        <dataType>SObject</dataType>
        <isCollection>false</isCollection>
        <isInput>true</isInput>
        <isOutput>true</isOutput>
        <objectType>Opportunity</objectType>
    </variables>
    <variables>
        <name>OpptyLostReasonDetails</name>
        <dataType>String</dataType>
        <isCollection>false</isCollection>
        <isInput>true</isInput>
        <isOutput>true</isOutput>
    </variables>
</Flow>
