<?xml version="1.0" encoding="UTF-8"?>
<Flow xmlns="http://soap.sforce.com/2006/04/metadata">
    <apiVersion>54.0</apiVersion>
    <assignments>
        <name>Secondary_Contact_Assignment</name>
        <label>Secondary Contact Assignment</label>
        <locationX>440</locationX>
        <locationY>695</locationY>
        <assignmentItems>
            <assignToReference>For_Loop_Contacts_List.CBG_Contact_Role__c</assignToReference>
            <operator>Assign</operator>
            <value>
                <stringValue>Secondary Contact</stringValue>
            </value>
        </assignmentItems>
        <assignmentItems>
            <assignToReference>After_ContactList</assignToReference>
            <operator>Add</operator>
            <value>
                <elementReference>For_Loop_Contacts_List</elementReference>
            </value>
        </assignmentItems>
        <connector>
            <targetReference>For_Loop_Contacts_List</targetReference>
        </connector>
    </assignments>
    <decisions>
        <name>Null_List_Contacts</name>
        <label>Null List Contacts</label>
        <locationX>176</locationX>
        <locationY>455</locationY>
        <defaultConnector>
            <targetReference>For_Loop_Contacts_List</targetReference>
        </defaultConnector>
        <defaultConnectorLabel>Is Contact List Not Null</defaultConnectorLabel>
        <rules>
            <name>Is_Contact_List_Null</name>
            <conditionLogic>and</conditionLogic>
            <conditions>
                <leftValueReference>Get_Contact_List</leftValueReference>
                <operator>IsNull</operator>
                <rightValue>
                    <booleanValue>true</booleanValue>
                </rightValue>
            </conditions>
            <label>Is Contact List Null</label>
        </rules>
    </decisions>
    <interviewLabel>CBG Contacts Update {!$Flow.CurrentDateTime}</interviewLabel>
    <label>CBG Contacts Update</label>
    <loops>
        <name>For_Loop_Contacts_List</name>
        <label>For Loop Contacts List</label>
        <locationX>352</locationX>
        <locationY>575</locationY>
        <collectionReference>Get_Contact_List</collectionReference>
        <iterationOrder>Asc</iterationOrder>
        <nextValueConnector>
            <targetReference>Secondary_Contact_Assignment</targetReference>
        </nextValueConnector>
        <noMoreValuesConnector>
            <targetReference>Update_Contact_Records</targetReference>
        </noMoreValuesConnector>
    </loops>
    <processMetadataValues>
        <name>BuilderType</name>
        <value>
            <stringValue>LightningFlowBuilder</stringValue>
        </value>
    </processMetadataValues>
    <processMetadataValues>
        <name>CanvasMode</name>
        <value>
            <stringValue>AUTO_LAYOUT_CANVAS</stringValue>
        </value>
    </processMetadataValues>
    <processMetadataValues>
        <name>OriginBuilderType</name>
        <value>
            <stringValue>LightningFlowBuilder</stringValue>
        </value>
    </processMetadataValues>
    <processType>AutoLaunchedFlow</processType>
    <recordLookups>
        <name>Get_Contact_List</name>
        <label>Get Contact List</label>
        <locationX>176</locationX>
        <locationY>335</locationY>
        <assignNullValuesIfNoRecordsFound>false</assignNullValuesIfNoRecordsFound>
        <connector>
            <targetReference>Null_List_Contacts</targetReference>
        </connector>
        <filterLogic>and</filterLogic>
        <filters>
            <field>AccountId</field>
            <operator>EqualTo</operator>
            <value>
                <elementReference>$Record.Account.Id</elementReference>
            </value>
        </filters>
        <filters>
            <field>Id</field>
            <operator>NotEqualTo</operator>
            <value>
                <elementReference>$Record.Id</elementReference>
            </value>
        </filters>
        <filters>
            <field>CBG_Contact_Role__c</field>
            <operator>NotEqualTo</operator>
            <value>
                <stringValue>Secondary Contact</stringValue>
            </value>
        </filters>
        <getFirstRecordOnly>false</getFirstRecordOnly>
        <object>Contact</object>
        <queriedFields>Id</queriedFields>
        <queriedFields>CBG_Contact_Role__c</queriedFields>
        <storeOutputAutomatically>true</storeOutputAutomatically>
    </recordLookups>
    <recordUpdates>
        <name>Update_Contact_Records</name>
        <label>Update Contact Records</label>
        <locationX>352</locationX>
        <locationY>911</locationY>
        <inputReference>After_ContactList</inputReference>
    </recordUpdates>
    <start>
        <locationX>50</locationX>
        <locationY>0</locationY>
        <connector>
            <targetReference>Get_Contact_List</targetReference>
        </connector>
        <filterLogic>and</filterLogic>
        <filters>
            <field>CBG_Contact_Role__c</field>
            <operator>EqualTo</operator>
            <value>
                <stringValue>Primary Contact</stringValue>
            </value>
        </filters>
        <object>Contact</object>
        <recordTriggerType>CreateAndUpdate</recordTriggerType>
        <triggerType>RecordAfterSave</triggerType>
    </start>
    <status>Obsolete</status>
    <variables>
        <name>After_ContactList</name>
        <dataType>SObject</dataType>
        <isCollection>true</isCollection>
        <isInput>true</isInput>
        <isOutput>true</isOutput>
        <objectType>Contact</objectType>
    </variables>
    <variables>
        <name>ContactVar</name>
        <dataType>SObject</dataType>
        <isCollection>true</isCollection>
        <isInput>true</isInput>
        <isOutput>true</isOutput>
        <objectType>Contact</objectType>
    </variables>
    <variables>
        <name>currentItem_Find_Primary_CBGContact</name>
        <dataType>SObject</dataType>
        <isCollection>false</isCollection>
        <isInput>false</isInput>
        <isOutput>false</isOutput>
        <objectType>Contact</objectType>
    </variables>
</Flow>
