<?xml version="1.0" encoding="UTF-8"?>
<Flow xmlns="http://soap.sforce.com/2006/04/metadata">
    <apiVersion>55.0</apiVersion>
    <decisions>
        <description>Check if Opportunity Starts with &apos;ASC Access&apos;</description>
        <name>Check_ASC_Status</name>
        <label>Check ASC Status</label>
        <locationX>1720</locationX>
        <locationY>483</locationY>
        <defaultConnectorLabel>NON ASC Access Opp</defaultConnectorLabel>
        <rules>
            <name>ASC_Access_Opp</name>
            <conditionLogic>and</conditionLogic>
            <conditions>
                <leftValueReference>$Record.CBG_ASC_Status__c</leftValueReference>
                <operator>StartsWith</operator>
                <rightValue>
                    <stringValue>ASC Access</stringValue>
                </rightValue>
            </conditions>
            <connector>
                <targetReference>Update_Account_Area_of_Interest</targetReference>
            </connector>
            <label>ASC Access Opp</label>
        </rules>
    </decisions>
    <decisions>
        <name>CheckifRunningUSer</name>
        <label>Check if Running User is Sys Admin</label>
        <locationX>1391</locationX>
        <locationY>408</locationY>
        <defaultConnectorLabel>No</defaultConnectorLabel>
        <rules>
            <name>Yes</name>
            <conditionLogic>or</conditionLogic>
            <conditions>
                <leftValueReference>$User.ProfileId</leftValueReference>
                <operator>EqualTo</operator>
                <rightValue>
                    <stringValue>00eA0000000n4j4IAA</stringValue>
                </rightValue>
            </conditions>
            <conditions>
                <leftValueReference>$User.ProfileId</leftValueReference>
                <operator>EqualTo</operator>
                <rightValue>
                    <stringValue>00eA0000000ejAFIAY</stringValue>
                </rightValue>
            </conditions>
            <connector>
                <targetReference>Account_Partner_Incentive</targetReference>
            </connector>
            <label>Yes</label>
        </rules>
    </decisions>
    <description>T132071945</description>
    <environments>Default</environments>
    <interviewLabel>CBG Reconcile Incentive Amounts {!$Flow.CurrentDateTime}</interviewLabel>
    <label>CBG Update Account Incentive Amount</label>
    <processMetadataValues>
        <name>BuilderType</name>
        <value>
            <stringValue>LightningFlowBuilder</stringValue>
        </value>
    </processMetadataValues>
    <processMetadataValues>
        <name>CanvasMode</name>
        <value>
            <stringValue>FREE_FORM_CANVAS</stringValue>
        </value>
    </processMetadataValues>
    <processMetadataValues>
        <name>OriginBuilderType</name>
        <value>
            <stringValue>LightningFlowBuilder</stringValue>
        </value>
    </processMetadataValues>
    <processType>AutoLaunchedFlow</processType>
    <recordUpdates>
        <description>T132071945</description>
        <name>Account_Partner_Incentive</name>
        <label>Account Partner Incentive</label>
        <locationX>1509</locationX>
        <locationY>543</locationY>
        <connector>
            <targetReference>Check_ASC_Status</targetReference>
        </connector>
        <filterLogic>and</filterLogic>
        <filters>
            <field>Id</field>
            <operator>EqualTo</operator>
            <value>
                <elementReference>$Record.AccountId</elementReference>
            </value>
        </filters>
        <inputAssignments>
            <field>Partner_Incentive_Amount__c</field>
            <value>
                <elementReference>$Record.Partner_Incentive_Amount__c</elementReference>
            </value>
        </inputAssignments>
        <object>Account</object>
    </recordUpdates>
    <recordUpdates>
        <name>Update_Account_Area_of_Interest</name>
        <label>Update Account Area of Interest</label>
        <locationX>1946</locationX>
        <locationY>404</locationY>
        <filterLogic>and</filterLogic>
        <filters>
            <field>Id</field>
            <operator>EqualTo</operator>
            <value>
                <elementReference>$Record.Account.Id</elementReference>
            </value>
        </filters>
        <inputAssignments>
            <field>Area_of_Interest_Details__c</field>
            <value>
                <stringValue>Advanced Shopping Campaign</stringValue>
            </value>
        </inputAssignments>
        <object>Account</object>
    </recordUpdates>
    <start>
        <locationX>1376</locationX>
        <locationY>47</locationY>
        <connector>
            <targetReference>CheckifRunningUSer</targetReference>
        </connector>
        <filterLogic>and</filterLogic>
        <filters>
            <field>RecordTypeId</field>
            <operator>EqualTo</operator>
            <value>
                <stringValue>0128V000001NGhrQAG</stringValue>
            </value>
        </filters>
        <object>Opportunity</object>
        <recordTriggerType>CreateAndUpdate</recordTriggerType>
        <triggerType>RecordAfterSave</triggerType>
    </start>
    <status>Draft</status>
</Flow>
