<?xml version="1.0" encoding="UTF-8"?>
<Flow xmlns="http://soap.sforce.com/2006/04/metadata">
    <actionCalls>
        <name>Change_Data_Capture_Failure_Lightning_Email_Alert</name>
        <label>Change Data Capture Failure - Lightning Email Alert</label>
        <locationX>176</locationX>
        <locationY>323</locationY>
        <actionName>Event_Log__c.Change_Data_Capture_Failure_Lightning_Email_Alert</actionName>
        <actionType>emailAlert</actionType>
        <flowTransactionModel>CurrentTransaction</flowTransactionModel>
        <inputParameters>
            <name>SObjectRowId</name>
            <value>
                <elementReference>$Record.Id</elementReference>
            </value>
        </inputParameters>
        <nameSegment>Event_Log__c.Change_Data_Capture_Failure_Lightning_Email_Alert</nameSegment>
    </actionCalls>
    <apiVersion>57.0</apiVersion>
    <description>Created by dmorrill. Used to monitor newly released change data event failures. T139391271</description>
    <environments>Default</environments>
    <interviewLabel>Change Data Method Failure Monitoring - dmorrill {!$Flow.CurrentDateTime}</interviewLabel>
    <label>Change Data Method Failure Monitoring - dmorrill</label>
    <processMetadataValues>
        <name>BuilderType</name>
        <value>
            <stringValue>LightningFlowBuilder</stringValue>
        </value>
    </processMetadataValues>
    <processMetadataValues>
        <name>CanvasMode</name>
        <value>
            <stringValue>AUTO_LAYOUT_CANVAS</stringValue>
        </value>
    </processMetadataValues>
    <processMetadataValues>
        <name>OriginBuilderType</name>
        <value>
            <stringValue>LightningFlowBuilder</stringValue>
        </value>
    </processMetadataValues>
    <processType>AutoLaunchedFlow</processType>
    <start>
        <locationX>50</locationX>
        <locationY>0</locationY>
        <connector>
            <targetReference>Change_Data_Capture_Failure_Lightning_Email_Alert</targetReference>
        </connector>
        <filterLogic>or</filterLogic>
        <filters>
            <field>Method__c</field>
            <operator>EqualTo</operator>
            <value>
                <stringValue>updateAccountCustomerType</stringValue>
            </value>
        </filters>
        <filters>
            <field>Method__c</field>
            <operator>EqualTo</operator>
            <value>
                <stringValue>fetchV3ScoreFromCustomerGraphRl</stringValue>
            </value>
        </filters>
        <filters>
            <field>Method__c</field>
            <operator>EqualTo</operator>
            <value>
                <stringValue>wabaPostLeadConversionOperations</stringValue>
            </value>
        </filters>
        <filters>
            <field>Method__c</field>
            <operator>EqualTo</operator>
            <value>
                <stringValue>updateConvertedContact</stringValue>
            </value>
        </filters>
        <filters>
            <field>Method__c</field>
            <operator>EqualTo</operator>
            <value>
                <stringValue>addressChangeActions</stringValue>
            </value>
        </filters>
        <filters>
            <field>Method__c</field>
            <operator>EqualTo</operator>
            <value>
                <stringValue>updateAccountIsFbShopsFlag</stringValue>
            </value>
        </filters>
        <object>Event_Log__c</object>
        <recordTriggerType>Create</recordTriggerType>
        <triggerType>RecordAfterSave</triggerType>
    </start>
    <status>Active</status>
</Flow>
