<?xml version="1.0" encoding="UTF-8"?>
<Flow xmlns="http://soap.sforce.com/2006/04/metadata">
    <apiVersion>59.0</apiVersion>
    <constants>
        <name>Blank</name>
        <dataType>String</dataType>
    </constants>
    <description>T164917345</description>
    <environments>Default</environments>
    <interviewLabel>Clear Location Fields on Lead {!$Flow.CurrentDateTime}</interviewLabel>
    <label>Clear Location Fields on Lead (MP-MCD-KickStarter)</label>
    <processMetadataValues>
        <name>BuilderType</name>
        <value>
            <stringValue>LightningFlowBuilder</stringValue>
        </value>
    </processMetadataValues>
    <processMetadataValues>
        <name>CanvasMode</name>
        <value>
            <stringValue>FREE_FORM_CANVAS</stringValue>
        </value>
    </processMetadataValues>
    <processMetadataValues>
        <name>OriginBuilderType</name>
        <value>
            <stringValue>LightningFlowBuilder</stringValue>
        </value>
    </processMetadataValues>
    <processType>AutoLaunchedFlow</processType>
    <recordUpdates>
        <name>Clear_Location_Fields_on_Lead</name>
        <label>Clear Location Fields on Lead</label>
        <locationX>811</locationX>
        <locationY>335</locationY>
        <inputAssignments>
            <field>City</field>
            <value>
                <elementReference>Blank</elementReference>
            </value>
        </inputAssignments>
        <inputAssignments>
            <field>City__c</field>
            <value>
                <elementReference>Blank</elementReference>
            </value>
        </inputAssignments>
        <inputAssignments>
            <field>Country</field>
            <value>
                <elementReference>Blank</elementReference>
            </value>
        </inputAssignments>
        <inputAssignments>
            <field>Country__c</field>
            <value>
                <elementReference>Blank</elementReference>
            </value>
        </inputAssignments>
        <inputAssignments>
            <field>PostalCode</field>
            <value>
                <elementReference>Blank</elementReference>
            </value>
        </inputAssignments>
        <inputAssignments>
            <field>State</field>
            <value>
                <elementReference>Blank</elementReference>
            </value>
        </inputAssignments>
        <inputAssignments>
            <field>Zip_Postal_Code__c</field>
            <value>
                <elementReference>Blank</elementReference>
            </value>
        </inputAssignments>
        <inputReference>$Record</inputReference>
    </recordUpdates>
    <start>
        <locationX>685</locationX>
        <locationY>48</locationY>
        <connector>
            <targetReference>Clear_Location_Fields_on_Lead</targetReference>
        </connector>
        <filterLogic>1 AND  (2 OR 3)</filterLogic>
        <filters>
            <field>RecordTypeId</field>
            <operator>EqualTo</operator>
            <value>
                <stringValue>0121H000000WL3eQAG</stringValue>
            </value>
        </filters>
        <filters>
            <field>DoNotCall</field>
            <operator>EqualTo</operator>
            <value>
                <booleanValue>true</booleanValue>
            </value>
        </filters>
        <filters>
            <field>HasOptedOutOfEmail</field>
            <operator>EqualTo</operator>
            <value>
                <booleanValue>true</booleanValue>
            </value>
        </filters>
        <object>Lead</object>
        <recordTriggerType>CreateAndUpdate</recordTriggerType>
        <triggerType>RecordBeforeSave</triggerType>
    </start>
    <status>Active</status>
</Flow>
