<?xml version="1.0" encoding="UTF-8"?>
<Flow xmlns="http://soap.sforce.com/2006/04/metadata">
    <apiVersion>56.0</apiVersion>
    <assignments>
        <name>Set_Cloned</name>
        <label>Set Cloned</label>
        <locationX>314</locationX>
        <locationY>614</locationY>
        <assignmentItems>
            <assignToReference>Get_Opportunity_Record.Cloned__c</assignToReference>
            <operator>Assign</operator>
            <value>
                <booleanValue>true</booleanValue>
            </value>
        </assignmentItems>
        <connector>
            <targetReference>Update_the_Base_Opportunity</targetReference>
        </connector>
    </assignments>
    <decisions>
        <name>Opportunity_Record_Type_Value</name>
        <label>Opportunity Record Type Value?</label>
        <locationX>314</locationX>
        <locationY>278</locationY>
        <defaultConnectorLabel>Default Outcome</defaultConnectorLabel>
        <rules>
            <name>RL_Record_Type</name>
            <conditionLogic>and</conditionLogic>
            <conditions>
                <leftValueReference>Get_Opportunity_Record.RecordTypeId</leftValueReference>
                <operator>EqualTo</operator>
                <rightValue>
                    <stringValue>0121H0000012e1cQAA</stringValue>
                </rightValue>
            </conditions>
            <connector>
                <targetReference>Clone_WP_Opportunity</targetReference>
            </connector>
            <label>RL Record Type?</label>
        </rules>
        <rules>
            <name>Workplace_Record_Type</name>
            <conditionLogic>and</conditionLogic>
            <conditions>
                <leftValueReference>Get_Opportunity_Record.RecordTypeId</leftValueReference>
                <operator>EqualTo</operator>
                <rightValue>
                    <stringValue>01212000000GiqJAAS</stringValue>
                </rightValue>
            </conditions>
            <connector>
                <targetReference>Clone_RL_Opportunity</targetReference>
            </connector>
            <label>Workplace Record Type?</label>
        </rules>
    </decisions>
    <environments>Default</environments>
    <interviewLabel>Clone Opportunity Record {!$Flow.CurrentDateTime}</interviewLabel>
    <label>Clone Opportunity Record</label>
    <processMetadataValues>
        <name>BuilderType</name>
        <value>
            <stringValue>LightningFlowBuilder</stringValue>
        </value>
    </processMetadataValues>
    <processMetadataValues>
        <name>CanvasMode</name>
        <value>
            <stringValue>AUTO_LAYOUT_CANVAS</stringValue>
        </value>
    </processMetadataValues>
    <processMetadataValues>
        <name>OriginBuilderType</name>
        <value>
            <stringValue>LightningFlowBuilder</stringValue>
        </value>
    </processMetadataValues>
    <processType>Flow</processType>
    <recordCreates>
        <name>Clone_RL_Opportunity</name>
        <label>Clone RL Opportunity</label>
        <locationX>314</locationX>
        <locationY>398</locationY>
        <assignRecordIdToReference>$Flow.CurrentRecord</assignRecordIdToReference>
        <connector>
            <targetReference>Set_Cloned</targetReference>
        </connector>
        <inputAssignments>
            <field>AccountId</field>
            <value>
                <elementReference>Get_Opportunity_Record.Account.Id</elementReference>
            </value>
        </inputAssignments>
        <inputAssignments>
            <field>CloseDate</field>
            <value>
                <elementReference>Get_Opportunity_Record.CloseDate</elementReference>
            </value>
        </inputAssignments>
        <inputAssignments>
            <field>CurrencyIsoCode</field>
            <value>
                <elementReference>Get_Opportunity_Record.CurrencyIsoCode</elementReference>
            </value>
        </inputAssignments>
        <inputAssignments>
            <field>Name</field>
            <value>
                <elementReference>Get_Opportunity_Record.Name</elementReference>
            </value>
        </inputAssignments>
        <inputAssignments>
            <field>OwnerId</field>
            <value>
                <elementReference>$User.Id</elementReference>
            </value>
        </inputAssignments>
        <inputAssignments>
            <field>RecordTypeId</field>
            <value>
                <stringValue>0121H0000012e1cQAA</stringValue>
            </value>
        </inputAssignments>
        <inputAssignments>
            <field>StageName</field>
            <value>
                <elementReference>Get_Opportunity_Record.StageName</elementReference>
            </value>
        </inputAssignments>
        <object>Opportunity</object>
    </recordCreates>
    <recordCreates>
        <name>Clone_WP_Opportunity</name>
        <label>Clone WP Opportunity</label>
        <locationX>50</locationX>
        <locationY>398</locationY>
        <assignRecordIdToReference>$Flow.CurrentRecord</assignRecordIdToReference>
        <connector>
            <targetReference>Set_Cloned</targetReference>
        </connector>
        <inputAssignments>
            <field>AccountId</field>
            <value>
                <elementReference>Get_Opportunity_Record.Account.Id</elementReference>
            </value>
        </inputAssignments>
        <inputAssignments>
            <field>CloseDate</field>
            <value>
                <elementReference>Get_Opportunity_Record.CloseDate</elementReference>
            </value>
        </inputAssignments>
        <inputAssignments>
            <field>CurrencyIsoCode</field>
            <value>
                <elementReference>Get_Opportunity_Record.CurrencyIsoCode</elementReference>
            </value>
        </inputAssignments>
        <inputAssignments>
            <field>Name</field>
            <value>
                <elementReference>Get_Opportunity_Record.Name</elementReference>
            </value>
        </inputAssignments>
        <inputAssignments>
            <field>OwnerId</field>
            <value>
                <elementReference>$User.Id</elementReference>
            </value>
        </inputAssignments>
        <inputAssignments>
            <field>RecordTypeId</field>
            <value>
                <stringValue>01212000000GiqJAAS</stringValue>
            </value>
        </inputAssignments>
        <inputAssignments>
            <field>StageName</field>
            <value>
                <elementReference>Get_Opportunity_Record.StageName</elementReference>
            </value>
        </inputAssignments>
        <object>Opportunity</object>
    </recordCreates>
    <recordLookups>
        <name>Get_Opportunity_Record</name>
        <label>Get Opportunity Record</label>
        <locationX>314</locationX>
        <locationY>158</locationY>
        <assignNullValuesIfNoRecordsFound>false</assignNullValuesIfNoRecordsFound>
        <connector>
            <targetReference>Opportunity_Record_Type_Value</targetReference>
        </connector>
        <filterLogic>and</filterLogic>
        <filters>
            <field>Id</field>
            <operator>EqualTo</operator>
            <value>
                <elementReference>recordId</elementReference>
            </value>
        </filters>
        <getFirstRecordOnly>true</getFirstRecordOnly>
        <object>Opportunity</object>
        <storeOutputAutomatically>true</storeOutputAutomatically>
    </recordLookups>
    <recordUpdates>
        <name>Update_the_Base_Opportunity</name>
        <label>Update the Base Opportunity</label>
        <locationX>314</locationX>
        <locationY>734</locationY>
        <connector>
            <targetReference>Created</targetReference>
        </connector>
        <inputReference>Get_Opportunity_Record</inputReference>
    </recordUpdates>
    <screens>
        <name>Created</name>
        <label>Created</label>
        <locationX>314</locationX>
        <locationY>854</locationY>
        <allowBack>false</allowBack>
        <allowFinish>true</allowFinish>
        <allowPause>false</allowPause>
        <fields>
            <name>Success</name>
            <fieldText>&lt;p&gt;&lt;a href=&quot;https://fb.lightning.force.com/lightning/r/Opportunity/{!$Flow.CurrentRecord}/view&quot; rel=&quot;noopener noreferrer&quot; target=&quot;_blank&quot;&gt;Click here&lt;/a&gt; to access created record.&lt;/p&gt;</fieldText>
            <fieldType>DisplayText</fieldType>
        </fields>
        <showFooter>true</showFooter>
        <showHeader>false</showHeader>
    </screens>
    <start>
        <locationX>188</locationX>
        <locationY>0</locationY>
        <connector>
            <targetReference>Get_Opportunity_Record</targetReference>
        </connector>
    </start>
    <status>Obsolete</status>
    <variables>
        <name>AssignOpportunityValues</name>
        <dataType>SObject</dataType>
        <isCollection>false</isCollection>
        <isInput>false</isInput>
        <isOutput>false</isOutput>
        <objectType>Opportunity</objectType>
    </variables>
    <variables>
        <name>recordId</name>
        <dataType>String</dataType>
        <isCollection>false</isCollection>
        <isInput>true</isInput>
        <isOutput>false</isOutput>
    </variables>
</Flow>
