<?xml version="1.0" encoding="UTF-8"?>
<Flow xmlns="http://soap.sforce.com/2006/04/metadata">
    <apiVersion>49.0</apiVersion>
    <assignments>
        <name>Compute_total_Unpaid</name>
        <label>Compute total Unpaid</label>
        <locationX>223</locationX>
        <locationY>428</locationY>
        <assignmentItems>
            <assignToReference>svarUnpaidTotal</assignToReference>
            <operator>Add</operator>
            <value>
                <elementReference>svarUnpaidTotal</elementReference>
            </value>
        </assignmentItems>
        <connector>
            <targetReference>Traverse_Though_the_LiveRail_Entities</targetReference>
        </connector>
    </assignments>
    <assignments>
        <name>Initialize_Unpaid_Delivery</name>
        <label>Initialize Unpaid Delivery</label>
        <locationX>218</locationX>
        <locationY>176</locationY>
        <assignmentItems>
            <assignToReference>svarUnpaidTotal</assignToReference>
            <operator>Assign</operator>
            <value>
                <numberValue>0.0</numberValue>
            </value>
        </assignmentItems>
        <connector>
            <targetReference>Traverse_Though_the_LiveRail_Entities</targetReference>
        </connector>
    </assignments>
    <interviewLabel>Compute Unpaid Deliveryv3 {!$Flow.CurrentDateTime}</interviewLabel>
    <label>Compute Unpaid Deliveryv3</label>
    <loops>
        <name>Traverse_Though_the_LiveRail_Entities</name>
        <label>Traverse Though the LiveRail Entities</label>
        <locationX>222</locationX>
        <locationY>306</locationY>
        <assignNextValueToReference>svarCurrentEntity</assignNextValueToReference>
        <collectionReference>LiveRailEntities</collectionReference>
        <iterationOrder>Asc</iterationOrder>
        <nextValueConnector>
            <targetReference>Compute_total_Unpaid</targetReference>
        </nextValueConnector>
        <noMoreValuesConnector>
            <targetReference>Update_Unpaid_Delivery</targetReference>
        </noMoreValuesConnector>
    </loops>
    <processType>AutoLaunchedFlow</processType>
    <recordLookups>
        <name>Search_All_Entities_and_that_belong_to_an_Account</name>
        <label>Search All Entities and that belong to an Account</label>
        <locationX>212</locationX>
        <locationY>51</locationY>
        <assignNullValuesIfNoRecordsFound>true</assignNullValuesIfNoRecordsFound>
        <connector>
            <targetReference>Initialize_Unpaid_Delivery</targetReference>
        </connector>
        <filterLogic>and</filterLogic>
        <filters>
            <field>Account__c</field>
            <operator>EqualTo</operator>
            <value>
                <elementReference>svarAccountID</elementReference>
            </value>
        </filters>
        <filters>
            <field>Parent_Entity__c</field>
            <operator>IsNull</operator>
            <value>
                <booleanValue>true</booleanValue>
            </value>
        </filters>
        <object>LiveRail_Entity__c</object>
        <outputReference>LiveRailEntities</outputReference>
        <queriedFields>Id</queriedFields>
        <sortField>Unpaid_Delivery_Total__c</sortField>
        <sortOrder>Desc</sortOrder>
    </recordLookups>
    <recordUpdates>
        <name>Update_Unpaid_Delivery</name>
        <label>Update Unpaid Delivery</label>
        <locationX>536</locationX>
        <locationY>239</locationY>
        <filterLogic>and</filterLogic>
        <filters>
            <field>Id</field>
            <operator>EqualTo</operator>
            <value>
                <elementReference>svarAccountID</elementReference>
            </value>
        </filters>
        <inputAssignments>
            <field>Unbilled_LR_Delivery_Total__c</field>
            <value>
                <elementReference>svarUnpaidTotal</elementReference>
            </value>
        </inputAssignments>
        <object>Account</object>
    </recordUpdates>
    <startElementReference>Search_All_Entities_and_that_belong_to_an_Account</startElementReference>
    <status>Active</status>
    <variables>
        <name>LiveRailEntities</name>
        <dataType>SObject</dataType>
        <isCollection>true</isCollection>
        <isInput>false</isInput>
        <isOutput>false</isOutput>
        <objectType>LiveRail_Entity__c</objectType>
    </variables>
    <variables>
        <name>svarAccountID</name>
        <dataType>String</dataType>
        <isCollection>false</isCollection>
        <isInput>true</isInput>
        <isOutput>false</isOutput>
        <value>
            <stringValue>0011200001CQncNAAT</stringValue>
        </value>
    </variables>
    <variables>
        <name>svarCurrentEntity</name>
        <dataType>SObject</dataType>
        <isCollection>false</isCollection>
        <isInput>false</isInput>
        <isOutput>false</isOutput>
        <objectType>LiveRail_Entity__c</objectType>
    </variables>
    <variables>
        <name>svarUnpaidTotal</name>
        <dataType>Currency</dataType>
        <isCollection>false</isCollection>
        <isInput>false</isInput>
        <isOutput>false</isOutput>
        <scale>2</scale>
        <value>
            <numberValue>0.0</numberValue>
        </value>
    </variables>
    <variables>
        <name>UpdateAccount</name>
        <dataType>SObject</dataType>
        <isCollection>false</isCollection>
        <isInput>false</isInput>
        <isOutput>false</isOutput>
        <objectType>Account</objectType>
    </variables>
</Flow>
