<?xml version="1.0" encoding="UTF-8"?>
<Flow xmlns="http://soap.sforce.com/2006/04/metadata">
    <apiVersion>51.0</apiVersion>
    <assignments>
        <name>myUniquelyDummyAssignment</name>
        <label>myUniquelyDummyAssignment</label>
        <locationX>0</locationX>
        <locationY>0</locationY>
        <assignmentItems>
            <assignToReference>myUniquelyDummyVariable</assignToReference>
            <operator>Assign</operator>
            <value>
                <stringValue>fakeVal</stringValue>
            </value>
        </assignmentItems>
    </assignments>
    <interviewLabel>Create_Content_Budget_on_project-1_InterviewLabel</interviewLabel>
    <label>Create Content Budget on project</label>
    <processMetadataValues>
        <name>ObjectType</name>
        <value>
            <stringValue>Oculus_Project__c</stringValue>
        </value>
    </processMetadataValues>
    <processMetadataValues>
        <name>ObjectVariable</name>
        <value>
            <elementReference>myVariable_current</elementReference>
        </value>
    </processMetadataValues>
    <processMetadataValues>
        <name>OldObjectVariable</name>
        <value>
            <elementReference>myVariable_old</elementReference>
        </value>
    </processMetadataValues>
    <processMetadataValues>
        <name>TriggerType</name>
        <value>
            <stringValue>onCreateOnly</stringValue>
        </value>
    </processMetadataValues>
    <processType>Workflow</processType>
    <startElementReference>myUniquelyDummyAssignment</startElementReference>
    <status>Draft</status>
    <variables>
        <name>myUniquelyDummyVariable</name>
        <dataType>String</dataType>
        <isCollection>false</isCollection>
        <isInput>false</isInput>
        <isOutput>false</isOutput>
    </variables>
    <variables>
        <name>myVariable_current</name>
        <dataType>SObject</dataType>
        <isCollection>false</isCollection>
        <isInput>true</isInput>
        <isOutput>true</isOutput>
        <objectType>Oculus_Project__c</objectType>
    </variables>
    <variables>
        <name>myVariable_old</name>
        <dataType>SObject</dataType>
        <isCollection>false</isCollection>
        <isInput>true</isInput>
        <isOutput>false</isOutput>
        <objectType>Oculus_Project__c</objectType>
    </variables>
</Flow>
