<?xml version="1.0" encoding="UTF-8"?>
<Flow xmlns="http://soap.sforce.com/2006/04/metadata">
    <apiVersion>49.0</apiVersion>
    <decisions>
        <name>FoundTask</name>
        <label>FoundTask</label>
        <locationX>354</locationX>
        <locationY>192</locationY>
        <defaultConnectorLabel>Default Outcome</defaultConnectorLabel>
        <rules>
            <name>TaskExists</name>
            <conditionLogic>and</conditionLogic>
            <conditions>
                <leftValueReference>TaskRecord</leftValueReference>
                <operator>IsNull</operator>
                <rightValue>
                    <booleanValue>false</booleanValue>
                </rightValue>
            </conditions>
            <connector>
                <targetReference>Create_New_Event_Record</targetReference>
            </connector>
            <label>TaskExists</label>
        </rules>
    </decisions>
    <interviewLabel>CreateEventRecordFromTask {!$Flow.CurrentDateTime}</interviewLabel>
    <label>CreateEventRecordFromTask</label>
    <processMetadataValues>
        <name>BuilderType</name>
        <value>
            <stringValue>LightningFlowBuilder</stringValue>
        </value>
    </processMetadataValues>
    <processMetadataValues>
        <name>OriginBuilderType</name>
        <value>
            <stringValue>LightningFlowBuilder</stringValue>
        </value>
    </processMetadataValues>
    <processType>AutoLaunchedFlow</processType>
    <recordCreates>
        <name>Create_New_Event_Record</name>
        <label>Create New Event Record</label>
        <locationX>546</locationX>
        <locationY>190</locationY>
        <connector>
            <targetReference>DeleteTaskRecord</targetReference>
        </connector>
        <inputAssignments>
            <field>Subject</field>
            <value>
                <elementReference>TaskRecord.Subject</elementReference>
            </value>
        </inputAssignments>
        <inputAssignments>
            <field>WhatId</field>
            <value>
                <elementReference>TaskRecord.WhatId</elementReference>
            </value>
        </inputAssignments>
        <inputAssignments>
            <field>WhoId</field>
            <value>
                <elementReference>TaskRecord.WhoId</elementReference>
            </value>
        </inputAssignments>
        <object>Event</object>
        <storeOutputAutomatically>true</storeOutputAutomatically>
    </recordCreates>
    <recordDeletes>
        <name>DeleteTaskRecord</name>
        <label>DeleteTaskRecord</label>
        <locationX>717</locationX>
        <locationY>191</locationY>
        <inputReference>TaskRecord</inputReference>
    </recordDeletes>
    <recordLookups>
        <description>Get Task Records Created From Outreach</description>
        <name>Get_Task_Record</name>
        <label>Get Task Record</label>
        <locationX>182</locationX>
        <locationY>190</locationY>
        <assignNullValuesIfNoRecordsFound>true</assignNullValuesIfNoRecordsFound>
        <connector>
            <targetReference>FoundTask</targetReference>
        </connector>
        <filterLogic>and</filterLogic>
        <filters>
            <field>Id</field>
            <operator>EqualTo</operator>
            <value>
                <elementReference>TaskId</elementReference>
            </value>
        </filters>
        <object>Task</object>
        <outputReference>TaskRecord</outputReference>
        <queriedFields>Id</queriedFields>
        <queriedFields>WhoId</queriedFields>
        <queriedFields>WhatId</queriedFields>
        <queriedFields>Subject</queriedFields>
    </recordLookups>
    <start>
        <locationX>56</locationX>
        <locationY>33</locationY>
        <connector>
            <targetReference>Get_Task_Record</targetReference>
        </connector>
    </start>
    <status>Draft</status>
    <variables>
        <name>TaskId</name>
        <dataType>String</dataType>
        <isCollection>false</isCollection>
        <isInput>true</isInput>
        <isOutput>false</isOutput>
    </variables>
    <variables>
        <name>TaskRecord</name>
        <dataType>SObject</dataType>
        <isCollection>false</isCollection>
        <isInput>false</isInput>
        <isOutput>false</isOutput>
        <objectType>Task</objectType>
    </variables>
</Flow>
