<?xml version="1.0" encoding="UTF-8"?>
<Flow xmlns="http://soap.sforce.com/2006/04/metadata">
    <apiVersion>56.0</apiVersion>
    <decisions>
        <name>ACR_Open</name>
        <label>ACR Open?</label>
        <locationX>234</locationX>
        <locationY>1275</locationY>
        <defaultConnector>
            <targetReference>Invalid_Currency</targetReference>
        </defaultConnector>
        <defaultConnectorLabel>False</defaultConnectorLabel>
        <rules>
            <name>ACR_Open_True</name>
            <conditionLogic>and</conditionLogic>
            <conditions>
                <leftValueReference>$Record.Account_Credit_Request_Open__c</leftValueReference>
                <operator>EqualTo</operator>
                <rightValue>
                    <booleanValue>true</booleanValue>
                </rightValue>
            </conditions>
            <connector>
                <targetReference>msg_ACR_Open</targetReference>
            </connector>
            <label>ACR Open True</label>
        </rules>
    </decisions>
    <decisions>
        <name>CRM_New_Credit_link</name>
        <label>CRM New Credit link</label>
        <locationX>237</locationX>
        <locationY>1644</locationY>
        <defaultConnector>
            <targetReference>SFDC_New_Credit_link</targetReference>
        </defaultConnector>
        <defaultConnectorLabel>False</defaultConnectorLabel>
        <rules>
            <name>CRM_New_Credit_link_True</name>
            <conditionLogic>and</conditionLogic>
            <conditions>
                <leftValueReference>CRMNewCreditLink</leftValueReference>
                <operator>EqualTo</operator>
                <rightValue>
                    <booleanValue>true</booleanValue>
                </rightValue>
            </conditions>
            <conditions>
                <leftValueReference>TotalCreditLimit</leftValueReference>
                <operator>EqualTo</operator>
                <rightValue>
                    <numberValue>0.0</numberValue>
                </rightValue>
            </conditions>
            <connector>
                <targetReference>BM_Link</targetReference>
            </connector>
            <label>CRM New Credit link True</label>
        </rules>
    </decisions>
    <decisions>
        <name>Invalid_Currency</name>
        <label>Invalid Currency?</label>
        <locationX>236</locationX>
        <locationY>1462</locationY>
        <defaultConnector>
            <targetReference>CRM_New_Credit_link</targetReference>
        </defaultConnector>
        <defaultConnectorLabel>False</defaultConnectorLabel>
        <rules>
            <name>Invalid_Currency_True</name>
            <conditionLogic>and</conditionLogic>
            <conditions>
                <leftValueReference>InvalidCurrency</leftValueReference>
                <operator>EqualTo</operator>
                <rightValue>
                    <booleanValue>true</booleanValue>
                </rightValue>
            </conditions>
            <conditions>
                <leftValueReference>TotalCreditLimit</leftValueReference>
                <operator>EqualTo</operator>
                <rightValue>
                    <numberValue>0.0</numberValue>
                </rightValue>
            </conditions>
            <connector>
                <targetReference>msg_Invalid_Currency</targetReference>
            </connector>
            <label>Invalid Currency True</label>
        </rules>
    </decisions>
    <decisions>
        <name>IsNew_And_DQ_team</name>
        <label>IsNew? And DQ team</label>
        <locationX>233</locationX>
        <locationY>508</locationY>
        <defaultConnector>
            <targetReference>Supplier</targetReference>
        </defaultConnector>
        <defaultConnectorLabel>False</defaultConnectorLabel>
        <rules>
            <name>IsNew_And_DQ_True</name>
            <conditionLogic>or</conditionLogic>
            <conditions>
                <leftValueReference>IsNewDuringTrigger</leftValueReference>
                <operator>EqualTo</operator>
                <rightValue>
                    <booleanValue>true</booleanValue>
                </rightValue>
            </conditions>
            <conditions>
                <leftValueReference>DQTeam</leftValueReference>
                <operator>EqualTo</operator>
                <rightValue>
                    <booleanValue>true</booleanValue>
                </rightValue>
            </conditions>
            <label>IsNew And DQ True</label>
        </rules>
    </decisions>
    <decisions>
        <name>Minimum_Req_s</name>
        <label>Minimum Req&apos;s</label>
        <locationX>235</locationX>
        <locationY>1094</locationY>
        <defaultConnector>
            <targetReference>ACR_Open</targetReference>
        </defaultConnector>
        <defaultConnectorLabel>False</defaultConnectorLabel>
        <rules>
            <name>Minimum_Req_True</name>
            <conditionLogic>and</conditionLogic>
            <conditions>
                <leftValueReference>MinimumReq</leftValueReference>
                <operator>EqualTo</operator>
                <rightValue>
                    <booleanValue>true</booleanValue>
                </rightValue>
            </conditions>
            <conditions>
                <leftValueReference>TotalCreditLimit</leftValueReference>
                <operator>EqualTo</operator>
                <rightValue>
                    <numberValue>0.0</numberValue>
                </rightValue>
            </conditions>
            <connector>
                <targetReference>msg_Missing_Data</targetReference>
            </connector>
            <label>Minimum Req True</label>
        </rules>
    </decisions>
    <decisions>
        <name>SFDC_New_Credit_link</name>
        <label>SFDC New Credit link</label>
        <locationX>238</locationX>
        <locationY>1825</locationY>
        <defaultConnectorLabel>False</defaultConnectorLabel>
        <rules>
            <name>SFDC_New_Credit_link_True</name>
            <conditionLogic>and</conditionLogic>
            <conditions>
                <leftValueReference>$Record.Account_Credit_Request_Open__c</leftValueReference>
                <operator>EqualTo</operator>
                <rightValue>
                    <booleanValue>false</booleanValue>
                </rightValue>
            </conditions>
            <conditions>
                <leftValueReference>TotalCreditLimit</leftValueReference>
                <operator>EqualTo</operator>
                <rightValue>
                    <numberValue>0.0</numberValue>
                </rightValue>
            </conditions>
            <connector>
                <targetReference>SFDC_link</targetReference>
            </connector>
            <label>SFDC New Credit link True</label>
        </rules>
    </decisions>
    <decisions>
        <name>Supplier</name>
        <label>Supplier?</label>
        <locationX>233</locationX>
        <locationY>725</locationY>
        <defaultConnector>
            <targetReference>Suspended</targetReference>
        </defaultConnector>
        <defaultConnectorLabel>False</defaultConnectorLabel>
        <rules>
            <name>Supplier_True</name>
            <conditionLogic>and</conditionLogic>
            <conditions>
                <leftValueReference>$Record.Omega_Account_Number__c</leftValueReference>
                <operator>Contains</operator>
                <rightValue>
                    <stringValue>Supplier</stringValue>
                </rightValue>
            </conditions>
            <connector>
                <targetReference>msg_to_Supplier</targetReference>
            </connector>
            <label>Supplier True</label>
        </rules>
    </decisions>
    <decisions>
        <name>Suspended</name>
        <label>Suspended?</label>
        <locationX>235</locationX>
        <locationY>909</locationY>
        <defaultConnector>
            <targetReference>Minimum_Req_s</targetReference>
        </defaultConnector>
        <defaultConnectorLabel>False</defaultConnectorLabel>
        <rules>
            <name>Suspended_True</name>
            <conditionLogic>and</conditionLogic>
            <conditions>
                <leftValueReference>$Record.Suspended__c</leftValueReference>
                <operator>EqualTo</operator>
                <rightValue>
                    <booleanValue>true</booleanValue>
                </rightValue>
            </conditions>
            <connector>
                <targetReference>msg_to_Suspended</targetReference>
            </connector>
            <label>Suspended True</label>
        </rules>
    </decisions>
    <description>T136517889 : Convert &apos;Credit Actions Link&apos; process builder to Flow</description>
    <environments>Default</environments>
    <formulas>
        <name>BMHyperlink</name>
        <dataType>String</dataType>
        <expression>HYPERLINK(&quot;https://our.intern.facebook.com/intern/crm/orgs/&quot;&amp;{!$Record.External_ID__c}&amp;&quot;/finance&quot; , &quot;Enable in CRM&quot; )</expression>
    </formulas>
    <formulas>
        <name>BypassPB</name>
        <dataType>Boolean</dataType>
        <expression>{!$Setup.FB_Trigger_Control__c.Shall_Skip_Account_Flows__c}</expression>
    </formulas>
    <formulas>
        <name>CRMNewCreditLink</name>
        <dataType>Boolean</dataType>
        <expression>{!$Record.Account_Credit_Request_Open__c} == FALSE &amp;&amp;
  {!$Record.IsWorkplace__c}== FALSE</expression>
    </formulas>
    <formulas>
        <name>DQTeam</name>
        <dataType>Boolean</dataType>
        <expression>OR ( 
Contains( {!$User.Username}, &quot;milesgloria@fb.com&quot;), 
Contains( {!$User.Username}, &quot;mcasanova@fb.com&quot; ), 
Contains( {!$User.Username}, &quot;teccleshall@fb.com&quot;), 
Contains( {!$User.Username}, &quot;cmarshall@fb.com&quot;),
Contains( {!$User.Username}, &quot;int_trex@fb.com&quot;)
)</expression>
    </formulas>
    <formulas>
        <name>InvalidCurrency</name>
        <dataType>Boolean</dataType>
        <expression>NOT(CONTAINS(&apos;ARS-AUD-BRL-CAD-COP-DKK-EUR-GBP-HKD-IDR-ILS-INR-JPY-KRW-MXN-NOK-NZD-PLN-SEK-THB-TRY-TWD-USD-ZAR-SGD-MYR-PHP-VND-RUB&apos;, TEXT({!$Record.CurrencyIsoCode})))</expression>
    </formulas>
    <formulas>
        <name>IsNewDuringTrigger</name>
        <dataType>Boolean</dataType>
        <expression>AND(OR(ISNEW(), {!$Record.CreatedDate} &gt;= NOW() - (1/24/60)), {!$Profile.Id} &lt;&gt; &apos;00e1H000000L1Xe&apos;)</expression>
    </formulas>
    <formulas>
        <name>MinimumReq</name>
        <dataType>Boolean</dataType>
        <expression>{!$Record.Account_Credit_Request_Open__c}= false
  &amp;&amp; ( ISBLANK({!$Record.Legal_Entity_Name__c}) 
       || ISBLANK({!$Record.Credit_Application_Email__c}) 
       || ISBLANK({!$Record.BillingCountry}))</expression>
    </formulas>
    <formulas>
        <name>SFDCHyperlink</name>
        <dataType>String</dataType>
        <expression>HYPERLINK(&apos;/apex/ADS_ProcessCreditApp?AcctId=&apos;&amp;{!$Record.Id} &amp;&apos;&amp;00Nq0000000UQyq=1&amp;retURL=&apos;&amp;{!$Record.Id}&amp;&apos;&apos;,&apos;Enable Credit Application&apos; ,&apos;_parent&apos;)</expression>
    </formulas>
    <formulas>
        <name>TotalCreditLimit</name>
        <dataType>Number</dataType>
        <expression>IF(ISNULL({!TotalCreditLimitFormula}), 0 , {!TotalCreditLimitFormula})</expression>
        <scale>2</scale>
    </formulas>
    <formulas>
        <name>TotalCreditLimitFormula</name>
        <dataType>Number</dataType>
        <expression>{!$Record.Online_Credit_Limit__c}+{!$Record.IO_Credit_Limit__c}+{!$Record.FB_Inc_AltPay__c}+{!$Record.FB_Payments_AltPay_Credit_Limit__c}</expression>
        <scale>2</scale>
    </formulas>
    <interviewLabel>Credit Actions link {!$Flow.CurrentDateTime}</interviewLabel>
    <label>Credit Actions link</label>
    <processMetadataValues>
        <name>BuilderType</name>
        <value>
            <stringValue>LightningFlowBuilder</stringValue>
        </value>
    </processMetadataValues>
    <processMetadataValues>
        <name>CanvasMode</name>
        <value>
            <stringValue>FREE_FORM_CANVAS</stringValue>
        </value>
    </processMetadataValues>
    <processMetadataValues>
        <name>OriginBuilderType</name>
        <value>
            <stringValue>LightningFlowBuilder</stringValue>
        </value>
    </processMetadataValues>
    <processType>AutoLaunchedFlow</processType>
    <recordUpdates>
        <name>BM_Link</name>
        <label>BM Link</label>
        <locationX>709</locationX>
        <locationY>1634</locationY>
        <filterLogic>and</filterLogic>
        <filters>
            <field>HIDDEN_CREDIT_MSG__c</field>
            <operator>NotEqualTo</operator>
            <value>
                <elementReference>BMHyperlink</elementReference>
            </value>
        </filters>
        <inputAssignments>
            <field>HIDDEN_CREDIT_MSG__c</field>
            <value>
                <elementReference>BMHyperlink</elementReference>
            </value>
        </inputAssignments>
        <inputReference>$Record</inputReference>
    </recordUpdates>
    <recordUpdates>
        <name>msg_ACR_Open</name>
        <label>msg ACR Open</label>
        <locationX>697</locationX>
        <locationY>1278</locationY>
        <filterLogic>and</filterLogic>
        <filters>
            <field>HIDDEN_CREDIT_MSG__c</field>
            <operator>NotEqualTo</operator>
            <value>
                <stringValue>Please check the Account Credit Requests section below for the latest status update</stringValue>
            </value>
        </filters>
        <inputAssignments>
            <field>HIDDEN_CREDIT_MSG__c</field>
            <value>
                <stringValue>Please check the Account Credit Requests section below for the latest status update</stringValue>
            </value>
        </inputAssignments>
        <inputReference>$Record</inputReference>
    </recordUpdates>
    <recordUpdates>
        <name>msg_Invalid_Currency</name>
        <label>msg Invalid Currency</label>
        <locationX>703</locationX>
        <locationY>1453</locationY>
        <filterLogic>and</filterLogic>
        <filters>
            <field>HIDDEN_CREDIT_MSG__c</field>
            <operator>NotEqualTo</operator>
            <value>
                <stringValue>The currency assigned to this Account is not allowed for invoicing. The currency must be supported by the billing system.</stringValue>
            </value>
        </filters>
        <inputAssignments>
            <field>HIDDEN_CREDIT_MSG__c</field>
            <value>
                <stringValue>The currency assigned to this Account is not allowed for invoicing. The currency must be supported by the billing system.</stringValue>
            </value>
        </inputAssignments>
        <inputReference>$Record</inputReference>
    </recordUpdates>
    <recordUpdates>
        <name>msg_Missing_Data</name>
        <label>msg Missing Data</label>
        <locationX>699</locationX>
        <locationY>1090</locationY>
        <filterLogic>and</filterLogic>
        <filters>
            <field>HIDDEN_CREDIT_MSG__c</field>
            <operator>NotEqualTo</operator>
            <value>
                <stringValue>Legal Entity Name, Billing Address and Credit Application Email are required.</stringValue>
            </value>
        </filters>
        <inputAssignments>
            <field>HIDDEN_CREDIT_MSG__c</field>
            <value>
                <stringValue>Legal Entity Name, Billing Address and Credit Application Email are required.</stringValue>
            </value>
        </inputAssignments>
        <inputReference>$Record</inputReference>
    </recordUpdates>
    <recordUpdates>
        <name>msg_to_Supplier</name>
        <label>msg to Supplier</label>
        <locationX>692</locationX>
        <locationY>726</locationY>
        <filterLogic>and</filterLogic>
        <filters>
            <field>HIDDEN_CREDIT_MSG__c</field>
            <operator>NotEqualTo</operator>
            <value>
                <stringValue>Account cannot be a supplier account. Please set up a new account and sync with omega.</stringValue>
            </value>
        </filters>
        <inputAssignments>
            <field>HIDDEN_CREDIT_MSG__c</field>
            <value>
                <stringValue>Account cannot be a supplier account. Please set up a new account and sync with omega.</stringValue>
            </value>
        </inputAssignments>
        <inputReference>$Record</inputReference>
    </recordUpdates>
    <recordUpdates>
        <name>msg_to_Suspended</name>
        <label>msg to Suspended</label>
        <locationX>693</locationX>
        <locationY>904</locationY>
        <filterLogic>and</filterLogic>
        <filters>
            <field>HIDDEN_CREDIT_MSG__c</field>
            <operator>NotEqualTo</operator>
            <value>
                <stringValue>Account is suspended.  No Credit allowed.</stringValue>
            </value>
        </filters>
        <inputAssignments>
            <field>HIDDEN_CREDIT_MSG__c</field>
            <value>
                <stringValue>Account is suspended.  No Credit allowed.</stringValue>
            </value>
        </inputAssignments>
        <inputReference>$Record</inputReference>
    </recordUpdates>
    <recordUpdates>
        <name>SFDC_link</name>
        <label>SFDC link</label>
        <locationX>710</locationX>
        <locationY>1817</locationY>
        <filterLogic>and</filterLogic>
        <filters>
            <field>HIDDEN_CREDIT_MSG__c</field>
            <operator>NotEqualTo</operator>
            <value>
                <elementReference>SFDCHyperlink</elementReference>
            </value>
        </filters>
        <inputAssignments>
            <field>HIDDEN_CREDIT_MSG__c</field>
            <value>
                <elementReference>SFDCHyperlink</elementReference>
            </value>
        </inputAssignments>
        <inputReference>$Record</inputReference>
    </recordUpdates>
    <start>
        <locationX>115</locationX>
        <locationY>224</locationY>
        <connector>
            <targetReference>IsNew_And_DQ_team</targetReference>
        </connector>
        <filterFormula>NOT({!$Setup.FB_Trigger_Control__c.Shall_Skip_Account_Flows__c})</filterFormula>
        <object>Account</object>
        <recordTriggerType>CreateAndUpdate</recordTriggerType>
        <triggerType>RecordBeforeSave</triggerType>
    </start>
    <status>Active</status>
</Flow>
