<?xml version="1.0" encoding="UTF-8"?>
<Flow xmlns="http://soap.sforce.com/2006/04/metadata">
    <apiVersion>56.0</apiVersion>
    <constants>
        <name>Add_String</name>
        <dataType>String</dataType>
        <value>
            <stringValue>Add</stringValue>
        </value>
    </constants>
    <constants>
        <name>Remove_String</name>
        <dataType>String</dataType>
        <value>
            <stringValue>Remove</stringValue>
        </value>
    </constants>
    <decisions>
        <name>New_Parent_is_CTM2</name>
        <label>New Parent is CTM</label>
        <locationX>1088</locationX>
        <locationY>447</locationY>
        <defaultConnector>
            <targetReference>New_Parent_Is_Not_CTM</targetReference>
        </defaultConnector>
        <defaultConnectorLabel>Default Outcome</defaultConnectorLabel>
        <rules>
            <name>True</name>
            <conditionLogic>and</conditionLogic>
            <conditions>
                <leftValueReference>$Record.Parent.Id</leftValueReference>
                <operator>IsChanged</operator>
                <rightValue>
                    <booleanValue>true</booleanValue>
                </rightValue>
            </conditions>
            <conditions>
                <leftValueReference>$Record.Parent.Id</leftValueReference>
                <operator>IsNull</operator>
                <rightValue>
                    <booleanValue>false</booleanValue>
                </rightValue>
            </conditions>
            <conditions>
                <leftValueReference>$Record.Parent.CTM_Group__c</leftValueReference>
                <operator>IsNull</operator>
                <rightValue>
                    <booleanValue>false</booleanValue>
                </rightValue>
            </conditions>
            <connector>
                <targetReference>Children_Orgs_Inherit_Parent_CTM_Group</targetReference>
            </connector>
            <label>True</label>
        </rules>
    </decisions>
    <decisions>
        <name>New_Parent_Is_Not_CTM</name>
        <label>New Parent Is Not CTM</label>
        <locationX>1088</locationX>
        <locationY>683</locationY>
        <defaultConnectorLabel>Default Outcome</defaultConnectorLabel>
        <rules>
            <name>True_2</name>
            <conditionLogic>1</conditionLogic>
            <conditions>
                <leftValueReference>NewParentIsNotCTMFormula</leftValueReference>
                <operator>EqualTo</operator>
                <rightValue>
                    <elementReference>True</elementReference>
                </rightValue>
            </conditions>
            <connector>
                <targetReference>Children_Orgs_Forfeit_Prev_Parent_CTM_Group</targetReference>
            </connector>
            <label>True</label>
        </rules>
    </decisions>
    <description>T64268061-Bypass PB, T134270658 Migrate to flow</description>
    <environments>Default</environments>
    <formulas>
        <name>NewParentIsNotCTMFormula</name>
        <dataType>Boolean</dataType>
        <expression>AND (
	ISCHANGED({!$Record.Parent.Id}),		
	OR(
		ISBLANK({!$Record.Parent.Id}),
		IF(
			NOT(ISBLANK({!$Record.Parent.Id})),
			ISBLANK({!$Record.Parent.CTM_Group__c}),
			FALSE
		)
	),
        NOT(ISBLANK({!$Record.Parent.CTM_Group__c}))
)</expression>
    </formulas>
    <interviewLabel>CTM Group Update on Account Parent Change Back To SetupHelp {!$Flow.CurrentDateTime}</interviewLabel>
    <label>CTM Group Update on Account Parent Change Back To SetupHelp</label>
    <processMetadataValues>
        <name>BuilderType</name>
        <value>
            <stringValue>LightningFlowBuilder</stringValue>
        </value>
    </processMetadataValues>
    <processMetadataValues>
        <name>CanvasMode</name>
        <value>
            <stringValue>FREE_FORM_CANVAS</stringValue>
        </value>
    </processMetadataValues>
    <processMetadataValues>
        <name>OriginBuilderType</name>
        <value>
            <stringValue>LightningFlowBuilder</stringValue>
        </value>
    </processMetadataValues>
    <processType>AutoLaunchedFlow</processType>
    <start>
        <locationX>970</locationX>
        <locationY>48</locationY>
        <connector>
            <targetReference>New_Parent_is_CTM2</targetReference>
        </connector>
        <filterFormula>{!$Setup.FB_Trigger_Control__c.Shall_Skip_Account_Flows__c}</filterFormula>
        <object>Account</object>
        <recordTriggerType>CreateAndUpdate</recordTriggerType>
        <triggerType>RecordAfterSave</triggerType>
    </start>
    <status>Draft</status>
    <subflows>
        <name>Children_Orgs_Forfeit_Prev_Parent_CTM_Group</name>
        <label>Children Orgs Forfeit Prev Parent CTM Group</label>
        <locationX>1492</locationX>
        <locationY>674</locationY>
        <flowName>Update_Child_Accts_CTM_Group</flowName>
        <inputAssignments>
            <name>ivar_acct_id_18</name>
            <value>
                <elementReference>$Record.Id</elementReference>
            </value>
        </inputAssignments>
        <inputAssignments>
            <name>ivar_action</name>
            <value>
                <elementReference>Remove_String</elementReference>
            </value>
        </inputAssignments>
        <inputAssignments>
            <name>ivar_parent_id_18</name>
            <value>
                <elementReference>$Record__Prior.Parent.Id</elementReference>
            </value>
        </inputAssignments>
    </subflows>
    <subflows>
        <name>Children_Orgs_Inherit_Parent_CTM_Group</name>
        <label>Children Orgs Inherit Parent CTM Group</label>
        <locationX>1489</locationX>
        <locationY>443</locationY>
        <flowName>Update_Child_Accts_CTM_Group</flowName>
        <inputAssignments>
            <name>ivar_acct_id_18</name>
            <value>
                <elementReference>$Record.Id</elementReference>
            </value>
        </inputAssignments>
        <inputAssignments>
            <name>ivar_action</name>
            <value>
                <elementReference>Add_String</elementReference>
            </value>
        </inputAssignments>
        <inputAssignments>
            <name>ivar_parent_id_18</name>
            <value>
                <elementReference>$Record.Parent.Id</elementReference>
            </value>
        </inputAssignments>
    </subflows>
</Flow>
