<?xml version="1.0" encoding="UTF-8"?>
<Flow xmlns="http://soap.sforce.com/2006/04/metadata">
    <actionCalls>
        <name>Send_Notification_to_Head_of_Compliance_Ops</name>
        <label>Send Notification to Head of Compliance Ops</label>
        <locationX>176</locationX>
        <locationY>335</locationY>
        <actionName>EDD_Investigation__c.EDD_Investigation_Notification_for_send_directly_to_MLRO</actionName>
        <actionType>emailAlert</actionType>
        <flowTransactionModel>CurrentTransaction</flowTransactionModel>
        <inputParameters>
            <name>SObjectRowId</name>
            <value>
                <elementReference>$Record.Id</elementReference>
            </value>
        </inputParameters>
        <nameSegment>EDD_Investigation__c.EDD_Investigation_Notification_for_send_directly_to_MLRO</nameSegment>
    </actionCalls>
    <apiVersion>54.0</apiVersion>
    <interviewLabel>EDD Investigation - Notify Head of Compliance Ops for Directly to MLRO {!$Flow.CurrentDateTime}</interviewLabel>
    <label>EDD Investigation - Notify Head of Compliance Ops for Directly to MLRO</label>
    <processMetadataValues>
        <name>BuilderType</name>
        <value>
            <stringValue>LightningFlowBuilder</stringValue>
        </value>
    </processMetadataValues>
    <processMetadataValues>
        <name>CanvasMode</name>
        <value>
            <stringValue>AUTO_LAYOUT_CANVAS</stringValue>
        </value>
    </processMetadataValues>
    <processMetadataValues>
        <name>OriginBuilderType</name>
        <value>
            <stringValue>LightningFlowBuilder</stringValue>
        </value>
    </processMetadataValues>
    <processType>AutoLaunchedFlow</processType>
    <start>
        <locationX>50</locationX>
        <locationY>0</locationY>
        <connector>
            <targetReference>Send_Notification_to_Head_of_Compliance_Ops</targetReference>
        </connector>
        <filterLogic>and</filterLogic>
        <filters>
            <field>Submitter__c</field>
            <operator>IsChanged</operator>
            <value>
                <booleanValue>true</booleanValue>
            </value>
        </filters>
        <filters>
            <field>Submitter__c</field>
            <operator>IsNull</operator>
            <value>
                <booleanValue>false</booleanValue>
            </value>
        </filters>
        <filters>
            <field>Send_directly_to_MLRO__c</field>
            <operator>EqualTo</operator>
            <value>
                <booleanValue>true</booleanValue>
            </value>
        </filters>
        <object>EDD_Investigation__c</object>
        <recordTriggerType>Update</recordTriggerType>
        <triggerType>RecordAfterSave</triggerType>
    </start>
    <status>Active</status>
</Flow>
