<?xml version="1.0" encoding="UTF-8"?>
<Flow xmlns="http://soap.sforce.com/2006/04/metadata">
    <actionCalls>
        <processMetadataValues>
            <name>emailAlertSelection</name>
            <value>
                <stringValue>LIVE_IN_STORE_valeria</stringValue>
            </value>
        </processMetadataValues>
        <name>myRule_1_A1</name>
        <label>Live In Store Alert - Project Owner + Valeria + Omid</label>
        <locationX>100</locationX>
        <locationY>200</locationY>
        <actionName>Project__c.LIVE_IN_STORE_valeria</actionName>
        <actionType>emailAlert</actionType>
        <inputParameters>
            <name>SObjectRowId</name>
            <value>
                <elementReference>myVariable_current.Id</elementReference>
            </value>
        </inputParameters>
        <nameSegment>Project__c.LIVE_IN_STORE_valeria</nameSegment>
    </actionCalls>
    <actionCalls>
        <processMetadataValues>
            <name>emailAlertSelection</name>
            <value>
                <stringValue>LIVE_IN_STORE_tamara</stringValue>
            </value>
        </processMetadataValues>
        <name>myRule_3_A1</name>
        <label>Live In Store Alert - Project Owner + Tamara + Omid</label>
        <locationX>300</locationX>
        <locationY>200</locationY>
        <actionName>Project__c.LIVE_IN_STORE_tamara</actionName>
        <actionType>emailAlert</actionType>
        <inputParameters>
            <name>SObjectRowId</name>
            <value>
                <elementReference>myVariable_current.Id</elementReference>
            </value>
        </inputParameters>
        <nameSegment>Project__c.LIVE_IN_STORE_tamara</nameSegment>
    </actionCalls>
    <actionCalls>
        <processMetadataValues>
            <name>emailAlertSelection</name>
            <value>
                <stringValue>LIVE_IN_STORE_Katharine</stringValue>
            </value>
        </processMetadataValues>
        <name>myRule_5_A1</name>
        <label>Live In Store Alert - Project Owner + Katharine + Omid</label>
        <locationX>500</locationX>
        <locationY>200</locationY>
        <actionName>Project__c.LIVE_IN_STORE_Katharine</actionName>
        <actionType>emailAlert</actionType>
        <inputParameters>
            <name>SObjectRowId</name>
            <value>
                <elementReference>myVariable_current.Id</elementReference>
            </value>
        </inputParameters>
        <nameSegment>Project__c.LIVE_IN_STORE_Katharine</nameSegment>
    </actionCalls>
    <apiVersion>49.0</apiVersion>
    <decisions>
        <processMetadataValues>
            <name>index</name>
            <value>
                <numberValue>0.0</numberValue>
            </value>
        </processMetadataValues>
        <name>myDecision</name>
        <label>myDecision</label>
        <locationX>50</locationX>
        <locationY>0</locationY>
        <defaultConnector>
            <targetReference>myDecision2</targetReference>
        </defaultConnector>
        <defaultConnectorLabel>default</defaultConnectorLabel>
        <rules>
            <name>myRule_1</name>
            <conditionLogic>and</conditionLogic>
            <conditions>
                <leftValueReference>formula_myRule_1</leftValueReference>
                <operator>EqualTo</operator>
                <rightValue>
                    <booleanValue>true</booleanValue>
                </rightValue>
            </conditions>
            <connector>
                <targetReference>myRule_1_A1</targetReference>
            </connector>
            <label>Publishing Team + Project Launched</label>
        </rules>
    </decisions>
    <decisions>
        <processMetadataValues>
            <name>index</name>
            <value>
                <numberValue>1.0</numberValue>
            </value>
        </processMetadataValues>
        <name>myDecision2</name>
        <label>myDecision2</label>
        <locationX>50</locationX>
        <locationY>0</locationY>
        <defaultConnector>
            <targetReference>myDecision4</targetReference>
        </defaultConnector>
        <defaultConnectorLabel>default</defaultConnectorLabel>
        <rules>
            <name>myRule_3</name>
            <conditionLogic>and</conditionLogic>
            <conditions>
                <leftValueReference>formula_myRule_3</leftValueReference>
                <operator>EqualTo</operator>
                <rightValue>
                    <booleanValue>true</booleanValue>
                </rightValue>
            </conditions>
            <connector>
                <targetReference>myRule_3_A1</targetReference>
            </connector>
            <label>Studios Team + Project Launched</label>
        </rules>
    </decisions>
    <decisions>
        <processMetadataValues>
            <name>index</name>
            <value>
                <numberValue>2.0</numberValue>
            </value>
        </processMetadataValues>
        <name>myDecision4</name>
        <label>myDecision4</label>
        <locationX>50</locationX>
        <locationY>0</locationY>
        <defaultConnectorLabel>default</defaultConnectorLabel>
        <rules>
            <name>myRule_5</name>
            <conditionLogic>and</conditionLogic>
            <conditions>
                <leftValueReference>formula_myRule_5</leftValueReference>
                <operator>EqualTo</operator>
                <rightValue>
                    <booleanValue>true</booleanValue>
                </rightValue>
            </conditions>
            <connector>
                <targetReference>myRule_5_A1</targetReference>
            </connector>
            <label>Experiences Team + Project Launched</label>
        </rules>
    </decisions>
    <formulas>
        <processMetadataValues>
            <name>originalFormula</name>
            <value>
                <stringValue>AND ( 
  ISCHANGED( [Project__c].Project_Statuss__c )  ,
  ISPICKVAL( [Project__c].Project_Statuss__c , &apos;Launched&apos; ) ,
  OR ( 
    ISPICKVAL( [Project__c].Content_Team__c, &apos;Publishing Applications Team&apos; ) ,
    ISPICKVAL( [Project__c].Content_Team__c, &apos;Publishing Games Team&apos; ) 
  )
)</stringValue>
            </value>
        </processMetadataValues>
        <name>formula_myRule_1</name>
        <dataType>Boolean</dataType>
        <expression>AND ( 
  ISCHANGED( {!myVariable_current.Project_Statuss__c} )  ,
  ISPICKVAL( {!myVariable_current.Project_Statuss__c} , &apos;Launched&apos; ) ,
  OR ( 
    ISPICKVAL( {!myVariable_current.Content_Team__c}, &apos;Publishing Applications Team&apos; ) ,
    ISPICKVAL( {!myVariable_current.Content_Team__c}, &apos;Publishing Games Team&apos; ) 
  )
)</expression>
    </formulas>
    <formulas>
        <processMetadataValues>
            <name>originalFormula</name>
            <value>
                <stringValue>AND ( 
  ISCHANGED( [Project__c].Project_Statuss__c )  ,
  ISPICKVAL( [Project__c].Project_Statuss__c , &apos;Launched&apos; ) ,
  ISPICKVAL( [Project__c].Content_Team__c, &apos;Studios Team&apos; ) 
)</stringValue>
            </value>
        </processMetadataValues>
        <name>formula_myRule_3</name>
        <dataType>Boolean</dataType>
        <expression>AND ( 
  ISCHANGED( {!myVariable_current.Project_Statuss__c} )  ,
  ISPICKVAL( {!myVariable_current.Project_Statuss__c} , &apos;Launched&apos; ) ,
  ISPICKVAL( {!myVariable_current.Content_Team__c}, &apos;Studios Team&apos; ) 
)</expression>
    </formulas>
    <formulas>
        <processMetadataValues>
            <name>originalFormula</name>
            <value>
                <stringValue>AND ( 
  ISCHANGED( [Project__c].Project_Statuss__c )  ,
  ISPICKVAL( [Project__c].Project_Statuss__c , &apos;Launched&apos; ) ,
  ISPICKVAL( [Project__c].Content_Team__c, &apos;Experiences Team&apos; )
)</stringValue>
            </value>
        </processMetadataValues>
        <name>formula_myRule_5</name>
        <dataType>Boolean</dataType>
        <expression>AND ( 
  ISCHANGED( {!myVariable_current.Project_Statuss__c} )  ,
  ISPICKVAL( {!myVariable_current.Project_Statuss__c} , &apos;Launched&apos; ) ,
  ISPICKVAL( {!myVariable_current.Content_Team__c}, &apos;Experiences Team&apos; )
)</expression>
    </formulas>
    <interviewLabel>Email_on_Launched_Content-2_InterviewLabel</interviewLabel>
    <label>Email on Launched Content</label>
    <processMetadataValues>
        <name>ObjectType</name>
        <value>
            <stringValue>Project__c</stringValue>
        </value>
    </processMetadataValues>
    <processMetadataValues>
        <name>ObjectVariable</name>
        <value>
            <elementReference>myVariable_current</elementReference>
        </value>
    </processMetadataValues>
    <processMetadataValues>
        <name>OldObjectVariable</name>
        <value>
            <elementReference>myVariable_old</elementReference>
        </value>
    </processMetadataValues>
    <processMetadataValues>
        <name>TriggerType</name>
        <value>
            <stringValue>onAllChanges</stringValue>
        </value>
    </processMetadataValues>
    <processType>Workflow</processType>
    <startElementReference>myDecision</startElementReference>
    <status>Obsolete</status>
    <variables>
        <name>myVariable_current</name>
        <dataType>SObject</dataType>
        <isCollection>false</isCollection>
        <isInput>true</isInput>
        <isOutput>true</isOutput>
        <objectType>Project__c</objectType>
    </variables>
    <variables>
        <name>myVariable_old</name>
        <dataType>SObject</dataType>
        <isCollection>false</isCollection>
        <isInput>true</isInput>
        <isOutput>false</isOutput>
        <objectType>Project__c</objectType>
    </variables>
</Flow>
