<?xml version="1.0" encoding="UTF-8"?>
<Flow xmlns="http://soap.sforce.com/2006/04/metadata">
    <apiVersion>49.0</apiVersion>
    <assignments>
        <description>To Bypass Process Builder we need an action to do nothing.</description>
        <name>Bypass_Process_Builder</name>
        <label>Bypass Process Builder</label>
        <locationX>224</locationX>
        <locationY>50</locationY>
        <assignmentItems>
            <assignToReference>bypassPB</assignToReference>
            <operator>Assign</operator>
            <value>
                <stringValue></stringValue>
            </value>
        </assignmentItems>
    </assignments>
    <description>T64268061: A default action in Process builder used as bypassing action</description>
    <interviewLabel>FB Bypass Process Builder Action {!$Flow.CurrentDateTime}</interviewLabel>
    <label>FB Bypass Process Builder Action</label>
    <processMetadataValues>
        <name>BuilderType</name>
        <value>
            <stringValue>LightningFlowBuilder</stringValue>
        </value>
    </processMetadataValues>
    <processMetadataValues>
        <name>OriginBuilderType</name>
        <value>
            <stringValue>LightningFlowBuilder</stringValue>
        </value>
    </processMetadataValues>
    <processType>AutoLaunchedFlow</processType>
    <start>
        <locationX>50</locationX>
        <locationY>50</locationY>
        <connector>
            <targetReference>Bypass_Process_Builder</targetReference>
        </connector>
    </start>
    <status>Active</status>
    <variables>
        <description>Variable to assign blank value</description>
        <name>bypassPB</name>
        <dataType>String</dataType>
        <isCollection>false</isCollection>
        <isInput>false</isInput>
        <isOutput>false</isOutput>
        <value>
            <stringValue></stringValue>
        </value>
    </variables>
</Flow>
