<?xml version="1.0" encoding="UTF-8"?>
<Flow xmlns="http://soap.sforce.com/2006/04/metadata">
    <apiVersion>57.0</apiVersion>
    <decisions>
        <name>Check_if_fb_object_exists</name>
        <label>Check if fb object exists?</label>
        <locationX>182</locationX>
        <locationY>431</locationY>
        <defaultConnectorLabel>Default Outcome</defaultConnectorLabel>
        <rules>
            <name>Exists</name>
            <conditionLogic>and</conditionLogic>
            <conditions>
                <leftValueReference>Get_FB_object_Record.Id</leftValueReference>
                <operator>IsNull</operator>
                <rightValue>
                    <booleanValue>false</booleanValue>
                </rightValue>
            </conditions>
            <connector>
                <targetReference>Update_Page</targetReference>
            </connector>
            <label>Exists</label>
        </rules>
    </decisions>
    <description>T151298655 - For Content Partnerships - Update Page on Lead based FB Page ID information entered.
 MEs need a quicker way to link directly to the partners page when they begin to vet the partner to ensure they are a fit for the program</description>
    <environments>Default</environments>
    <formulas>
        <name>Page</name>
        <dataType>String</dataType>
        <expression>IF (
{!Get_FB_object_Record.ID__c} &lt;&gt; &quot;&quot;,
IF (
TEXT({!Get_FB_object_Record.Type__c}) = &apos;InstagramUser&apos;,
HYPERLINK(&quot;https://instagram.com/&quot; &amp; {!Get_FB_object_Record.IG_Username__c} , {!Get_FB_object_Record.IG_Username__c}),
HYPERLINK(&quot;https://facebook.com/&quot; &amp; {!Get_FB_object_Record.ID__c} , {!Get_FB_object_Record.ID__c} )
),
&quot;&quot;
)</expression>
    </formulas>
    <interviewLabel>Fb Object Page Update {!$Flow.CurrentDateTime}</interviewLabel>
    <label>Fb Object Page Update</label>
    <processMetadataValues>
        <name>BuilderType</name>
        <value>
            <stringValue>LightningFlowBuilder</stringValue>
        </value>
    </processMetadataValues>
    <processMetadataValues>
        <name>CanvasMode</name>
        <value>
            <stringValue>AUTO_LAYOUT_CANVAS</stringValue>
        </value>
    </processMetadataValues>
    <processMetadataValues>
        <name>OriginBuilderType</name>
        <value>
            <stringValue>LightningFlowBuilder</stringValue>
        </value>
    </processMetadataValues>
    <processType>AutoLaunchedFlow</processType>
    <recordLookups>
        <name>Get_FB_object_Record</name>
        <label>Get FB object Record</label>
        <locationX>182</locationX>
        <locationY>323</locationY>
        <assignNullValuesIfNoRecordsFound>false</assignNullValuesIfNoRecordsFound>
        <connector>
            <targetReference>Check_if_fb_object_exists</targetReference>
        </connector>
        <filterLogic>and</filterLogic>
        <filters>
            <field>ID__c</field>
            <operator>EqualTo</operator>
            <value>
                <elementReference>$Record.Page_ID__c</elementReference>
            </value>
        </filters>
        <getFirstRecordOnly>true</getFirstRecordOnly>
        <object>FB_Object__c</object>
        <queriedFields>Id</queriedFields>
        <queriedFields>ID__c</queriedFields>
        <queriedFields>Type__c</queriedFields>
        <queriedFields>Account__c</queriedFields>
        <queriedFields>IG_Username__c</queriedFields>
        <queriedFields>Name</queriedFields>
        <storeOutputAutomatically>true</storeOutputAutomatically>
    </recordLookups>
    <recordUpdates>
        <name>Update_Page</name>
        <label>Update Page</label>
        <locationX>50</locationX>
        <locationY>539</locationY>
        <inputAssignments>
            <field>Page_Name__c</field>
            <value>
                <elementReference>Get_FB_object_Record.Name</elementReference>
            </value>
        </inputAssignments>
        <inputReference>$Record</inputReference>
    </recordUpdates>
    <start>
        <locationX>56</locationX>
        <locationY>0</locationY>
        <connector>
            <targetReference>Get_FB_object_Record</targetReference>
        </connector>
        <filterLogic>(1 OR 2) AND 3</filterLogic>
        <filters>
            <field>RecordTypeId</field>
            <operator>EqualTo</operator>
            <value>
                <stringValue>0121H000000WL3eQAG</stringValue>
            </value>
        </filters>
        <filters>
            <field>RecordTypeId</field>
            <operator>EqualTo</operator>
            <value>
                <stringValue>0121H000000WL8jQAG</stringValue>
            </value>
        </filters>
        <filters>
            <field>Page_ID__c</field>
            <operator>IsNull</operator>
            <value>
                <booleanValue>false</booleanValue>
            </value>
        </filters>
        <object>Lead</object>
        <recordTriggerType>CreateAndUpdate</recordTriggerType>
        <triggerType>RecordAfterSave</triggerType>
    </start>
    <status>Active</status>
</Flow>
