<?xml version="1.0" encoding="UTF-8"?>
<Flow xmlns="http://soap.sforce.com/2006/04/metadata">
    <apiVersion>56.0</apiVersion>
    <decisions>
        <name>Lead_Brand_and_Record_Type_Prior_Value_Check</name>
        <label>Lead Brand and Record Type Prior Value Check</label>
        <locationX>2228</locationX>
        <locationY>431</locationY>
        <defaultConnector>
            <targetReference>Update_All</targetReference>
        </defaultConnector>
        <defaultConnectorLabel>Default Outcome</defaultConnectorLabel>
        <rules>
            <name>Lead_Brand_and_RecordType_Prior_Value_check</name>
            <conditionLogic>1 OR (2 AND 3)</conditionLogic>
            <conditions>
                <leftValueReference>VarPriorLeadBrand</leftValueReference>
                <operator>EqualTo</operator>
                <rightValue>
                    <stringValue>Workplace</stringValue>
                </rightValue>
            </conditions>
            <conditions>
                <leftValueReference>VarPriorRecordType</leftValueReference>
                <operator>NotEqualTo</operator>
                <rightValue>
                    <stringValue>01212000000GieNAAS</stringValue>
                </rightValue>
            </conditions>
            <conditions>
                <leftValueReference>VarPriorRecordType</leftValueReference>
                <operator>IsNull</operator>
                <rightValue>
                    <booleanValue>false</booleanValue>
                </rightValue>
            </conditions>
            <connector>
                <targetReference>Update_All_Prior_Lead_Brand_Workplace</targetReference>
            </connector>
            <label>Lead Brand and RecordType Prior Value check</label>
        </rules>
    </decisions>
    <decisions>
        <name>Oculus_country_check</name>
        <label>Oculus country check</label>
        <locationX>3152</locationX>
        <locationY>647</locationY>
        <defaultConnector>
            <targetReference>Oculus_Unsupported_updates</targetReference>
        </defaultConnector>
        <defaultConnectorLabel>Oculus Unsupported</defaultConnectorLabel>
        <rules>
            <name>Oculus_Supported</name>
            <conditionLogic>or</conditionLogic>
            <conditions>
                <leftValueReference>$Record.Country</leftValueReference>
                <operator>EqualTo</operator>
                <rightValue>
                    <stringValue>NZ</stringValue>
                </rightValue>
            </conditions>
            <conditions>
                <leftValueReference>$Record.Country</leftValueReference>
                <operator>EqualTo</operator>
                <rightValue>
                    <stringValue>JP</stringValue>
                </rightValue>
            </conditions>
            <conditions>
                <leftValueReference>$Record.Country</leftValueReference>
                <operator>EqualTo</operator>
                <rightValue>
                    <stringValue>AU</stringValue>
                </rightValue>
            </conditions>
            <conditions>
                <leftValueReference>$Record.Country</leftValueReference>
                <operator>EqualTo</operator>
                <rightValue>
                    <stringValue>US</stringValue>
                </rightValue>
            </conditions>
            <conditions>
                <leftValueReference>$Record.Country</leftValueReference>
                <operator>EqualTo</operator>
                <rightValue>
                    <stringValue>CA</stringValue>
                </rightValue>
            </conditions>
            <conditions>
                <leftValueReference>$Record.Country</leftValueReference>
                <operator>EqualTo</operator>
                <rightValue>
                    <stringValue>IT</stringValue>
                </rightValue>
            </conditions>
            <conditions>
                <leftValueReference>$Record.Country</leftValueReference>
                <operator>EqualTo</operator>
                <rightValue>
                    <stringValue>IS</stringValue>
                </rightValue>
            </conditions>
            <conditions>
                <leftValueReference>$Record.Country</leftValueReference>
                <operator>EqualTo</operator>
                <rightValue>
                    <stringValue>IE</stringValue>
                </rightValue>
            </conditions>
            <conditions>
                <leftValueReference>$Record.Country</leftValueReference>
                <operator>EqualTo</operator>
                <rightValue>
                    <stringValue>NL</stringValue>
                </rightValue>
            </conditions>
            <conditions>
                <leftValueReference>$Record.Country</leftValueReference>
                <operator>EqualTo</operator>
                <rightValue>
                    <stringValue>ES</stringValue>
                </rightValue>
            </conditions>
            <conditions>
                <leftValueReference>$Record.Country</leftValueReference>
                <operator>EqualTo</operator>
                <rightValue>
                    <stringValue>GB</stringValue>
                </rightValue>
            </conditions>
            <conditions>
                <leftValueReference>$Record.Country</leftValueReference>
                <operator>EqualTo</operator>
                <rightValue>
                    <stringValue>AT</stringValue>
                </rightValue>
            </conditions>
            <conditions>
                <leftValueReference>$Record.Country</leftValueReference>
                <operator>EqualTo</operator>
                <rightValue>
                    <stringValue>FR</stringValue>
                </rightValue>
            </conditions>
            <conditions>
                <leftValueReference>$Record.Country</leftValueReference>
                <operator>EqualTo</operator>
                <rightValue>
                    <stringValue>BE</stringValue>
                </rightValue>
            </conditions>
            <conditions>
                <leftValueReference>$Record.Country</leftValueReference>
                <operator>EqualTo</operator>
                <rightValue>
                    <stringValue>DE</stringValue>
                </rightValue>
            </conditions>
            <conditions>
                <leftValueReference>$Record.Country</leftValueReference>
                <operator>EqualTo</operator>
                <rightValue>
                    <stringValue>NO</stringValue>
                </rightValue>
            </conditions>
            <conditions>
                <leftValueReference>$Record.Country</leftValueReference>
                <operator>EqualTo</operator>
                <rightValue>
                    <stringValue>PL</stringValue>
                </rightValue>
            </conditions>
            <conditions>
                <leftValueReference>$Record.Country</leftValueReference>
                <operator>EqualTo</operator>
                <rightValue>
                    <stringValue>DK</stringValue>
                </rightValue>
            </conditions>
            <conditions>
                <leftValueReference>$Record.Country</leftValueReference>
                <operator>EqualTo</operator>
                <rightValue>
                    <stringValue>CH</stringValue>
                </rightValue>
            </conditions>
            <conditions>
                <leftValueReference>$Record.Country</leftValueReference>
                <operator>EqualTo</operator>
                <rightValue>
                    <stringValue>FI</stringValue>
                </rightValue>
            </conditions>
            <conditions>
                <leftValueReference>$Record.Country</leftValueReference>
                <operator>EqualTo</operator>
                <rightValue>
                    <stringValue>SE</stringValue>
                </rightValue>
            </conditions>
            <conditions>
                <leftValueReference>$Record.Country</leftValueReference>
                <operator>EqualTo</operator>
                <rightValue>
                    <stringValue>IR</stringValue>
                </rightValue>
            </conditions>
            <connector>
                <targetReference>Get_Campaign_member_ID</targetReference>
            </connector>
            <label>Oculus Supported</label>
        </rules>
    </decisions>
    <decisions>
        <name>Oculus_country_check_Prior_Lead_Brand_Workplace</name>
        <label>Oculus country check (Prior Lead Brand Workplace)</label>
        <locationX>1304</locationX>
        <locationY>647</locationY>
        <defaultConnector>
            <targetReference>Oculus_Unsupported_updates_Prior_Lead_Brand_Workplace</targetReference>
        </defaultConnector>
        <defaultConnectorLabel>Oculus Unsupported</defaultConnectorLabel>
        <rules>
            <name>Oculus_Supported2</name>
            <conditionLogic>or</conditionLogic>
            <conditions>
                <leftValueReference>$Record.Country</leftValueReference>
                <operator>EqualTo</operator>
                <rightValue>
                    <stringValue>NZ</stringValue>
                </rightValue>
            </conditions>
            <conditions>
                <leftValueReference>$Record.Country</leftValueReference>
                <operator>EqualTo</operator>
                <rightValue>
                    <stringValue>JP</stringValue>
                </rightValue>
            </conditions>
            <conditions>
                <leftValueReference>$Record.Country</leftValueReference>
                <operator>EqualTo</operator>
                <rightValue>
                    <stringValue>AU</stringValue>
                </rightValue>
            </conditions>
            <conditions>
                <leftValueReference>$Record.Country</leftValueReference>
                <operator>EqualTo</operator>
                <rightValue>
                    <stringValue>US</stringValue>
                </rightValue>
            </conditions>
            <conditions>
                <leftValueReference>$Record.Country</leftValueReference>
                <operator>EqualTo</operator>
                <rightValue>
                    <stringValue>CA</stringValue>
                </rightValue>
            </conditions>
            <conditions>
                <leftValueReference>$Record.Country</leftValueReference>
                <operator>EqualTo</operator>
                <rightValue>
                    <stringValue>IT</stringValue>
                </rightValue>
            </conditions>
            <conditions>
                <leftValueReference>$Record.Country</leftValueReference>
                <operator>EqualTo</operator>
                <rightValue>
                    <stringValue>IS</stringValue>
                </rightValue>
            </conditions>
            <conditions>
                <leftValueReference>$Record.Country</leftValueReference>
                <operator>EqualTo</operator>
                <rightValue>
                    <stringValue>IE</stringValue>
                </rightValue>
            </conditions>
            <conditions>
                <leftValueReference>$Record.Country</leftValueReference>
                <operator>EqualTo</operator>
                <rightValue>
                    <stringValue>NL</stringValue>
                </rightValue>
            </conditions>
            <conditions>
                <leftValueReference>$Record.Country</leftValueReference>
                <operator>EqualTo</operator>
                <rightValue>
                    <stringValue>ES</stringValue>
                </rightValue>
            </conditions>
            <conditions>
                <leftValueReference>$Record.Country</leftValueReference>
                <operator>EqualTo</operator>
                <rightValue>
                    <stringValue>GB</stringValue>
                </rightValue>
            </conditions>
            <conditions>
                <leftValueReference>$Record.Country</leftValueReference>
                <operator>EqualTo</operator>
                <rightValue>
                    <stringValue>AT</stringValue>
                </rightValue>
            </conditions>
            <conditions>
                <leftValueReference>$Record.Country</leftValueReference>
                <operator>EqualTo</operator>
                <rightValue>
                    <stringValue>FR</stringValue>
                </rightValue>
            </conditions>
            <conditions>
                <leftValueReference>$Record.Country</leftValueReference>
                <operator>EqualTo</operator>
                <rightValue>
                    <stringValue>BE</stringValue>
                </rightValue>
            </conditions>
            <conditions>
                <leftValueReference>$Record.Country</leftValueReference>
                <operator>EqualTo</operator>
                <rightValue>
                    <stringValue>DE</stringValue>
                </rightValue>
            </conditions>
            <conditions>
                <leftValueReference>$Record.Country</leftValueReference>
                <operator>EqualTo</operator>
                <rightValue>
                    <stringValue>NO</stringValue>
                </rightValue>
            </conditions>
            <conditions>
                <leftValueReference>$Record.Country</leftValueReference>
                <operator>EqualTo</operator>
                <rightValue>
                    <stringValue>PL</stringValue>
                </rightValue>
            </conditions>
            <conditions>
                <leftValueReference>$Record.Country</leftValueReference>
                <operator>EqualTo</operator>
                <rightValue>
                    <stringValue>DK</stringValue>
                </rightValue>
            </conditions>
            <conditions>
                <leftValueReference>$Record.Country</leftValueReference>
                <operator>EqualTo</operator>
                <rightValue>
                    <stringValue>CH</stringValue>
                </rightValue>
            </conditions>
            <conditions>
                <leftValueReference>$Record.Country</leftValueReference>
                <operator>EqualTo</operator>
                <rightValue>
                    <stringValue>FI</stringValue>
                </rightValue>
            </conditions>
            <conditions>
                <leftValueReference>$Record.Country</leftValueReference>
                <operator>EqualTo</operator>
                <rightValue>
                    <stringValue>SE</stringValue>
                </rightValue>
            </conditions>
            <conditions>
                <leftValueReference>$Record.Country</leftValueReference>
                <operator>EqualTo</operator>
                <rightValue>
                    <stringValue>IR</stringValue>
                </rightValue>
            </conditions>
            <connector>
                <targetReference>Copy_1_of_Get_Campaign_member_ID</targetReference>
            </connector>
            <label>Oculus Supported</label>
        </rules>
    </decisions>
    <decisions>
        <name>OLSD_check</name>
        <label>OLSD check</label>
        <locationX>974</locationX>
        <locationY>863</locationY>
        <defaultConnector>
            <targetReference>Update_Lead_Reason_and_Status_Prior_Lead_Brand_Workplace</targetReference>
        </defaultConnector>
        <defaultConnectorLabel>New</defaultConnectorLabel>
        <rules>
            <name>OLSD_Nurture2</name>
            <conditionLogic>or</conditionLogic>
            <conditions>
                <leftValueReference>$Record.Original_Lead_Source_Detail__c</leftValueReference>
                <operator>Contains</operator>
                <rightValue>
                    <stringValue>Subscription</stringValue>
                </rightValue>
            </conditions>
            <conditions>
                <leftValueReference>$Record.Original_Lead_Source_Detail__c</leftValueReference>
                <operator>EqualTo</operator>
                <rightValue>
                    <stringValue>Nurturing</stringValue>
                </rightValue>
            </conditions>
            <conditions>
                <leftValueReference>$Record.Form_Origin__c</leftValueReference>
                <operator>EqualTo</operator>
                <rightValue>
                    <stringValue>MW_Content_Predictions</stringValue>
                </rightValue>
            </conditions>
            <conditions>
                <leftValueReference>$Record.Lead_Source_Detail__c</leftValueReference>
                <operator>EqualTo</operator>
                <rightValue>
                    <stringValue>Web - Content Download</stringValue>
                </rightValue>
            </conditions>
            <conditions>
                <leftValueReference>$Record.Lead_Source_Detail__c</leftValueReference>
                <operator>EqualTo</operator>
                <rightValue>
                    <stringValue>Web - Content download_Higher intent</stringValue>
                </rightValue>
            </conditions>
            <conditions>
                <leftValueReference>$Record.Id</leftValueReference>
                <operator>EqualTo</operator>
                <rightValue>
                    <elementReference>VarCampaignMember.LeadId</elementReference>
                </rightValue>
            </conditions>
            <conditions>
                <leftValueReference>$Record.Original_Lead_Source_Detail__c</leftValueReference>
                <operator>EqualTo</operator>
                <rightValue>
                    <stringValue>Web - Content Download</stringValue>
                </rightValue>
            </conditions>
            <conditions>
                <leftValueReference>$Record.Original_Lead_Source_Detail__c</leftValueReference>
                <operator>EqualTo</operator>
                <rightValue>
                    <stringValue>Web - Content download_Higher intent</stringValue>
                </rightValue>
            </conditions>
            <connector>
                <targetReference>Score_Category_check3</targetReference>
            </connector>
            <label>OLSD - Nurture2</label>
        </rules>
    </decisions>
    <decisions>
        <description>In the outcome labeled &apos;LSD - New&apos; for Resource #1 &apos;Owner ID&apos;, I used  &apos;Starts With&apos; because the 15 digit ID does not work in this instance. Alternatively, Owner ID = 18 digit ID could be used.</description>
        <name>OLSD_LSD_check</name>
        <label>OLSD/LSD check</label>
        <locationX>2822</locationX>
        <locationY>863</locationY>
        <defaultConnector>
            <targetReference>Update_Lead_Reason_and_Status_oculus</targetReference>
        </defaultConnector>
        <defaultConnectorLabel>New</defaultConnectorLabel>
        <rules>
            <name>OLSD_LSD_Nurture</name>
            <conditionLogic>or</conditionLogic>
            <conditions>
                <leftValueReference>$Record.Original_Lead_Source_Detail__c</leftValueReference>
                <operator>Contains</operator>
                <rightValue>
                    <stringValue>Subscription</stringValue>
                </rightValue>
            </conditions>
            <conditions>
                <leftValueReference>$Record.Original_Lead_Source_Detail__c</leftValueReference>
                <operator>EqualTo</operator>
                <rightValue>
                    <stringValue>Nurturing</stringValue>
                </rightValue>
            </conditions>
            <conditions>
                <leftValueReference>$Record.Form_Origin__c</leftValueReference>
                <operator>EqualTo</operator>
                <rightValue>
                    <stringValue>MW_Content_Predictions</stringValue>
                </rightValue>
            </conditions>
            <conditions>
                <leftValueReference>$Record.Lead_Source_Detail__c</leftValueReference>
                <operator>EqualTo</operator>
                <rightValue>
                    <stringValue>Web - Content Download</stringValue>
                </rightValue>
            </conditions>
            <conditions>
                <leftValueReference>$Record.Lead_Source_Detail__c</leftValueReference>
                <operator>EqualTo</operator>
                <rightValue>
                    <stringValue>Web - Content download_Higher intent</stringValue>
                </rightValue>
            </conditions>
            <conditions>
                <leftValueReference>$Record.Id</leftValueReference>
                <operator>EqualTo</operator>
                <rightValue>
                    <elementReference>VarCampaignMember.LeadId</elementReference>
                </rightValue>
            </conditions>
            <conditions>
                <leftValueReference>$Record.Original_Lead_Source_Detail__c</leftValueReference>
                <operator>EqualTo</operator>
                <rightValue>
                    <stringValue>Web - Content Download</stringValue>
                </rightValue>
            </conditions>
            <conditions>
                <leftValueReference>$Record.Original_Lead_Source_Detail__c</leftValueReference>
                <operator>EqualTo</operator>
                <rightValue>
                    <stringValue>Web - Content download_Higher intent</stringValue>
                </rightValue>
            </conditions>
            <connector>
                <targetReference>Score_Category_check2</targetReference>
            </connector>
            <label>OLSD/LSD - Nurture</label>
        </rules>
    </decisions>
    <decisions>
        <name>Score_Category_check2</name>
        <label>Score Category check2</label>
        <locationX>2426</locationX>
        <locationY>971</locationY>
        <defaultConnector>
            <targetReference>Status_update_to_Nurture3</targetReference>
        </defaultConnector>
        <defaultConnectorLabel>Default Outcome</defaultConnectorLabel>
        <rules>
            <name>Web_Content_download_Higher_intent2</name>
            <conditionLogic>(1 OR 3) AND 2 AND 4 AND 5</conditionLogic>
            <conditions>
                <leftValueReference>$Record.Status</leftValueReference>
                <operator>EqualTo</operator>
                <rightValue>
                    <stringValue>Nurture</stringValue>
                </rightValue>
            </conditions>
            <conditions>
                <leftValueReference>$Record.Lead_Brand__c</leftValueReference>
                <operator>EqualTo</operator>
                <rightValue>
                    <stringValue>RL Commercial</stringValue>
                </rightValue>
            </conditions>
            <conditions>
                <leftValueReference>$Record.Status</leftValueReference>
                <operator>EqualTo</operator>
                <rightValue>
                    <stringValue>New</stringValue>
                </rightValue>
            </conditions>
            <conditions>
                <leftValueReference>$Record.Lead_Source_Detail__c</leftValueReference>
                <operator>EqualTo</operator>
                <rightValue>
                    <stringValue>Web - Content download_Higher intent</stringValue>
                </rightValue>
            </conditions>
            <conditions>
                <leftValueReference>$Record.Original_Lead_Source_Detail__c</leftValueReference>
                <operator>EqualTo</operator>
                <rightValue>
                    <stringValue>Web - Content Download</stringValue>
                </rightValue>
            </conditions>
            <connector>
                <targetReference>Lead_Source_Detail_Web_Content_download_Higher_intent_Lead_Stutus_Nurture2</targetReference>
            </connector>
            <label>Web - Content download_Higher intent2</label>
        </rules>
        <rules>
            <name>LSD_OLSD_Webcontent_Download1</name>
            <conditionLogic>(1 OR 5) AND 2 AND 3 AND 4</conditionLogic>
            <conditions>
                <leftValueReference>$Record.Status</leftValueReference>
                <operator>EqualTo</operator>
                <rightValue>
                    <stringValue>New</stringValue>
                </rightValue>
            </conditions>
            <conditions>
                <leftValueReference>$Record.Lead_Brand__c</leftValueReference>
                <operator>EqualTo</operator>
                <rightValue>
                    <stringValue>RL Commercial</stringValue>
                </rightValue>
            </conditions>
            <conditions>
                <leftValueReference>$Record.Lead_Source_Detail__c</leftValueReference>
                <operator>EqualTo</operator>
                <rightValue>
                    <stringValue>Web - Content download</stringValue>
                </rightValue>
            </conditions>
            <conditions>
                <leftValueReference>$Record.Original_Lead_Source_Detail__c</leftValueReference>
                <operator>EqualTo</operator>
                <rightValue>
                    <stringValue>Web - Content download_Higher intent</stringValue>
                </rightValue>
            </conditions>
            <conditions>
                <leftValueReference>$Record.Status</leftValueReference>
                <operator>EqualTo</operator>
                <rightValue>
                    <stringValue>Nurture</stringValue>
                </rightValue>
            </conditions>
            <connector>
                <targetReference>Status_update_to_Nurture2</targetReference>
            </connector>
            <label>LSD-OLSD Webcontent Download1</label>
        </rules>
        <rules>
            <name>OLSD_ANS_LSD_WEB_CONTENT_DOWNLOAD</name>
            <conditionLogic>(1 OR 2) AND 3 AND (4 OR 5)</conditionLogic>
            <conditions>
                <leftValueReference>$Record.Status</leftValueReference>
                <operator>EqualTo</operator>
                <rightValue>
                    <stringValue>New</stringValue>
                </rightValue>
            </conditions>
            <conditions>
                <leftValueReference>$Record.Status</leftValueReference>
                <operator>EqualTo</operator>
                <rightValue>
                    <stringValue>Nurture</stringValue>
                </rightValue>
            </conditions>
            <conditions>
                <leftValueReference>$Record.Lead_Brand__c</leftValueReference>
                <operator>EqualTo</operator>
                <rightValue>
                    <stringValue>RL Commercial</stringValue>
                </rightValue>
            </conditions>
            <conditions>
                <leftValueReference>$Record.Original_Lead_Source_Detail__c</leftValueReference>
                <operator>EqualTo</operator>
                <rightValue>
                    <stringValue>Web - Content Download</stringValue>
                </rightValue>
            </conditions>
            <conditions>
                <leftValueReference>$Record.Lead_Source_Detail__c</leftValueReference>
                <operator>EqualTo</operator>
                <rightValue>
                    <stringValue>Web - Content download</stringValue>
                </rightValue>
            </conditions>
            <connector>
                <targetReference>status_to_NURTURE3</targetReference>
            </connector>
            <label>OLSD ANS LSD WEB_CONTENT_DOWNLOAD</label>
        </rules>
        <rules>
            <name>OLSD_AND_LSD_WEB_CONTENT_DOWNLOAD</name>
            <conditionLogic>(1 OR 2) AND 3 AND (4 OR 5)</conditionLogic>
            <conditions>
                <leftValueReference>$Record.Status</leftValueReference>
                <operator>EqualTo</operator>
                <rightValue>
                    <stringValue>New</stringValue>
                </rightValue>
            </conditions>
            <conditions>
                <leftValueReference>$Record.Status</leftValueReference>
                <operator>EqualTo</operator>
                <rightValue>
                    <stringValue>Nurture</stringValue>
                </rightValue>
            </conditions>
            <conditions>
                <leftValueReference>$Record.Lead_Brand__c</leftValueReference>
                <operator>EqualTo</operator>
                <rightValue>
                    <stringValue>RL Commercial</stringValue>
                </rightValue>
            </conditions>
            <conditions>
                <leftValueReference>$Record.Original_Lead_Source_Detail__c</leftValueReference>
                <operator>EqualTo</operator>
                <rightValue>
                    <stringValue>Web - Content download_Higher intent</stringValue>
                </rightValue>
            </conditions>
            <conditions>
                <leftValueReference>$Record.Lead_Source_Detail__c</leftValueReference>
                <operator>EqualTo</operator>
                <rightValue>
                    <stringValue>Web - Content download_Higher intent</stringValue>
                </rightValue>
            </conditions>
            <connector>
                <targetReference>status_to_New2</targetReference>
            </connector>
            <label>OLSD AND LSD WEB_CONTENT_DOWNLOAD</label>
        </rules>
    </decisions>
    <decisions>
        <name>Score_Category_check3</name>
        <label>Score Category check3</label>
        <locationX>578</locationX>
        <locationY>971</locationY>
        <defaultConnector>
            <targetReference>Status_update_to_Nurture1</targetReference>
        </defaultConnector>
        <defaultConnectorLabel>Default Outcome</defaultConnectorLabel>
        <rules>
            <name>Web_Content_download_Higher_intent</name>
            <conditionLogic>(1 OR 3) AND 2 AND 4 AND 5</conditionLogic>
            <conditions>
                <leftValueReference>$Record.Status</leftValueReference>
                <operator>EqualTo</operator>
                <rightValue>
                    <stringValue>Nurture</stringValue>
                </rightValue>
            </conditions>
            <conditions>
                <leftValueReference>$Record.Lead_Brand__c</leftValueReference>
                <operator>EqualTo</operator>
                <rightValue>
                    <stringValue>RL Commercial</stringValue>
                </rightValue>
            </conditions>
            <conditions>
                <leftValueReference>$Record.Status</leftValueReference>
                <operator>EqualTo</operator>
                <rightValue>
                    <stringValue>New</stringValue>
                </rightValue>
            </conditions>
            <conditions>
                <leftValueReference>$Record.Lead_Source_Detail__c</leftValueReference>
                <operator>EqualTo</operator>
                <rightValue>
                    <stringValue>Web - Content download_Higher intent</stringValue>
                </rightValue>
            </conditions>
            <conditions>
                <leftValueReference>$Record.Original_Lead_Source_Detail__c</leftValueReference>
                <operator>EqualTo</operator>
                <rightValue>
                    <stringValue>Web - Content Download</stringValue>
                </rightValue>
            </conditions>
            <connector>
                <targetReference>Lead_Source_Detail_Web_Content_download_Higher_intent_Lead_Stutus_Nurture</targetReference>
            </connector>
            <label>Web - Content download_Higher intent</label>
        </rules>
        <rules>
            <name>LSD_OLSD_Webcontent_Download</name>
            <conditionLogic>(1 OR 5) AND 2 AND 3 AND 4</conditionLogic>
            <conditions>
                <leftValueReference>$Record.Status</leftValueReference>
                <operator>EqualTo</operator>
                <rightValue>
                    <stringValue>New</stringValue>
                </rightValue>
            </conditions>
            <conditions>
                <leftValueReference>$Record.Lead_Brand__c</leftValueReference>
                <operator>EqualTo</operator>
                <rightValue>
                    <stringValue>RL Commercial</stringValue>
                </rightValue>
            </conditions>
            <conditions>
                <leftValueReference>$Record.Lead_Source_Detail__c</leftValueReference>
                <operator>EqualTo</operator>
                <rightValue>
                    <stringValue>Web - Content download</stringValue>
                </rightValue>
            </conditions>
            <conditions>
                <leftValueReference>$Record.Original_Lead_Source_Detail__c</leftValueReference>
                <operator>EqualTo</operator>
                <rightValue>
                    <stringValue>Web - Content download_Higher intent</stringValue>
                </rightValue>
            </conditions>
            <conditions>
                <leftValueReference>$Record.Status</leftValueReference>
                <operator>EqualTo</operator>
                <rightValue>
                    <stringValue>Nurture</stringValue>
                </rightValue>
            </conditions>
            <connector>
                <targetReference>Status_update_to_Nurture</targetReference>
            </connector>
            <doesRequireRecordChangedToMeetCriteria>true</doesRequireRecordChangedToMeetCriteria>
            <label>LSD OLSD Webcontent Download</label>
        </rules>
        <rules>
            <name>OLSD_ANS_LSD_WEB_CONTENT_DOWNLOAD1</name>
            <conditionLogic>(1 OR 2) AND 3 AND (4 OR 5)</conditionLogic>
            <conditions>
                <leftValueReference>$Record.Status</leftValueReference>
                <operator>EqualTo</operator>
                <rightValue>
                    <stringValue>New</stringValue>
                </rightValue>
            </conditions>
            <conditions>
                <leftValueReference>$Record.Status</leftValueReference>
                <operator>EqualTo</operator>
                <rightValue>
                    <stringValue>Nurture</stringValue>
                </rightValue>
            </conditions>
            <conditions>
                <leftValueReference>$Record.Lead_Brand__c</leftValueReference>
                <operator>EqualTo</operator>
                <rightValue>
                    <stringValue>RL Commercial</stringValue>
                </rightValue>
            </conditions>
            <conditions>
                <leftValueReference>$Record.Original_Lead_Source_Detail__c</leftValueReference>
                <operator>EqualTo</operator>
                <rightValue>
                    <stringValue>Web - Content Download</stringValue>
                </rightValue>
            </conditions>
            <conditions>
                <leftValueReference>$Record.Lead_Source_Detail__c</leftValueReference>
                <operator>EqualTo</operator>
                <rightValue>
                    <stringValue>Web - Content download</stringValue>
                </rightValue>
            </conditions>
            <connector>
                <targetReference>status_to_NURTURE2</targetReference>
            </connector>
            <label>OLSD ANS LSD WEB_CONTENT_DOWNLOAD1</label>
        </rules>
        <rules>
            <name>OLSD_AND_LSD_WEB_CONTENT_DOWNLOAD1</name>
            <conditionLogic>(1 OR 2) AND 3 AND (4 OR 5)</conditionLogic>
            <conditions>
                <leftValueReference>$Record.Status</leftValueReference>
                <operator>EqualTo</operator>
                <rightValue>
                    <stringValue>New</stringValue>
                </rightValue>
            </conditions>
            <conditions>
                <leftValueReference>$Record.Status</leftValueReference>
                <operator>EqualTo</operator>
                <rightValue>
                    <stringValue>Nurture</stringValue>
                </rightValue>
            </conditions>
            <conditions>
                <leftValueReference>$Record.Lead_Brand__c</leftValueReference>
                <operator>EqualTo</operator>
                <rightValue>
                    <stringValue>RL Commercial</stringValue>
                </rightValue>
            </conditions>
            <conditions>
                <leftValueReference>$Record.Original_Lead_Source_Detail__c</leftValueReference>
                <operator>EqualTo</operator>
                <rightValue>
                    <stringValue>Web - Content download_Higher intent</stringValue>
                </rightValue>
            </conditions>
            <conditions>
                <leftValueReference>$Record.Lead_Source_Detail__c</leftValueReference>
                <operator>EqualTo</operator>
                <rightValue>
                    <stringValue>Web - Content download_Higher intent</stringValue>
                </rightValue>
            </conditions>
            <connector>
                <targetReference>status_to_New1</targetReference>
            </connector>
            <label>OLSD AND LSD WEB_CONTENT_DOWNLOAD1</label>
        </rules>
    </decisions>
    <decisions>
        <description>Introduced for T181779896 wherein we see spam lead following the pattern:
lastname= last_name
Company= Company
Createdby= Charlie sheen</description>
        <name>Spam_Condition_check</name>
        <label>Spam Condition check</label>
        <locationX>1007</locationX>
        <locationY>323</locationY>
        <defaultConnector>
            <targetReference>Lead_Brand_and_Record_Type_Prior_Value_Check</targetReference>
        </defaultConnector>
        <defaultConnectorLabel>Default Outcome</defaultConnectorLabel>
        <rules>
            <name>Spam_Lead_criteria_match</name>
            <conditionLogic>and</conditionLogic>
            <conditions>
                <leftValueReference>$Record.LastName</leftValueReference>
                <operator>EqualTo</operator>
                <rightValue>
                    <stringValue>last_name</stringValue>
                </rightValue>
            </conditions>
            <conditions>
                <leftValueReference>$Record.Company</leftValueReference>
                <operator>EqualTo</operator>
                <rightValue>
                    <stringValue>company</stringValue>
                </rightValue>
            </conditions>
            <conditions>
                <leftValueReference>$Record.CreatedById</leftValueReference>
                <operator>EqualTo</operator>
                <rightValue>
                    <stringValue>005A0000001i58JIAQ</stringValue>
                </rightValue>
            </conditions>
            <label>Spam Lead criteria match</label>
        </rules>
    </decisions>
    <description>T165894336; T140738620; T133620404; T146524248; T153362872; T158661975, 2/28,T180893819,
3/28/24: T181779896
4/14/24: T186105424  condition to bypass for user uploading the Lead
6/4: T225147539: condition to bypass Demo-Request form origin leads
6/25/25: T227806612- Add Form Origin Demo Request Form - Quest to entry criteria</description>
    <environments>Default</environments>
    <formulas>
        <name>formulaIsNEW</name>
        <dataType>Boolean</dataType>
        <expression>ISNEW()</expression>
    </formulas>
    <interviewLabel>FRL - Oculus and Portal supported check {!$Flow.CurrentDateTime}</interviewLabel>
    <label>FRL - Oculus and Portal supported check</label>
    <processMetadataValues>
        <name>BuilderType</name>
        <value>
            <stringValue>LightningFlowBuilder</stringValue>
        </value>
    </processMetadataValues>
    <processMetadataValues>
        <name>CanvasMode</name>
        <value>
            <stringValue>AUTO_LAYOUT_CANVAS</stringValue>
        </value>
    </processMetadataValues>
    <processMetadataValues>
        <name>OriginBuilderType</name>
        <value>
            <stringValue>LightningFlowBuilder</stringValue>
        </value>
    </processMetadataValues>
    <processType>AutoLaunchedFlow</processType>
    <recordLookups>
        <name>Copy_1_of_Get_Campaign_member_ID</name>
        <label>Copy 1 of Get Campaign member ID</label>
        <locationX>974</locationX>
        <locationY>755</locationY>
        <assignNullValuesIfNoRecordsFound>false</assignNullValuesIfNoRecordsFound>
        <connector>
            <targetReference>OLSD_check</targetReference>
        </connector>
        <filterLogic>and</filterLogic>
        <filters>
            <field>CampaignId</field>
            <operator>EqualTo</operator>
            <value>
                <stringValue>7018V000001pnhh</stringValue>
            </value>
        </filters>
        <filters>
            <field>LeadId</field>
            <operator>EqualTo</operator>
            <value>
                <elementReference>$Record.Id</elementReference>
            </value>
        </filters>
        <object>CampaignMember</object>
        <outputReference>VarCampaignMember</outputReference>
        <queriedFields>Id</queriedFields>
        <queriedFields>LeadId</queriedFields>
    </recordLookups>
    <recordLookups>
        <name>Get_Campaign_member_ID</name>
        <label>Get Campaign member ID</label>
        <locationX>2822</locationX>
        <locationY>755</locationY>
        <assignNullValuesIfNoRecordsFound>false</assignNullValuesIfNoRecordsFound>
        <connector>
            <targetReference>OLSD_LSD_check</targetReference>
        </connector>
        <filterLogic>and</filterLogic>
        <filters>
            <field>CampaignId</field>
            <operator>EqualTo</operator>
            <value>
                <stringValue>7018V000001pnhh</stringValue>
            </value>
        </filters>
        <filters>
            <field>LeadId</field>
            <operator>EqualTo</operator>
            <value>
                <elementReference>$Record.Id</elementReference>
            </value>
        </filters>
        <object>CampaignMember</object>
        <outputReference>VarCampaignMember</outputReference>
        <queriedFields>Id</queriedFields>
        <queriedFields>LeadId</queriedFields>
    </recordLookups>
    <recordUpdates>
        <name>Lead_Source_Detail_Web_Content_download_Higher_intent_Lead_Stutus_Nurture</name>
        <label>Lead Source Detail = Web - Content download_Higher intent &amp;&amp; Lead Stutus = Nurture</label>
        <locationX>50</locationX>
        <locationY>1079</locationY>
        <inputAssignments>
            <field>Status</field>
            <value>
                <stringValue>New</stringValue>
            </value>
        </inputAssignments>
        <inputReference>$Record</inputReference>
    </recordUpdates>
    <recordUpdates>
        <name>Lead_Source_Detail_Web_Content_download_Higher_intent_Lead_Stutus_Nurture2</name>
        <label>Lead Source Detail = Web - Content download_Higher intent &amp;&amp; Lead Stutus = Nurture2</label>
        <locationX>1898</locationX>
        <locationY>1079</locationY>
        <inputAssignments>
            <field>Status</field>
            <value>
                <stringValue>New</stringValue>
            </value>
        </inputAssignments>
        <inputReference>$Record</inputReference>
    </recordUpdates>
    <recordUpdates>
        <name>Oculus_Unsupported_updates</name>
        <label>Oculus Unsupported updates</label>
        <locationX>3482</locationX>
        <locationY>755</locationY>
        <inputAssignments>
            <field>Lead_Reason__c</field>
            <value>
                <stringValue>Country not supported</stringValue>
            </value>
        </inputAssignments>
        <inputAssignments>
            <field>Status</field>
            <value>
                <stringValue>DisQualified</stringValue>
            </value>
        </inputAssignments>
        <inputReference>$Record</inputReference>
    </recordUpdates>
    <recordUpdates>
        <name>Oculus_Unsupported_updates_Prior_Lead_Brand_Workplace</name>
        <label>Oculus Unsupported updates (Prior Lead Brand Workplace)</label>
        <locationX>1634</locationX>
        <locationY>755</locationY>
        <inputAssignments>
            <field>Lead_Reason__c</field>
            <value>
                <stringValue>Country not supported</stringValue>
            </value>
        </inputAssignments>
        <inputAssignments>
            <field>Status</field>
            <value>
                <stringValue>DisQualified</stringValue>
            </value>
        </inputAssignments>
        <inputReference>$Record</inputReference>
    </recordUpdates>
    <recordUpdates>
        <name>status_to_New1</name>
        <label>status to New1</label>
        <locationX>842</locationX>
        <locationY>1079</locationY>
        <inputAssignments>
            <field>Status</field>
            <value>
                <stringValue>New</stringValue>
            </value>
        </inputAssignments>
        <inputReference>$Record</inputReference>
    </recordUpdates>
    <recordUpdates>
        <name>status_to_New2</name>
        <label>status to New2</label>
        <locationX>2690</locationX>
        <locationY>1079</locationY>
        <inputAssignments>
            <field>Status</field>
            <value>
                <stringValue>New</stringValue>
            </value>
        </inputAssignments>
        <inputReference>$Record</inputReference>
    </recordUpdates>
    <recordUpdates>
        <name>status_to_NURTURE2</name>
        <label>status to NURTURE2</label>
        <locationX>578</locationX>
        <locationY>1079</locationY>
        <inputAssignments>
            <field>Status</field>
            <value>
                <stringValue>Nurture</stringValue>
            </value>
        </inputAssignments>
        <inputReference>$Record</inputReference>
    </recordUpdates>
    <recordUpdates>
        <name>status_to_NURTURE3</name>
        <label>status to NURTURE3</label>
        <locationX>2426</locationX>
        <locationY>1079</locationY>
        <inputAssignments>
            <field>Status</field>
            <value>
                <stringValue>Nurture</stringValue>
            </value>
        </inputAssignments>
        <inputReference>$Record</inputReference>
    </recordUpdates>
    <recordUpdates>
        <name>Status_update_to_Nurture</name>
        <label>Status update to Nurture</label>
        <locationX>314</locationX>
        <locationY>1079</locationY>
        <inputAssignments>
            <field>Status</field>
            <value>
                <stringValue>Nurture</stringValue>
            </value>
        </inputAssignments>
        <inputReference>$Record</inputReference>
    </recordUpdates>
    <recordUpdates>
        <name>Status_update_to_Nurture1</name>
        <label>Status update to Nurture1</label>
        <locationX>1106</locationX>
        <locationY>1079</locationY>
        <inputAssignments>
            <field>Status</field>
            <value>
                <stringValue>Nurture</stringValue>
            </value>
        </inputAssignments>
        <inputReference>$Record</inputReference>
    </recordUpdates>
    <recordUpdates>
        <name>Status_update_to_Nurture2</name>
        <label>Status update to Nurture2</label>
        <locationX>2162</locationX>
        <locationY>1079</locationY>
        <inputAssignments>
            <field>Status</field>
            <value>
                <stringValue>Nurture</stringValue>
            </value>
        </inputAssignments>
        <inputReference>$Record</inputReference>
    </recordUpdates>
    <recordUpdates>
        <name>Status_update_to_Nurture3</name>
        <label>Status update to Nurture3</label>
        <locationX>2954</locationX>
        <locationY>1079</locationY>
        <inputAssignments>
            <field>Status</field>
            <value>
                <stringValue>Nurture</stringValue>
            </value>
        </inputAssignments>
        <inputReference>$Record</inputReference>
    </recordUpdates>
    <recordUpdates>
        <name>Update_All</name>
        <label>Update All</label>
        <locationX>3152</locationX>
        <locationY>539</locationY>
        <connector>
            <targetReference>Oculus_country_check</targetReference>
        </connector>
        <filterLogic>and</filterLogic>
        <filters>
            <field>LeanData__Routing_Status__c</field>
            <operator>EqualTo</operator>
            <value>
                <stringValue>not processed</stringValue>
            </value>
        </filters>
        <filters>
            <field>CreatedById</field>
            <operator>NotEqualTo</operator>
            <value>
                <stringValue>0058V00000DfUs9QAF</stringValue>
            </value>
        </filters>
        <inputAssignments>
            <field>OwnerId</field>
            <value>
                <stringValue>00G1H000004FdLZ</stringValue>
            </value>
        </inputAssignments>
        <inputReference>$Record</inputReference>
    </recordUpdates>
    <recordUpdates>
        <name>Update_All_Prior_Lead_Brand_Workplace</name>
        <label>Update All (Prior Lead Brand Workplace)</label>
        <locationX>1304</locationX>
        <locationY>539</locationY>
        <connector>
            <targetReference>Oculus_country_check_Prior_Lead_Brand_Workplace</targetReference>
        </connector>
        <filterLogic>and</filterLogic>
        <filters>
            <field>LastModifiedById</field>
            <operator>NotEqualTo</operator>
            <value>
                <stringValue>0058V00000DfUs9QAF</stringValue>
            </value>
        </filters>
        <inputAssignments>
            <field>OwnerId</field>
            <value>
                <stringValue>00G1H000004FdLZ</stringValue>
            </value>
        </inputAssignments>
        <inputReference>$Record</inputReference>
    </recordUpdates>
    <recordUpdates>
        <name>Update_Lead_Reason_and_Status_oculus</name>
        <label>Update Lead Reason and Status(Oculus)</label>
        <locationX>3218</locationX>
        <locationY>971</locationY>
        <filterLogic>and</filterLogic>
        <filters>
            <field>Lead_Reason__c</field>
            <operator>EqualTo</operator>
            <value>
                <stringValue>Country not supported</stringValue>
            </value>
        </filters>
        <filters>
            <field>Status</field>
            <operator>EqualTo</operator>
            <value>
                <stringValue>DisQualified</stringValue>
            </value>
        </filters>
        <inputAssignments>
            <field>Lead_Reason__c</field>
        </inputAssignments>
        <inputAssignments>
            <field>Status</field>
            <value>
                <stringValue>New</stringValue>
            </value>
        </inputAssignments>
        <inputReference>$Record</inputReference>
    </recordUpdates>
    <recordUpdates>
        <name>Update_Lead_Reason_and_Status_Prior_Lead_Brand_Workplace</name>
        <label>Update Lead Reason and Status (Prior Lead Brand Workplace)</label>
        <locationX>1370</locationX>
        <locationY>971</locationY>
        <inputAssignments>
            <field>Lead_Reason__c</field>
        </inputAssignments>
        <inputAssignments>
            <field>Status</field>
            <value>
                <stringValue>New</stringValue>
            </value>
        </inputAssignments>
        <inputReference>$Record</inputReference>
    </recordUpdates>
    <start>
        <locationX>881</locationX>
        <locationY>0</locationY>
        <connector>
            <targetReference>Spam_Condition_check</targetReference>
        </connector>
        <filterFormula>

OR (
 AND  (
   NOT(ISNEW()),
   NOT(ISPICKVAL({!$Record.Original_Lead_Source_Detail__c}, &apos;Partner Community&apos;)),
   NOT(ISPICKVAL({!$Record.Original_Lead_Source_Detail__c}, &apos;SDR Outbound&apos;)),
   OR(
      ISCHANGED({!$Record.Country}),
       ISCHANGED({!$Record.Lead_Brand__c}),
       ISCHANGED( {!$Record.RecordTypeId})
),
    ISPICKVAL({!$Record.Lead_Brand__c}, &apos;RL Commercial&apos;),
    {!$Record.RecordType.Id}=&apos;01212000000GieN&apos;,
    OR (
             CONTAINS(TEXT({!$Record.LR_I_m_interested_in__c}),&apos;Quest&apos;), 
             CONTAINS(TEXT({!$Record.LR_I_m_interested_in__c}),&apos;Oculus&apos;),
	     {!$Record.Form_Origin__c} = &apos;Demo Request Form - Quest&apos;
)
),
 AND(
     ISNEW(),
     ISPICKVAL({!$Record.Lead_Brand__c}, &apos;RL Commercial&apos;),
    {!$Record.RecordType.Id}=&apos;01212000000GieN&apos; ,
    NOT(ISPICKVAL({!$Record.Original_Lead_Source_Detail__c}, &apos;Partner Community&apos;)),
    NOT(ISPICKVAL({!$Record.Original_Lead_Source_Detail__c}, &apos;SDR Outbound&apos;)),
            OR (
             CONTAINS(TEXT({!$Record.LR_I_m_interested_in__c}),&apos;Quest&apos;), 
             CONTAINS(TEXT({!$Record.LR_I_m_interested_in__c}),&apos;Oculus&apos;),
	      {!$Record.Form_Origin__c} = &apos;Demo Request Form - Quest&apos;
)
)
)</filterFormula>
        <object>Lead</object>
        <recordTriggerType>CreateAndUpdate</recordTriggerType>
        <triggerType>RecordAfterSave</triggerType>
    </start>
    <status>Active</status>
    <variables>
        <name>VarCampaignMember</name>
        <dataType>SObject</dataType>
        <isCollection>false</isCollection>
        <isInput>true</isInput>
        <isOutput>true</isOutput>
        <objectType>CampaignMember</objectType>
    </variables>
    <variables>
        <name>VarPriorLeadBrand</name>
        <dataType>String</dataType>
        <isCollection>false</isCollection>
        <isInput>true</isInput>
        <isOutput>true</isOutput>
        <value>
            <elementReference>$Record__Prior.Lead_Brand__c</elementReference>
        </value>
    </variables>
    <variables>
        <name>VarPriorRecordType</name>
        <dataType>String</dataType>
        <isCollection>false</isCollection>
        <isInput>true</isInput>
        <isOutput>true</isOutput>
        <value>
            <elementReference>$Record__Prior.RecordTypeId</elementReference>
        </value>
    </variables>
</Flow>
