<?xml version="1.0" encoding="UTF-8"?>
<Flow xmlns="http://soap.sforce.com/2006/04/metadata">
    <actionCalls>
        <processMetadataValues>
            <name>processSelection</name>
            <value>
                <stringValue>FRL - ES- POP Approval - FRL_ES_POP_Approval</stringValue>
            </value>
        </processMetadataValues>
        <processMetadataValues>
            <name>selectionType</name>
            <value>
                <stringValue>selectedProcess</stringValue>
            </value>
        </processMetadataValues>
        <processMetadataValues>
            <name>submitterType</name>
            <value>
                <stringValue>currentUser</stringValue>
            </value>
        </processMetadataValues>
        <name>myRule_1_A1</name>
        <label>Submit For Approval</label>
        <locationX>100</locationX>
        <locationY>200</locationY>
        <actionName>submit</actionName>
        <actionType>submit</actionType>
        <flowTransactionModel>CurrentTransaction</flowTransactionModel>
        <inputParameters>
            <name>objectId</name>
            <value>
                <elementReference>myVariable_current.Id</elementReference>
            </value>
        </inputParameters>
        <inputParameters>
            <name>comment</name>
        </inputParameters>
        <inputParameters>
            <name>processDefinitionNameOrId</name>
            <value>
                <stringValue>FRL_ES_POP_Approval</stringValue>
            </value>
        </inputParameters>
        <inputParameters>
            <name>skipEntryCriteria</name>
            <value>
                <booleanValue>true</booleanValue>
            </value>
        </inputParameters>
        <nameSegment>submit</nameSegment>
    </actionCalls>
    <apiVersion>50.0</apiVersion>
    <decisions>
        <processMetadataValues>
            <name>index</name>
            <value>
                <numberValue>0.0</numberValue>
            </value>
        </processMetadataValues>
        <name>myDecision</name>
        <label>myDecision</label>
        <locationX>50</locationX>
        <locationY>0</locationY>
        <defaultConnectorLabel>default</defaultConnectorLabel>
        <rules>
            <name>myRule_1</name>
            <conditionLogic>and</conditionLogic>
            <conditions>
                <processMetadataValues>
                    <name>inputDataType</name>
                    <value>
                        <stringValue>Picklist</stringValue>
                    </value>
                </processMetadataValues>
                <processMetadataValues>
                    <name>leftHandSideType</name>
                    <value>
                        <stringValue>Picklist</stringValue>
                    </value>
                </processMetadataValues>
                <processMetadataValues>
                    <name>operatorDataType</name>
                    <value>
                        <stringValue>String</stringValue>
                    </value>
                </processMetadataValues>
                <processMetadataValues>
                    <name>rightHandSideType</name>
                    <value>
                        <stringValue>Picklist</stringValue>
                    </value>
                </processMetadataValues>
                <leftValueReference>myVariable_current.FRL_Deal_Reg_Status__c</leftValueReference>
                <operator>EqualTo</operator>
                <rightValue>
                    <stringValue>Proof of Performance Submitted</stringValue>
                </rightValue>
            </conditions>
            <conditions>
                <processMetadataValues>
                    <name>inputDataType</name>
                    <value>
                        <stringValue>String</stringValue>
                    </value>
                </processMetadataValues>
                <processMetadataValues>
                    <name>leftHandSideType</name>
                    <value>
                        <stringValue>String</stringValue>
                    </value>
                </processMetadataValues>
                <processMetadataValues>
                    <name>operatorDataType</name>
                    <value>
                        <stringValue>String</stringValue>
                    </value>
                </processMetadataValues>
                <processMetadataValues>
                    <name>rightHandSideType</name>
                    <value>
                        <stringValue>String</stringValue>
                    </value>
                </processMetadataValues>
                <leftValueReference>myVariable_current.RecordType.Name</leftValueReference>
                <operator>EqualTo</operator>
                <rightValue>
                    <stringValue>FRL Enterprise Sales</stringValue>
                </rightValue>
            </conditions>
            <connector>
                <targetReference>myRule_1_A1</targetReference>
            </connector>
            <label>Check FRL Es opp</label>
        </rules>
    </decisions>
    <description>T81272689 (Converted to flow via task T146850539)</description>
    <interviewLabel>FRL_ES_POP_Submission-3_InterviewLabel</interviewLabel>
    <label>DO_NOT_USE FRL- ES - POP - Submission</label>
    <processMetadataValues>
        <name>ObjectType</name>
        <value>
            <stringValue>Opportunity</stringValue>
        </value>
    </processMetadataValues>
    <processMetadataValues>
        <name>ObjectVariable</name>
        <value>
            <elementReference>myVariable_current</elementReference>
        </value>
    </processMetadataValues>
    <processMetadataValues>
        <name>OldObjectVariable</name>
        <value>
            <elementReference>myVariable_old</elementReference>
        </value>
    </processMetadataValues>
    <processMetadataValues>
        <name>RecursiveCountVariable</name>
        <value>
            <elementReference>RecursiveCountVariable</elementReference>
        </value>
    </processMetadataValues>
    <processMetadataValues>
        <name>TriggerType</name>
        <value>
            <stringValue>onAllChanges</stringValue>
        </value>
    </processMetadataValues>
    <processType>Workflow</processType>
    <startElementReference>myDecision</startElementReference>
    <status>Obsolete</status>
    <variables>
        <name>myVariable_current</name>
        <dataType>SObject</dataType>
        <isCollection>false</isCollection>
        <isInput>true</isInput>
        <isOutput>true</isOutput>
        <objectType>Opportunity</objectType>
    </variables>
    <variables>
        <name>myVariable_old</name>
        <dataType>SObject</dataType>
        <isCollection>false</isCollection>
        <isInput>true</isInput>
        <isOutput>false</isOutput>
        <objectType>Opportunity</objectType>
    </variables>
    <variables>
        <name>RecursiveCountVariable</name>
        <dataType>Number</dataType>
        <isCollection>false</isCollection>
        <isInput>true</isInput>
        <isOutput>false</isOutput>
        <scale>2</scale>
    </variables>
</Flow>
