<?xml version="1.0" encoding="UTF-8"?>
<Flow xmlns="http://soap.sforce.com/2006/04/metadata" xmlns:xsi="http://www.w3.org/2001/XMLSchema-instance">
    <apiVersion>50.0</apiVersion>
    <assignments>
        <name>AddprodInCollection</name>
        <label>AddprodInCollection</label>
        <locationX>767</locationX>
        <locationY>429</locationY>
        <assignmentItems>
            <assignToReference>AddFRLToCollection</assignToReference>
            <operator>Add</operator>
            <value>
                <elementReference>setFRLProdValue</elementReference>
            </value>
        </assignmentItems>
        <connector>
            <targetReference>CheckforAddAnother</targetReference>
        </connector>
    </assignments>
    <assignments>
        <name>AssignFRLprodcut</name>
        <label>AssignFRLprodcut</label>
        <locationX>598</locationX>
        <locationY>429</locationY>
        <assignmentItems>
            <assignToReference>setFRLProdValue.Lead__c</assignToReference>
            <operator>Assign</operator>
            <value>
                <elementReference>thisLeadID</elementReference>
            </value>
        </assignmentItems>
        <assignmentItems>
            <assignToReference>setFRLProdValue.Device__c</assignToReference>
            <operator>Assign</operator>
            <value>
                <elementReference>dpDevice.topValue</elementReference>
            </value>
        </assignmentItems>
        <assignmentItems>
            <assignToReference>setFRLProdValue.Quantity__c</assignToReference>
            <operator>Assign</operator>
            <value>
                <elementReference>Quantity</elementReference>
            </value>
        </assignmentItems>
        <assignmentItems>
            <assignToReference>setFRLProdValue.Country__c</assignToReference>
            <operator>Assign</operator>
            <value>
                <elementReference>Country</elementReference>
            </value>
        </assignmentItems>
        <assignmentItems>
            <assignToReference>setFRLProdValue.Model__c</assignToReference>
            <operator>Assign</operator>
            <value>
                <elementReference>dpDevice.middleValue</elementReference>
            </value>
        </assignmentItems>
        <connector>
            <targetReference>AddprodInCollection</targetReference>
        </connector>
    </assignments>
    <decisions>
        <name>CheckforAddAnother</name>
        <label>CheckforAddAnother</label>
        <locationX>968</locationX>
        <locationY>432</locationY>
        <defaultConnector>
            <targetReference>CreateChildRecords</targetReference>
        </defaultConnector>
        <defaultConnectorLabel>Default Outcome</defaultConnectorLabel>
        <rules>
            <name>CheckAddAnother</name>
            <conditionLogic>and</conditionLogic>
            <conditions>
                <leftValueReference>Add_Another</leftValueReference>
                <operator>EqualTo</operator>
                <rightValue>
                    <booleanValue>true</booleanValue>
                </rightValue>
            </conditions>
            <connector>
                <targetReference>Select_Products</targetReference>
            </connector>
            <label>CheckAddAnother</label>
        </rules>
    </decisions>
    <description>T78435217, T143649910 - WP/RL Merge</description>
    <dynamicChoiceSets>
        <name>Competitior</name>
        <dataType>Multipicklist</dataType>
        <displayField xsi:nil="true"/>
        <object xsi:nil="true"/>
        <picklistField>Competitor__c</picklistField>
        <picklistObject>Lead</picklistObject>
    </dynamicChoiceSets>
    <dynamicChoiceSets>
        <name>Country</name>
        <dataType>Picklist</dataType>
        <displayField xsi:nil="true"/>
        <object xsi:nil="true"/>
        <picklistField>Country__c</picklistField>
        <picklistObject>FRL_Products__c</picklistObject>
    </dynamicChoiceSets>
    <dynamicChoiceSets>
        <name>Industry</name>
        <dataType>Picklist</dataType>
        <displayField xsi:nil="true"/>
        <object xsi:nil="true"/>
        <picklistField>Industry</picklistField>
        <picklistObject>Lead</picklistObject>
    </dynamicChoiceSets>
    <dynamicChoiceSets>
        <name>Risk</name>
        <dataType>Multipicklist</dataType>
        <displayField xsi:nil="true"/>
        <object xsi:nil="true"/>
        <picklistField>Risk_Category__c</picklistField>
        <picklistObject>Lead</picklistObject>
    </dynamicChoiceSets>
    <dynamicChoiceSets>
        <name>SubUseCase</name>
        <dataType>Multipicklist</dataType>
        <displayField xsi:nil="true"/>
        <object xsi:nil="true"/>
        <picklistField>Sub_Use_Case__c</picklistField>
        <picklistObject>Lead</picklistObject>
    </dynamicChoiceSets>
    <dynamicChoiceSets>
        <name>UseCase</name>
        <dataType>Picklist</dataType>
        <displayField xsi:nil="true"/>
        <object xsi:nil="true"/>
        <picklistField>Use_Case__c</picklistField>
        <picklistObject>Lead</picklistObject>
    </dynamicChoiceSets>
    <environments>Default</environments>
    <interviewLabel>FRL - Create Reseller Lead with Products {!$Flow.CurrentDateTime}</interviewLabel>
    <label>FRL - Create Reseller Lead with Products</label>
    <processMetadataValues>
        <name>BuilderType</name>
        <value>
            <stringValue>LightningFlowBuilder</stringValue>
        </value>
    </processMetadataValues>
    <processMetadataValues>
        <name>CanvasMode</name>
        <value>
            <stringValue>FREE_FORM_CANVAS</stringValue>
        </value>
    </processMetadataValues>
    <processMetadataValues>
        <name>OriginBuilderType</name>
        <value>
            <stringValue>LightningFlowBuilder</stringValue>
        </value>
    </processMetadataValues>
    <processType>Flow</processType>
    <recordCreates>
        <name>CreateChildRecords</name>
        <label>CreateChildRecords</label>
        <locationX>1188</locationX>
        <locationY>492</locationY>
        <connector>
            <targetReference>Success</targetReference>
        </connector>
        <inputReference>AddFRLToCollection</inputReference>
    </recordCreates>
    <recordCreates>
        <name>CreateLead</name>
        <label>CreateLead</label>
        <locationX>661</locationX>
        <locationY>66</locationY>
        <assignRecordIdToReference>thisLeadID</assignRecordIdToReference>
        <connector>
            <targetReference>Select_Products</targetReference>
        </connector>
        <inputAssignments>
            <field>City</field>
            <value>
                <elementReference>leadAddress.city</elementReference>
            </value>
        </inputAssignments>
        <inputAssignments>
            <field>Company</field>
            <value>
                <elementReference>Company_Name</elementReference>
            </value>
        </inputAssignments>
        <inputAssignments>
            <field>Competitor__c</field>
            <value>
                <elementReference>Competitior</elementReference>
            </value>
        </inputAssignments>
        <inputAssignments>
            <field>Country</field>
            <value>
                <elementReference>leadAddress.country</elementReference>
            </value>
        </inputAssignments>
        <inputAssignments>
            <field>Description</field>
            <value>
                <elementReference>Description</elementReference>
            </value>
        </inputAssignments>
        <inputAssignments>
            <field>Email</field>
            <value>
                <elementReference>EmailLead.value</elementReference>
            </value>
        </inputAssignments>
        <inputAssignments>
            <field>Expected_Purchase_Date__c</field>
            <value>
                <elementReference>Expected_Purchase_Date</elementReference>
            </value>
        </inputAssignments>
        <inputAssignments>
            <field>FirstName</field>
            <value>
                <elementReference>First_Name</elementReference>
            </value>
        </inputAssignments>
        <inputAssignments>
            <field>Industry</field>
            <value>
                <elementReference>Industry</elementReference>
            </value>
        </inputAssignments>
        <inputAssignments>
            <field>LastName</field>
            <value>
                <elementReference>Last_Name</elementReference>
            </value>
        </inputAssignments>
        <inputAssignments>
            <field>Lead_Brand__c</field>
            <value>
                <stringValue>RL Commercial</stringValue>
            </value>
        </inputAssignments>
        <inputAssignments>
            <field>Linkedin_Profile__c</field>
            <value>
                <elementReference>LinkedIn_Profile</elementReference>
            </value>
        </inputAssignments>
        <inputAssignments>
            <field>Phone</field>
            <value>
                <elementReference>Phone.value</elementReference>
            </value>
        </inputAssignments>
        <inputAssignments>
            <field>PostalCode</field>
            <value>
                <elementReference>leadAddress.postalCode</elementReference>
            </value>
        </inputAssignments>
        <inputAssignments>
            <field>RecordTypeId</field>
            <value>
                <stringValue>01212000000GieNAAS</stringValue>
            </value>
        </inputAssignments>
        <inputAssignments>
            <field>Risk_Category__c</field>
            <value>
                <elementReference>Risk</elementReference>
            </value>
        </inputAssignments>
        <inputAssignments>
            <field>State</field>
            <value>
                <elementReference>leadAddress.province</elementReference>
            </value>
        </inputAssignments>
        <inputAssignments>
            <field>Street</field>
            <value>
                <elementReference>leadAddress.street</elementReference>
            </value>
        </inputAssignments>
        <inputAssignments>
            <field>Sub_Use_Case__c</field>
            <value>
                <elementReference>SubUseCase</elementReference>
            </value>
        </inputAssignments>
        <inputAssignments>
            <field>Title</field>
            <value>
                <elementReference>Title</elementReference>
            </value>
        </inputAssignments>
        <inputAssignments>
            <field>Use_Case__c</field>
            <value>
                <elementReference>UseCase</elementReference>
            </value>
        </inputAssignments>
        <inputAssignments>
            <field>Website</field>
            <value>
                <elementReference>LeadWebsite.value</elementReference>
            </value>
        </inputAssignments>
        <object>Lead</object>
    </recordCreates>
    <screens>
        <name>Register_A_Deal</name>
        <label>Register  A Deal</label>
        <locationX>503</locationX>
        <locationY>68</locationY>
        <allowBack>false</allowBack>
        <allowFinish>true</allowFinish>
        <allowPause>false</allowPause>
        <connector>
            <targetReference>CreateLead</targetReference>
        </connector>
        <fields>
            <name>Contact_Details</name>
            <fieldText>&lt;p&gt;&lt;b&gt;Contact Details&lt;span class=&quot;ql-cursor&quot;&gt;﻿&lt;/span&gt;&lt;/b&gt;&lt;/p&gt;</fieldText>
            <fieldType>DisplayText</fieldType>
        </fields>
        <fields>
            <name>Company_Name</name>
            <dataType>String</dataType>
            <fieldText>Company Name</fieldText>
            <fieldType>InputField</fieldType>
            <isRequired>true</isRequired>
        </fields>
        <fields>
            <name>First_Name</name>
            <dataType>String</dataType>
            <fieldText>First Name</fieldText>
            <fieldType>InputField</fieldType>
            <isRequired>false</isRequired>
        </fields>
        <fields>
            <name>Last_Name</name>
            <dataType>String</dataType>
            <fieldText>Last Name</fieldText>
            <fieldType>InputField</fieldType>
            <isRequired>true</isRequired>
        </fields>
        <fields>
            <name>EmailLead</name>
            <extensionName>flowruntime:email</extensionName>
            <fieldType>ComponentInstance</fieldType>
            <inputParameters>
                <name>value</name>
                <value>
                    <elementReference>Email</elementReference>
                </value>
            </inputParameters>
            <inputParameters>
                <name>required</name>
                <value>
                    <booleanValue>true</booleanValue>
                </value>
            </inputParameters>
            <inputsOnNextNavToAssocScrn>UseStoredValues</inputsOnNextNavToAssocScrn>
            <isRequired>true</isRequired>
            <storeOutputAutomatically>true</storeOutputAutomatically>
        </fields>
        <fields>
            <name>Phone</name>
            <extensionName>flowruntime:phone</extensionName>
            <fieldType>ComponentInstance</fieldType>
            <inputParameters>
                <name>required</name>
                <value>
                    <booleanValue>true</booleanValue>
                </value>
            </inputParameters>
            <inputsOnNextNavToAssocScrn>UseStoredValues</inputsOnNextNavToAssocScrn>
            <isRequired>true</isRequired>
            <storeOutputAutomatically>true</storeOutputAutomatically>
        </fields>
        <fields>
            <name>LeadWebsite</name>
            <extensionName>flowruntime:url</extensionName>
            <fieldType>ComponentInstance</fieldType>
            <inputParameters>
                <name>pattern</name>
                <value>
                    <elementReference>Website</elementReference>
                </value>
            </inputParameters>
            <inputParameters>
                <name>required</name>
                <value>
                    <booleanValue>false</booleanValue>
                </value>
            </inputParameters>
            <inputParameters>
                <name>label</name>
                <value>
                    <stringValue>Website</stringValue>
                </value>
            </inputParameters>
            <inputsOnNextNavToAssocScrn>UseStoredValues</inputsOnNextNavToAssocScrn>
            <isRequired>true</isRequired>
            <storeOutputAutomatically>true</storeOutputAutomatically>
        </fields>
        <fields>
            <name>LinkedIn_Profile</name>
            <dataType>String</dataType>
            <fieldText>LinkedIn Profile</fieldText>
            <fieldType>InputField</fieldType>
            <isRequired>false</isRequired>
        </fields>
        <fields>
            <name>Title</name>
            <dataType>String</dataType>
            <fieldText>Title</fieldText>
            <fieldType>InputField</fieldType>
            <isRequired>true</isRequired>
        </fields>
        <fields>
            <name>leadAddress</name>
            <extensionName>flowruntime:address</extensionName>
            <fieldType>ComponentInstance</fieldType>
            <inputsOnNextNavToAssocScrn>UseStoredValues</inputsOnNextNavToAssocScrn>
            <isRequired>true</isRequired>
            <storeOutputAutomatically>true</storeOutputAutomatically>
        </fields>
        <fields>
            <name>Lead_Details</name>
            <fieldText>&lt;p&gt;&lt;b&gt;Lead Qualification Details&lt;/b&gt;&lt;/p&gt;</fieldText>
            <fieldType>DisplayText</fieldType>
        </fields>
        <fields>
            <name>LeadIndustry</name>
            <choiceReferences>Industry</choiceReferences>
            <dataType>String</dataType>
            <fieldText>Industry</fieldText>
            <fieldType>DropdownBox</fieldType>
            <isRequired>true</isRequired>
        </fields>
        <fields>
            <name>Expected_Purchase_Date</name>
            <dataType>Date</dataType>
            <fieldText>Expected Purchase Date</fieldText>
            <fieldType>InputField</fieldType>
            <isRequired>true</isRequired>
        </fields>
        <fields>
            <name>Description</name>
            <fieldText>Description</fieldText>
            <fieldType>LargeTextArea</fieldType>
            <isRequired>false</isRequired>
        </fields>
        <fields>
            <name>Use_Case</name>
            <choiceReferences>UseCase</choiceReferences>
            <dataType>String</dataType>
            <fieldText>Use Case</fieldText>
            <fieldType>DropdownBox</fieldType>
            <isRequired>true</isRequired>
        </fields>
        <fields>
            <name>Sub_Use_Case</name>
            <choiceReferences>SubUseCase</choiceReferences>
            <dataType>String</dataType>
            <fieldText>Sub Use Case</fieldText>
            <fieldType>DropdownBox</fieldType>
            <isRequired>true</isRequired>
        </fields>
        <fields>
            <name>LeadRisk</name>
            <choiceReferences>Risk</choiceReferences>
            <dataType>String</dataType>
            <fieldText>Risk</fieldText>
            <fieldType>DropdownBox</fieldType>
            <isRequired>true</isRequired>
        </fields>
        <fields>
            <name>Competitior_lead</name>
            <choiceReferences>Competitior</choiceReferences>
            <dataType>String</dataType>
            <fieldText>Competitior</fieldText>
            <fieldType>DropdownBox</fieldType>
            <isRequired>true</isRequired>
        </fields>
        <showFooter>true</showFooter>
        <showHeader>false</showHeader>
    </screens>
    <screens>
        <name>Select_Products</name>
        <label>Select Products</label>
        <locationX>879</locationX>
        <locationY>84</locationY>
        <allowBack>false</allowBack>
        <allowFinish>true</allowFinish>
        <allowPause>false</allowPause>
        <connector>
            <targetReference>AssignFRLprodcut</targetReference>
        </connector>
        <fields>
            <name>Screen2heading</name>
            <fieldText>&lt;p&gt;&lt;b style=&quot;font-size: 14px;&quot;&gt;Select Product&lt;/b&gt;&lt;/p&gt;</fieldText>
            <fieldType>DisplayText</fieldType>
        </fields>
        <fields>
            <name>CountryField</name>
            <choiceReferences>Country</choiceReferences>
            <dataType>String</dataType>
            <fieldText>Country</fieldText>
            <fieldType>DropdownBox</fieldType>
            <isRequired>true</isRequired>
        </fields>
        <fields>
            <name>dpDevice</name>
            <extensionName>flowruntime:dependentPicklists</extensionName>
            <fieldType>ComponentInstance</fieldType>
            <inputParameters>
                <name>dependencyWrapperApiName</name>
                <value>
                    <stringValue>FRL_Products__c</stringValue>
                </value>
            </inputParameters>
            <inputParameters>
                <name>topPicklistApiName</name>
                <value>
                    <stringValue>Device__c</stringValue>
                </value>
            </inputParameters>
            <inputParameters>
                <name>middlePicklistApiName</name>
                <value>
                    <stringValue>Model__c</stringValue>
                </value>
            </inputParameters>
            <inputParameters>
                <name>topRequired</name>
                <value>
                    <booleanValue>true</booleanValue>
                </value>
            </inputParameters>
            <inputParameters>
                <name>middleRequired</name>
                <value>
                    <booleanValue>true</booleanValue>
                </value>
            </inputParameters>
            <inputsOnNextNavToAssocScrn>UseStoredValues</inputsOnNextNavToAssocScrn>
            <isRequired>true</isRequired>
            <storeOutputAutomatically>true</storeOutputAutomatically>
        </fields>
        <fields>
            <name>Quantity</name>
            <dataType>Number</dataType>
            <fieldText>Quantity</fieldText>
            <fieldType>InputField</fieldType>
            <isRequired>true</isRequired>
            <scale>0</scale>
        </fields>
        <fields>
            <name>Add_Another</name>
            <dataType>Boolean</dataType>
            <fieldText>Add More Product?</fieldText>
            <fieldType>InputField</fieldType>
            <isRequired>true</isRequired>
        </fields>
        <showFooter>true</showFooter>
        <showHeader>false</showHeader>
    </screens>
    <screens>
        <name>Success</name>
        <label>Success</label>
        <locationX>1185</locationX>
        <locationY>255</locationY>
        <allowBack>false</allowBack>
        <allowFinish>true</allowFinish>
        <allowPause>false</allowPause>
        <fields>
            <name>SuccessMessage</name>
            <fieldText>&lt;p&gt;&lt;a href=&quot;https://movefast.force.com/FRLPartners/s/lead/{!thisLeadID}&quot; rel=&quot;noopener noreferrer&quot; target=&quot;_blank&quot;&gt;Success ! Lead is created&lt;/a&gt;&lt;/p&gt;</fieldText>
            <fieldType>DisplayText</fieldType>
        </fields>
        <showFooter>true</showFooter>
        <showHeader>false</showHeader>
    </screens>
    <start>
        <locationX>50</locationX>
        <locationY>50</locationY>
        <connector>
            <targetReference>Register_A_Deal</targetReference>
        </connector>
    </start>
    <status>Active</status>
    <variables>
        <name>AddFRLToCollection</name>
        <dataType>SObject</dataType>
        <isCollection>true</isCollection>
        <isInput>true</isInput>
        <isOutput>true</isOutput>
        <objectType>FRL_Products__c</objectType>
    </variables>
    <variables>
        <name>Email</name>
        <dataType>String</dataType>
        <isCollection>false</isCollection>
        <isInput>false</isInput>
        <isOutput>false</isOutput>
    </variables>
    <variables>
        <name>setFRLProdValue</name>
        <dataType>SObject</dataType>
        <isCollection>false</isCollection>
        <isInput>false</isInput>
        <isOutput>false</isOutput>
        <objectType>FRL_Products__c</objectType>
    </variables>
    <variables>
        <name>thisLeadID</name>
        <dataType>String</dataType>
        <isCollection>false</isCollection>
        <isInput>false</isInput>
        <isOutput>false</isOutput>
    </variables>
    <variables>
        <name>Website</name>
        <dataType>String</dataType>
        <isCollection>false</isCollection>
        <isInput>false</isInput>
        <isOutput>false</isOutput>
    </variables>
</Flow>
