<?xml version="1.0" encoding="UTF-8"?>
<Flow xmlns="http://soap.sforce.com/2006/04/metadata">
    <apiVersion>62.0</apiVersion>
    <decisions>
        <name>Record_Type_Changed</name>
        <label>Record Type Changed</label>
        <locationX>182</locationX>
        <locationY>287</locationY>
        <defaultConnectorLabel>Default Outcome</defaultConnectorLabel>
        <rules>
            <name>RL_Distributor_price_book</name>
            <conditionLogic>and</conditionLogic>
            <conditions>
                <leftValueReference>$Record.RecordTypeId</leftValueReference>
                <operator>EqualTo</operator>
                <rightValue>
                    <stringValue>0121H0000012e1cQAA</stringValue>
                </rightValue>
            </conditions>
            <connector>
                <targetReference>Update_Price_Book</targetReference>
            </connector>
            <label>RL Distributor price book</label>
        </rules>
    </decisions>
    <description>T198849477 - If a WP opp is updated to FRL, change the price book to RL Distributor</description>
    <environments>Default</environments>
    <interviewLabel>FRL {!$Flow.CurrentDateTime}</interviewLabel>
    <label>FRL Enterprise: WP Opp to FRL Opp</label>
    <processMetadataValues>
        <name>BuilderType</name>
        <value>
            <stringValue>LightningFlowBuilder</stringValue>
        </value>
    </processMetadataValues>
    <processMetadataValues>
        <name>CanvasMode</name>
        <value>
            <stringValue>AUTO_LAYOUT_CANVAS</stringValue>
        </value>
    </processMetadataValues>
    <processMetadataValues>
        <name>OriginBuilderType</name>
        <value>
            <stringValue>LightningFlowBuilder</stringValue>
        </value>
    </processMetadataValues>
    <processType>AutoLaunchedFlow</processType>
    <recordUpdates>
        <name>Update_Price_Book</name>
        <label>Update Price Book</label>
        <locationX>50</locationX>
        <locationY>395</locationY>
        <inputAssignments>
            <field>Pricebook2Id</field>
            <value>
                <stringValue>01s8V000003ek5L</stringValue>
            </value>
        </inputAssignments>
        <inputReference>$Record</inputReference>
    </recordUpdates>
    <start>
        <locationX>56</locationX>
        <locationY>0</locationY>
        <connector>
            <targetReference>Record_Type_Changed</targetReference>
        </connector>
        <filterLogic>and</filterLogic>
        <filters>
            <field>RecordTypeId</field>
            <operator>IsChanged</operator>
            <value>
                <booleanValue>true</booleanValue>
            </value>
        </filters>
        <object>Opportunity</object>
        <recordTriggerType>Update</recordTriggerType>
        <triggerType>RecordBeforeSave</triggerType>
    </start>
    <status>Active</status>
</Flow>
