<?xml version="1.0" encoding="UTF-8"?>
<Flow xmlns="http://soap.sforce.com/2006/04/metadata">
    <actionCalls>
        <name>Notify_assigned_approver</name>
        <label>Notify assigned approver</label>
        <locationX>50</locationX>
        <locationY>431</locationY>
        <actionName>sbaa__Approval__c.RL_Quote_Approver_Assignment_Notification_T208891493</actionName>
        <actionType>emailAlert</actionType>
        <flowTransactionModel>CurrentTransaction</flowTransactionModel>
        <inputParameters>
            <name>SObjectRowId</name>
            <value>
                <elementReference>$Record.Id</elementReference>
            </value>
        </inputParameters>
        <nameSegment>sbaa__Approval__c.RL_Quote_Approver_Assignment_Notification_T208891493</nameSegment>
    </actionCalls>
    <apiVersion>62.0</apiVersion>
    <decisions>
        <description>if new, notify approver, otherwise determine status update</description>
        <name>New_Notify_approver</name>
        <label>New Notify approver</label>
        <locationX>182</locationX>
        <locationY>323</locationY>
        <defaultConnectorLabel>Default Outcome</defaultConnectorLabel>
        <rules>
            <name>notify_approver</name>
            <conditionLogic>and</conditionLogic>
            <conditions>
                <leftValueReference>$Record.sbaa__Status__c</leftValueReference>
                <operator>EqualTo</operator>
                <rightValue>
                    <stringValue>Requested</stringValue>
                </rightValue>
            </conditions>
            <connector>
                <targetReference>Notify_assigned_approver</targetReference>
            </connector>
            <label>notify approver</label>
        </rules>
    </decisions>
    <description>notify Approvers then Disty, a band-aid until T199385304 is resolved</description>
    <environments>Default</environments>
    <interviewLabel>FRL Approval Notificiation {!$Flow.CurrentDateTime}</interviewLabel>
    <label>FRL Approval Notificiation</label>
    <processMetadataValues>
        <name>BuilderType</name>
        <value>
            <stringValue>LightningFlowBuilder</stringValue>
        </value>
    </processMetadataValues>
    <processMetadataValues>
        <name>CanvasMode</name>
        <value>
            <stringValue>AUTO_LAYOUT_CANVAS</stringValue>
        </value>
    </processMetadataValues>
    <processMetadataValues>
        <name>OriginBuilderType</name>
        <value>
            <stringValue>LightningFlowBuilder</stringValue>
        </value>
    </processMetadataValues>
    <processType>AutoLaunchedFlow</processType>
    <start>
        <locationX>56</locationX>
        <locationY>0</locationY>
        <connector>
            <targetReference>New_Notify_approver</targetReference>
        </connector>
        <filterLogic>and</filterLogic>
        <filters>
            <field>Quote_Record_Type_ID__c</field>
            <operator>EqualTo</operator>
            <value>
                <stringValue>0128V0000010Ehh</stringValue>
            </value>
        </filters>
        <object>sbaa__Approval__c</object>
        <recordTriggerType>CreateAndUpdate</recordTriggerType>
        <triggerType>RecordAfterSave</triggerType>
    </start>
    <status>Obsolete</status>
</Flow>
