<?xml version="1.0" encoding="UTF-8"?>
<Flow xmlns="http://soap.sforce.com/2006/04/metadata">
    <actionCalls>
        <name>Submit_For_Approval</name>
        <label>Submit For Approval</label>
        <locationX>176</locationX>
        <locationY>335</locationY>
        <actionName>submit</actionName>
        <actionType>submit</actionType>
        <flowTransactionModel>CurrentTransaction</flowTransactionModel>
        <inputParameters>
            <name>processDefinitionNameOrId</name>
            <value>
                <stringValue>FRL_ES_POP_Approval</stringValue>
            </value>
        </inputParameters>
        <inputParameters>
            <name>objectId</name>
            <value>
                <elementReference>$Record.Id</elementReference>
            </value>
        </inputParameters>
        <inputParameters>
            <name>skipEntryCriteria</name>
            <value>
                <booleanValue>true</booleanValue>
            </value>
        </inputParameters>
        <inputParameters>
            <name>submitterId</name>
            <value>
                <elementReference>$User.Id</elementReference>
            </value>
        </inputParameters>
        <nameSegment>submit</nameSegment>
        <storeOutputAutomatically>true</storeOutputAutomatically>
    </actionCalls>
    <apiVersion>57.0</apiVersion>
    <description>Converted from &quot;FRL- ES - POP - Submission&quot; process builder via task T146850539</description>
    <environments>Default</environments>
    <interviewLabel>FRL- ES - POP - Submission Flow {!$Flow.CurrentDateTime}</interviewLabel>
    <label>FRL- ES - POP - Submission Flow</label>
    <processMetadataValues>
        <name>BuilderType</name>
        <value>
            <stringValue>LightningFlowBuilder</stringValue>
        </value>
    </processMetadataValues>
    <processMetadataValues>
        <name>CanvasMode</name>
        <value>
            <stringValue>AUTO_LAYOUT_CANVAS</stringValue>
        </value>
    </processMetadataValues>
    <processMetadataValues>
        <name>OriginBuilderType</name>
        <value>
            <stringValue>LightningFlowBuilder</stringValue>
        </value>
    </processMetadataValues>
    <processType>AutoLaunchedFlow</processType>
    <start>
        <locationX>50</locationX>
        <locationY>0</locationY>
        <connector>
            <targetReference>Submit_For_Approval</targetReference>
        </connector>
        <doesRequireRecordChangedToMeetCriteria>true</doesRequireRecordChangedToMeetCriteria>
        <filterLogic>and</filterLogic>
        <filters>
            <field>RecordTypeId</field>
            <operator>EqualTo</operator>
            <value>
                <stringValue>0121H0000012e1cQAA</stringValue>
            </value>
        </filters>
        <filters>
            <field>FRL_Deal_Reg_Status__c</field>
            <operator>EqualTo</operator>
            <value>
                <stringValue>Proof of Performance Submitted</stringValue>
            </value>
        </filters>
        <object>Opportunity</object>
        <recordTriggerType>CreateAndUpdate</recordTriggerType>
        <triggerType>RecordAfterSave</triggerType>
    </start>
    <status>Active</status>
</Flow>
