<?xml version="1.0" encoding="UTF-8"?>
<Flow xmlns="http://soap.sforce.com/2006/04/metadata">
    <apiVersion>49.0</apiVersion>
    <assignments>
        <name>Add_child_to_output_var</name>
        <label>Add child to output var</label>
        <locationX>588</locationX>
        <locationY>219</locationY>
        <assignmentItems>
            <assignToReference>ovar_acct_col_blck</assignToReference>
            <operator>Add</operator>
            <value>
                <elementReference>child_account</elementReference>
            </value>
        </assignmentItems>
        <connector>
            <targetReference>Get_Child_Node_Accounts</targetReference>
        </connector>
    </assignments>
    <assignments>
        <name>Add_Children_Nodes_to_Stack</name>
        <label>Add Children Nodes to Stack</label>
        <locationX>1002</locationX>
        <locationY>432</locationY>
        <assignmentItems>
            <assignToReference>ChildOrgs_Collection_Stack</assignToReference>
            <operator>Add</operator>
            <value>
                <elementReference>DirectChildOrgs_Collection</elementReference>
            </value>
        </assignmentItems>
        <connector>
            <targetReference>Set_Child_Collection_to_NULL</targetReference>
        </connector>
    </assignments>
    <assignments>
        <name>Add_Head_Acct_to_Blck</name>
        <label>Add Head Acct to Blck</label>
        <locationX>315</locationX>
        <locationY>50</locationY>
        <assignmentItems>
            <assignToReference>ovar_acct_col_blck</assignToReference>
            <operator>Add</operator>
            <value>
                <elementReference>headAcct</elementReference>
            </value>
        </assignmentItems>
        <connector>
            <targetReference>Get_Direct_Child_Accounts</targetReference>
        </connector>
    </assignments>
    <assignments>
        <name>Set_Child_Collection_to_NULL</name>
        <label>Set Child Collection to NULL</label>
        <locationX>780</locationX>
        <locationY>348</locationY>
        <assignmentItems>
            <assignToReference>DirectChildOrgs_Collection</assignToReference>
            <operator>RemoveAll</operator>
            <value>
                <elementReference>DirectChildOrgs_Collection</elementReference>
            </value>
        </assignmentItems>
        <connector>
            <targetReference>Traverse_Child_Account_Nodes</targetReference>
        </connector>
    </assignments>
    <constants>
        <description>StandardRecordTypeSFID</description>
        <name>StandardRecordTypeSFID</name>
        <dataType>String</dataType>
        <value>
            <stringValue>012A00000016XW9IAM</stringValue>
        </value>
    </constants>
    <decisions>
        <name>Child_Nodes_Exist</name>
        <label>Child Nodes Exist</label>
        <locationX>772</locationX>
        <locationY>510</locationY>
        <defaultConnector>
            <targetReference>Set_Child_Collection_to_NULL</targetReference>
        </defaultConnector>
        <defaultConnectorLabel>FALSE</defaultConnectorLabel>
        <rules>
            <name>TRUE</name>
            <conditionLogic>and</conditionLogic>
            <conditions>
                <leftValueReference>DirectChildOrgs_Collection</leftValueReference>
                <operator>IsNull</operator>
                <rightValue>
                    <booleanValue>false</booleanValue>
                </rightValue>
            </conditions>
            <connector>
                <targetReference>Add_Children_Nodes_to_Stack</targetReference>
            </connector>
            <label>TRUE</label>
        </rules>
    </decisions>
    <decisions>
        <name>Has_Child_Nodes</name>
        <label>Has Child Nodes</label>
        <locationX>634</locationX>
        <locationY>52</locationY>
        <defaultConnectorLabel>No</defaultConnectorLabel>
        <rules>
            <name>Yes</name>
            <conditionLogic>and</conditionLogic>
            <conditions>
                <leftValueReference>ChildOrgs_Collection_Stack</leftValueReference>
                <operator>IsNull</operator>
                <rightValue>
                    <booleanValue>false</booleanValue>
                </rightValue>
            </conditions>
            <connector>
                <targetReference>Traverse_Child_Account_Nodes</targetReference>
            </connector>
            <label>Yes</label>
        </rules>
    </decisions>
    <description>Returns a collection of child accounts under a given Account.</description>
    <interviewLabel>Get Account Block {!$Flow.CurrentDateTime}</interviewLabel>
    <label>Get Account Block</label>
    <loops>
        <name>Traverse_Child_Account_Nodes</name>
        <label>Traverse Child Account Nodes</label>
        <locationX>780</locationX>
        <locationY>215</locationY>
        <assignNextValueToReference>child_account</assignNextValueToReference>
        <collectionReference>ChildOrgs_Collection_Stack</collectionReference>
        <iterationOrder>Asc</iterationOrder>
        <nextValueConnector>
            <targetReference>Add_child_to_output_var</targetReference>
        </nextValueConnector>
    </loops>
    <processMetadataValues>
        <name>BuilderType</name>
        <value>
            <stringValue>LightningFlowBuilder</stringValue>
        </value>
    </processMetadataValues>
    <processMetadataValues>
        <name>OriginBuilderType</name>
        <value>
            <stringValue>LightningFlowBuilder</stringValue>
        </value>
    </processMetadataValues>
    <processType>AutoLaunchedFlow</processType>
    <recordLookups>
        <name>Get_Child_Node_Accounts</name>
        <label>Get Child Node Accounts</label>
        <locationX>588</locationX>
        <locationY>508</locationY>
        <assignNullValuesIfNoRecordsFound>true</assignNullValuesIfNoRecordsFound>
        <connector>
            <targetReference>Child_Nodes_Exist</targetReference>
        </connector>
        <filterLogic>and</filterLogic>
        <filters>
            <field>ParentId</field>
            <operator>EqualTo</operator>
            <value>
                <elementReference>child_account.Id</elementReference>
            </value>
        </filters>
        <filters>
            <field>RecordTypeId</field>
            <operator>EqualTo</operator>
            <value>
                <elementReference>StandardRecordTypeSFID</elementReference>
            </value>
        </filters>
        <object>Account</object>
        <outputReference>DirectChildOrgs_Collection</outputReference>
        <queriedFields>Id</queriedFields>
        <queriedFields>CTM_Group__c</queriedFields>
    </recordLookups>
    <recordLookups>
        <name>Get_Direct_Child_Accounts</name>
        <label>Get Direct Child Accounts</label>
        <locationX>467</locationX>
        <locationY>50</locationY>
        <assignNullValuesIfNoRecordsFound>true</assignNullValuesIfNoRecordsFound>
        <connector>
            <targetReference>Has_Child_Nodes</targetReference>
        </connector>
        <filterLogic>and</filterLogic>
        <filters>
            <field>ParentId</field>
            <operator>EqualTo</operator>
            <value>
                <elementReference>ivar_acct_id_18</elementReference>
            </value>
        </filters>
        <filters>
            <field>RecordTypeId</field>
            <operator>EqualTo</operator>
            <value>
                <elementReference>StandardRecordTypeSFID</elementReference>
            </value>
        </filters>
        <object>Account</object>
        <outputReference>ChildOrgs_Collection_Stack</outputReference>
        <queriedFields>Id</queriedFields>
        <queriedFields>CTM_Group__c</queriedFields>
    </recordLookups>
    <recordLookups>
        <name>Get_Input_Account</name>
        <label>Get Input Account</label>
        <locationX>187</locationX>
        <locationY>50</locationY>
        <assignNullValuesIfNoRecordsFound>true</assignNullValuesIfNoRecordsFound>
        <connector>
            <targetReference>Add_Head_Acct_to_Blck</targetReference>
        </connector>
        <filterLogic>and</filterLogic>
        <filters>
            <field>Id</field>
            <operator>EqualTo</operator>
            <value>
                <elementReference>ivar_acct_id_18</elementReference>
            </value>
        </filters>
        <filters>
            <field>RecordTypeId</field>
            <operator>EqualTo</operator>
            <value>
                <elementReference>StandardRecordTypeSFID</elementReference>
            </value>
        </filters>
        <object>Account</object>
        <outputReference>headAcct</outputReference>
        <queriedFields>Id</queriedFields>
        <queriedFields>CTM_Group__c</queriedFields>
    </recordLookups>
    <startElementReference>Get_Input_Account</startElementReference>
    <status>Active</status>
    <variables>
        <name>child_account</name>
        <dataType>SObject</dataType>
        <isCollection>false</isCollection>
        <isInput>false</isInput>
        <isOutput>false</isOutput>
        <objectType>Account</objectType>
    </variables>
    <variables>
        <description>Collection containing references to the Children or GrandChildren Accounts of the Head Account</description>
        <name>ChildOrgs_Collection_Stack</name>
        <dataType>SObject</dataType>
        <isCollection>true</isCollection>
        <isInput>false</isInput>
        <isOutput>false</isOutput>
        <objectType>Account</objectType>
    </variables>
    <variables>
        <description>Collection containing references to the Direct Children of a Parent Account</description>
        <name>DirectChildOrgs_Collection</name>
        <dataType>SObject</dataType>
        <isCollection>true</isCollection>
        <isInput>false</isInput>
        <isOutput>false</isOutput>
        <objectType>Account</objectType>
    </variables>
    <variables>
        <name>headAcct</name>
        <dataType>SObject</dataType>
        <isCollection>false</isCollection>
        <isInput>false</isInput>
        <isOutput>false</isOutput>
        <objectType>Account</objectType>
    </variables>
    <variables>
        <description>18 digit SFID of Head Account to begin traversal</description>
        <name>ivar_acct_id_18</name>
        <dataType>String</dataType>
        <isCollection>false</isCollection>
        <isInput>true</isInput>
        <isOutput>false</isOutput>
    </variables>
    <variables>
        <name>ovar_acct_col_blck</name>
        <dataType>SObject</dataType>
        <isCollection>true</isCollection>
        <isInput>false</isInput>
        <isOutput>true</isOutput>
        <objectType>Account</objectType>
    </variables>
</Flow>
