<?xml version="1.0" encoding="UTF-8"?>
<Flow xmlns="http://soap.sforce.com/2006/04/metadata">
    <actionCalls>
        <name>Government_Politics_has_been_chosen_as_a_vertical_for_a_new_account</name>
        <label>Account.Government_Politics_has_been_chosen_as_a_vertical_for_a_new_account</label>
        <locationX>0</locationX>
        <locationY>0</locationY>
        <actionName>Account.Government_Politics_has_been_chosen_as_a_vertical_for_a_new_account</actionName>
        <actionType>emailAlert</actionType>
        <flowTransactionModel>CurrentTransaction</flowTransactionModel>
        <inputParameters>
            <name>SObjectRowId</name>
            <value>
                <elementReference>$Record.Id</elementReference>
            </value>
        </inputParameters>
        <nameSegment>Account.Government_Politics_has_been_chosen_as_a_vertical_for_a_new_account</nameSegment>
    </actionCalls>
    <apiVersion>58.0</apiVersion>
    <description>Migrated from the: Government &amp; Politics has been chosen as a vertical workflow rule
Workflow rule description: &quot;</description>
    <label>Government &amp; Politics has been chosen as a vertical</label>
    <migratedFromWorkflowRuleName>Government &amp; Politics has been chosen as a vertical</migratedFromWorkflowRuleName>
    <processMetadataValues>
        <name>CanvasMode</name>
        <value>
            <stringValue>AUTO_LAYOUT_CANVAS</stringValue>
        </value>
    </processMetadataValues>
    <processType>AutoLaunchedFlow</processType>
    <start>
        <locationX>0</locationX>
        <locationY>0</locationY>
        <connector>
            <targetReference>Government_Politics_has_been_chosen_as_a_vertical_for_a_new_account</targetReference>
        </connector>
        <filterLogic>(1 OR 2)</filterLogic>
        <filters>
            <field>Sub_Vertical_id_18__c</field>
            <operator>EqualTo</operator>
            <value>
                <stringValue>a0OA0000000VSa0MAG</stringValue>
            </value>
        </filters>
        <filters>
            <field>Sub_Vertical_id_18__c</field>
            <operator>EqualTo</operator>
            <value>
                <stringValue>a0OA0000000VSZrMAO</stringValue>
            </value>
        </filters>
        <object>Account</object>
        <recordTriggerType>Create</recordTriggerType>
        <triggerType>RecordAfterSave</triggerType>
    </start>
    <status>Active</status>
</Flow>
