<?xml version="1.0" encoding="UTF-8"?>
<Flow xmlns="http://soap.sforce.com/2006/04/metadata">
    <apiVersion>49.0</apiVersion>
    <assignments>
        <name>Convert_qty</name>
        <label>Convert_qty</label>
        <locationX>52</locationX>
        <locationY>501</locationY>
        <assignmentItems>
            <assignToReference>tAdj_Qty</assignToReference>
            <operator>Subtract</operator>
            <value>
                <elementReference>Quantity</elementReference>
            </value>
        </assignmentItems>
        <connector>
            <targetReference>Confirn_before_update</targetReference>
        </connector>
    </assignments>
    <assignments>
        <name>Initalize</name>
        <label>Initalize</label>
        <locationX>55</locationX>
        <locationY>261</locationY>
        <assignmentItems>
            <assignToReference>tAdj_Qty</assignToReference>
            <operator>Assign</operator>
            <value>
                <numberValue>0.0</numberValue>
            </value>
        </assignmentItems>
        <assignmentItems>
            <assignToReference>tqty</assignToReference>
            <operator>Assign</operator>
            <value>
                <numberValue>1.0</numberValue>
            </value>
        </assignmentItems>
        <connector>
            <targetReference>Select_Item</targetReference>
        </connector>
    </assignments>
    <constants>
        <name>t_Qty</name>
        <dataType>Number</dataType>
        <value>
            <numberValue>1.0</numberValue>
        </value>
    </constants>
    <constants>
        <description>randome string that should never be the name of an item</description>
        <name>WhatAreTheOdds</name>
        <dataType>String</dataType>
    </constants>
    <decisions>
        <name>redirectToConsume</name>
        <label>redirectToConsume</label>
        <locationX>347</locationX>
        <locationY>496</locationY>
        <defaultConnector>
            <targetReference>Confirm_Screen</targetReference>
        </defaultConnector>
        <defaultConnectorLabel>N</defaultConnectorLabel>
        <rules>
            <name>Y</name>
            <conditionLogic>and</conditionLogic>
            <conditions>
                <leftValueReference>Quantity</leftValueReference>
                <operator>NotEqualTo</operator>
                <rightValue>
                    <numberValue>0.0</numberValue>
                </rightValue>
            </conditions>
            <connector>
                <targetReference>Select_Item</targetReference>
            </connector>
            <label>Y</label>
        </rules>
    </decisions>
    <description>Inventory Item Checkout Final Flow</description>
    <dynamicChoiceSets>
        <name>ItemModel</name>
        <dataType>String</dataType>
        <displayField>Item_Name__c</displayField>
        <filterLogic>and</filterLogic>
        <filters>
            <field>Location__c</field>
            <operator>EqualTo</operator>
            <value>
                <elementReference>t_LocID</elementReference>
            </value>
        </filters>
        <object>IT_Threshold__c</object>
        <outputAssignments>
            <assignToReference>t_THname</assignToReference>
            <field>Name</field>
        </outputAssignments>
        <outputAssignments>
            <assignToReference>QOH</assignToReference>
            <field>Qty__c</field>
        </outputAssignments>
        <valueField>Name</valueField>
    </dynamicChoiceSets>
    <label>Item Checkout</label>
    <processType>Flow</processType>
    <recordLookups>
        <name>Lookup_Location</name>
        <label>Lookup Location</label>
        <locationX>58</locationX>
        <locationY>142</locationY>
        <assignNullValuesIfNoRecordsFound>false</assignNullValuesIfNoRecordsFound>
        <connector>
            <targetReference>Initalize</targetReference>
        </connector>
        <filterLogic>and</filterLogic>
        <filters>
            <field>Name</field>
            <operator>EqualTo</operator>
            <value>
                <elementReference>Location</elementReference>
            </value>
        </filters>
        <object>IT_Location__c</object>
        <outputAssignments>
            <assignToReference>t_LocID</assignToReference>
            <field>Id</field>
        </outputAssignments>
        <outputAssignments>
            <assignToReference>t_LocName</assignToReference>
            <field>Name</field>
        </outputAssignments>
    </recordLookups>
    <recordUpdates>
        <name>Update_Threshold</name>
        <label>Update Threshold</label>
        <locationX>53</locationX>
        <locationY>733</locationY>
        <connector>
            <targetReference>redirectToConsume</targetReference>
        </connector>
        <filterLogic>and</filterLogic>
        <filters>
            <field>Name</field>
            <operator>EqualTo</operator>
            <value>
                <elementReference>t_THname</elementReference>
            </value>
        </filters>
        <inputAssignments>
            <field>Qty_Adjustment__c</field>
            <value>
                <elementReference>tAdj_Qty</elementReference>
            </value>
        </inputAssignments>
        <object>IT_Threshold__c</object>
    </recordUpdates>
    <screens>
        <name>Confirm_Screen</name>
        <label>Confirm Screen</label>
        <locationX>524</locationX>
        <locationY>495</locationY>
        <allowBack>true</allowBack>
        <allowFinish>true</allowFinish>
        <allowPause>true</allowPause>
        <fields>
            <name>ConformScreen</name>
            <fieldText>&lt;SPAN ALIGN=&quot;LEFT&quot;&gt;&lt;FONT FACE=&quot;Arial&quot; STYLE=&quot;font-size:14px&quot; COLOR=&quot;#000000&quot; LETTERSPACING=&quot;0&quot; KERNING=&quot;0&quot;&gt;&lt;B&gt;Item                    :  {!ItemModel}&lt;/B&gt;&lt;/FONT&gt;&lt;/SPAN&gt;&lt;DIV ALIGN=&quot;LEFT&quot;&gt;&lt;FONT FACE=&quot;Arial&quot; STYLE=&quot;font-size:14px&quot; COLOR=&quot;#000000&quot; LETTERSPACING=&quot;0&quot; KERNING=&quot;0&quot;&gt;&lt;/FONT&gt;&lt;/DIV&gt;&lt;DIV ALIGN=&quot;LEFT&quot;&gt;&lt;FONT FACE=&quot;Arial&quot; STYLE=&quot;font-size:14px&quot; COLOR=&quot;#000000&quot; LETTERSPACING=&quot;0&quot; KERNING=&quot;0&quot;&gt;&lt;B&gt;Location            :  {!Location}&lt;/B&gt;&lt;/FONT&gt;&lt;/DIV&gt;&lt;DIV ALIGN=&quot;LEFT&quot;&gt;&lt;FONT FACE=&quot;Arial&quot; STYLE=&quot;font-size:14px&quot; COLOR=&quot;#000000&quot; LETTERSPACING=&quot;0&quot; KERNING=&quot;0&quot;&gt;&lt;/FONT&gt;&lt;/DIV&gt;&lt;DIV ALIGN=&quot;LEFT&quot;&gt;&lt;FONT FACE=&quot;Arial&quot; STYLE=&quot;font-size:14px&quot; COLOR=&quot;#000000&quot; LETTERSPACING=&quot;0&quot; KERNING=&quot;0&quot;&gt;&lt;B&gt;Qty Consumed   :  {!Quantity}&lt;/B&gt;&lt;/FONT&gt;&lt;/DIV&gt;&lt;DIV ALIGN=&quot;LEFT&quot;&gt;&lt;FONT FACE=&quot;Arial&quot; STYLE=&quot;font-size:14px&quot; COLOR=&quot;#000000&quot; LETTERSPACING=&quot;0&quot; KERNING=&quot;1&quot;&gt;&lt;/FONT&gt;&lt;/DIV&gt;</fieldText>
            <fieldType>DisplayText</fieldType>
        </fields>
        <showFooter>true</showFooter>
        <showHeader>true</showHeader>
    </screens>
    <screens>
        <name>Confirn_before_update</name>
        <label>Confirn before update</label>
        <locationX>57</locationX>
        <locationY>612</locationY>
        <allowBack>true</allowBack>
        <allowFinish>true</allowFinish>
        <allowPause>true</allowPause>
        <connector>
            <targetReference>Update_Threshold</targetReference>
        </connector>
        <fields>
            <name>DisplayCf1</name>
            <fieldText>&lt;SPAN ALIGN=&quot;LEFT&quot;&gt;&lt;FONT FACE=&quot;Arial&quot; STYLE=&quot;font-size:12px&quot; COLOR=&quot;#000000&quot; LETTERSPACING=&quot;0&quot; KERNING=&quot;0&quot;&gt;Location : {!t_LocName}&lt;/FONT&gt;&lt;/SPAN&gt;&lt;DIV ALIGN=&quot;LEFT&quot;&gt;&lt;FONT FACE=&quot;Arial&quot; STYLE=&quot;font-size:12px&quot; COLOR=&quot;#000000&quot; LETTERSPACING=&quot;0&quot; KERNING=&quot;0&quot;&gt;Location ID: {!t_LocID}&lt;/FONT&gt;&lt;/DIV&gt;&lt;DIV ALIGN=&quot;LEFT&quot;&gt;&lt;FONT FACE=&quot;Arial&quot; STYLE=&quot;font-size:12px&quot; COLOR=&quot;#000000&quot; LETTERSPACING=&quot;0&quot; KERNING=&quot;0&quot;&gt;&lt;/FONT&gt;&lt;/DIV&gt;&lt;DIV ALIGN=&quot;LEFT&quot;&gt;&lt;FONT FACE=&quot;Arial&quot; STYLE=&quot;font-size:12px&quot; COLOR=&quot;#000000&quot; LETTERSPACING=&quot;0&quot; KERNING=&quot;0&quot;&gt;Item ID: {!t_ItemID}&lt;/FONT&gt;&lt;/DIV&gt;&lt;DIV ALIGN=&quot;LEFT&quot;&gt;&lt;FONT FACE=&quot;Arial&quot; STYLE=&quot;font-size:12px&quot; COLOR=&quot;#000000&quot; LETTERSPACING=&quot;0&quot; KERNING=&quot;0&quot;&gt;Item Name: {!T_ItemName}&lt;/FONT&gt;&lt;/DIV&gt;&lt;DIV ALIGN=&quot;LEFT&quot;&gt;&lt;FONT FACE=&quot;Arial&quot; STYLE=&quot;font-size:12px&quot; COLOR=&quot;#000000&quot; LETTERSPACING=&quot;0&quot; KERNING=&quot;0&quot;&gt;IL # : {!t_THname}&lt;/FONT&gt;&lt;/DIV&gt;&lt;DIV ALIGN=&quot;LEFT&quot;&gt;&lt;FONT FACE=&quot;Arial&quot; STYLE=&quot;font-size:12px&quot; COLOR=&quot;#000000&quot; LETTERSPACING=&quot;0&quot; KERNING=&quot;0&quot;&gt;&lt;/FONT&gt;&lt;/DIV&gt;&lt;DIV ALIGN=&quot;LEFT&quot;&gt;&lt;FONT FACE=&quot;Arial&quot; STYLE=&quot;font-size:12px&quot; COLOR=&quot;#000000&quot; LETTERSPACING=&quot;0&quot; KERNING=&quot;0&quot;&gt;Adjustment Qty : &lt;FONT KERNING=&quot;1&quot;&gt;{!tAdj_Qty}&lt;/FONT&gt;&lt;/FONT&gt;&lt;/DIV&gt;&lt;DIV ALIGN=&quot;LEFT&quot;&gt;&lt;FONT FACE=&quot;Arial&quot; STYLE=&quot;font-size:12px&quot; COLOR=&quot;#000000&quot; LETTERSPACING=&quot;0&quot; KERNING=&quot;0&quot;&gt;Qty : &lt;FONT KERNING=&quot;1&quot;&gt;{!tqty}&lt;/FONT&gt;&lt;/FONT&gt;&lt;/DIV&gt;&lt;DIV ALIGN=&quot;LEFT&quot;&gt;&lt;FONT FACE=&quot;Arial&quot; STYLE=&quot;font-size:12px&quot; COLOR=&quot;#000000&quot; LETTERSPACING=&quot;0&quot; KERNING=&quot;1&quot;&gt;&lt;/FONT&gt;&lt;/DIV&gt;&lt;DIV ALIGN=&quot;LEFT&quot;&gt;&lt;FONT FACE=&quot;Arial&quot; STYLE=&quot;font-size:12px&quot; COLOR=&quot;#000000&quot; LETTERSPACING=&quot;0&quot; KERNING=&quot;1&quot;&gt;On Hand Qty : {!QOH}&lt;/FONT&gt;&lt;/DIV&gt;</fieldText>
            <fieldType>DisplayText</fieldType>
        </fields>
        <showFooter>true</showFooter>
        <showHeader>true</showHeader>
    </screens>
    <screens>
        <name>Scan_Location</name>
        <label>Scan Location</label>
        <locationX>59</locationX>
        <locationY>44</locationY>
        <allowBack>true</allowBack>
        <allowFinish>true</allowFinish>
        <allowPause>true</allowPause>
        <connector>
            <targetReference>Lookup_Location</targetReference>
        </connector>
        <fields>
            <name>Location</name>
            <dataType>String</dataType>
            <fieldText>&lt;SPAN ALIGN=&quot;LEFT&quot;&gt;&lt;FONT FACE=&quot;Verdana&quot; STYLE=&quot;font-size:14px&quot; COLOR=&quot;#000000&quot; LETTERSPACING=&quot;0&quot; KERNING=&quot;0&quot;&gt;&lt;B&gt;Location&lt;/B&gt;&lt;/FONT&gt;&lt;/SPAN&gt;</fieldText>
            <fieldType>InputField</fieldType>
            <isRequired>true</isRequired>
        </fields>
        <showFooter>true</showFooter>
        <showHeader>true</showHeader>
    </screens>
    <screens>
        <name>Select_Item</name>
        <label>Select Item</label>
        <locationX>54</locationX>
        <locationY>371</locationY>
        <allowBack>false</allowBack>
        <allowFinish>true</allowFinish>
        <allowPause>true</allowPause>
        <connector>
            <targetReference>Convert_qty</targetReference>
        </connector>
        <fields>
            <name>LocationDetails</name>
            <fieldText>&lt;SPAN ALIGN=&quot;LEFT&quot;&gt;&lt;FONT FACE=&quot;Verdana&quot; STYLE=&quot;font-size:14px&quot; COLOR=&quot;#000000&quot; LETTERSPACING=&quot;0&quot; KERNING=&quot;0&quot;&gt;Please Select Items from Location :  {!Location}&lt;/FONT&gt;&lt;/SPAN&gt;&lt;DIV ALIGN=&quot;LEFT&quot;&gt;&lt;FONT FACE=&quot;Verdana&quot; STYLE=&quot;font-size:14px&quot; COLOR=&quot;#000000&quot; LETTERSPACING=&quot;0&quot; KERNING=&quot;0&quot;&gt;Name : {!t_LocName}&lt;/FONT&gt;&lt;/DIV&gt;&lt;DIV ALIGN=&quot;LEFT&quot;&gt;&lt;FONT FACE=&quot;Verdana&quot; STYLE=&quot;font-size:14px&quot; COLOR=&quot;#000000&quot; LETTERSPACING=&quot;0&quot; KERNING=&quot;0&quot;&gt;&lt;/FONT&gt;&lt;/DIV&gt;</fieldText>
            <fieldType>DisplayText</fieldType>
        </fields>
        <fields>
            <name>Select_Item1</name>
            <choiceReferences>ItemModel</choiceReferences>
            <dataType>String</dataType>
            <fieldText>&lt;SPAN ALIGN=&quot;LEFT&quot;&gt;&lt;FONT FACE=&quot;Verdana&quot; STYLE=&quot;font-size:14px&quot; COLOR=&quot;#000000&quot; LETTERSPACING=&quot;0&quot; KERNING=&quot;0&quot;&gt;&lt;B&gt;Select Item&lt;/B&gt;&lt;FONT FACE=&quot;Geneva&quot;&gt;&lt;/FONT&gt;&lt;/FONT&gt;&lt;/SPAN&gt;</fieldText>
            <fieldType>DropdownBox</fieldType>
            <isRequired>false</isRequired>
        </fields>
        <fields>
            <name>Quantity</name>
            <dataType>Number</dataType>
            <fieldText>&lt;SPAN ALIGN=&quot;LEFT&quot;&gt;&lt;FONT FACE=&quot;Verdana&quot; STYLE=&quot;font-size:14px&quot; COLOR=&quot;#000000&quot; LETTERSPACING=&quot;0&quot; KERNING=&quot;0&quot;&gt;&lt;B&gt;Quantity&lt;/B&gt;&lt;/FONT&gt;&lt;/SPAN&gt;</fieldText>
            <fieldType>InputField</fieldType>
            <isRequired>false</isRequired>
            <scale>0</scale>
        </fields>
        <showFooter>true</showFooter>
        <showHeader>true</showHeader>
    </screens>
    <startElementReference>Scan_Location</startElementReference>
    <status>Active</status>
    <variables>
        <name>QOH</name>
        <dataType>Number</dataType>
        <isCollection>false</isCollection>
        <isInput>false</isInput>
        <isOutput>true</isOutput>
        <scale>0</scale>
    </variables>
    <variables>
        <name>t_active</name>
        <dataType>String</dataType>
        <isCollection>false</isCollection>
        <isInput>false</isInput>
        <isOutput>false</isOutput>
    </variables>
    <variables>
        <name>t_ItemID</name>
        <dataType>String</dataType>
        <isCollection>false</isCollection>
        <isInput>false</isInput>
        <isOutput>true</isOutput>
    </variables>
    <variables>
        <name>T_ItemName</name>
        <dataType>String</dataType>
        <isCollection>false</isCollection>
        <isInput>false</isInput>
        <isOutput>true</isOutput>
    </variables>
    <variables>
        <name>t_LocID</name>
        <dataType>String</dataType>
        <isCollection>false</isCollection>
        <isInput>false</isInput>
        <isOutput>true</isOutput>
    </variables>
    <variables>
        <name>t_LocItem</name>
        <dataType>String</dataType>
        <isCollection>false</isCollection>
        <isInput>false</isInput>
        <isOutput>true</isOutput>
    </variables>
    <variables>
        <name>t_LocName</name>
        <dataType>String</dataType>
        <isCollection>false</isCollection>
        <isInput>false</isInput>
        <isOutput>false</isOutput>
    </variables>
    <variables>
        <name>t_THname</name>
        <dataType>String</dataType>
        <isCollection>false</isCollection>
        <isInput>false</isInput>
        <isOutput>true</isOutput>
    </variables>
    <variables>
        <name>t_ThQty</name>
        <dataType>String</dataType>
        <isCollection>false</isCollection>
        <isInput>false</isInput>
        <isOutput>true</isOutput>
    </variables>
    <variables>
        <name>tAdj_Qty</name>
        <dataType>Number</dataType>
        <isCollection>false</isCollection>
        <isInput>true</isInput>
        <isOutput>true</isOutput>
        <scale>0</scale>
    </variables>
    <variables>
        <name>TH_Id</name>
        <dataType>String</dataType>
        <isCollection>false</isCollection>
        <isInput>false</isInput>
        <isOutput>true</isOutput>
    </variables>
    <variables>
        <name>tqty</name>
        <dataType>Number</dataType>
        <isCollection>false</isCollection>
        <isInput>true</isInput>
        <isOutput>true</isOutput>
        <scale>0</scale>
        <value>
            <numberValue>1.0</numberValue>
        </value>
    </variables>
</Flow>
