<?xml version="1.0" encoding="UTF-8"?>
<Flow xmlns="http://soap.sforce.com/2006/04/metadata">
    <actionCalls>
        <name>SalesforceObj3bb510709d44e1810f2d6f1bdf56407d_FireJBTrigger</name>
        <label>SalesforceObj3bb510709d44e1810f2d6f1bdf56407d_FireJBTrigger</label>
        <locationX>0</locationX>
        <locationY>0</locationY>
        <actionName>et4ae5__JBintFireBulkEvent</actionName>
        <actionType>apex</actionType>
        <connector>
            <targetReference>JB_Decision_Null_Check_SalesforceObje6cd58617c9722e9818eb0b91522779d</targetReference>
        </connector>
        <faultConnector>
            <targetReference>JB_Decision_Null_Check_SalesforceObje6cd58617c9722e9818eb0b91522779d</targetReference>
        </faultConnector>
        <flowTransactionModel>CurrentTransaction</flowTransactionModel>
        <inputParameters>
            <name>ContactKey</name>
            <value>
                <stringValue>{&quot;relationshipIdName&quot;:&quot;Id&quot;,&quot;relationshipName&quot;:&quot;Common&quot;,&quot;isPolymorphic&quot;:false,&quot;referenceObjectName&quot;:&quot;Common&quot;}</stringValue>
            </value>
        </inputParameters>
        <inputParameters>
            <name>SalesforceObjectId</name>
            <value>
                <elementReference>new_object.Id</elementReference>
            </value>
        </inputParameters>
        <inputParameters>
            <name>SalesforceObjectName</name>
            <value>
                <stringValue>CampaignMember</stringValue>
            </value>
        </inputParameters>
        <inputParameters>
            <name>EventDefinitionKey</name>
            <value>
                <stringValue>SalesforceObj3bb510709d44e1810f2d6f1bdf56407d</stringValue>
            </value>
        </inputParameters>
        <inputParameters>
            <name>OwnerMID</name>
            <value>
                <stringValue>515009167</stringValue>
            </value>
        </inputParameters>
        <inputParameters>
            <name>VersionNumber</name>
            <value>
                <stringValue>3.0</stringValue>
            </value>
        </inputParameters>
        <inputParameters>
            <name>ContactPersonType</name>
            <value>
                <stringValue>CampaignMember</stringValue>
            </value>
        </inputParameters>
        <inputParameters>
            <name>EventDataConfig</name>
            <value>
                <stringValue>{&quot;objects&quot;:[{&quot;relationshipIdName&quot;:&quot;&quot;,&quot;referenceObject&quot;:&quot;&quot;,&quot;isPolymorphic&quot;:false,&quot;relationshipName&quot;:&quot;&quot;,&quot;dePrefix&quot;:&quot;CampaignMember:&quot;,&quot;fields&quot;:[&quot;Id&quot;,&quot;EID__c&quot;,&quot;CampaignId&quot;]},{&quot;relationshipIdName&quot;:null,&quot;referenceObject&quot;:&quot;Contacts and Leads&quot;,&quot;isPolymorphic&quot;:false,&quot;relationshipName&quot;:&quot;Common&quot;,&quot;dePrefix&quot;:&quot;CampaignMember:Common:&quot;,&quot;fields&quot;:[&quot;Id&quot;,&quot;Email&quot;,&quot;Locale__c&quot;,&quot;HasOptedOutOfEmail&quot;]}]}</stringValue>
            </value>
        </inputParameters>
        <nameSegment>et4ae5__JBintFireBulkEvent</nameSegment>
    </actionCalls>
    <actionCalls>
        <name>SalesforceObj469b507346a42873339397f7961bc35d_FireJBTrigger</name>
        <label>SalesforceObj469b507346a42873339397f7961bc35d_FireJBTrigger</label>
        <locationX>0</locationX>
        <locationY>0</locationY>
        <actionName>et4ae5__JBintFireBulkEvent</actionName>
        <actionType>apex</actionType>
        <flowTransactionModel>CurrentTransaction</flowTransactionModel>
        <inputParameters>
            <name>ContactKey</name>
            <value>
                <stringValue>{
  &quot;relationshipIdName&quot;: &quot;Id&quot;,
  &quot;relationshipName&quot;: &quot;Common&quot;,
  &quot;isPolymorphic&quot;: false,
  &quot;referenceObjectName&quot;: &quot;Common&quot;
}</stringValue>
            </value>
        </inputParameters>
        <inputParameters>
            <name>SalesforceObjectId</name>
            <value>
                <elementReference>new_object.Id</elementReference>
            </value>
        </inputParameters>
        <inputParameters>
            <name>SalesforceObjectName</name>
            <value>
                <stringValue>CampaignMember</stringValue>
            </value>
        </inputParameters>
        <inputParameters>
            <name>EventDefinitionKey</name>
            <value>
                <stringValue>SalesforceObj469b507346a42873339397f7961bc35d</stringValue>
            </value>
        </inputParameters>
        <inputParameters>
            <name>OwnerMID</name>
            <value>
                <stringValue>515007235</stringValue>
            </value>
        </inputParameters>
        <inputParameters>
            <name>VersionNumber</name>
            <value>
                <stringValue>3.0</stringValue>
            </value>
        </inputParameters>
        <inputParameters>
            <name>ContactPersonType</name>
            <value>
                <stringValue>CampaignMember</stringValue>
            </value>
        </inputParameters>
        <inputParameters>
            <name>EventDataConfig</name>
            <value>
                <stringValue>{&quot;objects&quot;:[{&quot;relationshipIdName&quot;:&quot;&quot;,&quot;referenceObject&quot;:&quot;&quot;,&quot;isPolymorphic&quot;:false,&quot;relationshipName&quot;:&quot;&quot;,&quot;dePrefix&quot;:&quot;CampaignMember:&quot;,&quot;fields&quot;:[&quot;Id&quot;,&quot;EID__c&quot;,&quot;Country&quot;,&quot;FirstName&quot;,&quot;Form_Origin__c&quot;]},{&quot;relationshipIdName&quot;:null,&quot;referenceObject&quot;:&quot;Contacts and Leads&quot;,&quot;isPolymorphic&quot;:false,&quot;relationshipName&quot;:&quot;Common&quot;,&quot;dePrefix&quot;:&quot;CampaignMember:Common:&quot;,&quot;fields&quot;:[&quot;Id&quot;,&quot;Email&quot;,&quot;HasOptedOutOfEmail&quot;]},{&quot;relationshipIdName&quot;:null,&quot;referenceObject&quot;:&quot;Lead&quot;,&quot;isPolymorphic&quot;:false,&quot;relationshipName&quot;:&quot;Lead&quot;,&quot;dePrefix&quot;:&quot;CampaignMember:Lead:&quot;,&quot;fields&quot;:[&quot;Status&quot;,&quot;EID__c&quot;,&quot;Country&quot;]}]}</stringValue>
            </value>
        </inputParameters>
        <nameSegment>et4ae5__JBintFireBulkEvent</nameSegment>
    </actionCalls>
    <actionCalls>
        <name>SalesforceObj5b4eb110eed9d2387057098cced76a96_FireJBTrigger</name>
        <label>SalesforceObj5b4eb110eed9d2387057098cced76a96_FireJBTrigger</label>
        <locationX>0</locationX>
        <locationY>0</locationY>
        <actionName>et4ae5__JBintFireBulkEvent</actionName>
        <actionType>apex</actionType>
        <connector>
            <targetReference>JB_Decision_Null_Check_SalesforceObj3bb510709d44e1810f2d6f1bdf56407d</targetReference>
        </connector>
        <faultConnector>
            <targetReference>JB_Decision_Null_Check_SalesforceObj3bb510709d44e1810f2d6f1bdf56407d</targetReference>
        </faultConnector>
        <flowTransactionModel>CurrentTransaction</flowTransactionModel>
        <inputParameters>
            <name>ContactKey</name>
            <value>
                <stringValue>{&quot;relationshipIdName&quot;:&quot;Id&quot;,&quot;relationshipName&quot;:&quot;Common&quot;,&quot;isPolymorphic&quot;:false,&quot;referenceObjectName&quot;:&quot;Common&quot;}</stringValue>
            </value>
        </inputParameters>
        <inputParameters>
            <name>SalesforceObjectId</name>
            <value>
                <elementReference>new_object.Id</elementReference>
            </value>
        </inputParameters>
        <inputParameters>
            <name>SalesforceObjectName</name>
            <value>
                <stringValue>CampaignMember</stringValue>
            </value>
        </inputParameters>
        <inputParameters>
            <name>EventDefinitionKey</name>
            <value>
                <stringValue>SalesforceObj5b4eb110eed9d2387057098cced76a96</stringValue>
            </value>
        </inputParameters>
        <inputParameters>
            <name>OwnerMID</name>
            <value>
                <stringValue>515011136</stringValue>
            </value>
        </inputParameters>
        <inputParameters>
            <name>VersionNumber</name>
            <value>
                <stringValue>3.0</stringValue>
            </value>
        </inputParameters>
        <inputParameters>
            <name>ContactPersonType</name>
            <value>
                <stringValue>CampaignMember</stringValue>
            </value>
        </inputParameters>
        <inputParameters>
            <name>EventDataConfig</name>
            <value>
                <stringValue>{&quot;objects&quot;:[{&quot;relationshipIdName&quot;:null,&quot;referenceObject&quot;:&quot;Campaign&quot;,&quot;isPolymorphic&quot;:false,&quot;relationshipName&quot;:&quot;Campaign&quot;,&quot;dePrefix&quot;:&quot;CampaignMember:Campaign:&quot;,&quot;fields&quot;:[&quot;Id&quot;,&quot;Name&quot;]},{&quot;relationshipIdName&quot;:&quot;&quot;,&quot;referenceObject&quot;:&quot;&quot;,&quot;isPolymorphic&quot;:false,&quot;relationshipName&quot;:&quot;&quot;,&quot;dePrefix&quot;:&quot;CampaignMember:&quot;,&quot;fields&quot;:[&quot;Id&quot;]},{&quot;relationshipIdName&quot;:null,&quot;referenceObject&quot;:&quot;Contacts and Leads&quot;,&quot;isPolymorphic&quot;:false,&quot;relationshipName&quot;:&quot;Common&quot;,&quot;dePrefix&quot;:&quot;CampaignMember:Common:&quot;,&quot;fields&quot;:[&quot;Id&quot;,&quot;Email&quot;,&quot;HasOptedOutOfEmail&quot;]}]}</stringValue>
            </value>
        </inputParameters>
        <nameSegment>et4ae5__JBintFireBulkEvent</nameSegment>
    </actionCalls>
    <actionCalls>
        <name>SalesforceObje6cd58617c9722e9818eb0b91522779d_FireJBTrigger</name>
        <label>SalesforceObje6cd58617c9722e9818eb0b91522779d_FireJBTrigger</label>
        <locationX>0</locationX>
        <locationY>0</locationY>
        <actionName>et4ae5__JBintFireBulkEvent</actionName>
        <actionType>apex</actionType>
        <connector>
            <targetReference>JB_Decision_Null_Check_SalesforceObj469b507346a42873339397f7961bc35d</targetReference>
        </connector>
        <faultConnector>
            <targetReference>JB_Decision_Null_Check_SalesforceObj469b507346a42873339397f7961bc35d</targetReference>
        </faultConnector>
        <flowTransactionModel>CurrentTransaction</flowTransactionModel>
        <inputParameters>
            <name>ContactKey</name>
            <value>
                <stringValue>{&quot;relationshipIdName&quot;:&quot;Id&quot;,&quot;relationshipName&quot;:&quot;Common&quot;,&quot;isPolymorphic&quot;:false,&quot;referenceObjectName&quot;:&quot;Common&quot;}</stringValue>
            </value>
        </inputParameters>
        <inputParameters>
            <name>SalesforceObjectId</name>
            <value>
                <elementReference>new_object.Id</elementReference>
            </value>
        </inputParameters>
        <inputParameters>
            <name>SalesforceObjectName</name>
            <value>
                <stringValue>CampaignMember</stringValue>
            </value>
        </inputParameters>
        <inputParameters>
            <name>EventDefinitionKey</name>
            <value>
                <stringValue>SalesforceObje6cd58617c9722e9818eb0b91522779d</stringValue>
            </value>
        </inputParameters>
        <inputParameters>
            <name>OwnerMID</name>
            <value>
                <stringValue>515009167</stringValue>
            </value>
        </inputParameters>
        <inputParameters>
            <name>VersionNumber</name>
            <value>
                <stringValue>3.0</stringValue>
            </value>
        </inputParameters>
        <inputParameters>
            <name>ContactPersonType</name>
            <value>
                <stringValue>CampaignMember</stringValue>
            </value>
        </inputParameters>
        <inputParameters>
            <name>EventDataConfig</name>
            <value>
                <stringValue>{&quot;objects&quot;:[{&quot;relationshipIdName&quot;:null,&quot;referenceObject&quot;:&quot;Campaign&quot;,&quot;isPolymorphic&quot;:false,&quot;relationshipName&quot;:&quot;Campaign&quot;,&quot;dePrefix&quot;:&quot;CampaignMember:Campaign:&quot;,&quot;fields&quot;:[&quot;Id&quot;,&quot;Name&quot;,&quot;EndDate&quot;,&quot;StartDate&quot;]},{&quot;relationshipIdName&quot;:&quot;&quot;,&quot;referenceObject&quot;:&quot;&quot;,&quot;isPolymorphic&quot;:false,&quot;relationshipName&quot;:&quot;&quot;,&quot;dePrefix&quot;:&quot;CampaignMember:&quot;,&quot;fields&quot;:[&quot;Id&quot;,&quot;Email&quot;,&quot;EID__c&quot;,&quot;Status&quot;,&quot;FirstName&quot;,&quot;CampaignId&quot;]},{&quot;relationshipIdName&quot;:null,&quot;referenceObject&quot;:&quot;Contacts and Leads&quot;,&quot;isPolymorphic&quot;:false,&quot;relationshipName&quot;:&quot;Common&quot;,&quot;dePrefix&quot;:&quot;CampaignMember:Common:&quot;,&quot;fields&quot;:[&quot;Id&quot;,&quot;Email&quot;,&quot;HasOptedOutOfEmail&quot;]}]}</stringValue>
            </value>
        </inputParameters>
        <nameSegment>et4ae5__JBintFireBulkEvent</nameSegment>
    </actionCalls>
    <apiVersion>60.0</apiVersion>
    <decisions>
        <name>JB_Decision_Null_Check_SalesforceObj3bb510709d44e1810f2d6f1bdf56407d</name>
        <label>JB_Decision_Null_Check_SalesforceObj3bb510709d44e1810f2d6f1bdf56407d</label>
        <locationX>0</locationX>
        <locationY>0</locationY>
        <defaultConnector>
            <targetReference>JB_Decision_Null_Check_SalesforceObje6cd58617c9722e9818eb0b91522779d</targetReference>
        </defaultConnector>
        <defaultConnectorLabel>default</defaultConnectorLabel>
        <rules>
            <name>JB_SalesforceObj3bb510709d44e1810f2d6f1bdf56407d_Parameters_ContactKey_Null</name>
            <conditionLogic>1</conditionLogic>
            <conditions>
                <leftValueReference>new_object.Id</leftValueReference>
                <operator>IsNull</operator>
                <rightValue>
                    <booleanValue>true</booleanValue>
                </rightValue>
            </conditions>
            <connector>
                <targetReference>JB_Decision_Null_Check_SalesforceObje6cd58617c9722e9818eb0b91522779d</targetReference>
            </connector>
            <label>JB_SalesforceObj3bb510709d44e1810f2d6f1bdf56407d_Parameters_ContactKey_Null</label>
        </rules>
        <rules>
            <name>JB_SalesforceObj3bb510709d44e1810f2d6f1bdf56407d_Parameters_Null</name>
            <conditionLogic>1</conditionLogic>
            <conditions>
                <leftValueReference>old_object</leftValueReference>
                <operator>IsNull</operator>
                <rightValue>
                    <booleanValue>true</booleanValue>
                </rightValue>
            </conditions>
            <connector>
                <targetReference>JB_SalesforceObj3bb510709d44e1810f2d6f1bdf56407d_Decision</targetReference>
            </connector>
            <label>JB_SalesforceObj3bb510709d44e1810f2d6f1bdf56407d_Parameters_Null</label>
        </rules>
    </decisions>
    <decisions>
        <name>JB_Decision_Null_Check_SalesforceObj469b507346a42873339397f7961bc35d</name>
        <label>JB_Decision_Null_Check_SalesforceObj469b507346a42873339397f7961bc35d</label>
        <locationX>0</locationX>
        <locationY>0</locationY>
        <defaultConnectorLabel>default</defaultConnectorLabel>
        <rules>
            <name>JB_SalesforceObj469b507346a42873339397f7961bc35d_Parameters_ContactKey_Null</name>
            <conditionLogic>1</conditionLogic>
            <conditions>
                <leftValueReference>new_object.Id</leftValueReference>
                <operator>IsNull</operator>
                <rightValue>
                    <booleanValue>true</booleanValue>
                </rightValue>
            </conditions>
            <label>JB_SalesforceObj469b507346a42873339397f7961bc35d_Parameters_ContactKey_Null</label>
        </rules>
        <rules>
            <name>JB_SalesforceObj469b507346a42873339397f7961bc35d_Parameters_Null</name>
            <conditionLogic>1</conditionLogic>
            <conditions>
                <leftValueReference>old_object</leftValueReference>
                <operator>IsNull</operator>
                <rightValue>
                    <booleanValue>true</booleanValue>
                </rightValue>
            </conditions>
            <connector>
                <targetReference>JB_SalesforceObj469b507346a42873339397f7961bc35d_Decision</targetReference>
            </connector>
            <label>JB_SalesforceObj469b507346a42873339397f7961bc35d_Parameters_Null</label>
        </rules>
    </decisions>
    <decisions>
        <name>JB_Decision_Null_Check_SalesforceObj5b4eb110eed9d2387057098cced76a96</name>
        <label>JB_Decision_Null_Check_SalesforceObj5b4eb110eed9d2387057098cced76a96</label>
        <locationX>0</locationX>
        <locationY>0</locationY>
        <defaultConnector>
            <targetReference>JB_Decision_Null_Check_SalesforceObj3bb510709d44e1810f2d6f1bdf56407d</targetReference>
        </defaultConnector>
        <defaultConnectorLabel>default</defaultConnectorLabel>
        <rules>
            <name>JB_SalesforceObj5b4eb110eed9d2387057098cced76a96_Parameters_ContactKey_Null</name>
            <conditionLogic>1</conditionLogic>
            <conditions>
                <leftValueReference>new_object.Id</leftValueReference>
                <operator>IsNull</operator>
                <rightValue>
                    <booleanValue>true</booleanValue>
                </rightValue>
            </conditions>
            <connector>
                <targetReference>JB_Decision_Null_Check_SalesforceObj3bb510709d44e1810f2d6f1bdf56407d</targetReference>
            </connector>
            <label>JB_SalesforceObj5b4eb110eed9d2387057098cced76a96_Parameters_ContactKey_Null</label>
        </rules>
        <rules>
            <name>JB_SalesforceObj5b4eb110eed9d2387057098cced76a96_Parameters_Null</name>
            <conditionLogic>1</conditionLogic>
            <conditions>
                <leftValueReference>old_object</leftValueReference>
                <operator>IsNull</operator>
                <rightValue>
                    <booleanValue>true</booleanValue>
                </rightValue>
            </conditions>
            <connector>
                <targetReference>JB_SalesforceObj5b4eb110eed9d2387057098cced76a96_Decision</targetReference>
            </connector>
            <label>JB_SalesforceObj5b4eb110eed9d2387057098cced76a96_Parameters_Null</label>
        </rules>
    </decisions>
    <decisions>
        <name>JB_Decision_Null_Check_SalesforceObje6cd58617c9722e9818eb0b91522779d</name>
        <label>JB_Decision_Null_Check_SalesforceObje6cd58617c9722e9818eb0b91522779d</label>
        <locationX>0</locationX>
        <locationY>0</locationY>
        <defaultConnector>
            <targetReference>JB_Decision_Null_Check_SalesforceObj469b507346a42873339397f7961bc35d</targetReference>
        </defaultConnector>
        <defaultConnectorLabel>default</defaultConnectorLabel>
        <rules>
            <name>JB_SalesforceObje6cd58617c9722e9818eb0b91522779d_Parameters_ContactKey_Null</name>
            <conditionLogic>1</conditionLogic>
            <conditions>
                <leftValueReference>new_object.Id</leftValueReference>
                <operator>IsNull</operator>
                <rightValue>
                    <booleanValue>true</booleanValue>
                </rightValue>
            </conditions>
            <connector>
                <targetReference>JB_Decision_Null_Check_SalesforceObj469b507346a42873339397f7961bc35d</targetReference>
            </connector>
            <label>JB_SalesforceObje6cd58617c9722e9818eb0b91522779d_Parameters_ContactKey_Null</label>
        </rules>
        <rules>
            <name>JB_SalesforceObje6cd58617c9722e9818eb0b91522779d_Parameters_Null</name>
            <conditionLogic>1</conditionLogic>
            <conditions>
                <leftValueReference>old_object</leftValueReference>
                <operator>IsNull</operator>
                <rightValue>
                    <booleanValue>true</booleanValue>
                </rightValue>
            </conditions>
            <connector>
                <targetReference>JB_SalesforceObje6cd58617c9722e9818eb0b91522779d_Decision</targetReference>
            </connector>
            <label>JB_SalesforceObje6cd58617c9722e9818eb0b91522779d_Parameters_Null</label>
        </rules>
        <rules>
            <name>JB_SalesforceObje6cd58617c9722e9818eb0b91522779d_Parameters_Not_Null</name>
            <conditionLogic>1</conditionLogic>
            <conditions>
                <leftValueReference>old_object</leftValueReference>
                <operator>IsNull</operator>
                <rightValue>
                    <booleanValue>false</booleanValue>
                </rightValue>
            </conditions>
            <connector>
                <targetReference>JB_SalesforceObje6cd58617c9722e9818eb0b91522779d_State_change_Decision</targetReference>
            </connector>
            <label>JB_SalesforceObje6cd58617c9722e9818eb0b91522779d_Parameters_Not_Null</label>
        </rules>
    </decisions>
    <decisions>
        <name>JB_SalesforceObj3bb510709d44e1810f2d6f1bdf56407d_Decision</name>
        <label>JB_SalesforceObj3bb510709d44e1810f2d6f1bdf56407d_Decision</label>
        <locationX>0</locationX>
        <locationY>0</locationY>
        <defaultConnector>
            <targetReference>JB_Decision_Null_Check_SalesforceObje6cd58617c9722e9818eb0b91522779d</targetReference>
        </defaultConnector>
        <defaultConnectorLabel>default</defaultConnectorLabel>
        <rules>
            <name>SalesforceObj3bb510709d44e1810f2d6f1bdf56407d</name>
            <conditionLogic>1</conditionLogic>
            <conditions>
                <leftValueReference>new_object.CampaignId</leftValueReference>
                <operator>EqualTo</operator>
                <rightValue>
                    <stringValue>7018V000000srt8QAA</stringValue>
                </rightValue>
            </conditions>
            <connector>
                <targetReference>SalesforceObj3bb510709d44e1810f2d6f1bdf56407d_FireJBTrigger</targetReference>
            </connector>
            <label>SalesforceObj3bb510709d44e1810f2d6f1bdf56407d</label>
        </rules>
    </decisions>
    <decisions>
        <name>JB_SalesforceObj469b507346a42873339397f7961bc35d_Decision</name>
        <label>JB_SalesforceObj469b507346a42873339397f7961bc35d_Decision</label>
        <locationX>0</locationX>
        <locationY>0</locationY>
        <defaultConnectorLabel>default</defaultConnectorLabel>
        <rules>
            <name>SalesforceObj469b507346a42873339397f7961bc35d</name>
            <conditionLogic>1</conditionLogic>
            <conditions>
                <leftValueReference>new_object.CampaignId</leftValueReference>
                <operator>EqualTo</operator>
                <rightValue>
                    <stringValue>701Kj000001OfdEIAS</stringValue>
                </rightValue>
            </conditions>
            <connector>
                <targetReference>SalesforceObj469b507346a42873339397f7961bc35d_FireJBTrigger</targetReference>
            </connector>
            <label>SalesforceObj469b507346a42873339397f7961bc35d</label>
        </rules>
    </decisions>
    <decisions>
        <name>JB_SalesforceObj5b4eb110eed9d2387057098cced76a96_Decision</name>
        <label>JB_SalesforceObj5b4eb110eed9d2387057098cced76a96_Decision</label>
        <locationX>0</locationX>
        <locationY>0</locationY>
        <defaultConnector>
            <targetReference>JB_Decision_Null_Check_SalesforceObj3bb510709d44e1810f2d6f1bdf56407d</targetReference>
        </defaultConnector>
        <defaultConnectorLabel>default</defaultConnectorLabel>
        <rules>
            <name>SalesforceObj5b4eb110eed9d2387057098cced76a96</name>
            <conditionLogic>1</conditionLogic>
            <conditions>
                <leftValueReference>new_object.CampaignId</leftValueReference>
                <operator>EqualTo</operator>
                <rightValue>
                    <stringValue>7018V000000stHfQAI</stringValue>
                </rightValue>
            </conditions>
            <connector>
                <targetReference>SalesforceObj5b4eb110eed9d2387057098cced76a96_FireJBTrigger</targetReference>
            </connector>
            <label>SalesforceObj5b4eb110eed9d2387057098cced76a96</label>
        </rules>
    </decisions>
    <decisions>
        <name>JB_SalesforceObje6cd58617c9722e9818eb0b91522779d_Decision</name>
        <label>JB_SalesforceObje6cd58617c9722e9818eb0b91522779d_Decision</label>
        <locationX>0</locationX>
        <locationY>0</locationY>
        <defaultConnector>
            <targetReference>JB_Decision_Null_Check_SalesforceObj469b507346a42873339397f7961bc35d</targetReference>
        </defaultConnector>
        <defaultConnectorLabel>default</defaultConnectorLabel>
        <rules>
            <name>SalesforceObje6cd58617c9722e9818eb0b91522779d</name>
            <conditionLogic>( (1 AND 2)  And  ( (3 AND 4)  OR  (5 AND 6) ) )</conditionLogic>
            <conditions>
                <leftValueReference>new_object.CampaignId</leftValueReference>
                <operator>EqualTo</operator>
                <rightValue>
                    <stringValue>7018V000001i8bNQAQ</stringValue>
                </rightValue>
            </conditions>
            <conditions>
                <leftValueReference>new_object.Role__c</leftValueReference>
                <operator>EqualTo</operator>
                <rightValue>
                    <stringValue>Facebook POC</stringValue>
                </rightValue>
            </conditions>
            <conditions>
                <leftValueReference>new_object.ContactId</leftValueReference>
                <operator>IsNull</operator>
                <rightValue>
                    <booleanValue>false</booleanValue>
                </rightValue>
            </conditions>
            <conditions>
                <leftValueReference>new_object.Contact.Id</leftValueReference>
                <operator>IsNull</operator>
                <rightValue>
                    <booleanValue>false</booleanValue>
                </rightValue>
            </conditions>
            <conditions>
                <leftValueReference>new_object.LeadId</leftValueReference>
                <operator>IsNull</operator>
                <rightValue>
                    <booleanValue>false</booleanValue>
                </rightValue>
            </conditions>
            <conditions>
                <leftValueReference>new_object.Lead.Id</leftValueReference>
                <operator>IsNull</operator>
                <rightValue>
                    <booleanValue>false</booleanValue>
                </rightValue>
            </conditions>
            <connector>
                <targetReference>SalesforceObje6cd58617c9722e9818eb0b91522779d_FireJBTrigger</targetReference>
            </connector>
            <label>SalesforceObje6cd58617c9722e9818eb0b91522779d</label>
        </rules>
    </decisions>
    <decisions>
        <name>JB_SalesforceObje6cd58617c9722e9818eb0b91522779d_State_change_Decision</name>
        <label>JB_SalesforceObje6cd58617c9722e9818eb0b91522779d_State_change_Decision</label>
        <locationX>0</locationX>
        <locationY>0</locationY>
        <defaultConnector>
            <targetReference>JB_Decision_Null_Check_SalesforceObj469b507346a42873339397f7961bc35d</targetReference>
        </defaultConnector>
        <defaultConnectorLabel>default</defaultConnectorLabel>
        <rules>
            <name>State_Change_SalesforceObje6cd58617c9722e9818eb0b91522779d</name>
            <conditionLogic>NOT  (1 AND 2)</conditionLogic>
            <conditions>
                <leftValueReference>old_object.CampaignId</leftValueReference>
                <operator>EqualTo</operator>
                <rightValue>
                    <stringValue>7018V000001i8bNQAQ</stringValue>
                </rightValue>
            </conditions>
            <conditions>
                <leftValueReference>old_object.Role__c</leftValueReference>
                <operator>EqualTo</operator>
                <rightValue>
                    <stringValue>Facebook POC</stringValue>
                </rightValue>
            </conditions>
            <connector>
                <targetReference>JB_SalesforceObje6cd58617c9722e9818eb0b91522779d_Decision</targetReference>
            </connector>
            <label>State_Change_SalesforceObje6cd58617c9722e9818eb0b91522779d</label>
        </rules>
    </decisions>
    <label>JBSystemFlow_CampaignMember</label>
    <processType>AutoLaunchedFlow</processType>
    <startElementReference>JB_Decision_Null_Check_SalesforceObj5b4eb110eed9d2387057098cced76a96</startElementReference>
    <status>Active</status>
    <variables>
        <name>new_object</name>
        <dataType>SObject</dataType>
        <isCollection>false</isCollection>
        <isInput>true</isInput>
        <isOutput>true</isOutput>
        <objectType>CampaignMember</objectType>
    </variables>
    <variables>
        <name>old_object</name>
        <dataType>SObject</dataType>
        <isCollection>false</isCollection>
        <isInput>true</isInput>
        <isOutput>true</isOutput>
        <objectType>CampaignMember</objectType>
    </variables>
</Flow>
