<?xml version="1.0" encoding="UTF-8"?>
<Flow xmlns="http://soap.sforce.com/2006/04/metadata">
    <apiVersion>49.0</apiVersion>
    <label>JBSystem_Task_RecordFlow</label>
    <processType>AutoLaunchedFlow</processType>
    <start>
        <locationX>0</locationX>
        <locationY>0</locationY>
        <connector>
            <targetReference>JBSystemFlow_Task</targetReference>
        </connector>
        <object>Task</object>
        <recordTriggerType>CreateAndUpdate</recordTriggerType>
        <triggerType>RecordAfterSave</triggerType>
    </start>
    <status>Active</status>
    <subflows>
        <name>JBSystemFlow_Task</name>
        <label>JBSystemFlow_Task</label>
        <locationX>0</locationX>
        <locationY>0</locationY>
        <flowName>JBSystemFlow_Task</flowName>
        <inputAssignments>
            <name>new_object</name>
            <value>
                <elementReference>$Record</elementReference>
            </value>
        </inputAssignments>
        <inputAssignments>
            <name>old_object</name>
            <value>
                <elementReference>$Record__Prior</elementReference>
            </value>
        </inputAssignments>
    </subflows>
</Flow>
