<?xml version="1.0" encoding="UTF-8"?>
<Flow xmlns="http://soap.sforce.com/2006/04/metadata">
    <apiVersion>49.0</apiVersion>
    <assignments>
        <name>Assign_Contacted_Stage_0</name>
        <label>Assign Contacted Stage 0</label>
        <locationX>816</locationX>
        <locationY>673</locationY>
        <assignmentItems>
            <assignToReference>var_Opty.Contacted_Stage__c</assignToReference>
            <operator>Assign</operator>
            <value>
                <stringValue>Phase 0</stringValue>
            </value>
        </assignmentItems>
        <connector>
            <targetReference>Update_Oppty_Contacted_Stage</targetReference>
        </connector>
    </assignments>
    <assignments>
        <name>Assign_Contacted_Stage_1</name>
        <label>Assign Contacted Stage 1</label>
        <locationX>967</locationX>
        <locationY>554</locationY>
        <assignmentItems>
            <assignToReference>var_Opty.Contacted_Stage__c</assignToReference>
            <operator>Assign</operator>
            <value>
                <stringValue>Phase 1</stringValue>
            </value>
        </assignmentItems>
        <connector>
            <targetReference>Update_Oppty_Contacted_Stage</targetReference>
        </connector>
    </assignments>
    <assignments>
        <name>Assign_Contacted_Stage_10</name>
        <label>Assign Contacted Stage 10</label>
        <locationX>2106</locationX>
        <locationY>789</locationY>
        <assignmentItems>
            <assignToReference>var_Opty.Contacted_Stage__c</assignToReference>
            <operator>Assign</operator>
            <value>
                <stringValue>Phase 10</stringValue>
            </value>
        </assignmentItems>
        <connector>
            <targetReference>Update_Oppty_Contacted_Stage</targetReference>
        </connector>
    </assignments>
    <assignments>
        <name>Assign_Contacted_Stage_11</name>
        <label>Assign Contacted Stage 11</label>
        <locationX>2184</locationX>
        <locationY>899</locationY>
        <assignmentItems>
            <assignToReference>var_Opty.Contacted_Stage__c</assignToReference>
            <operator>Assign</operator>
            <value>
                <stringValue>Phase 11</stringValue>
            </value>
        </assignmentItems>
        <connector>
            <targetReference>Update_Oppty_Contacted_Stage</targetReference>
        </connector>
    </assignments>
    <assignments>
        <name>Assign_Contacted_Stage_12</name>
        <label>Assign Contacted Stage 12</label>
        <locationX>2331</locationX>
        <locationY>954</locationY>
        <assignmentItems>
            <assignToReference>var_Opty.Contacted_Stage__c</assignToReference>
            <operator>Assign</operator>
            <value>
                <stringValue>Phase 12</stringValue>
            </value>
        </assignmentItems>
        <connector>
            <targetReference>Update_Oppty_Contacted_Stage</targetReference>
        </connector>
    </assignments>
    <assignments>
        <name>Assign_Contacted_Stage_13</name>
        <label>Assign Contacted Stage 13</label>
        <locationX>1940</locationX>
        <locationY>1137</locationY>
        <assignmentItems>
            <assignToReference>var_Opty.Contacted_Stage__c</assignToReference>
            <operator>Assign</operator>
            <value>
                <stringValue>Phase 13</stringValue>
            </value>
        </assignmentItems>
        <connector>
            <targetReference>Update_Oppty_Contacted_Stage</targetReference>
        </connector>
    </assignments>
    <assignments>
        <name>Assign_Contacted_Stage_14</name>
        <label>Assign Contacted Stage 14</label>
        <locationX>2093</locationX>
        <locationY>1016</locationY>
        <assignmentItems>
            <assignToReference>var_Opty.Contacted_Stage__c</assignToReference>
            <operator>Assign</operator>
            <value>
                <stringValue>Phase 14</stringValue>
            </value>
        </assignmentItems>
        <connector>
            <targetReference>Update_Oppty_Contacted_Stage</targetReference>
        </connector>
    </assignments>
    <assignments>
        <name>Assign_Contacted_Stage_2</name>
        <label>Assign Contacted Stage 2</label>
        <locationX>1129</locationX>
        <locationY>561</locationY>
        <assignmentItems>
            <assignToReference>var_Opty.Contacted_Stage__c</assignToReference>
            <operator>Assign</operator>
            <value>
                <stringValue>Phase 2</stringValue>
            </value>
        </assignmentItems>
        <connector>
            <targetReference>Update_Oppty_Contacted_Stage</targetReference>
        </connector>
    </assignments>
    <assignments>
        <name>Assign_Contacted_Stage_3</name>
        <label>Assign Contacted Stage 3</label>
        <locationX>1238</locationX>
        <locationY>526</locationY>
        <assignmentItems>
            <assignToReference>var_Opty.Contacted_Stage__c</assignToReference>
            <operator>Assign</operator>
            <value>
                <stringValue>Phase 3</stringValue>
            </value>
        </assignmentItems>
        <connector>
            <targetReference>Update_Oppty_Contacted_Stage</targetReference>
        </connector>
    </assignments>
    <assignments>
        <name>Assign_Contacted_Stage_4</name>
        <label>Assign Contacted Stage 4</label>
        <locationX>1353</locationX>
        <locationY>606</locationY>
        <assignmentItems>
            <assignToReference>var_Opty.Contacted_Stage__c</assignToReference>
            <operator>Assign</operator>
            <value>
                <stringValue>Phase 4</stringValue>
            </value>
        </assignmentItems>
        <connector>
            <targetReference>Update_Oppty_Contacted_Stage</targetReference>
        </connector>
    </assignments>
    <assignments>
        <name>Assign_Contacted_Stage_5</name>
        <label>Assign Contacted Stage 5</label>
        <locationX>1483</locationX>
        <locationY>535</locationY>
        <assignmentItems>
            <assignToReference>var_Opty.Contacted_Stage__c</assignToReference>
            <operator>Assign</operator>
            <value>
                <stringValue>Phase 5</stringValue>
            </value>
        </assignmentItems>
        <connector>
            <targetReference>Update_Oppty_Contacted_Stage</targetReference>
        </connector>
    </assignments>
    <assignments>
        <name>Assign_Contacted_Stage_6</name>
        <label>Assign Contacted Stage 6</label>
        <locationX>1582</locationX>
        <locationY>653</locationY>
        <assignmentItems>
            <assignToReference>var_Opty.Contacted_Stage__c</assignToReference>
            <operator>Assign</operator>
            <value>
                <stringValue>Phase 6</stringValue>
            </value>
        </assignmentItems>
        <connector>
            <targetReference>Update_Oppty_Contacted_Stage</targetReference>
        </connector>
    </assignments>
    <assignments>
        <name>Assign_Contacted_Stage_7</name>
        <label>Assign Contacted Stage 7</label>
        <locationX>1731</locationX>
        <locationY>572</locationY>
        <assignmentItems>
            <assignToReference>var_Opty.Contacted_Stage__c</assignToReference>
            <operator>Assign</operator>
            <value>
                <stringValue>Phase 7</stringValue>
            </value>
        </assignmentItems>
        <connector>
            <targetReference>Update_Oppty_Contacted_Stage</targetReference>
        </connector>
    </assignments>
    <assignments>
        <name>Assign_Contacted_Stage_8</name>
        <label>Assign Contacted Stage 8</label>
        <locationX>1877</locationX>
        <locationY>660</locationY>
        <assignmentItems>
            <assignToReference>var_Opty.Contacted_Stage__c</assignToReference>
            <operator>Assign</operator>
            <value>
                <stringValue>Phase 8</stringValue>
            </value>
        </assignmentItems>
        <connector>
            <targetReference>Update_Oppty_Contacted_Stage</targetReference>
        </connector>
    </assignments>
    <assignments>
        <name>Assign_Contacted_Stage_9</name>
        <label>Assign Contacted Stage 9</label>
        <locationX>1985</locationX>
        <locationY>735</locationY>
        <assignmentItems>
            <assignToReference>var_Opty.Contacted_Stage__c</assignToReference>
            <operator>Assign</operator>
            <value>
                <stringValue>Phase 9</stringValue>
            </value>
        </assignmentItems>
        <connector>
            <targetReference>Update_Oppty_Contacted_Stage</targetReference>
        </connector>
    </assignments>
    <assignments>
        <name>Increment_Counter</name>
        <label>Increment Counter</label>
        <locationX>1337</locationX>
        <locationY>149</locationY>
        <assignmentItems>
            <assignToReference>JITaskCount</assignToReference>
            <operator>Add</operator>
            <value>
                <numberValue>1.0</numberValue>
            </value>
        </assignmentItems>
        <connector>
            <targetReference>Loop_Through_Task_Collection</targetReference>
        </connector>
    </assignments>
    <decisions>
        <name>Found_Opty</name>
        <label>Found Opty</label>
        <locationX>378</locationX>
        <locationY>279</locationY>
        <defaultConnectorLabel>Default Outcome</defaultConnectorLabel>
        <rules>
            <name>Opty_Exists</name>
            <conditionLogic>and</conditionLogic>
            <conditions>
                <leftValueReference>var_Opty</leftValueReference>
                <operator>IsNull</operator>
                <rightValue>
                    <booleanValue>false</booleanValue>
                </rightValue>
            </conditions>
            <connector>
                <targetReference>GetTask</targetReference>
            </connector>
            <label>Opty Exists</label>
        </rules>
    </decisions>
    <decisions>
        <name>Found_Record</name>
        <label>Found Record?</label>
        <locationX>1189</locationX>
        <locationY>79</locationY>
        <defaultConnector>
            <targetReference>Loop_Through_Task_Collection</targetReference>
        </defaultConnector>
        <defaultConnectorLabel>Default Outcome</defaultConnectorLabel>
        <rules>
            <name>Found_Retention_Task_Record</name>
            <conditionLogic>and</conditionLogic>
            <conditions>
                <leftValueReference>Task</leftValueReference>
                <operator>IsNull</operator>
                <rightValue>
                    <booleanValue>false</booleanValue>
                </rightValue>
            </conditions>
            <connector>
                <targetReference>Increment_Counter</targetReference>
            </connector>
            <label>Found Retention Task Record</label>
        </rules>
    </decisions>
    <decisions>
        <name>Oppty_Stage_1</name>
        <label>OpptyStage 1</label>
        <locationX>962</locationX>
        <locationY>345</locationY>
        <defaultConnector>
            <targetReference>OpptyStage_2</targetReference>
        </defaultConnector>
        <defaultConnectorLabel>Default Outcome</defaultConnectorLabel>
        <rules>
            <name>OpptyStage_1</name>
            <conditionLogic>and</conditionLogic>
            <conditions>
                <leftValueReference>JITaskCount</leftValueReference>
                <operator>EqualTo</operator>
                <rightValue>
                    <numberValue>1.0</numberValue>
                </rightValue>
            </conditions>
            <connector>
                <targetReference>Assign_Contacted_Stage_1</targetReference>
            </connector>
            <label>Stage 1</label>
        </rules>
    </decisions>
    <decisions>
        <name>OpptyStage_0</name>
        <label>OpptyStage 0</label>
        <locationX>809</locationX>
        <locationY>411</locationY>
        <defaultConnector>
            <targetReference>Oppty_Stage_1</targetReference>
        </defaultConnector>
        <defaultConnectorLabel>Default Outcome</defaultConnectorLabel>
        <rules>
            <name>Count_0</name>
            <conditionLogic>and</conditionLogic>
            <conditions>
                <leftValueReference>JITaskCount</leftValueReference>
                <operator>EqualTo</operator>
                <rightValue>
                    <numberValue>0.0</numberValue>
                </rightValue>
            </conditions>
            <connector>
                <targetReference>Assign_Contacted_Stage_0</targetReference>
            </connector>
            <label>Count 0</label>
        </rules>
    </decisions>
    <decisions>
        <name>OpptyStage_10</name>
        <label>OpptyStage 10</label>
        <locationX>2103</locationX>
        <locationY>575</locationY>
        <defaultConnector>
            <targetReference>OpptyStage_11</targetReference>
        </defaultConnector>
        <defaultConnectorLabel>Default Outcome</defaultConnectorLabel>
        <rules>
            <name>Stage_10</name>
            <conditionLogic>and</conditionLogic>
            <conditions>
                <leftValueReference>JITaskCount</leftValueReference>
                <operator>EqualTo</operator>
                <rightValue>
                    <numberValue>10.0</numberValue>
                </rightValue>
            </conditions>
            <connector>
                <targetReference>Assign_Contacted_Stage_10</targetReference>
            </connector>
            <label>Stage 10</label>
        </rules>
    </decisions>
    <decisions>
        <name>OpptyStage_11</name>
        <label>OpptyStage 11</label>
        <locationX>2311</locationX>
        <locationY>588</locationY>
        <defaultConnector>
            <targetReference>OpptyStage_12</targetReference>
        </defaultConnector>
        <defaultConnectorLabel>Default Outcome</defaultConnectorLabel>
        <rules>
            <name>Stage_11</name>
            <conditionLogic>and</conditionLogic>
            <conditions>
                <leftValueReference>JITaskCount</leftValueReference>
                <operator>EqualTo</operator>
                <rightValue>
                    <numberValue>11.0</numberValue>
                </rightValue>
            </conditions>
            <connector>
                <targetReference>Assign_Contacted_Stage_11</targetReference>
            </connector>
            <label>Stage 11</label>
        </rules>
    </decisions>
    <decisions>
        <name>OpptyStage_12</name>
        <label>OpptyStage 12</label>
        <locationX>2432</locationX>
        <locationY>763</locationY>
        <defaultConnector>
            <targetReference>OpptyStage_13</targetReference>
        </defaultConnector>
        <defaultConnectorLabel>Default Outcome</defaultConnectorLabel>
        <rules>
            <name>Stage_12</name>
            <conditionLogic>and</conditionLogic>
            <conditions>
                <leftValueReference>JITaskCount</leftValueReference>
                <operator>EqualTo</operator>
                <rightValue>
                    <numberValue>12.0</numberValue>
                </rightValue>
            </conditions>
            <connector>
                <targetReference>Assign_Contacted_Stage_12</targetReference>
            </connector>
            <label>Stage 12</label>
        </rules>
    </decisions>
    <decisions>
        <name>OpptyStage_13</name>
        <label>OpptyStage 13</label>
        <locationX>2452</locationX>
        <locationY>1098</locationY>
        <defaultConnector>
            <targetReference>Assign_Contacted_Stage_14</targetReference>
        </defaultConnector>
        <defaultConnectorLabel>Stage 14</defaultConnectorLabel>
        <rules>
            <name>Stage_13</name>
            <conditionLogic>and</conditionLogic>
            <conditions>
                <leftValueReference>JITaskCount</leftValueReference>
                <operator>EqualTo</operator>
                <rightValue>
                    <numberValue>13.0</numberValue>
                </rightValue>
            </conditions>
            <connector>
                <targetReference>Assign_Contacted_Stage_13</targetReference>
            </connector>
            <label>Stage 13</label>
        </rules>
    </decisions>
    <decisions>
        <name>OpptyStage_2</name>
        <label>OpptyStage 2</label>
        <locationX>1103</locationX>
        <locationY>394</locationY>
        <defaultConnector>
            <targetReference>OpptyStage_3</targetReference>
        </defaultConnector>
        <defaultConnectorLabel>Default Outcome</defaultConnectorLabel>
        <rules>
            <name>Stage_2</name>
            <conditionLogic>and</conditionLogic>
            <conditions>
                <leftValueReference>JITaskCount</leftValueReference>
                <operator>EqualTo</operator>
                <rightValue>
                    <numberValue>2.0</numberValue>
                </rightValue>
            </conditions>
            <connector>
                <targetReference>Assign_Contacted_Stage_2</targetReference>
            </connector>
            <label>Stage 2</label>
        </rules>
    </decisions>
    <decisions>
        <name>OpptyStage_3</name>
        <label>OpptyStage 3</label>
        <locationX>1231</locationX>
        <locationY>332</locationY>
        <defaultConnector>
            <targetReference>OpptyStage_4</targetReference>
        </defaultConnector>
        <defaultConnectorLabel>Default Outcome</defaultConnectorLabel>
        <rules>
            <name>Stage_3</name>
            <conditionLogic>and</conditionLogic>
            <conditions>
                <leftValueReference>JITaskCount</leftValueReference>
                <operator>EqualTo</operator>
                <rightValue>
                    <numberValue>3.0</numberValue>
                </rightValue>
            </conditions>
            <connector>
                <targetReference>Assign_Contacted_Stage_3</targetReference>
            </connector>
            <label>Stage 3</label>
        </rules>
    </decisions>
    <decisions>
        <name>OpptyStage_4</name>
        <label>OpptyStage 4</label>
        <locationX>1365</locationX>
        <locationY>427</locationY>
        <defaultConnector>
            <targetReference>OpptyStage_5</targetReference>
        </defaultConnector>
        <defaultConnectorLabel>Default Outcome</defaultConnectorLabel>
        <rules>
            <name>Stage_4</name>
            <conditionLogic>and</conditionLogic>
            <conditions>
                <leftValueReference>JITaskCount</leftValueReference>
                <operator>EqualTo</operator>
                <rightValue>
                    <numberValue>4.0</numberValue>
                </rightValue>
            </conditions>
            <connector>
                <targetReference>Assign_Contacted_Stage_4</targetReference>
            </connector>
            <label>Stage 4</label>
        </rules>
    </decisions>
    <decisions>
        <name>OpptyStage_5</name>
        <label>OpptyStage 5</label>
        <locationX>1482</locationX>
        <locationY>337</locationY>
        <defaultConnector>
            <targetReference>OpptyStage_6</targetReference>
        </defaultConnector>
        <defaultConnectorLabel>Default Outcome</defaultConnectorLabel>
        <rules>
            <name>Stage_5</name>
            <conditionLogic>and</conditionLogic>
            <conditions>
                <leftValueReference>JITaskCount</leftValueReference>
                <operator>EqualTo</operator>
                <rightValue>
                    <numberValue>5.0</numberValue>
                </rightValue>
            </conditions>
            <connector>
                <targetReference>Assign_Contacted_Stage_5</targetReference>
            </connector>
            <label>Stage 5</label>
        </rules>
    </decisions>
    <decisions>
        <name>OpptyStage_6</name>
        <label>OpptyStage 6</label>
        <locationX>1578</locationX>
        <locationY>448</locationY>
        <defaultConnector>
            <targetReference>OpptyStage_7</targetReference>
        </defaultConnector>
        <defaultConnectorLabel>Default Outcome</defaultConnectorLabel>
        <rules>
            <name>Stage_6</name>
            <conditionLogic>and</conditionLogic>
            <conditions>
                <leftValueReference>JITaskCount</leftValueReference>
                <operator>EqualTo</operator>
                <rightValue>
                    <numberValue>6.0</numberValue>
                </rightValue>
            </conditions>
            <connector>
                <targetReference>Assign_Contacted_Stage_6</targetReference>
            </connector>
            <label>Stage 6</label>
        </rules>
    </decisions>
    <decisions>
        <name>OpptyStage_7</name>
        <label>OpptyStage 7</label>
        <locationX>1719</locationX>
        <locationY>344</locationY>
        <defaultConnector>
            <targetReference>OpptyStage_8</targetReference>
        </defaultConnector>
        <defaultConnectorLabel>Default Outcome</defaultConnectorLabel>
        <rules>
            <name>Stage_7</name>
            <conditionLogic>and</conditionLogic>
            <conditions>
                <leftValueReference>JITaskCount</leftValueReference>
                <operator>EqualTo</operator>
                <rightValue>
                    <numberValue>7.0</numberValue>
                </rightValue>
            </conditions>
            <connector>
                <targetReference>Assign_Contacted_Stage_7</targetReference>
            </connector>
            <label>Stage 7</label>
        </rules>
    </decisions>
    <decisions>
        <name>OpptyStage_8</name>
        <label>OpptyStage 8</label>
        <locationX>1849</locationX>
        <locationY>494</locationY>
        <defaultConnector>
            <targetReference>OpptyStage_9</targetReference>
        </defaultConnector>
        <defaultConnectorLabel>Default Outcome</defaultConnectorLabel>
        <rules>
            <name>Stage_8</name>
            <conditionLogic>and</conditionLogic>
            <conditions>
                <leftValueReference>JITaskCount</leftValueReference>
                <operator>EqualTo</operator>
                <rightValue>
                    <numberValue>8.0</numberValue>
                </rightValue>
            </conditions>
            <connector>
                <targetReference>Assign_Contacted_Stage_8</targetReference>
            </connector>
            <label>Stage 8</label>
        </rules>
    </decisions>
    <decisions>
        <name>OpptyStage_9</name>
        <label>OpptyStage 9</label>
        <locationX>2000</locationX>
        <locationY>433</locationY>
        <defaultConnector>
            <targetReference>OpptyStage_10</targetReference>
        </defaultConnector>
        <defaultConnectorLabel>Default Outcome</defaultConnectorLabel>
        <rules>
            <name>Stage_9</name>
            <conditionLogic>and</conditionLogic>
            <conditions>
                <leftValueReference>JITaskCount</leftValueReference>
                <operator>EqualTo</operator>
                <rightValue>
                    <numberValue>9.0</numberValue>
                </rightValue>
            </conditions>
            <connector>
                <targetReference>Assign_Contacted_Stage_9</targetReference>
            </connector>
            <label>Stage 9</label>
        </rules>
    </decisions>
    <interviewLabel>Journey Phase Update {!$Flow.CurrentDateTime}</interviewLabel>
    <label>Journey Phase Update</label>
    <loops>
        <name>Loop_Through_Task_Collection</name>
        <label>Loop Through Task Collection</label>
        <locationX>872</locationX>
        <locationY>87</locationY>
        <assignNextValueToReference>Task</assignNextValueToReference>
        <collectionReference>TaskList</collectionReference>
        <iterationOrder>Asc</iterationOrder>
        <nextValueConnector>
            <targetReference>Found_Record</targetReference>
        </nextValueConnector>
        <noMoreValuesConnector>
            <targetReference>OpptyStage_0</targetReference>
        </noMoreValuesConnector>
    </loops>
    <processMetadataValues>
        <name>BuilderType</name>
        <value>
            <stringValue>LightningFlowBuilder</stringValue>
        </value>
    </processMetadataValues>
    <processMetadataValues>
        <name>CanvasMode</name>
        <value>
            <stringValue>FREE_FORM_CANVAS</stringValue>
        </value>
    </processMetadataValues>
    <processMetadataValues>
        <name>OriginBuilderType</name>
        <value>
            <stringValue>LightningFlowBuilder</stringValue>
        </value>
    </processMetadataValues>
    <processType>AutoLaunchedFlow</processType>
    <recordLookups>
        <description>Get the opportunity record whose ID matches the input variable WhatId</description>
        <name>Get_Opportunity_Record_with_matching_WhatId</name>
        <label>Get Opportunity Record with matching WhatId</label>
        <locationX>390</locationX>
        <locationY>126</locationY>
        <assignNullValuesIfNoRecordsFound>true</assignNullValuesIfNoRecordsFound>
        <connector>
            <targetReference>Found_Opty</targetReference>
        </connector>
        <filterLogic>and</filterLogic>
        <filters>
            <field>Id</field>
            <operator>EqualTo</operator>
            <value>
                <elementReference>Ivar_WhatId</elementReference>
            </value>
        </filters>
        <filters>
            <field>StageName</field>
            <operator>IsNull</operator>
            <value>
                <booleanValue>false</booleanValue>
            </value>
        </filters>
        <filters>
            <field>Status__c</field>
            <operator>NotEqualTo</operator>
            <value>
                <stringValue>Inactive</stringValue>
            </value>
        </filters>
        <object>Opportunity</object>
        <outputReference>var_Opty</outputReference>
        <queriedFields>Id</queriedFields>
        <queriedFields>StageName</queriedFields>
    </recordLookups>
    <recordLookups>
        <name>GetTask</name>
        <label>GetTask</label>
        <locationX>576</locationX>
        <locationY>251</locationY>
        <assignNullValuesIfNoRecordsFound>true</assignNullValuesIfNoRecordsFound>
        <connector>
            <targetReference>Loop_Through_Task_Collection</targetReference>
        </connector>
        <filterLogic>1 AND 3 AND 4 AND (2 OR 5)</filterLogic>
        <filters>
            <field>Focus_Area__c</field>
            <operator>EqualTo</operator>
            <value>
                <stringValue>Journey Interaction</stringValue>
            </value>
        </filters>
        <filters>
            <field>RecordTypeId</field>
            <operator>EqualTo</operator>
            <value>
                <stringValue>0121H000000WLAaQAO</stringValue>
            </value>
        </filters>
        <filters>
            <field>Status</field>
            <operator>EqualTo</operator>
            <value>
                <stringValue>Completed</stringValue>
            </value>
        </filters>
        <filters>
            <field>WhatId</field>
            <operator>EqualTo</operator>
            <value>
                <elementReference>var_Opty.Id</elementReference>
            </value>
        </filters>
        <filters>
            <field>RecordTypeId</field>
            <operator>EqualTo</operator>
            <value>
                <stringValue>0121H0000019pOxQAI</stringValue>
            </value>
        </filters>
        <object>Task</object>
        <outputReference>TaskList</outputReference>
        <queriedFields>Id</queriedFields>
    </recordLookups>
    <recordUpdates>
        <name>Update_Oppty_Contacted_Stage</name>
        <label>Update Oppty Contacted Stage</label>
        <locationX>1356</locationX>
        <locationY>911</locationY>
        <inputReference>var_Opty</inputReference>
    </recordUpdates>
    <start>
        <locationX>50</locationX>
        <locationY>50</locationY>
        <connector>
            <targetReference>Get_Opportunity_Record_with_matching_WhatId</targetReference>
        </connector>
    </start>
    <status>Active</status>
    <variables>
        <name>Ivar_Id</name>
        <dataType>String</dataType>
        <isCollection>false</isCollection>
        <isInput>true</isInput>
        <isOutput>true</isOutput>
    </variables>
    <variables>
        <description>Input variable WhatId</description>
        <name>Ivar_WhatId</name>
        <dataType>String</dataType>
        <isCollection>false</isCollection>
        <isInput>true</isInput>
        <isOutput>true</isOutput>
    </variables>
    <variables>
        <name>JITaskCount</name>
        <dataType>Number</dataType>
        <isCollection>false</isCollection>
        <isInput>false</isInput>
        <isOutput>false</isOutput>
        <scale>0</scale>
        <value>
            <numberValue>0.0</numberValue>
        </value>
    </variables>
    <variables>
        <name>Task</name>
        <dataType>SObject</dataType>
        <isCollection>false</isCollection>
        <isInput>false</isInput>
        <isOutput>false</isOutput>
        <objectType>Task</objectType>
    </variables>
    <variables>
        <name>TaskList</name>
        <dataType>SObject</dataType>
        <isCollection>true</isCollection>
        <isInput>false</isInput>
        <isOutput>false</isOutput>
        <objectType>Task</objectType>
    </variables>
    <variables>
        <description>temporary opty record</description>
        <name>var_Opty</name>
        <dataType>SObject</dataType>
        <isCollection>false</isCollection>
        <isInput>false</isInput>
        <isOutput>false</isOutput>
        <objectType>Opportunity</objectType>
    </variables>
</Flow>
