<?xml version="1.0" encoding="UTF-8"?>
<Flow xmlns="http://soap.sforce.com/2006/04/metadata">
    <apiVersion>49.0</apiVersion>
    <assignments>
        <name>Closed_Won</name>
        <label>Closed/Won</label>
        <locationX>1179</locationX>
        <locationY>288</locationY>
        <assignmentItems>
            <assignToReference>LeadRecord.Journey_Phase__c</assignToReference>
            <operator>Assign</operator>
            <value>
                <stringValue>Phase 1</stringValue>
            </value>
        </assignmentItems>
        <assignmentItems>
            <assignToReference>LeadRecord.MP_Stage__c</assignToReference>
            <operator>Assign</operator>
            <value>
                <stringValue>Won</stringValue>
            </value>
        </assignmentItems>
        <connector>
            <targetReference>UpdateLead</targetReference>
        </connector>
    </assignments>
    <assignments>
        <name>IncrementCounter</name>
        <label>IncrementCounter</label>
        <locationX>1041</locationX>
        <locationY>178</locationY>
        <assignmentItems>
            <assignToReference>Eventscount</assignToReference>
            <operator>Add</operator>
            <value>
                <numberValue>1.0</numberValue>
            </value>
        </assignmentItems>
        <connector>
            <targetReference>IterateEvents</targetReference>
        </connector>
    </assignments>
    <assignments>
        <name>JP0</name>
        <label>JP0</label>
        <locationX>1301</locationX>
        <locationY>208</locationY>
        <assignmentItems>
            <assignToReference>LeadRecord.Journey_Phase__c</assignToReference>
            <operator>Assign</operator>
            <value>
                <stringValue>Phase 0</stringValue>
            </value>
        </assignmentItems>
        <assignmentItems>
            <assignToReference>LeadRecord.MP_Stage__c</assignToReference>
            <operator>Assign</operator>
            <value>
                <stringValue>Contacted</stringValue>
            </value>
        </assignmentItems>
        <connector>
            <targetReference>UpdateLead</targetReference>
        </connector>
    </assignments>
    <assignments>
        <name>JP_6</name>
        <label>JP 6</label>
        <locationX>494</locationX>
        <locationY>508</locationY>
        <assignmentItems>
            <assignToReference>LeadRecord.Journey_Phase__c</assignToReference>
            <operator>Assign</operator>
            <value>
                <stringValue>Phase 6</stringValue>
            </value>
        </assignmentItems>
        <assignmentItems>
            <assignToReference>LeadRecord.MP_Stage__c</assignToReference>
            <operator>Assign</operator>
            <value>
                <stringValue>Won</stringValue>
            </value>
        </assignmentItems>
        <connector>
            <targetReference>UpdateLead</targetReference>
        </connector>
    </assignments>
    <assignments>
        <name>JP_7</name>
        <label>JP 7</label>
        <locationX>404</locationX>
        <locationY>505</locationY>
        <assignmentItems>
            <assignToReference>LeadRecord.Journey_Phase__c</assignToReference>
            <operator>Assign</operator>
            <value>
                <stringValue>Phase 7</stringValue>
            </value>
        </assignmentItems>
        <assignmentItems>
            <assignToReference>LeadRecord.MP_Stage__c</assignToReference>
            <operator>Assign</operator>
            <value>
                <stringValue>Won</stringValue>
            </value>
        </assignmentItems>
        <connector>
            <targetReference>UpdateLead</targetReference>
        </connector>
    </assignments>
    <assignments>
        <name>JP_Phase_5</name>
        <label>JP Phase 5</label>
        <locationX>580</locationX>
        <locationY>503</locationY>
        <assignmentItems>
            <assignToReference>LeadRecord.Journey_Phase__c</assignToReference>
            <operator>Assign</operator>
            <value>
                <stringValue>Phase 5</stringValue>
            </value>
        </assignmentItems>
        <assignmentItems>
            <assignToReference>LeadRecord.MP_Stage__c</assignToReference>
            <operator>Assign</operator>
            <value>
                <stringValue>Won</stringValue>
            </value>
        </assignmentItems>
        <connector>
            <targetReference>UpdateLead</targetReference>
        </connector>
    </assignments>
    <assignments>
        <name>JP_Stage2</name>
        <label>JP Stage2</label>
        <locationX>1013</locationX>
        <locationY>449</locationY>
        <assignmentItems>
            <assignToReference>LeadRecord.Journey_Phase__c</assignToReference>
            <operator>Assign</operator>
            <value>
                <stringValue>Phase 2</stringValue>
            </value>
        </assignmentItems>
        <assignmentItems>
            <assignToReference>LeadRecord.MP_Stage__c</assignToReference>
            <operator>Assign</operator>
            <value>
                <stringValue>Won</stringValue>
            </value>
        </assignmentItems>
        <connector>
            <targetReference>UpdateLead</targetReference>
        </connector>
    </assignments>
    <assignments>
        <name>JPhase11</name>
        <label>JPhase11</label>
        <locationX>55</locationX>
        <locationY>761</locationY>
        <assignmentItems>
            <assignToReference>LeadRecord.Journey_Phase__c</assignToReference>
            <operator>Assign</operator>
            <value>
                <stringValue>Phase 11</stringValue>
            </value>
        </assignmentItems>
        <assignmentItems>
            <assignToReference>LeadRecord.MP_Stage__c</assignToReference>
            <operator>Assign</operator>
            <value>
                <stringValue>Won</stringValue>
            </value>
        </assignmentItems>
        <connector>
            <targetReference>UpdateLead</targetReference>
        </connector>
    </assignments>
    <assignments>
        <name>JPhase12</name>
        <label>JPhase12</label>
        <locationX>301</locationX>
        <locationY>726</locationY>
        <assignmentItems>
            <assignToReference>LeadRecord.Journey_Phase__c</assignToReference>
            <operator>Assign</operator>
            <value>
                <stringValue>Phase 12</stringValue>
            </value>
        </assignmentItems>
        <assignmentItems>
            <assignToReference>LeadRecord.MP_Stage__c</assignToReference>
            <operator>Assign</operator>
            <value>
                <stringValue>Won</stringValue>
            </value>
        </assignmentItems>
        <connector>
            <targetReference>UpdateLead</targetReference>
        </connector>
    </assignments>
    <assignments>
        <name>JPhase13</name>
        <label>JPhase13</label>
        <locationX>987</locationX>
        <locationY>851</locationY>
        <assignmentItems>
            <assignToReference>LeadRecord.Journey_Phase__c</assignToReference>
            <operator>Assign</operator>
            <value>
                <stringValue>Phase 13</stringValue>
            </value>
        </assignmentItems>
        <assignmentItems>
            <assignToReference>LeadRecord.MP_Stage__c</assignToReference>
            <operator>Assign</operator>
            <value>
                <stringValue>Won</stringValue>
            </value>
        </assignmentItems>
        <connector>
            <targetReference>UpdateLead</targetReference>
        </connector>
    </assignments>
    <assignments>
        <name>JPhase14</name>
        <label>JPhase14</label>
        <locationX>1260</locationX>
        <locationY>800</locationY>
        <assignmentItems>
            <assignToReference>LeadRecord.Journey_Phase__c</assignToReference>
            <operator>Assign</operator>
            <value>
                <stringValue>Phase 14</stringValue>
            </value>
        </assignmentItems>
        <assignmentItems>
            <assignToReference>LeadRecord.MP_Stage__c</assignToReference>
            <operator>Assign</operator>
            <value>
                <stringValue>Won</stringValue>
            </value>
        </assignmentItems>
        <connector>
            <targetReference>UpdateLead</targetReference>
        </connector>
    </assignments>
    <assignments>
        <name>JPhase9</name>
        <label>JPhase9</label>
        <locationX>220</locationX>
        <locationY>499</locationY>
        <assignmentItems>
            <assignToReference>LeadRecord.Journey_Phase__c</assignToReference>
            <operator>Assign</operator>
            <value>
                <stringValue>Phase 9</stringValue>
            </value>
        </assignmentItems>
        <assignmentItems>
            <assignToReference>LeadRecord.MP_Stage__c</assignToReference>
            <operator>Assign</operator>
            <value>
                <stringValue>Won</stringValue>
            </value>
        </assignmentItems>
        <connector>
            <targetReference>UpdateLead</targetReference>
        </connector>
    </assignments>
    <assignments>
        <name>JPhase_8</name>
        <label>JPhase 8</label>
        <locationX>308</locationX>
        <locationY>503</locationY>
        <assignmentItems>
            <assignToReference>LeadRecord.Journey_Phase__c</assignToReference>
            <operator>Assign</operator>
            <value>
                <stringValue>Phase 8</stringValue>
            </value>
        </assignmentItems>
        <assignmentItems>
            <assignToReference>LeadRecord.MP_Stage__c</assignToReference>
            <operator>Assign</operator>
            <value>
                <stringValue>Won</stringValue>
            </value>
        </assignmentItems>
        <connector>
            <targetReference>UpdateLead</targetReference>
        </connector>
    </assignments>
    <assignments>
        <name>Phase10</name>
        <label>Phase10</label>
        <locationX>152</locationX>
        <locationY>516</locationY>
        <assignmentItems>
            <assignToReference>LeadRecord.Journey_Phase__c</assignToReference>
            <operator>Assign</operator>
            <value>
                <stringValue>Phase 10</stringValue>
            </value>
        </assignmentItems>
        <assignmentItems>
            <assignToReference>LeadRecord.MP_Stage__c</assignToReference>
            <operator>Assign</operator>
            <value>
                <stringValue>Won</stringValue>
            </value>
        </assignmentItems>
        <connector>
            <targetReference>UpdateLead</targetReference>
        </connector>
    </assignments>
    <assignments>
        <name>X3rd_Phase</name>
        <label>3rd Phase</label>
        <locationX>783</locationX>
        <locationY>477</locationY>
        <assignmentItems>
            <assignToReference>LeadRecord.Journey_Phase__c</assignToReference>
            <operator>Assign</operator>
            <value>
                <stringValue>Phase 3</stringValue>
            </value>
        </assignmentItems>
        <assignmentItems>
            <assignToReference>LeadRecord.MP_Stage__c</assignToReference>
            <operator>Assign</operator>
            <value>
                <stringValue>Won</stringValue>
            </value>
        </assignmentItems>
        <connector>
            <targetReference>UpdateLead</targetReference>
        </connector>
    </assignments>
    <assignments>
        <name>X4th_Phase</name>
        <label>4th Phase</label>
        <locationX>690</locationX>
        <locationY>480</locationY>
        <assignmentItems>
            <assignToReference>LeadRecord.Journey_Phase__c</assignToReference>
            <operator>Assign</operator>
            <value>
                <stringValue>Phase 4</stringValue>
            </value>
        </assignmentItems>
        <assignmentItems>
            <assignToReference>LeadRecord.MP_Stage__c</assignToReference>
            <operator>Assign</operator>
            <value>
                <stringValue>Won</stringValue>
            </value>
        </assignmentItems>
        <connector>
            <targetReference>UpdateLead</targetReference>
        </connector>
    </assignments>
    <decisions>
        <name>FoundLead</name>
        <label>FoundLead</label>
        <locationX>293</locationX>
        <locationY>162</locationY>
        <defaultConnectorLabel>Default Outcome</defaultConnectorLabel>
        <rules>
            <name>LeadExists</name>
            <conditionLogic>and</conditionLogic>
            <conditions>
                <leftValueReference>LeadRecord</leftValueReference>
                <operator>IsNull</operator>
                <rightValue>
                    <booleanValue>false</booleanValue>
                </rightValue>
            </conditions>
            <connector>
                <targetReference>Gettasks</targetReference>
            </connector>
            <label>LeadExists</label>
        </rules>
    </decisions>
    <decisions>
        <name>JourneyInteraction</name>
        <label>JourneyInteraction</label>
        <locationX>949</locationX>
        <locationY>49</locationY>
        <defaultConnector>
            <targetReference>IterateEvents</targetReference>
        </defaultConnector>
        <defaultConnectorLabel>Default Outcome</defaultConnectorLabel>
        <rules>
            <name>JIEvent</name>
            <conditionLogic>and</conditionLogic>
            <conditions>
                <leftValueReference>SingleEvent</leftValueReference>
                <operator>IsNull</operator>
                <rightValue>
                    <booleanValue>false</booleanValue>
                </rightValue>
            </conditions>
            <connector>
                <targetReference>IncrementCounter</targetReference>
            </connector>
            <label>JIEvent</label>
        </rules>
    </decisions>
    <decisions>
        <name>JourneyPhase1</name>
        <label>JourneyPhase1</label>
        <locationX>962</locationX>
        <locationY>266</locationY>
        <defaultConnector>
            <targetReference>JourneyPhase2</targetReference>
        </defaultConnector>
        <defaultConnectorLabel>Default Outcome</defaultConnectorLabel>
        <rules>
            <name>Closed_Won1</name>
            <conditionLogic>and</conditionLogic>
            <conditions>
                <leftValueReference>Eventscount</leftValueReference>
                <operator>EqualTo</operator>
                <rightValue>
                    <numberValue>1.0</numberValue>
                </rightValue>
            </conditions>
            <connector>
                <targetReference>Closed_Won</targetReference>
            </connector>
            <label>Closed/Won1</label>
        </rules>
    </decisions>
    <decisions>
        <name>JourneyPhase2</name>
        <label>JourneyPhase2</label>
        <locationX>902</locationX>
        <locationY>355</locationY>
        <defaultConnector>
            <targetReference>JP3</targetReference>
        </defaultConnector>
        <defaultConnectorLabel>Default Outcome</defaultConnectorLabel>
        <rules>
            <name>JP2</name>
            <conditionLogic>and</conditionLogic>
            <conditions>
                <leftValueReference>Eventscount</leftValueReference>
                <operator>EqualTo</operator>
                <rightValue>
                    <numberValue>2.0</numberValue>
                </rightValue>
            </conditions>
            <connector>
                <targetReference>JP_Stage2</targetReference>
            </connector>
            <label>JP2</label>
        </rules>
    </decisions>
    <decisions>
        <name>JP10</name>
        <label>JP10</label>
        <locationX>123</locationX>
        <locationY>362</locationY>
        <defaultConnector>
            <targetReference>JP11</targetReference>
        </defaultConnector>
        <defaultConnectorLabel>Default Outcome</defaultConnectorLabel>
        <rules>
            <name>Phase_10</name>
            <conditionLogic>and</conditionLogic>
            <conditions>
                <leftValueReference>Eventscount</leftValueReference>
                <operator>EqualTo</operator>
                <rightValue>
                    <numberValue>10.0</numberValue>
                </rightValue>
            </conditions>
            <connector>
                <targetReference>Phase10</targetReference>
            </connector>
            <label>Phase 10</label>
        </rules>
    </decisions>
    <decisions>
        <name>JP11</name>
        <label>JP11</label>
        <locationX>50</locationX>
        <locationY>606</locationY>
        <defaultConnector>
            <targetReference>JP12</targetReference>
        </defaultConnector>
        <defaultConnectorLabel>Default Outcome</defaultConnectorLabel>
        <rules>
            <name>Phase_11</name>
            <conditionLogic>and</conditionLogic>
            <conditions>
                <leftValueReference>Eventscount</leftValueReference>
                <operator>EqualTo</operator>
                <rightValue>
                    <numberValue>11.0</numberValue>
                </rightValue>
            </conditions>
            <connector>
                <targetReference>JPhase11</targetReference>
            </connector>
            <label>Phase 11</label>
        </rules>
    </decisions>
    <decisions>
        <name>JP12</name>
        <label>JP12</label>
        <locationX>298</locationX>
        <locationY>615</locationY>
        <defaultConnector>
            <targetReference>JP13</targetReference>
        </defaultConnector>
        <defaultConnectorLabel>Default Outcome</defaultConnectorLabel>
        <rules>
            <name>Phase_12</name>
            <conditionLogic>and</conditionLogic>
            <conditions>
                <leftValueReference>Eventscount</leftValueReference>
                <operator>EqualTo</operator>
                <rightValue>
                    <numberValue>12.0</numberValue>
                </rightValue>
            </conditions>
            <connector>
                <targetReference>JPhase12</targetReference>
            </connector>
            <label>Phase 12</label>
        </rules>
    </decisions>
    <decisions>
        <name>JP13</name>
        <label>JP13</label>
        <locationX>790</locationX>
        <locationY>709</locationY>
        <defaultConnector>
            <targetReference>JP14</targetReference>
        </defaultConnector>
        <defaultConnectorLabel>Default Outcome</defaultConnectorLabel>
        <rules>
            <name>Phase13</name>
            <conditionLogic>and</conditionLogic>
            <conditions>
                <leftValueReference>Eventscount</leftValueReference>
                <operator>EqualTo</operator>
                <rightValue>
                    <numberValue>13.0</numberValue>
                </rightValue>
            </conditions>
            <connector>
                <targetReference>JPhase13</targetReference>
            </connector>
            <label>Phase13</label>
        </rules>
    </decisions>
    <decisions>
        <name>JP14</name>
        <label>JP14</label>
        <locationX>970</locationX>
        <locationY>663</locationY>
        <defaultConnectorLabel>Default Outcome</defaultConnectorLabel>
        <rules>
            <name>Phase14</name>
            <conditionLogic>and</conditionLogic>
            <conditions>
                <leftValueReference>Eventscount</leftValueReference>
                <operator>EqualTo</operator>
                <rightValue>
                    <numberValue>14.0</numberValue>
                </rightValue>
            </conditions>
            <connector>
                <targetReference>JPhase14</targetReference>
            </connector>
            <label>Phase14</label>
        </rules>
    </decisions>
    <decisions>
        <name>JP3</name>
        <label>JP3</label>
        <locationX>771</locationX>
        <locationY>356</locationY>
        <defaultConnector>
            <targetReference>JP4</targetReference>
        </defaultConnector>
        <defaultConnectorLabel>Default Outcome</defaultConnectorLabel>
        <rules>
            <name>Phase_3</name>
            <conditionLogic>and</conditionLogic>
            <conditions>
                <leftValueReference>Eventscount</leftValueReference>
                <operator>EqualTo</operator>
                <rightValue>
                    <numberValue>3.0</numberValue>
                </rightValue>
            </conditions>
            <connector>
                <targetReference>X3rd_Phase</targetReference>
            </connector>
            <label>Phase 3</label>
        </rules>
    </decisions>
    <decisions>
        <name>JP4</name>
        <label>JP4</label>
        <locationX>681</locationX>
        <locationY>349</locationY>
        <defaultConnector>
            <targetReference>JP5</targetReference>
        </defaultConnector>
        <defaultConnectorLabel>Default Outcome</defaultConnectorLabel>
        <rules>
            <name>Phase_4</name>
            <conditionLogic>and</conditionLogic>
            <conditions>
                <leftValueReference>Eventscount</leftValueReference>
                <operator>EqualTo</operator>
                <rightValue>
                    <numberValue>4.0</numberValue>
                </rightValue>
            </conditions>
            <connector>
                <targetReference>X4th_Phase</targetReference>
            </connector>
            <label>Phase 4</label>
        </rules>
    </decisions>
    <decisions>
        <name>JP5</name>
        <label>JP5</label>
        <locationX>575</locationX>
        <locationY>361</locationY>
        <defaultConnector>
            <targetReference>JP6</targetReference>
        </defaultConnector>
        <defaultConnectorLabel>Default Outcome</defaultConnectorLabel>
        <rules>
            <name>Phase_5</name>
            <conditionLogic>and</conditionLogic>
            <conditions>
                <leftValueReference>Eventscount</leftValueReference>
                <operator>EqualTo</operator>
                <rightValue>
                    <numberValue>5.0</numberValue>
                </rightValue>
            </conditions>
            <connector>
                <targetReference>JP_Phase_5</targetReference>
            </connector>
            <label>Phase 5</label>
        </rules>
    </decisions>
    <decisions>
        <name>JP6</name>
        <label>JP6</label>
        <locationX>476</locationX>
        <locationY>360</locationY>
        <defaultConnector>
            <targetReference>JP7</targetReference>
        </defaultConnector>
        <defaultConnectorLabel>Default Outcome</defaultConnectorLabel>
        <rules>
            <name>Phase6</name>
            <conditionLogic>and</conditionLogic>
            <conditions>
                <leftValueReference>Eventscount</leftValueReference>
                <operator>EqualTo</operator>
                <rightValue>
                    <numberValue>6.0</numberValue>
                </rightValue>
            </conditions>
            <connector>
                <targetReference>JP_6</targetReference>
            </connector>
            <label>Phase6</label>
        </rules>
    </decisions>
    <decisions>
        <name>JP7</name>
        <label>JP7</label>
        <locationX>378</locationX>
        <locationY>357</locationY>
        <defaultConnector>
            <targetReference>JP8</targetReference>
        </defaultConnector>
        <defaultConnectorLabel>Default Outcome</defaultConnectorLabel>
        <rules>
            <name>Phase</name>
            <conditionLogic>and</conditionLogic>
            <conditions>
                <leftValueReference>Eventscount</leftValueReference>
                <operator>EqualTo</operator>
                <rightValue>
                    <numberValue>7.0</numberValue>
                </rightValue>
            </conditions>
            <connector>
                <targetReference>JP_7</targetReference>
            </connector>
            <label>Phase7</label>
        </rules>
    </decisions>
    <decisions>
        <name>JP8</name>
        <label>JP8</label>
        <locationX>291</locationX>
        <locationY>357</locationY>
        <defaultConnector>
            <targetReference>JP9</targetReference>
        </defaultConnector>
        <defaultConnectorLabel>Default Outcome</defaultConnectorLabel>
        <rules>
            <name>Phase_8</name>
            <conditionLogic>and</conditionLogic>
            <conditions>
                <leftValueReference>Eventscount</leftValueReference>
                <operator>EqualTo</operator>
                <rightValue>
                    <numberValue>8.0</numberValue>
                </rightValue>
            </conditions>
            <connector>
                <targetReference>JPhase_8</targetReference>
            </connector>
            <label>Phase 8</label>
        </rules>
    </decisions>
    <decisions>
        <name>JP9</name>
        <label>JP9</label>
        <locationX>204</locationX>
        <locationY>357</locationY>
        <defaultConnector>
            <targetReference>JP10</targetReference>
        </defaultConnector>
        <defaultConnectorLabel>Default Outcome</defaultConnectorLabel>
        <rules>
            <name>Phase9</name>
            <conditionLogic>and</conditionLogic>
            <conditions>
                <leftValueReference>Eventscount</leftValueReference>
                <operator>EqualTo</operator>
                <rightValue>
                    <numberValue>9.0</numberValue>
                </rightValue>
            </conditions>
            <connector>
                <targetReference>JPhase9</targetReference>
            </connector>
            <label>Phase9</label>
        </rules>
    </decisions>
    <decisions>
        <name>NotStarted</name>
        <label>NotStarted</label>
        <locationX>800</locationX>
        <locationY>259</locationY>
        <defaultConnector>
            <targetReference>JourneyPhase1</targetReference>
        </defaultConnector>
        <defaultConnectorLabel>Default Outcome</defaultConnectorLabel>
        <rules>
            <name>Phase0</name>
            <conditionLogic>and</conditionLogic>
            <conditions>
                <leftValueReference>Eventscount</leftValueReference>
                <operator>EqualTo</operator>
                <rightValue>
                    <numberValue>0.0</numberValue>
                </rightValue>
            </conditions>
            <connector>
                <targetReference>JP0</targetReference>
            </connector>
            <label>Phase0</label>
        </rules>
    </decisions>
    <description>Flow to update Journey Phase and Stage based on activity logged on lead.</description>
    <environments>Default</environments>
    <interviewLabel>LeadActivity - Media Partnerships {!$Flow.CurrentDateTime}</interviewLabel>
    <label>LeadActivity - Media Partnerships</label>
    <loops>
        <name>IterateEvents</name>
        <label>IterateEvents</label>
        <locationX>756</locationX>
        <locationY>153</locationY>
        <assignNextValueToReference>SingleEvent</assignNextValueToReference>
        <collectionReference>Eventslist</collectionReference>
        <iterationOrder>Asc</iterationOrder>
        <nextValueConnector>
            <targetReference>JourneyInteraction</targetReference>
        </nextValueConnector>
        <noMoreValuesConnector>
            <targetReference>NotStarted</targetReference>
        </noMoreValuesConnector>
    </loops>
    <processMetadataValues>
        <name>BuilderType</name>
        <value>
            <stringValue>LightningFlowBuilder</stringValue>
        </value>
    </processMetadataValues>
    <processMetadataValues>
        <name>CanvasMode</name>
        <value>
            <stringValue>FREE_FORM_CANVAS</stringValue>
        </value>
    </processMetadataValues>
    <processMetadataValues>
        <name>OriginBuilderType</name>
        <value>
            <stringValue>LightningFlowBuilder</stringValue>
        </value>
    </processMetadataValues>
    <processType>AutoLaunchedFlow</processType>
    <recordLookups>
        <name>GetLeadrecord</name>
        <label>GetLeadrecord</label>
        <locationX>184</locationX>
        <locationY>160</locationY>
        <assignNullValuesIfNoRecordsFound>true</assignNullValuesIfNoRecordsFound>
        <connector>
            <targetReference>FoundLead</targetReference>
        </connector>
        <filterLogic>and</filterLogic>
        <filters>
            <field>Id</field>
            <operator>EqualTo</operator>
            <value>
                <elementReference>LeadId</elementReference>
            </value>
        </filters>
        <filters>
            <field>Program__c</field>
            <operator>EqualTo</operator>
            <value>
                <stringValue>Kickstarter</stringValue>
            </value>
        </filters>
        <object>Lead</object>
        <outputReference>LeadRecord</outputReference>
        <queriedFields>Id</queriedFields>
        <queriedFields>Journey_Phase__c</queriedFields>
    </recordLookups>
    <recordLookups>
        <name>Gettasks</name>
        <label>Gettasks</label>
        <locationX>468</locationX>
        <locationY>158</locationY>
        <assignNullValuesIfNoRecordsFound>false</assignNullValuesIfNoRecordsFound>
        <connector>
            <targetReference>IterateEvents</targetReference>
        </connector>
        <filterLogic>and</filterLogic>
        <filters>
            <field>Status</field>
            <operator>EqualTo</operator>
            <value>
                <stringValue>Completed</stringValue>
            </value>
        </filters>
        <filters>
            <field>Focus_Area__c</field>
            <operator>EqualTo</operator>
            <value>
                <stringValue>Journey Interaction</stringValue>
            </value>
        </filters>
        <getFirstRecordOnly>false</getFirstRecordOnly>
        <object>Task</object>
        <queriedFields>Id</queriedFields>
        <queriedFields>Status</queriedFields>
        <queriedFields>Focus_Area__c</queriedFields>
        <queriedFields>WhatId</queriedFields>
        <storeOutputAutomatically>true</storeOutputAutomatically>
    </recordLookups>
    <recordUpdates>
        <name>UpdateLead</name>
        <label>UpdateLead</label>
        <locationX>1071</locationX>
        <locationY>585</locationY>
        <inputReference>LeadRecord</inputReference>
    </recordUpdates>
    <start>
        <locationX>22</locationX>
        <locationY>1</locationY>
        <connector>
            <targetReference>GetLeadrecord</targetReference>
        </connector>
    </start>
    <status>Draft</status>
    <variables>
        <name>Eventscount</name>
        <dataType>Number</dataType>
        <isCollection>false</isCollection>
        <isInput>false</isInput>
        <isOutput>false</isOutput>
        <scale>0</scale>
        <value>
            <numberValue>0.0</numberValue>
        </value>
    </variables>
    <variables>
        <name>Eventslist</name>
        <dataType>SObject</dataType>
        <isCollection>true</isCollection>
        <isInput>false</isInput>
        <isOutput>false</isOutput>
        <objectType>Event</objectType>
    </variables>
    <variables>
        <name>LeadId</name>
        <dataType>String</dataType>
        <isCollection>false</isCollection>
        <isInput>true</isInput>
        <isOutput>true</isOutput>
    </variables>
    <variables>
        <name>LeadRecord</name>
        <dataType>SObject</dataType>
        <isCollection>false</isCollection>
        <isInput>false</isInput>
        <isOutput>false</isOutput>
        <objectType>Lead</objectType>
    </variables>
    <variables>
        <name>SingleEvent</name>
        <dataType>SObject</dataType>
        <isCollection>false</isCollection>
        <isInput>false</isInput>
        <isOutput>false</isOutput>
        <objectType>Event</objectType>
    </variables>
</Flow>
