<?xml version="1.0" encoding="UTF-8"?>
<Flow xmlns="http://soap.sforce.com/2006/04/metadata">
    <actionCalls>
        <name>ISV_Acceptance_Email_Alert</name>
        <label>ISV Acceptance Email Alert</label>
        <locationX>446</locationX>
        <locationY>1055</locationY>
        <actionName>Lead.ISV_Acceptance_Email_Alert</actionName>
        <actionType>emailAlert</actionType>
        <connector>
            <targetReference>Create_Task</targetReference>
        </connector>
        <flowTransactionModel>CurrentTransaction</flowTransactionModel>
        <inputParameters>
            <name>SObjectRowId</name>
            <value>
                <elementReference>$Record.Id</elementReference>
            </value>
        </inputParameters>
        <nameSegment>Lead.ISV_Acceptance_Email_Alert</nameSegment>
    </actionCalls>
    <actionCalls>
        <name>ISV_Rejection_Email_Alert</name>
        <label>ISV Rejection Email Alert</label>
        <locationX>754</locationX>
        <locationY>647</locationY>
        <actionName>Lead.ISV_Rejected_Email_Alert</actionName>
        <actionType>emailAlert</actionType>
        <connector>
            <targetReference>Create_Task</targetReference>
        </connector>
        <flowTransactionModel>CurrentTransaction</flowTransactionModel>
        <inputParameters>
            <name>SObjectRowId</name>
            <value>
                <elementReference>$Record.Id</elementReference>
            </value>
        </inputParameters>
        <nameSegment>Lead.ISV_Rejected_Email_Alert</nameSegment>
    </actionCalls>
    <apiVersion>56.0</apiVersion>
    <assignments>
        <name>Assign_Account_Fields</name>
        <label>Assign Account Fields</label>
        <locationX>314</locationX>
        <locationY>755</locationY>
        <assignmentItems>
            <assignToReference>accountToUpdate.FRL_ISV_Start_Date__c</assignToReference>
            <operator>Assign</operator>
            <value>
                <elementReference>$Flow.CurrentDate</elementReference>
            </value>
        </assignmentItems>
        <assignmentItems>
            <assignToReference>accountToUpdate.Id</assignToReference>
            <operator>Assign</operator>
            <value>
                <elementReference>$Record.ConvertedAccountId</elementReference>
            </value>
        </assignmentItems>
        <assignmentItems>
            <assignToReference>accountToUpdate.FRL_Enterprise_Account_Type__c</assignToReference>
            <operator>Assign</operator>
            <value>
                <stringValue>ISV</stringValue>
            </value>
        </assignmentItems>
        <connector>
            <targetReference>Update_Account</targetReference>
        </connector>
    </assignments>
    <assignments>
        <name>Assign_ISV_Lead_Score_Fields</name>
        <label>Assign ISV Lead Score Fields</label>
        <locationX>50</locationX>
        <locationY>539</locationY>
        <assignmentItems>
            <assignToReference>isvScoreToInsert.Lead__c</assignToReference>
            <operator>Assign</operator>
            <value>
                <elementReference>$Record.Id</elementReference>
            </value>
        </assignmentItems>
        <assignmentItems>
            <assignToReference>isvScoreToInsert.OwnerId</assignToReference>
            <operator>Assign</operator>
            <value>
                <elementReference>$Record.OwnerId</elementReference>
            </value>
        </assignmentItems>
        <connector>
            <targetReference>Insert_ISV_Record</targetReference>
        </connector>
    </assignments>
    <assignments>
        <name>Assign_Task_Fields</name>
        <label>Assign Task Fields</label>
        <locationX>446</locationX>
        <locationY>539</locationY>
        <assignmentItems>
            <assignToReference>TaskToInsert.Subject</assignToReference>
            <operator>Assign</operator>
            <value>
                <stringValue>Acceptance Notification Sent</stringValue>
            </value>
        </assignmentItems>
        <assignmentItems>
            <assignToReference>TaskToInsert.Type</assignToReference>
            <operator>Assign</operator>
            <value>
                <stringValue>Email</stringValue>
            </value>
        </assignmentItems>
        <assignmentItems>
            <assignToReference>TaskToInsert.WhatId</assignToReference>
            <operator>Assign</operator>
            <value>
                <elementReference>$Record.ConvertedAccountId</elementReference>
            </value>
        </assignmentItems>
        <assignmentItems>
            <assignToReference>TaskToInsert.WhoId</assignToReference>
            <operator>Assign</operator>
            <value>
                <elementReference>$Record.ConvertedContactId</elementReference>
            </value>
        </assignmentItems>
        <connector>
            <targetReference>Converted_Account_Populated</targetReference>
        </connector>
    </assignments>
    <assignments>
        <name>Assign_Task_Fields_1</name>
        <label>Assign Task Fields</label>
        <locationX>754</locationX>
        <locationY>539</locationY>
        <assignmentItems>
            <assignToReference>TaskToInsert.Subject</assignToReference>
            <operator>Assign</operator>
            <value>
                <stringValue>Rejection Notification Sent</stringValue>
            </value>
        </assignmentItems>
        <assignmentItems>
            <assignToReference>TaskToInsert.Type</assignToReference>
            <operator>Assign</operator>
            <value>
                <stringValue>Email</stringValue>
            </value>
        </assignmentItems>
        <assignmentItems>
            <assignToReference>TaskToInsert.WhoId</assignToReference>
            <operator>Assign</operator>
            <value>
                <elementReference>$Record.Id</elementReference>
            </value>
        </assignmentItems>
        <connector>
            <targetReference>ISV_Rejection_Email_Alert</targetReference>
        </connector>
    </assignments>
    <assignments>
        <name>Set_Base_Insert_Task_Fields</name>
        <label>Set Base Insert Task Fields</label>
        <locationX>534</locationX>
        <locationY>323</locationY>
        <assignmentItems>
            <assignToReference>TaskToInsert.ActivityDate</assignToReference>
            <operator>Assign</operator>
            <value>
                <elementReference>$Flow.CurrentDate</elementReference>
            </value>
        </assignmentItems>
        <assignmentItems>
            <assignToReference>TaskToInsert.Focus_Area__c</assignToReference>
            <operator>Assign</operator>
            <value>
                <stringValue>Outbound</stringValue>
            </value>
        </assignmentItems>
        <assignmentItems>
            <assignToReference>TaskToInsert.OwnerId</assignToReference>
            <operator>Assign</operator>
            <value>
                <elementReference>$User.Id</elementReference>
            </value>
        </assignmentItems>
        <assignmentItems>
            <assignToReference>TaskToInsert.Priority</assignToReference>
            <operator>Assign</operator>
            <value>
                <stringValue>Normal</stringValue>
            </value>
        </assignmentItems>
        <assignmentItems>
            <assignToReference>TaskToInsert.RecordTypeId</assignToReference>
            <operator>Assign</operator>
            <value>
                <stringValue>0121H000000WL6J</stringValue>
            </value>
        </assignmentItems>
        <assignmentItems>
            <assignToReference>TaskToInsert.Status</assignToReference>
            <operator>Assign</operator>
            <value>
                <stringValue>Completed</stringValue>
            </value>
        </assignmentItems>
        <connector>
            <targetReference>Node_Switch</targetReference>
        </connector>
    </assignments>
    <decisions>
        <name>Converted_Account_Populated</name>
        <label>Converted Account Populated</label>
        <locationX>446</locationX>
        <locationY>647</locationY>
        <defaultConnector>
            <targetReference>ISV_Acceptance_Email_Alert</targetReference>
        </defaultConnector>
        <defaultConnectorLabel>Default Outcome</defaultConnectorLabel>
        <rules>
            <name>Populated</name>
            <conditionLogic>and</conditionLogic>
            <conditions>
                <leftValueReference>$Record.ConvertedAccountId</leftValueReference>
                <operator>IsNull</operator>
                <rightValue>
                    <booleanValue>false</booleanValue>
                </rightValue>
            </conditions>
            <connector>
                <targetReference>Assign_Account_Fields</targetReference>
            </connector>
            <label>Populated</label>
        </rules>
    </decisions>
    <decisions>
        <name>Node_Switch</name>
        <label>Node Switch</label>
        <locationX>534</locationX>
        <locationY>431</locationY>
        <defaultConnectorLabel>Default Outcome</defaultConnectorLabel>
        <rules>
            <name>New_ISV_Lead_Updates</name>
            <conditionLogic>1 AND 2 AND 3 AND (4 OR 5 OR 6 )</conditionLogic>
            <conditions>
                <leftValueReference>IsCreate</leftValueReference>
                <operator>EqualTo</operator>
                <rightValue>
                    <booleanValue>true</booleanValue>
                </rightValue>
            </conditions>
            <conditions>
                <leftValueReference>$Record.Original_Lead_Source_Detail__c</leftValueReference>
                <operator>EqualTo</operator>
                <rightValue>
                    <stringValue>Oculus ISV Form</stringValue>
                </rightValue>
            </conditions>
            <conditions>
                <leftValueReference>$Record.Original_lead_source__c</leftValueReference>
                <operator>EqualTo</operator>
                <rightValue>
                    <stringValue>FB_Dev_Oculus_Business</stringValue>
                </rightValue>
            </conditions>
            <conditions>
                <leftValueReference>$Record.CreatedById</leftValueReference>
                <operator>EqualTo</operator>
                <rightValue>
                    <stringValue>005A0000003H8cXIAS</stringValue>
                </rightValue>
            </conditions>
            <conditions>
                <leftValueReference>$Record.CreatedById</leftValueReference>
                <operator>EqualTo</operator>
                <rightValue>
                    <stringValue>0051H00000C3qErQAJ</stringValue>
                </rightValue>
            </conditions>
            <conditions>
                <leftValueReference>$Record.CreatedById</leftValueReference>
                <operator>EqualTo</operator>
                <rightValue>
                    <stringValue>00512000007f6tGAAQ</stringValue>
                </rightValue>
            </conditions>
            <connector>
                <targetReference>Assign_ISV_Lead_Score_Fields</targetReference>
            </connector>
            <label>New ISV Lead Updates</label>
        </rules>
        <rules>
            <name>Converted_ISV_Lead</name>
            <conditionLogic>1 AND 2 AND (3 OR 4 OR 5)</conditionLogic>
            <conditions>
                <leftValueReference>$Record.RecordTypeId</leftValueReference>
                <operator>EqualTo</operator>
                <rightValue>
                    <stringValue>0121H000000WL9NQAW</stringValue>
                </rightValue>
            </conditions>
            <conditions>
                <leftValueReference>$Record.IsConverted</leftValueReference>
                <operator>EqualTo</operator>
                <rightValue>
                    <booleanValue>true</booleanValue>
                </rightValue>
            </conditions>
            <conditions>
                <leftValueReference>$Record.Status</leftValueReference>
                <operator>EqualTo</operator>
                <rightValue>
                    <stringValue>Accepted</stringValue>
                </rightValue>
            </conditions>
            <conditions>
                <leftValueReference>$Record.Status</leftValueReference>
                <operator>EqualTo</operator>
                <rightValue>
                    <stringValue>Converted - Accepted</stringValue>
                </rightValue>
            </conditions>
            <conditions>
                <leftValueReference>$Record.Status</leftValueReference>
                <operator>EqualTo</operator>
                <rightValue>
                    <stringValue>Converted - Existing ISV</stringValue>
                </rightValue>
            </conditions>
            <connector>
                <targetReference>Assign_Task_Fields</targetReference>
            </connector>
            <label>Converted ISV Lead</label>
        </rules>
        <rules>
            <name>Disqualified_ISV</name>
            <conditionLogic>1 and  ((2 and 3 and 5) or (3 and 4 and 5))</conditionLogic>
            <conditions>
                <leftValueReference>$Record.RecordTypeId</leftValueReference>
                <operator>EqualTo</operator>
                <rightValue>
                    <stringValue>0121H000000WL9NQAW</stringValue>
                </rightValue>
            </conditions>
            <conditions>
                <leftValueReference>$Record.Status</leftValueReference>
                <operator>IsChanged</operator>
                <rightValue>
                    <booleanValue>true</booleanValue>
                </rightValue>
            </conditions>
            <conditions>
                <leftValueReference>$Record.Status</leftValueReference>
                <operator>EqualTo</operator>
                <rightValue>
                    <stringValue>DisQualified</stringValue>
                </rightValue>
            </conditions>
            <conditions>
                <leftValueReference>$Record.Lead_Reason__c</leftValueReference>
                <operator>IsChanged</operator>
                <rightValue>
                    <booleanValue>true</booleanValue>
                </rightValue>
            </conditions>
            <conditions>
                <leftValueReference>$Record.Lead_Reason__c</leftValueReference>
                <operator>EqualTo</operator>
                <rightValue>
                    <stringValue>Disqualified</stringValue>
                </rightValue>
            </conditions>
            <connector>
                <targetReference>Assign_Task_Fields_1</targetReference>
            </connector>
            <label>Disqualified ISV</label>
        </rules>
    </decisions>
    <description>Convert process builder nodes to flow: @Leads - Work Flows: New ISV Lead Updates; Converted ISV Lead; Disqualified ISV
T138261043, T140413529, T140082830,
T206499237: edited Form origin in entry criteria</description>
    <environments>Default</environments>
    <formulas>
        <name>IsCreate</name>
        <dataType>Boolean</dataType>
        <expression>ISNEW()</expression>
    </formulas>
    <interviewLabel>@Leads - Work Flows Back To SetupHelp {!$Flow.CurrentDateTime}</interviewLabel>
    <label>@Leads - Work Flows - ISV Lead Actions</label>
    <processMetadataValues>
        <name>BuilderType</name>
        <value>
            <stringValue>LightningFlowBuilder</stringValue>
        </value>
    </processMetadataValues>
    <processMetadataValues>
        <name>CanvasMode</name>
        <value>
            <stringValue>AUTO_LAYOUT_CANVAS</stringValue>
        </value>
    </processMetadataValues>
    <processMetadataValues>
        <name>OriginBuilderType</name>
        <value>
            <stringValue>LightningFlowBuilder</stringValue>
        </value>
    </processMetadataValues>
    <processType>AutoLaunchedFlow</processType>
    <recordCreates>
        <name>Create_Task</name>
        <label>Create Task</label>
        <locationX>534</locationX>
        <locationY>1247</locationY>
        <inputReference>TaskToInsert</inputReference>
    </recordCreates>
    <recordCreates>
        <name>Insert_ISV_Record</name>
        <label>Insert ISV Record</label>
        <locationX>50</locationX>
        <locationY>647</locationY>
        <inputReference>isvScoreToInsert</inputReference>
    </recordCreates>
    <recordUpdates>
        <name>Update_Account</name>
        <label>Update Account</label>
        <locationX>314</locationX>
        <locationY>863</locationY>
        <connector>
            <targetReference>ISV_Acceptance_Email_Alert</targetReference>
        </connector>
        <inputReference>accountToUpdate</inputReference>
    </recordUpdates>
    <start>
        <locationX>408</locationX>
        <locationY>0</locationY>
        <connector>
            <targetReference>Set_Base_Insert_Task_Fields</targetReference>
        </connector>
        <filterLogic>2 AND (1 OR 3 OR 4)</filterLogic>
        <filters>
            <field>Form_Origin__c</field>
            <operator>EqualTo</operator>
            <value>
                <stringValue>Form ID: 3507</stringValue>
            </value>
        </filters>
        <filters>
            <field>RecordTypeId</field>
            <operator>EqualTo</operator>
            <value>
                <stringValue>0121H000000WL9NQAW</stringValue>
            </value>
        </filters>
        <filters>
            <field>Form_Origin__c</field>
            <operator>EqualTo</operator>
            <value>
                <stringValue>Form ID: 10596</stringValue>
            </value>
        </filters>
        <filters>
            <field>Form_Origin__c</field>
            <operator>EqualTo</operator>
            <value>
                <stringValue>1065467798654904</stringValue>
            </value>
        </filters>
        <object>Lead</object>
        <recordTriggerType>CreateAndUpdate</recordTriggerType>
        <triggerType>RecordAfterSave</triggerType>
    </start>
    <status>Active</status>
    <variables>
        <name>accountToUpdate</name>
        <dataType>SObject</dataType>
        <isCollection>false</isCollection>
        <isInput>false</isInput>
        <isOutput>false</isOutput>
        <objectType>Account</objectType>
    </variables>
    <variables>
        <name>isvScoreToInsert</name>
        <dataType>SObject</dataType>
        <isCollection>false</isCollection>
        <isInput>false</isInput>
        <isOutput>false</isOutput>
        <objectType>ISV_Lead_Score__c</objectType>
    </variables>
    <variables>
        <name>TaskToInsert</name>
        <dataType>SObject</dataType>
        <isCollection>false</isCollection>
        <isInput>false</isInput>
        <isOutput>false</isOutput>
        <objectType>Task</objectType>
    </variables>
</Flow>
