<?xml version="1.0" encoding="UTF-8"?>
<Flow xmlns="http://soap.sforce.com/2006/04/metadata">
    <apiVersion>56.0</apiVersion>
    <description>Converted from process builder: @Leads - Work Flows - Create Participant, Offering and Fb Object
T137414079</description>
    <environments>Default</environments>
    <interviewLabel>@Leads - Work Flows - Converted to Existing Customer {!$Flow.CurrentDateTime}</interviewLabel>
    <label>@Leads - Work Flows - Create Participant, Offering and Fb Object</label>
    <processMetadataValues>
        <name>BuilderType</name>
        <value>
            <stringValue>LightningFlowBuilder</stringValue>
        </value>
    </processMetadataValues>
    <processMetadataValues>
        <name>CanvasMode</name>
        <value>
            <stringValue>AUTO_LAYOUT_CANVAS</stringValue>
        </value>
    </processMetadataValues>
    <processMetadataValues>
        <name>OriginBuilderType</name>
        <value>
            <stringValue>LightningFlowBuilder</stringValue>
        </value>
    </processMetadataValues>
    <processType>AutoLaunchedFlow</processType>
    <start>
        <locationX>50</locationX>
        <locationY>0</locationY>
        <connector>
            <targetReference>Create_FB_Object_Offering_and_Participant_record_from_Lead</targetReference>
        </connector>
        <doesRequireRecordChangedToMeetCriteria>true</doesRequireRecordChangedToMeetCriteria>
        <filterLogic>and</filterLogic>
        <filters>
            <field>RecordTypeId</field>
            <operator>EqualTo</operator>
            <value>
                <stringValue>0121H000001eIHOQA2</stringValue>
            </value>
        </filters>
        <filters>
            <field>Create_Participant_and_Offering__c</field>
            <operator>EqualTo</operator>
            <value>
                <booleanValue>true</booleanValue>
            </value>
        </filters>
        <object>Lead</object>
        <recordTriggerType>CreateAndUpdate</recordTriggerType>
        <triggerType>RecordAfterSave</triggerType>
    </start>
    <status>Active</status>
    <subflows>
        <name>Create_FB_Object_Offering_and_Participant_record_from_Lead</name>
        <label>Create FB Object, Offering and Participant record from Lead</label>
        <locationX>176</locationX>
        <locationY>335</locationY>
        <flowName>Create_FB_Object_Offering_and_Participant_record_from_Lead</flowName>
        <inputAssignments>
            <name>ivarCity</name>
            <value>
                <elementReference>$Record.City</elementReference>
            </value>
        </inputAssignments>
        <inputAssignments>
            <name>ivarCompany</name>
            <value>
                <elementReference>$Record.Company</elementReference>
            </value>
        </inputAssignments>
        <inputAssignments>
            <name>ivarCountry</name>
            <value>
                <elementReference>$Record.Country</elementReference>
            </value>
        </inputAssignments>
        <inputAssignments>
            <name>ivarDoesYourCommunityMeetOffline</name>
            <value>
                <elementReference>$Record.Does_your_community_meet_offline__c</elementReference>
            </value>
        </inputAssignments>
        <inputAssignments>
            <name>ivarEmail</name>
            <value>
                <elementReference>$Record.Email</elementReference>
            </value>
        </inputAssignments>
        <inputAssignments>
            <name>ivarEnglishProficiency</name>
            <value>
                <elementReference>$Record.English_Proficiency__c</elementReference>
            </value>
        </inputAssignments>
        <inputAssignments>
            <name>ivarFBGroupId</name>
            <value>
                <elementReference>$Record.FB_Group_ID__c</elementReference>
            </value>
        </inputAssignments>
        <inputAssignments>
            <name>ivarFBPageId</name>
            <value>
                <elementReference>$Record.FB_Page_ID__c</elementReference>
            </value>
        </inputAssignments>
        <inputAssignments>
            <name>ivarFBUserId</name>
            <value>
                <elementReference>$Record.FB_UID__c</elementReference>
            </value>
        </inputAssignments>
        <inputAssignments>
            <name>ivarFirstName</name>
            <value>
                <elementReference>$Record.FirstName</elementReference>
            </value>
        </inputAssignments>
        <inputAssignments>
            <name>ivarGender</name>
            <value>
                <elementReference>$Record.Gender__c</elementReference>
            </value>
        </inputAssignments>
        <inputAssignments>
            <name>ivarLastName</name>
            <value>
                <elementReference>$Record.LastName</elementReference>
            </value>
        </inputAssignments>
        <inputAssignments>
            <name>ivarLeadId</name>
            <value>
                <elementReference>$Record.Id</elementReference>
            </value>
        </inputAssignments>
        <inputAssignments>
            <name>ivarMultipleGroupRelatedToPrimaryGroup</name>
            <value>
                <elementReference>$Record.Multiple_groups_related_to_primary_group__c</elementReference>
            </value>
        </inputAssignments>
        <inputAssignments>
            <name>ivarOptin</name>
            <value>
                <elementReference>$Record.optin__c</elementReference>
            </value>
        </inputAssignments>
        <inputAssignments>
            <name>ivarPreferredLanguage</name>
            <value>
                <elementReference>$Record.Preferred_Language__c</elementReference>
            </value>
        </inputAssignments>
        <inputAssignments>
            <name>ivarPrimaryGroupCategory</name>
            <value>
                <elementReference>$Record.Primary_Group_Category__c</elementReference>
            </value>
        </inputAssignments>
        <inputAssignments>
            <name>ivarProgram</name>
            <value>
                <elementReference>$Record.CP_Program__c</elementReference>
            </value>
        </inputAssignments>
        <inputAssignments>
            <name>ivarState</name>
            <value>
                <elementReference>$Record.State</elementReference>
            </value>
        </inputAssignments>
        <inputAssignments>
            <name>ivarStreetAddress</name>
            <value>
                <elementReference>$Record.Street</elementReference>
            </value>
        </inputAssignments>
        <inputAssignments>
            <name>ivarTellUsAboutCommunity</name>
            <value>
                <elementReference>$Record.Description</elementReference>
            </value>
        </inputAssignments>
        <inputAssignments>
            <name>ivarZipPostalCode</name>
            <value>
                <elementReference>$Record.PostalCode</elementReference>
            </value>
        </inputAssignments>
        <storeOutputAutomatically>true</storeOutputAutomatically>
    </subflows>
</Flow>
