<?xml version="1.0" encoding="UTF-8"?>
<Flow xmlns="http://soap.sforce.com/2006/04/metadata">
    <apiVersion>49.0</apiVersion>
    <assignments>
        <description>link the participant record to the offering record.</description>
        <name>Populate_Offering_reference_on_Participant_record</name>
        <label>Populate Offering reference on Participant record</label>
        <locationX>361</locationX>
        <locationY>380</locationY>
        <assignmentItems>
            <assignToReference>var_Found_Participant.Community_Offering__c</assignToReference>
            <operator>Assign</operator>
            <value>
                <elementReference>var_Offering.Id</elementReference>
            </value>
        </assignmentItems>
        <connector>
            <targetReference>Update_Participant_Record</targetReference>
        </connector>
    </assignments>
    <decisions>
        <name>Find_Participant_and_Offering</name>
        <label>Find Participant and Offering</label>
        <locationX>344</locationX>
        <locationY>214</locationY>
        <defaultConnectorLabel>Default Outcome</defaultConnectorLabel>
        <rules>
            <name>Found_Community_and_Offering_Link_Them</name>
            <conditionLogic>and</conditionLogic>
            <conditions>
                <leftValueReference>var_Found_Participant</leftValueReference>
                <operator>IsNull</operator>
                <rightValue>
                    <booleanValue>false</booleanValue>
                </rightValue>
            </conditions>
            <conditions>
                <leftValueReference>var_Offering</leftValueReference>
                <operator>IsNull</operator>
                <rightValue>
                    <booleanValue>false</booleanValue>
                </rightValue>
            </conditions>
            <connector>
                <targetReference>Populate_Offering_reference_on_Participant_record</targetReference>
            </connector>
            <label>Found Community and Offering, Link Them</label>
        </rules>
    </decisions>
    <description>T33104588 - link the participant record to the offering record upon create.</description>
    <interviewLabel>Link Participant to Community (Offering) {!$Flow.CurrentDateTime}</interviewLabel>
    <label>Link Participant to Community (Offering)</label>
    <processMetadataValues>
        <name>BuilderType</name>
        <value>
            <stringValue>LightningFlowBuilder</stringValue>
        </value>
    </processMetadataValues>
    <processMetadataValues>
        <name>OriginBuilderType</name>
        <value>
            <stringValue>LightningFlowBuilder</stringValue>
        </value>
    </processMetadataValues>
    <processType>AutoLaunchedFlow</processType>
    <recordLookups>
        <description>find an offering record matching the group ID</description>
        <name>Get_Existing_Offering_Record</name>
        <label>Get Existing Offering Record</label>
        <locationX>165</locationX>
        <locationY>330</locationY>
        <assignNullValuesIfNoRecordsFound>false</assignNullValuesIfNoRecordsFound>
        <connector>
            <targetReference>Find_Participant_and_Offering</targetReference>
        </connector>
        <filterLogic>and</filterLogic>
        <filters>
            <field>Group_ID__c</field>
            <operator>EqualTo</operator>
            <value>
                <elementReference>ivar_Group_ID</elementReference>
            </value>
        </filters>
        <object>Offerings__c</object>
        <outputReference>var_Offering</outputReference>
        <queriedFields>Id</queriedFields>
    </recordLookups>
    <recordLookups>
        <description>find the existing participant record</description>
        <name>Get_Existing_Participant</name>
        <label>Get Existing Participant</label>
        <locationX>165</locationX>
        <locationY>159</locationY>
        <assignNullValuesIfNoRecordsFound>false</assignNullValuesIfNoRecordsFound>
        <connector>
            <targetReference>Get_Existing_Offering_Record</targetReference>
        </connector>
        <filterLogic>and</filterLogic>
        <filters>
            <field>Id</field>
            <operator>EqualTo</operator>
            <value>
                <elementReference>ivar_Participant_ID</elementReference>
            </value>
        </filters>
        <object>Participant__c</object>
        <outputReference>var_Found_Participant</outputReference>
        <queriedFields>Id</queriedFields>
    </recordLookups>
    <recordUpdates>
        <description>update link to the community (offering) record.</description>
        <name>Update_Participant_Record</name>
        <label>Update Participant Record</label>
        <locationX>591</locationX>
        <locationY>381</locationY>
        <inputReference>var_Found_Participant</inputReference>
    </recordUpdates>
    <startElementReference>Get_Existing_Participant</startElementReference>
    <status>Active</status>
    <variables>
        <description>input variable containing the offering record&apos;s Group ID field value.</description>
        <name>ivar_Group_ID</name>
        <dataType>String</dataType>
        <isCollection>false</isCollection>
        <isInput>true</isInput>
        <isOutput>true</isOutput>
    </variables>
    <variables>
        <description>input variable containing the participant record Id.</description>
        <name>ivar_Participant_ID</name>
        <dataType>String</dataType>
        <isCollection>false</isCollection>
        <isInput>true</isInput>
        <isOutput>false</isOutput>
    </variables>
    <variables>
        <description>temporary variable to store the matching participant record.</description>
        <name>var_Found_Participant</name>
        <dataType>SObject</dataType>
        <isCollection>false</isCollection>
        <isInput>true</isInput>
        <isOutput>true</isOutput>
        <objectType>Participant__c</objectType>
    </variables>
    <variables>
        <description>temporary variable to store the found offering record.</description>
        <name>var_Offering</name>
        <dataType>SObject</dataType>
        <isCollection>false</isCollection>
        <isInput>true</isInput>
        <isOutput>true</isOutput>
        <objectType>Offerings__c</objectType>
    </variables>
</Flow>
