<?xml version="1.0" encoding="UTF-8"?>
<Flow xmlns="http://soap.sforce.com/2006/04/metadata">
    <apiVersion>49.0</apiVersion>
    <assignments>
        <name>Linkup_lead_to_participant</name>
        <label>Linkup lead to participant</label>
        <locationX>367</locationX>
        <locationY>382</locationY>
        <assignmentItems>
            <assignToReference>varLeadRecord.Participant__c</assignToReference>
            <operator>Assign</operator>
            <value>
                <elementReference>varParticipantRecord.Id</elementReference>
            </value>
        </assignmentItems>
        <connector>
            <targetReference>Update_Lead_to_Participant</targetReference>
        </connector>
    </assignments>
    <decisions>
        <name>Does_participant_with_matching_fb_uid_exists</name>
        <label>Does participant with matching fb uid exists?</label>
        <locationX>369</locationX>
        <locationY>52</locationY>
        <defaultConnectorLabel>Default Outcome</defaultConnectorLabel>
        <rules>
            <name>Found_Participant</name>
            <conditionLogic>and</conditionLogic>
            <conditions>
                <leftValueReference>varParticipantRecord</leftValueReference>
                <operator>IsNull</operator>
                <rightValue>
                    <booleanValue>false</booleanValue>
                </rightValue>
            </conditions>
            <connector>
                <targetReference>Get_Lead_Record_to_Link</targetReference>
            </connector>
            <label>Found Participant</label>
        </rules>
    </decisions>
    <decisions>
        <name>Find_Lead</name>
        <label>Find Lead</label>
        <locationX>509</locationX>
        <locationY>298</locationY>
        <defaultConnectorLabel>Default Outcome</defaultConnectorLabel>
        <rules>
            <name>Found_Lead</name>
            <conditionLogic>and</conditionLogic>
            <conditions>
                <leftValueReference>varLeadRecord</leftValueReference>
                <operator>IsNull</operator>
                <rightValue>
                    <booleanValue>false</booleanValue>
                </rightValue>
            </conditions>
            <connector>
                <targetReference>Linkup_lead_to_participant</targetReference>
            </connector>
            <label>Found Lead?</label>
        </rules>
    </decisions>
    <description>When a lead is created  or edited with a matching, check to see if there is a participant with matching UID</description>
    <interviewLabel>Link Lead to Participant if one exists {!$Flow.CurrentDateTime}</interviewLabel>
    <label>Link Lead to Participant if one exists</label>
    <processMetadataValues>
        <name>BuilderType</name>
        <value>
            <stringValue>LightningFlowBuilder</stringValue>
        </value>
    </processMetadataValues>
    <processMetadataValues>
        <name>OriginBuilderType</name>
        <value>
            <stringValue>LightningFlowBuilder</stringValue>
        </value>
    </processMetadataValues>
    <processType>AutoLaunchedFlow</processType>
    <recordLookups>
        <name>Get_Lead_Record_to_Link</name>
        <label>Get Lead Record to Link</label>
        <locationX>367</locationX>
        <locationY>224</locationY>
        <assignNullValuesIfNoRecordsFound>true</assignNullValuesIfNoRecordsFound>
        <connector>
            <targetReference>Find_Lead</targetReference>
        </connector>
        <filterLogic>and</filterLogic>
        <filters>
            <field>RecordTypeId</field>
            <operator>EqualTo</operator>
            <value>
                <stringValue>0121H000001eIHOQA2</stringValue>
            </value>
        </filters>
        <filters>
            <field>Id</field>
            <operator>EqualTo</operator>
            <value>
                <elementReference>ivarLeadId</elementReference>
            </value>
        </filters>
        <object>Lead</object>
        <outputReference>varLeadRecord</outputReference>
        <queriedFields>Id</queriedFields>
        <queriedFields>FB_UID__c</queriedFields>
    </recordLookups>
    <recordLookups>
        <description>find a participant with matching  fb uid</description>
        <name>Get_matching_participant_record</name>
        <label>Get matching participant record</label>
        <locationX>205</locationX>
        <locationY>50</locationY>
        <assignNullValuesIfNoRecordsFound>true</assignNullValuesIfNoRecordsFound>
        <connector>
            <targetReference>Does_participant_with_matching_fb_uid_exists</targetReference>
        </connector>
        <filterLogic>and</filterLogic>
        <filters>
            <field>Facebook_User_ID__c</field>
            <operator>EqualTo</operator>
            <value>
                <elementReference>ivarFBUID</elementReference>
            </value>
        </filters>
        <object>Participant__c</object>
        <outputReference>varParticipantRecord</outputReference>
        <queriedFields>Id</queriedFields>
        <queriedFields>Facebook_User_ID__c</queriedFields>
    </recordLookups>
    <recordUpdates>
        <name>Update_Lead_to_Participant</name>
        <label>Update Lead to Participant</label>
        <locationX>365</locationX>
        <locationY>520</locationY>
        <inputReference>varLeadRecord</inputReference>
    </recordUpdates>
    <startElementReference>Get_matching_participant_record</startElementReference>
    <status>Active</status>
    <variables>
        <description>participant&apos;s  FB UID  (user facebook id)</description>
        <name>ivarFBUID</name>
        <dataType>String</dataType>
        <isCollection>false</isCollection>
        <isInput>true</isInput>
        <isOutput>true</isOutput>
    </variables>
    <variables>
        <description>Lead ID</description>
        <name>ivarLeadId</name>
        <dataType>String</dataType>
        <isCollection>false</isCollection>
        <isInput>true</isInput>
        <isOutput>true</isOutput>
    </variables>
    <variables>
        <name>varLeadRecord</name>
        <dataType>SObject</dataType>
        <isCollection>false</isCollection>
        <isInput>true</isInput>
        <isOutput>true</isOutput>
        <objectType>Lead</objectType>
    </variables>
    <variables>
        <description>participant record with matching UID</description>
        <name>varParticipantRecord</name>
        <dataType>SObject</dataType>
        <isCollection>false</isCollection>
        <isInput>true</isInput>
        <isOutput>true</isOutput>
        <objectType>Participant__c</objectType>
    </variables>
</Flow>
