<?xml version="1.0" encoding="UTF-8"?>
<Flow xmlns="http://soap.sforce.com/2006/04/metadata">
    <apiVersion>63.0</apiVersion>
    <assignments>
        <description>Change the Organization and Team values on the Account fields</description>
        <name>Assign_Account_Organization_and_Team</name>
        <label>Assign Account Organization and Team</label>
        <locationX>50</locationX>
        <locationY>350</locationY>
        <assignmentItems>
            <assignToReference>AccountRecord.Id</assignToReference>
            <operator>Assign</operator>
            <value>
                <elementReference>AccountId</elementReference>
            </value>
        </assignmentItems>
        <assignmentItems>
            <assignToReference>AccountRecord.Organizations__c</assignToReference>
            <operator>Assign</operator>
            <value>
                <elementReference>OrganizationsFormatted</elementReference>
            </value>
        </assignmentItems>
        <assignmentItems>
            <assignToReference>AccountRecord.Teams__c</assignToReference>
            <operator>Assign</operator>
            <value>
                <elementReference>TeamsFormatted</elementReference>
            </value>
        </assignmentItems>
        <connector>
            <targetReference>Update_record_with_Organization_and_Team</targetReference>
        </connector>
    </assignments>
    <assignments>
        <description>Change the Team value on the Account field</description>
        <name>Assign_Account_Team</name>
        <label>Assign Account Team</label>
        <locationX>314</locationX>
        <locationY>566</locationY>
        <assignmentItems>
            <assignToReference>AccountRecord.Id</assignToReference>
            <operator>Assign</operator>
            <value>
                <elementReference>AccountId</elementReference>
            </value>
        </assignmentItems>
        <assignmentItems>
            <assignToReference>AccountRecord.Teams__c</assignToReference>
            <operator>Assign</operator>
            <value>
                <elementReference>TeamsFormatted</elementReference>
            </value>
        </assignmentItems>
        <connector>
            <targetReference>Update_record_with_Team</targetReference>
        </connector>
    </assignments>
    <decisions>
        <description>The open Opportunity for the Account and the Organization exists</description>
        <name>Open_Opportunity_Exists_with_Organization</name>
        <label>Open Opportunity Exists</label>
        <locationX>248</locationX>
        <locationY>242</locationY>
        <defaultConnector>
            <targetReference>Get_open_Opportunities_for_Account_and_Team</targetReference>
        </defaultConnector>
        <defaultConnectorLabel>Yes</defaultConnectorLabel>
        <rules>
            <name>No_Organization</name>
            <conditionLogic>and</conditionLogic>
            <conditions>
                <leftValueReference>Get_open_Opportunities_for_Account_and_Organization</leftValueReference>
                <operator>IsNull</operator>
                <rightValue>
                    <booleanValue>true</booleanValue>
                </rightValue>
            </conditions>
            <connector>
                <targetReference>Assign_Account_Organization_and_Team</targetReference>
            </connector>
            <label>No</label>
        </rules>
    </decisions>
    <decisions>
        <description>The open Opportunity for the Account and the Team exists</description>
        <name>Open_Opportunity_Exists_with_Team</name>
        <label>Open Opportunity Exists</label>
        <locationX>446</locationX>
        <locationY>458</locationY>
        <defaultConnectorLabel>Yes</defaultConnectorLabel>
        <rules>
            <name>No_Team</name>
            <conditionLogic>and</conditionLogic>
            <conditions>
                <leftValueReference>Get_open_Opportunities_for_Account_and_Team</leftValueReference>
                <operator>IsNull</operator>
                <rightValue>
                    <booleanValue>true</booleanValue>
                </rightValue>
            </conditions>
            <connector>
                <targetReference>Assign_Account_Team</targetReference>
            </connector>
            <label>No</label>
        </rules>
    </decisions>
    <description>T217547997 - The Flow removes the Organization and Team values of the closed Opportunity from the relevant Organizations and Teams fields of the related Account, ensuring that there are no other open Opportunities for the same Account, Organization and Team.</description>
    <environments>Default</environments>
    <formulas>
        <description>Check if the Organization exists in the Organizations</description>
        <name>OrganizationExists</name>
        <dataType>Boolean</dataType>
        <expression>NOT(ISBLANK({!Organization})) &amp;&amp; 
NOT(ISBLANK({!Organizations})) &amp;&amp; 
CONTAINS(
	{!Separator} &amp; {!Organizations} &amp; {!Separator}, 
	{!Separator} &amp; {!Organization} &amp; {!Separator}
)</expression>
    </formulas>
    <formulas>
        <description>Removes the leading and trailing separator characters from the substituted result</description>
        <name>OrganizationsFormatted</name>
        <dataType>String</dataType>
        <expression>IF(
	{!OrganizationExists},	
	MID({!OrganizationsSubstituted}, 2, LEN({!OrganizationsSubstituted}) - 2),
	{!Organizations}
)</expression>
    </formulas>
    <formulas>
        <description>The formula performs the substitution of the Organization in the Organizations. It adds the separator character at the beginning and end of Organizations value to ensure exact matching.</description>
        <name>OrganizationsSubstituted</name>
        <dataType>String</dataType>
        <expression>SUBSTITUTE(
	{!Separator} &amp; {!Organizations} &amp; {!Separator},
	{!Separator} &amp; {!Organization} &amp; {!Separator},
	{!Separator}
)</expression>
    </formulas>
    <formulas>
        <description>Check if the Team exists in the Teams</description>
        <name>TeamExists</name>
        <dataType>Boolean</dataType>
        <expression>NOT(ISBLANK({!Team})) &amp;&amp; 
NOT(ISBLANK({!Teams})) &amp;&amp; 
CONTAINS(
	{!Separator} &amp; {!Teams} &amp; {!Separator}, 
	{!Separator} &amp; {!Team} &amp; {!Separator}
)</expression>
    </formulas>
    <formulas>
        <description>Removes the leading and trailing separator characters from the substituted result</description>
        <name>TeamsFormatted</name>
        <dataType>String</dataType>
        <expression>IF(
	{!TeamExists},	
	MID({!TeamsSubstituted}, 2, LEN({!TeamsSubstituted}) - 2),
	{!Teams}
)</expression>
    </formulas>
    <formulas>
        <description>The formula performs the substitution of the Team in the Teams. 
It adds the separator character at the beginning and end of Teams value to ensure exact matching.</description>
        <name>TeamsSubstituted</name>
        <dataType>String</dataType>
        <expression>SUBSTITUTE(
	{!Separator} &amp; {!Teams} &amp; {!Separator},
	{!Separator} &amp; {!Team} &amp; {!Separator},
	{!Separator}
)</expression>
    </formulas>
    <interviewLabel>LlamaX Remove Organization and Team from Account - Subflow {!$Flow.CurrentDateTime}</interviewLabel>
    <label>LlamaX Remove Organization and Team from Account - Subflow</label>
    <processMetadataValues>
        <name>BuilderType</name>
        <value>
            <stringValue>LightningFlowBuilder</stringValue>
        </value>
    </processMetadataValues>
    <processMetadataValues>
        <name>CanvasMode</name>
        <value>
            <stringValue>AUTO_LAYOUT_CANVAS</stringValue>
        </value>
    </processMetadataValues>
    <processMetadataValues>
        <name>OriginBuilderType</name>
        <value>
            <stringValue>LightningFlowBuilder</stringValue>
        </value>
    </processMetadataValues>
    <processType>AutoLaunchedFlow</processType>
    <recordLookups>
        <description>Check if the Account has another open Opportunity with the same Organization for Account</description>
        <name>Get_open_Opportunities_for_Account_and_Organization</name>
        <label>Get open Opportunities for Account and Organization</label>
        <locationX>248</locationX>
        <locationY>134</locationY>
        <assignNullValuesIfNoRecordsFound>false</assignNullValuesIfNoRecordsFound>
        <connector>
            <targetReference>Open_Opportunity_Exists_with_Organization</targetReference>
        </connector>
        <filterLogic>(1 OR 2) AND 3 AND 4 AND 5</filterLogic>
        <filters>
            <field>AccountId</field>
            <operator>EqualTo</operator>
            <value>
                <elementReference>AccountId</elementReference>
            </value>
        </filters>
        <filters>
            <field>PartnerAccountId</field>
            <operator>EqualTo</operator>
            <value>
                <elementReference>AccountId</elementReference>
            </value>
        </filters>
        <filters>
            <field>Organization__c</field>
            <operator>EqualTo</operator>
            <value>
                <elementReference>Organization</elementReference>
            </value>
        </filters>
        <filters>
            <field>RecordTypeId</field>
            <operator>EqualTo</operator>
            <value>
                <elementReference>RecordTypeId</elementReference>
            </value>
        </filters>
        <filters>
            <field>IsClosed</field>
            <operator>EqualTo</operator>
            <value>
                <booleanValue>false</booleanValue>
            </value>
        </filters>
        <getFirstRecordOnly>true</getFirstRecordOnly>
        <object>Opportunity</object>
        <storeOutputAutomatically>true</storeOutputAutomatically>
    </recordLookups>
    <recordLookups>
        <description>Check if the Account has another open Opportunity with the same Team for Account</description>
        <name>Get_open_Opportunities_for_Account_and_Team</name>
        <label>Get open Opportunities for Account and Team</label>
        <locationX>446</locationX>
        <locationY>350</locationY>
        <assignNullValuesIfNoRecordsFound>false</assignNullValuesIfNoRecordsFound>
        <connector>
            <targetReference>Open_Opportunity_Exists_with_Team</targetReference>
        </connector>
        <filterLogic>(1 OR 2) AND 3 AND 4 AND 5</filterLogic>
        <filters>
            <field>AccountId</field>
            <operator>EqualTo</operator>
            <value>
                <elementReference>AccountId</elementReference>
            </value>
        </filters>
        <filters>
            <field>PartnerAccountId</field>
            <operator>EqualTo</operator>
            <value>
                <elementReference>AccountId</elementReference>
            </value>
        </filters>
        <filters>
            <field>Team__c</field>
            <operator>EqualTo</operator>
            <value>
                <stringValue>a391cb6f-f3d3-4133-8002-5542d26ddc1a</stringValue>
            </value>
        </filters>
        <filters>
            <field>RecordTypeId</field>
            <operator>EqualTo</operator>
            <value>
                <elementReference>RecordTypeId</elementReference>
            </value>
        </filters>
        <filters>
            <field>IsClosed</field>
            <operator>EqualTo</operator>
            <value>
                <booleanValue>false</booleanValue>
            </value>
        </filters>
        <getFirstRecordOnly>true</getFirstRecordOnly>
        <object>Opportunity</object>
        <storeOutputAutomatically>true</storeOutputAutomatically>
    </recordLookups>
    <recordUpdates>
        <description>Update the Account record with the new Organization and Team values</description>
        <name>Update_record_with_Organization_and_Team</name>
        <label>Update record with Organization and Team</label>
        <locationX>50</locationX>
        <locationY>458</locationY>
        <inputReference>AccountRecord</inputReference>
    </recordUpdates>
    <recordUpdates>
        <description>Update the Account record with the new Team value</description>
        <name>Update_record_with_Team</name>
        <label>Update the record with Team</label>
        <locationX>314</locationX>
        <locationY>674</locationY>
        <inputReference>AccountRecord</inputReference>
    </recordUpdates>
    <start>
        <locationX>122</locationX>
        <locationY>0</locationY>
        <connector>
            <targetReference>Get_open_Opportunities_for_Account_and_Organization</targetReference>
        </connector>
    </start>
    <status>Active</status>
    <variables>
        <description>ID of the Account to operate on</description>
        <name>AccountId</name>
        <dataType>String</dataType>
        <isCollection>false</isCollection>
        <isInput>true</isInput>
        <isOutput>false</isOutput>
    </variables>
    <variables>
        <description>Account record to update</description>
        <name>AccountRecord</name>
        <dataType>SObject</dataType>
        <isCollection>false</isCollection>
        <isInput>false</isInput>
        <isOutput>true</isOutput>
        <objectType>Account</objectType>
    </variables>
    <variables>
        <description>Opportunity Organization value</description>
        <name>Organization</name>
        <dataType>String</dataType>
        <isCollection>false</isCollection>
        <isInput>true</isInput>
        <isOutput>false</isOutput>
    </variables>
    <variables>
        <description>Account Organizations value</description>
        <name>Organizations</name>
        <dataType>String</dataType>
        <isCollection>false</isCollection>
        <isInput>true</isInput>
        <isOutput>false</isOutput>
    </variables>
    <variables>
        <description>Opportunity Record Type Id</description>
        <name>RecordTypeId</name>
        <dataType>String</dataType>
        <isCollection>false</isCollection>
        <isInput>true</isInput>
        <isOutput>false</isOutput>
    </variables>
    <variables>
        <description>Character that separates the values within Organizations and Teams fields</description>
        <name>Separator</name>
        <dataType>String</dataType>
        <isCollection>false</isCollection>
        <isInput>false</isInput>
        <isOutput>false</isOutput>
        <value>
            <stringValue>·</stringValue>
        </value>
    </variables>
    <variables>
        <description>Opportunity Team value</description>
        <name>Team</name>
        <dataType>String</dataType>
        <isCollection>false</isCollection>
        <isInput>true</isInput>
        <isOutput>false</isOutput>
    </variables>
    <variables>
        <description>Account Teams value</description>
        <name>Teams</name>
        <dataType>String</dataType>
        <isCollection>false</isCollection>
        <isInput>true</isInput>
        <isOutput>false</isOutput>
    </variables>
</Flow>
