<?xml version="1.0" encoding="UTF-8"?>
<Flow xmlns="http://soap.sforce.com/2006/04/metadata">
    <apiVersion>63.0</apiVersion>
    <assignments>
        <description>to &quot;Llama - [account name]&quot;</description>
        <name>Default_Opp_name</name>
        <label>Default Opp name</label>
        <locationX>50</locationX>
        <locationY>395</locationY>
        <assignmentItems>
            <assignToReference>$Record.Name</assignToReference>
            <operator>Assign</operator>
            <value>
                <elementReference>LlamaDefaultOppName</elementReference>
            </value>
        </assignmentItems>
        <connector>
            <targetReference>Is_Blocked_is_True_and_Date_Blocked_is_blank</targetReference>
        </connector>
    </assignments>
    <assignments>
        <name>Set_Date_Blocked_as_Today</name>
        <label>Set &apos;Date Blocked&apos; as Today</label>
        <locationX>50</locationX>
        <locationY>695</locationY>
        <assignmentItems>
            <assignToReference>$Record.Date_Blocked__c</assignToReference>
            <operator>Assign</operator>
            <value>
                <elementReference>$Flow.CurrentDate</elementReference>
            </value>
        </assignmentItems>
    </assignments>
    <decisions>
        <description>Checks if &apos;Is Blocked&apos; is set to True and &apos;Date Blocked&apos; is blank</description>
        <name>Is_Blocked_is_True_and_Date_Blocked_is_blank</name>
        <label>&apos;Is Blocked&apos; is True and &apos;Date Blocked&apos; is blank</label>
        <locationX>182</locationX>
        <locationY>587</locationY>
        <defaultConnectorLabel>No</defaultConnectorLabel>
        <rules>
            <name>Yes</name>
            <conditionLogic>and</conditionLogic>
            <conditions>
                <leftValueReference>$Record.Is_Blocked__c</leftValueReference>
                <operator>EqualTo</operator>
                <rightValue>
                    <booleanValue>true</booleanValue>
                </rightValue>
            </conditions>
            <conditions>
                <leftValueReference>$Record.Date_Blocked__c</leftValueReference>
                <operator>IsBlank</operator>
                <rightValue>
                    <booleanValue>true</booleanValue>
                </rightValue>
            </conditions>
            <connector>
                <targetReference>Set_Date_Blocked_as_Today</targetReference>
            </connector>
            <label>Yes</label>
        </rules>
    </decisions>
    <decisions>
        <name>is_new_Opp</name>
        <label>is new Opp?</label>
        <locationX>182</locationX>
        <locationY>287</locationY>
        <defaultConnector>
            <targetReference>Is_Blocked_is_True_and_Date_Blocked_is_blank</targetReference>
        </defaultConnector>
        <defaultConnectorLabel>Default Outcome</defaultConnectorLabel>
        <rules>
            <name>Outcome_1_of_Decision_2</name>
            <conditionLogic>and</conditionLogic>
            <conditions>
                <leftValueReference>isNewOpp</leftValueReference>
                <operator>EqualTo</operator>
                <rightValue>
                    <booleanValue>true</booleanValue>
                </rightValue>
            </conditions>
            <connector>
                <targetReference>Default_Opp_name</targetReference>
            </connector>
            <label>Outcome 1 of Decision 2</label>
        </rules>
    </decisions>
    <description>T216669439 - Updates &apos;Date Blocked&apos; value as Today, if &apos;Is Blocked&apos; is set to True and &apos;Date Blocked&apos; is blank.
T219749957- Default Opp Name to &quot;Llama - [account name]&quot;</description>
    <environments>Default</environments>
    <formulas>
        <name>isNewOpp</name>
        <dataType>Boolean</dataType>
        <expression>isnew()</expression>
    </formulas>
    <formulas>
        <name>LlamaDefaultOppName</name>
        <dataType>String</dataType>
        <expression>&quot;LlamaX&quot; &amp;&quot; - &quot;&amp; {!$Record.Account.Name}</expression>
    </formulas>
    <interviewLabel>LlamaX {!$Flow.CurrentDateTime}</interviewLabel>
    <label>LlamaX Update Opportunity Date Blocked on Create/Update &amp; Name on create</label>
    <processMetadataValues>
        <name>BuilderType</name>
        <value>
            <stringValue>LightningFlowBuilder</stringValue>
        </value>
    </processMetadataValues>
    <processMetadataValues>
        <name>CanvasMode</name>
        <value>
            <stringValue>AUTO_LAYOUT_CANVAS</stringValue>
        </value>
    </processMetadataValues>
    <processMetadataValues>
        <name>OriginBuilderType</name>
        <value>
            <stringValue>LightningFlowBuilder</stringValue>
        </value>
    </processMetadataValues>
    <processType>AutoLaunchedFlow</processType>
    <start>
        <locationX>56</locationX>
        <locationY>0</locationY>
        <connector>
            <targetReference>is_new_Opp</targetReference>
        </connector>
        <filterFormula>{!$Record.RecordType.DeveloperName}=&quot;LlamaX&quot;</filterFormula>
        <object>Opportunity</object>
        <recordTriggerType>CreateAndUpdate</recordTriggerType>
        <triggerType>RecordBeforeSave</triggerType>
    </start>
    <status>Active</status>
</Flow>
