<?xml version="1.0" encoding="UTF-8"?>
<Flow xmlns="http://soap.sforce.com/2006/04/metadata">
    <apiVersion>63.0</apiVersion>
    <description>T216659712 - The screen flow to show the Account records</description>
    <environments>Default</environments>
    <interviewLabel>LlamaX Account Summary {!$Flow.CurrentDateTime}</interviewLabel>
    <label>LlamaX Account Summary</label>
    <processMetadataValues>
        <name>BuilderType</name>
        <value>
            <stringValue>LightningFlowBuilder</stringValue>
        </value>
    </processMetadataValues>
    <processMetadataValues>
        <name>CanvasMode</name>
        <value>
            <stringValue>AUTO_LAYOUT_CANVAS</stringValue>
        </value>
    </processMetadataValues>
    <processMetadataValues>
        <name>OriginBuilderType</name>
        <value>
            <stringValue>LightningFlowBuilder</stringValue>
        </value>
    </processMetadataValues>
    <processType>Flow</processType>
    <recordLookups>
        <description>Get the Account records</description>
        <name>Get_Accounts</name>
        <label>Get Accounts</label>
        <locationX>176</locationX>
        <locationY>134</locationY>
        <assignNullValuesIfNoRecordsFound>false</assignNullValuesIfNoRecordsFound>
        <connector>
            <targetReference>Accounts_Summary_Screen</targetReference>
        </connector>
        <filterLogic>and</filterLogic>
        <filters>
            <field>Has_LlamaX_Opportunity__c</field>
            <operator>EqualTo</operator>
            <value>
                <booleanValue>true</booleanValue>
            </value>
        </filters>
        <getFirstRecordOnly>false</getFirstRecordOnly>
        <object>Account</object>
        <queriedFields>Id</queriedFields>
        <queriedFields>Name</queriedFields>
        <queriedFields>of_open_Opportunities__c</queriedFields>
        <queriedFields>Organizations__c</queriedFields>
        <queriedFields>OwnerId</queriedFields>
        <sortField>of_open_Opportunities__c</sortField>
        <sortOrder>Desc</sortOrder>
        <storeOutputAutomatically>true</storeOutputAutomatically>
    </recordLookups>
    <screens>
        <description>Accounts Summary Screen</description>
        <name>Accounts_Summary_Screen</name>
        <label>Accounts Summary Screen</label>
        <locationX>176</locationX>
        <locationY>242</locationY>
        <allowBack>true</allowBack>
        <allowFinish>true</allowFinish>
        <allowPause>true</allowPause>
        <fields>
            <name>Title</name>
            <fieldText>&lt;p&gt;&lt;strong style=&quot;font-size: 22px;&quot;&gt;Accounts&lt;/strong&gt;&lt;/p&gt;</fieldText>
            <fieldType>DisplayText</fieldType>
        </fields>
        <fields>
            <name>AccountsDatatable</name>
            <dataTypeMappings>
                <typeName>T</typeName>
                <typeValue>Account</typeValue>
            </dataTypeMappings>
            <extensionName>c:datatable</extensionName>
            <fieldType>ComponentInstance</fieldType>
            <inputParameters>
                <name>objectName</name>
                <value>
                    <stringValue>Account</stringValue>
                </value>
            </inputParameters>
            <inputParameters>
                <name>tableData</name>
                <value>
                    <elementReference>Get_Accounts</elementReference>
                </value>
            </inputParameters>
            <inputParameters>
                <name>isDisplayHeader</name>
                <value>
                    <booleanValue>true</booleanValue>
                </value>
            </inputParameters>
            <inputParameters>
                <name>cb_isDisplayHeader</name>
                <value>
                    <stringValue>CB_TRUE</stringValue>
                </value>
            </inputParameters>
            <inputParameters>
                <name>tableLabel</name>
                <value>
                    <stringValue> </stringValue>
                </value>
            </inputParameters>
            <inputParameters>
                <name>showPagination</name>
                <value>
                    <booleanValue>true</booleanValue>
                </value>
            </inputParameters>
            <inputParameters>
                <name>cb_showPagination</name>
                <value>
                    <stringValue>CB_TRUE</stringValue>
                </value>
            </inputParameters>
            <inputParameters>
                <name>showRowNumbers</name>
                <value>
                    <booleanValue>true</booleanValue>
                </value>
            </inputParameters>
            <inputParameters>
                <name>cb_showRowNumbers</name>
                <value>
                    <stringValue>CB_TRUE</stringValue>
                </value>
            </inputParameters>
            <inputParameters>
                <name>showRecordCount</name>
                <value>
                    <booleanValue>true</booleanValue>
                </value>
            </inputParameters>
            <inputParameters>
                <name>cb_showRecordCount</name>
                <value>
                    <stringValue>CB_TRUE</stringValue>
                </value>
            </inputParameters>
            <inputParameters>
                <name>isShowSearchBar</name>
                <value>
                    <booleanValue>true</booleanValue>
                </value>
            </inputParameters>
            <inputParameters>
                <name>cb_isShowSearchBar</name>
                <value>
                    <stringValue>CB_TRUE</stringValue>
                </value>
            </inputParameters>
            <inputParameters>
                <name>hideCheckboxColumn</name>
                <value>
                    <booleanValue>true</booleanValue>
                </value>
            </inputParameters>
            <inputParameters>
                <name>cb_hideCheckboxColumn</name>
                <value>
                    <stringValue>CB_TRUE</stringValue>
                </value>
            </inputParameters>
            <inputParameters>
                <name>cb_isRequired</name>
                <value>
                    <stringValue>CB_FALSE</stringValue>
                </value>
            </inputParameters>
            <inputParameters>
                <name>cb_singleRowSelection</name>
                <value>
                    <stringValue>CB_FALSE</stringValue>
                </value>
            </inputParameters>
            <inputParameters>
                <name>cb_showSelectedCount</name>
                <value>
                    <stringValue>CB_FALSE</stringValue>
                </value>
            </inputParameters>
            <inputParameters>
                <name>cb_isCaseInsensitiveSort</name>
                <value>
                    <stringValue>CB_TRUE</stringValue>
                </value>
            </inputParameters>
            <inputParameters>
                <name>isCaseInsensitiveSort</name>
                <value>
                    <booleanValue>true</booleanValue>
                </value>
            </inputParameters>
            <inputParameters>
                <name>cb_suppressBottomBar</name>
                <value>
                    <stringValue>CB_FALSE</stringValue>
                </value>
            </inputParameters>
            <inputParameters>
                <name>cb_navigateNextOnSave</name>
                <value>
                    <stringValue>CB_FALSE</stringValue>
                </value>
            </inputParameters>
            <inputParameters>
                <name>columnFields</name>
                <value>
                    <stringValue>Name,of_open_Opportunities__c,Organizations__c</stringValue>
                </value>
            </inputParameters>
            <inputParameters>
                <name>columnFilters</name>
                <value>
                    <stringValue>All</stringValue>
                </value>
            </inputParameters>
            <inputParameters>
                <name>columnFlexes</name>
                <value>
                    <stringValue>All</stringValue>
                </value>
            </inputParameters>
            <inputParameters>
                <name>columnLabels</name>
                <value>
                    <stringValue>Name:Name, of_open_Opportunities__c:# Open Oppty, OwnerId:Owner</stringValue>
                </value>
            </inputParameters>
            <inputParameters>
                <name>columnWidths</name>
                <value>
                    <stringValue>Name:0, of_open_Opportunities__c:0, Organizations__c:0</stringValue>
                </value>
            </inputParameters>
            <inputParameters>
                <name>recordsPerPage</name>
                <value>
                    <numberValue>25.0</numberValue>
                </value>
            </inputParameters>
            <inputParameters>
                <name>tableIcon</name>
                <value>
                    <stringValue>standard:account</stringValue>
                </value>
            </inputParameters>
            <inputsOnNextNavToAssocScrn>UseStoredValues</inputsOnNextNavToAssocScrn>
            <isRequired>true</isRequired>
            <storeOutputAutomatically>true</storeOutputAutomatically>
        </fields>
        <showFooter>false</showFooter>
        <showHeader>false</showHeader>
    </screens>
    <start>
        <locationX>50</locationX>
        <locationY>0</locationY>
        <connector>
            <targetReference>Get_Accounts</targetReference>
        </connector>
    </start>
    <status>Active</status>
    <variables>
        <name>myTeamFilter</name>
        <dataType>String</dataType>
        <isCollection>false</isCollection>
        <isInput>false</isInput>
        <isOutput>false</isOutput>
    </variables>
</Flow>
