<?xml version="1.0" encoding="UTF-8"?>
<Flow xmlns="http://soap.sforce.com/2006/04/metadata">
    <apiVersion>63.0</apiVersion>
    <assignments>
        <name>Assign_Count</name>
        <label>Assign Count</label>
        <locationX>314</locationX>
        <locationY>539</locationY>
        <assignmentItems>
            <assignToReference>ImpCount</assignToReference>
            <operator>AssignCount</operator>
            <value>
                <elementReference>OpenImpl</elementReference>
            </value>
        </assignmentItems>
        <connector>
            <targetReference>Check_if_the_Count_Changed</targetReference>
        </connector>
    </assignments>
    <decisions>
        <name>Check_if_Feedback_Fields_are_Updated</name>
        <label>Check if Feedback Fields are Updated</label>
        <locationX>314</locationX>
        <locationY>947</locationY>
        <defaultConnectorLabel>Default Outcome</defaultConnectorLabel>
        <rules>
            <name>If_Feedback_Fields_are_Updated</name>
            <conditionLogic>or</conditionLogic>
            <conditions>
                <leftValueReference>$Record.Business_Feedback__c</leftValueReference>
                <operator>IsChanged</operator>
                <rightValue>
                    <booleanValue>true</booleanValue>
                </rightValue>
            </conditions>
            <conditions>
                <leftValueReference>$Record.Technical_Feedback__c</leftValueReference>
                <operator>IsChanged</operator>
                <rightValue>
                    <booleanValue>true</booleanValue>
                </rightValue>
            </conditions>
            <connector>
                <targetReference>Update_LastFeedbackUpdatedDate</targetReference>
            </connector>
            <label>If Feedback Fields are Updated</label>
        </rules>
    </decisions>
    <decisions>
        <name>Check_if_the_Count_Changed</name>
        <label>Check if the Count Changed?</label>
        <locationX>314</locationX>
        <locationY>647</locationY>
        <defaultConnector>
            <targetReference>Check_if_Feedback_Fields_are_Updated</targetReference>
        </defaultConnector>
        <defaultConnectorLabel>Default Outcome</defaultConnectorLabel>
        <rules>
            <name>Positive_Count</name>
            <conditionLogic>and</conditionLogic>
            <conditions>
                <leftValueReference>$Record.Account__r.Open_Implementations__c</leftValueReference>
                <operator>EqualTo</operator>
                <rightValue>
                    <booleanValue>false</booleanValue>
                </rightValue>
            </conditions>
            <conditions>
                <leftValueReference>ImpCount</leftValueReference>
                <operator>GreaterThanOrEqualTo</operator>
                <rightValue>
                    <numberValue>1.0</numberValue>
                </rightValue>
            </conditions>
            <connector>
                <targetReference>Update_Flag_to_True</targetReference>
            </connector>
            <label>Positive Count</label>
        </rules>
        <rules>
            <name>Zero_Count</name>
            <conditionLogic>and</conditionLogic>
            <conditions>
                <leftValueReference>$Record.Account__r.Open_Implementations__c</leftValueReference>
                <operator>EqualTo</operator>
                <rightValue>
                    <booleanValue>true</booleanValue>
                </rightValue>
            </conditions>
            <conditions>
                <leftValueReference>ImpCount</leftValueReference>
                <operator>EqualTo</operator>
                <rightValue>
                    <numberValue>0.0</numberValue>
                </rightValue>
            </conditions>
            <connector>
                <targetReference>Update_Flag_to_False</targetReference>
            </connector>
            <label>Zero Count</label>
        </rules>
    </decisions>
    <decisions>
        <name>Status_Updated</name>
        <label>Status Updated?</label>
        <locationX>622</locationX>
        <locationY>323</locationY>
        <defaultConnectorLabel>Default Outcome</defaultConnectorLabel>
        <rules>
            <name>Status_Update</name>
            <conditionLogic>(1 OR 2) AND 3</conditionLogic>
            <conditions>
                <leftValueReference>$Record.Status__c</leftValueReference>
                <operator>IsChanged</operator>
                <rightValue>
                    <booleanValue>true</booleanValue>
                </rightValue>
            </conditions>
            <conditions>
                <leftValueReference>isNew</leftValueReference>
                <operator>EqualTo</operator>
                <rightValue>
                    <booleanValue>true</booleanValue>
                </rightValue>
            </conditions>
            <conditions>
                <leftValueReference>$Record.Account__c</leftValueReference>
                <operator>IsNull</operator>
                <rightValue>
                    <booleanValue>false</booleanValue>
                </rightValue>
            </conditions>
            <connector>
                <targetReference>Get_Related_Llama_Implementations</targetReference>
            </connector>
            <label>Status Update</label>
        </rules>
        <rules>
            <name>Update_Last_Feedback_Updated_Date</name>
            <conditionLogic>or</conditionLogic>
            <conditions>
                <leftValueReference>$Record.Business_Feedback__c</leftValueReference>
                <operator>IsChanged</operator>
                <rightValue>
                    <booleanValue>true</booleanValue>
                </rightValue>
            </conditions>
            <conditions>
                <leftValueReference>$Record.Technical_Feedback__c</leftValueReference>
                <operator>IsChanged</operator>
                <rightValue>
                    <booleanValue>true</booleanValue>
                </rightValue>
            </conditions>
            <connector>
                <targetReference>Update_LastFeedbackUpdatedDate</targetReference>
            </connector>
            <label>Update Last Feedback Updated Date</label>
        </rules>
    </decisions>
    <description>T220108904; T220523910</description>
    <environments>Default</environments>
    <formulas>
        <name>isNew</name>
        <dataType>Boolean</dataType>
        <expression>isNEW()</expression>
    </formulas>
    <formulas>
        <name>TODAY</name>
        <dataType>Date</dataType>
        <expression>TODAY()</expression>
    </formulas>
    <interviewLabel>LlamaX-Account on Implementation Update {!$Flow.CurrentDateTime}</interviewLabel>
    <label>LlamaX-Account on Implementation Update</label>
    <processMetadataValues>
        <name>BuilderType</name>
        <value>
            <stringValue>LightningFlowBuilder</stringValue>
        </value>
    </processMetadataValues>
    <processMetadataValues>
        <name>CanvasMode</name>
        <value>
            <stringValue>AUTO_LAYOUT_CANVAS</stringValue>
        </value>
    </processMetadataValues>
    <processMetadataValues>
        <name>OriginBuilderType</name>
        <value>
            <stringValue>LightningFlowBuilder</stringValue>
        </value>
    </processMetadataValues>
    <processType>AutoLaunchedFlow</processType>
    <recordLookups>
        <name>Get_Related_Llama_Implementations</name>
        <label>Get Related Llama Implementations</label>
        <locationX>314</locationX>
        <locationY>431</locationY>
        <assignNullValuesIfNoRecordsFound>false</assignNullValuesIfNoRecordsFound>
        <connector>
            <targetReference>Assign_Count</targetReference>
        </connector>
        <filterLogic>and</filterLogic>
        <filters>
            <field>Account__c</field>
            <operator>EqualTo</operator>
            <value>
                <elementReference>$Record.Account__c</elementReference>
            </value>
        </filters>
        <filters>
            <field>Status__c</field>
            <operator>EqualTo</operator>
            <value>
                <stringValue>In Progress</stringValue>
            </value>
        </filters>
        <object>Implementations__c</object>
        <outputReference>OpenImpl</outputReference>
        <queriedFields>Id</queriedFields>
    </recordLookups>
    <recordUpdates>
        <name>Update_Flag_to_False</name>
        <label>Update Flag to False</label>
        <locationX>314</locationX>
        <locationY>755</locationY>
        <connector>
            <targetReference>Check_if_Feedback_Fields_are_Updated</targetReference>
        </connector>
        <filterLogic>and</filterLogic>
        <filters>
            <field>Id</field>
            <operator>EqualTo</operator>
            <value>
                <elementReference>$Record.Account__c</elementReference>
            </value>
        </filters>
        <inputAssignments>
            <field>Open_Implementations__c</field>
            <value>
                <booleanValue>false</booleanValue>
            </value>
        </inputAssignments>
        <object>Account</object>
    </recordUpdates>
    <recordUpdates>
        <name>Update_Flag_to_True</name>
        <label>Update Flag to True</label>
        <locationX>50</locationX>
        <locationY>755</locationY>
        <connector>
            <targetReference>Check_if_Feedback_Fields_are_Updated</targetReference>
        </connector>
        <filterLogic>and</filterLogic>
        <filters>
            <field>Id</field>
            <operator>EqualTo</operator>
            <value>
                <elementReference>$Record.Account__c</elementReference>
            </value>
        </filters>
        <inputAssignments>
            <field>Open_Implementations__c</field>
            <value>
                <booleanValue>true</booleanValue>
            </value>
        </inputAssignments>
        <object>Account</object>
    </recordUpdates>
    <recordUpdates>
        <name>Update_LastFeedbackUpdatedDate</name>
        <label>Update Last Feedback Updated Date</label>
        <locationX>622</locationX>
        <locationY>1331</locationY>
        <filterLogic>and</filterLogic>
        <filters>
            <field>Last_Feedback_Updated_Date__c</field>
            <operator>NotEqualTo</operator>
            <value>
                <elementReference>TODAY</elementReference>
            </value>
        </filters>
        <inputAssignments>
            <field>Last_Feedback_Updated_Date__c</field>
            <value>
                <elementReference>TODAY</elementReference>
            </value>
        </inputAssignments>
        <inputReference>$Record</inputReference>
    </recordUpdates>
    <start>
        <locationX>496</locationX>
        <locationY>0</locationY>
        <connector>
            <targetReference>Status_Updated</targetReference>
        </connector>
        <object>Implementations__c</object>
        <recordTriggerType>CreateAndUpdate</recordTriggerType>
        <triggerType>RecordAfterSave</triggerType>
    </start>
    <status>Active</status>
    <variables>
        <name>ImpCount</name>
        <dataType>Number</dataType>
        <isCollection>false</isCollection>
        <isInput>false</isInput>
        <isOutput>false</isOutput>
        <scale>0</scale>
    </variables>
    <variables>
        <name>OpenImpl</name>
        <dataType>SObject</dataType>
        <isCollection>true</isCollection>
        <isInput>false</isInput>
        <isOutput>false</isOutput>
        <objectType>Implementations__c</objectType>
    </variables>
</Flow>
