<?xml version="1.0" encoding="UTF-8"?>
<Flow xmlns="http://soap.sforce.com/2006/04/metadata">
    <apiVersion>63.0</apiVersion>
    <decisions>
        <description>Check if the Opportunity has the Account</description>
        <name>Opportunity_has_Account</name>
        <label>Opportunity has Account</label>
        <locationX>374</locationX>
        <locationY>431</locationY>
        <defaultConnector>
            <targetReference>Update_Account</targetReference>
        </defaultConnector>
        <defaultConnectorLabel>Yes</defaultConnectorLabel>
        <rules>
            <name>No_Account</name>
            <conditionLogic>and</conditionLogic>
            <conditions>
                <leftValueReference>$Record.AccountId</leftValueReference>
                <operator>IsNull</operator>
                <rightValue>
                    <booleanValue>true</booleanValue>
                </rightValue>
            </conditions>
            <connector>
                <targetReference>Opportunity_has_Partner_Account</targetReference>
            </connector>
            <label>No</label>
        </rules>
    </decisions>
    <decisions>
        <description>Check if the Opportunity has the Organization or Team</description>
        <name>Opportunity_has_Organization_or_Team</name>
        <label>Opportunity has Organization or Team</label>
        <locationX>176</locationX>
        <locationY>323</locationY>
        <defaultConnector>
            <targetReference>Opportunity_has_Account</targetReference>
        </defaultConnector>
        <defaultConnectorLabel>Yes</defaultConnectorLabel>
        <rules>
            <name>No</name>
            <conditionLogic>and</conditionLogic>
            <conditions>
                <leftValueReference>$Record.Organization__c</leftValueReference>
                <operator>IsNull</operator>
                <rightValue>
                    <booleanValue>true</booleanValue>
                </rightValue>
            </conditions>
            <conditions>
                <leftValueReference>$Record.Team__c</leftValueReference>
                <operator>IsNull</operator>
                <rightValue>
                    <booleanValue>true</booleanValue>
                </rightValue>
            </conditions>
            <label>No</label>
        </rules>
    </decisions>
    <decisions>
        <description>Check if the Opportunity has the Partner Account</description>
        <name>Opportunity_has_Partner_Account</name>
        <label>Opportunity has Partner Account</label>
        <locationX>374</locationX>
        <locationY>731</locationY>
        <defaultConnector>
            <targetReference>Update_Partner_Account</targetReference>
        </defaultConnector>
        <defaultConnectorLabel>Yes</defaultConnectorLabel>
        <rules>
            <name>No_Partner_Account</name>
            <conditionLogic>and</conditionLogic>
            <conditions>
                <leftValueReference>$Record.PartnerAccountId</leftValueReference>
                <operator>IsNull</operator>
                <rightValue>
                    <booleanValue>true</booleanValue>
                </rightValue>
            </conditions>
            <label>No</label>
        </rules>
    </decisions>
    <description>T217547997 - The Flow adds the Organization and Team values from the Opportunity to the related Account&apos;s and Partner Account&apos;s relevant fields.</description>
    <environments>Default</environments>
    <interviewLabel>LlamaX Add Organization and Team to Account {!$Flow.CurrentDateTime}</interviewLabel>
    <label>LlamaX Add Organization and Team to Account - Main flow</label>
    <processMetadataValues>
        <name>BuilderType</name>
        <value>
            <stringValue>LightningFlowBuilder</stringValue>
        </value>
    </processMetadataValues>
    <processMetadataValues>
        <name>CanvasMode</name>
        <value>
            <stringValue>AUTO_LAYOUT_CANVAS</stringValue>
        </value>
    </processMetadataValues>
    <processMetadataValues>
        <name>OriginBuilderType</name>
        <value>
            <stringValue>LightningFlowBuilder</stringValue>
        </value>
    </processMetadataValues>
    <processType>AutoLaunchedFlow</processType>
    <start>
        <locationX>50</locationX>
        <locationY>0</locationY>
        <connector>
            <targetReference>Opportunity_has_Organization_or_Team</targetReference>
        </connector>
        <filterFormula>AND(
	{!$Record.RecordType.DeveloperName} = &quot;LlamaX&quot;,
	{!$Record.IsClosed} = false,
	OR(
		ISNEW(),
		ISCHANGED({!$Record.AccountId}),
		ISCHANGED({!$Record.Organization__c}),
		ISCHANGED({!$Record.Team__c})
	)
)</filterFormula>
        <object>Opportunity</object>
        <recordTriggerType>CreateAndUpdate</recordTriggerType>
        <triggerType>RecordAfterSave</triggerType>
    </start>
    <status>Active</status>
    <subflows>
        <description>Add the Organization and Team values to the Account</description>
        <name>Update_Account</name>
        <label>Update Account</label>
        <locationX>462</locationX>
        <locationY>539</locationY>
        <connector>
            <targetReference>Opportunity_has_Partner_Account</targetReference>
        </connector>
        <flowName>LlamaX_Add_Organization_and_Team_to_Account_Subflow</flowName>
        <inputAssignments>
            <name>AccountId</name>
            <value>
                <elementReference>$Record.AccountId</elementReference>
            </value>
        </inputAssignments>
        <inputAssignments>
            <name>Organization</name>
            <value>
                <elementReference>$Record.Organization__c</elementReference>
            </value>
        </inputAssignments>
        <inputAssignments>
            <name>Organizations</name>
            <value>
                <elementReference>$Record.Account.Organizations__c</elementReference>
            </value>
        </inputAssignments>
        <inputAssignments>
            <name>Team</name>
            <value>
                <elementReference>$Record.Team__c</elementReference>
            </value>
        </inputAssignments>
        <inputAssignments>
            <name>Teams</name>
            <value>
                <elementReference>$Record.Account.Teams__c</elementReference>
            </value>
        </inputAssignments>
        <storeOutputAutomatically>true</storeOutputAutomatically>
    </subflows>
    <subflows>
        <description>Add the Organization and Team values to the Partner Account</description>
        <name>Update_Partner_Account</name>
        <label>Update Partner Account</label>
        <locationX>506</locationX>
        <locationY>839</locationY>
        <flowName>LlamaX_Add_Organization_and_Team_to_Account_Subflow</flowName>
        <inputAssignments>
            <name>AccountId</name>
            <value>
                <elementReference>$Record.PartnerAccountId</elementReference>
            </value>
        </inputAssignments>
        <inputAssignments>
            <name>Organization</name>
            <value>
                <elementReference>$Record.Organization__c</elementReference>
            </value>
        </inputAssignments>
        <inputAssignments>
            <name>Organizations</name>
            <value>
                <elementReference>$Record.PartnerAccount.Organizations__c</elementReference>
            </value>
        </inputAssignments>
        <inputAssignments>
            <name>Team</name>
            <value>
                <elementReference>$Record.Team__c</elementReference>
            </value>
        </inputAssignments>
        <inputAssignments>
            <name>Teams</name>
            <value>
                <elementReference>$Record.PartnerAccount.Teams__c</elementReference>
            </value>
        </inputAssignments>
        <storeOutputAutomatically>true</storeOutputAutomatically>
    </subflows>
</Flow>
