<?xml version="1.0" encoding="UTF-8"?>
<Flow xmlns="http://soap.sforce.com/2006/04/metadata">
    <apiVersion>64.0</apiVersion>
    <assignments>
        <name>default_Name</name>
        <label>default Name</label>
        <locationX>0</locationX>
        <locationY>0</locationY>
        <assignmentItems>
            <assignToReference>$Record.Name</assignToReference>
            <operator>Assign</operator>
            <value>
                <elementReference>DefaultRecordName</elementReference>
            </value>
        </assignmentItems>
        <connector>
            <targetReference>does_a_child_record_already_exist</targetReference>
        </connector>
    </assignments>
    <customErrors>
        <name>Checklist_record_already_exists</name>
        <label>Checklist record already exists</label>
        <locationX>0</locationX>
        <locationY>0</locationY>
        <customErrorMessages>
            <errorMessage>Llama checklist already exists for this Opportunity, please use this existing record to make changes: {!does_a_child_record_already_exist.Name}</errorMessage>
            <isFieldError>false</isFieldError>
        </customErrorMessages>
    </customErrors>
    <decisions>
        <name>existing_record_found</name>
        <label>existing record found?</label>
        <locationX>0</locationX>
        <locationY>0</locationY>
        <defaultConnectorLabel>Default Outcome</defaultConnectorLabel>
        <rules>
            <name>Yes</name>
            <conditionLogic>and</conditionLogic>
            <conditions>
                <leftValueReference>does_a_child_record_already_exist.Id</leftValueReference>
                <operator>IsNull</operator>
                <rightValue>
                    <booleanValue>false</booleanValue>
                </rightValue>
            </conditions>
            <connector>
                <targetReference>Checklist_record_already_exists</targetReference>
            </connector>
            <label>Yes</label>
        </rules>
    </decisions>
    <description>T228922356</description>
    <environments>Default</environments>
    <formulas>
        <name>DefaultRecordName</name>
        <dataType>String</dataType>
        <expression>&quot;Opportunity Checklist for &quot; &amp;&quot;&quot;&amp; {!$Record.Opportunity__r.Account.Name}</expression>
    </formulas>
    <interviewLabel>LlamaX Opp Checklist Before create {!$Flow.CurrentDateTime}</interviewLabel>
    <label>LlamaX Opp Checklist Before create</label>
    <processMetadataValues>
        <name>BuilderType</name>
        <value>
            <stringValue>LightningFlowBuilder</stringValue>
        </value>
    </processMetadataValues>
    <processMetadataValues>
        <name>CanvasMode</name>
        <value>
            <stringValue>AUTO_LAYOUT_CANVAS</stringValue>
        </value>
    </processMetadataValues>
    <processMetadataValues>
        <name>OriginBuilderType</name>
        <value>
            <stringValue>LightningFlowBuilder</stringValue>
        </value>
    </processMetadataValues>
    <processType>AutoLaunchedFlow</processType>
    <recordLookups>
        <name>does_a_child_record_already_exist</name>
        <label>does a child record already exist?</label>
        <locationX>0</locationX>
        <locationY>0</locationY>
        <assignNullValuesIfNoRecordsFound>false</assignNullValuesIfNoRecordsFound>
        <connector>
            <targetReference>existing_record_found</targetReference>
        </connector>
        <filterLogic>and</filterLogic>
        <filters>
            <field>Opportunity__c</field>
            <operator>EqualTo</operator>
            <value>
                <elementReference>$Record.Opportunity__c</elementReference>
            </value>
        </filters>
        <getFirstRecordOnly>true</getFirstRecordOnly>
        <object>Opportunity_Checklist__c</object>
        <queriedFields>Id</queriedFields>
        <queriedFields>Name</queriedFields>
        <storeOutputAutomatically>true</storeOutputAutomatically>
    </recordLookups>
    <start>
        <locationX>0</locationX>
        <locationY>0</locationY>
        <connector>
            <targetReference>default_Name</targetReference>
        </connector>
        <object>Opportunity_Checklist__c</object>
        <recordTriggerType>Create</recordTriggerType>
        <triggerType>RecordBeforeSave</triggerType>
    </start>
    <status>Draft</status>
</Flow>
