<?xml version="1.0" encoding="UTF-8"?>
<Flow xmlns="http://soap.sforce.com/2006/04/metadata">
    <apiVersion>63.0</apiVersion>
    <decisions>
        <description>T216659719 - Check if and Account Team Member exists</description>
        <name>Account_Team_Member_found</name>
        <label>Account Team Member found</label>
        <locationX>308</locationX>
        <locationY>503</locationY>
        <defaultConnector>
            <targetReference>Update_Opportunity_fields</targetReference>
        </defaultConnector>
        <defaultConnectorLabel>Found</defaultConnectorLabel>
        <rules>
            <name>Not_found</name>
            <conditionLogic>and</conditionLogic>
            <conditions>
                <leftValueReference>Get_Account_Team_Member_for_Opportunity_Lead</leftValueReference>
                <operator>IsNull</operator>
                <rightValue>
                    <booleanValue>true</booleanValue>
                </rightValue>
            </conditions>
            <label>Not found</label>
        </rules>
    </decisions>
    <decisions>
        <description>Check if the Opportunity record has the Lead and the Account</description>
        <name>Opportunity_has_Lead_and_Account</name>
        <label>Opportunity has Lead and Account</label>
        <locationX>176</locationX>
        <locationY>287</locationY>
        <defaultConnector>
            <targetReference>Get_Account_Team_Member_for_Opportunity_Lead</targetReference>
        </defaultConnector>
        <defaultConnectorLabel>Yes</defaultConnectorLabel>
        <rules>
            <name>No</name>
            <conditionLogic>or</conditionLogic>
            <conditions>
                <leftValueReference>$Record.OwnerId</leftValueReference>
                <operator>IsNull</operator>
                <rightValue>
                    <booleanValue>true</booleanValue>
                </rightValue>
            </conditions>
            <conditions>
                <leftValueReference>$Record.AccountId</leftValueReference>
                <operator>IsNull</operator>
                <rightValue>
                    <booleanValue>true</booleanValue>
                </rightValue>
            </conditions>
            <label>No</label>
        </rules>
    </decisions>
    <description>T216659719 - The flow updates the Opportunity&apos;s Organization and Team fields when the Opportunity Owner is part of the related Account Team [April 5 - Must be active team member]
T220687431- removing the clear Opp field node</description>
    <environments>Default</environments>
    <interviewLabel>LlamaX Update Opportunity Organization and Team {!$Flow.CurrentDateTime}</interviewLabel>
    <label>LlamaX Update Opportunity Organization and Team</label>
    <processMetadataValues>
        <name>BuilderType</name>
        <value>
            <stringValue>LightningFlowBuilder</stringValue>
        </value>
    </processMetadataValues>
    <processMetadataValues>
        <name>CanvasMode</name>
        <value>
            <stringValue>AUTO_LAYOUT_CANVAS</stringValue>
        </value>
    </processMetadataValues>
    <processMetadataValues>
        <name>OriginBuilderType</name>
        <value>
            <stringValue>LightningFlowBuilder</stringValue>
        </value>
    </processMetadataValues>
    <processType>AutoLaunchedFlow</processType>
    <recordLookups>
        <description>Retrieve the Account Team Member record related to the Opportunity where the Lead is part of the Account Team</description>
        <name>Get_Account_Team_Member_for_Opportunity_Lead</name>
        <label>Get Account Team Member for Opportunity Lead</label>
        <locationX>308</locationX>
        <locationY>395</locationY>
        <assignNullValuesIfNoRecordsFound>false</assignNullValuesIfNoRecordsFound>
        <connector>
            <targetReference>Account_Team_Member_found</targetReference>
        </connector>
        <filterLogic>and</filterLogic>
        <filters>
            <field>Account_id_18__c</field>
            <operator>EqualTo</operator>
            <value>
                <elementReference>$Record.Account.Id</elementReference>
            </value>
        </filters>
        <filters>
            <field>User__c</field>
            <operator>EqualTo</operator>
            <value>
                <elementReference>$Record.OwnerId</elementReference>
            </value>
        </filters>
        <filters>
            <field>IsActive__c</field>
            <operator>EqualTo</operator>
            <value>
                <booleanValue>true</booleanValue>
            </value>
        </filters>
        <getFirstRecordOnly>true</getFirstRecordOnly>
        <object>Brand_Team_Member__c</object>
        <storeOutputAutomatically>true</storeOutputAutomatically>
    </recordLookups>
    <recordUpdates>
        <description>T216659719 - Update the Organization and Team values</description>
        <name>Update_Opportunity_fields</name>
        <label>Update Opportunity fields</label>
        <locationX>396</locationX>
        <locationY>611</locationY>
        <inputAssignments>
            <field>Organization__c</field>
            <value>
                <elementReference>Get_Account_Team_Member_for_Opportunity_Lead.Brand_Team_Type__c</elementReference>
            </value>
        </inputAssignments>
        <inputAssignments>
            <field>Team__c</field>
            <value>
                <elementReference>Get_Account_Team_Member_for_Opportunity_Lead.Territory_Name__c</elementReference>
            </value>
        </inputAssignments>
        <inputReference>$Record</inputReference>
    </recordUpdates>
    <start>
        <locationX>50</locationX>
        <locationY>0</locationY>
        <connector>
            <targetReference>Opportunity_has_Lead_and_Account</targetReference>
        </connector>
        <filterFormula>AND(
	OR(
		ISNEW(),
		ISCHANGED({!$Record.OwnerId}),
		ISCHANGED({!$Record.AccountId})
	),
	NOT(ISPICKVAL({!$Record.StageName}, &quot;Closed Won&quot;)),
	NOT(ISPICKVAL({!$Record.StageName}, &quot;Closed Lost&quot;)),
	{!$Record.RecordType.DeveloperName} = &quot;LlamaX&quot;
)</filterFormula>
        <object>Opportunity</object>
        <recordTriggerType>CreateAndUpdate</recordTriggerType>
        <triggerType>RecordBeforeSave</triggerType>
    </start>
    <status>Active</status>
</Flow>
