<?xml version="1.0" encoding="UTF-8"?>
<Flow xmlns="http://soap.sforce.com/2006/04/metadata">
    <actionCalls>
        <description>Sends notification to given User</description>
        <name>Notify_User_About_Opportunity_Block</name>
        <label>Notify User About Opportunity Block</label>
        <locationX>50</locationX>
        <locationY>755</locationY>
        <actionName>customNotificationAction</actionName>
        <actionType>customNotificationAction</actionType>
        <flowTransactionModel>CurrentTransaction</flowTransactionModel>
        <inputParameters>
            <name>customNotifTypeId</name>
            <value>
                <elementReference>Custom_Notification_Type_Id</elementReference>
            </value>
        </inputParameters>
        <inputParameters>
            <name>recipientIds</name>
            <value>
                <elementReference>Recipients_Ids</elementReference>
            </value>
        </inputParameters>
        <inputParameters>
            <name>title</name>
            <value>
                <stringValue>Opportunity Blocked</stringValue>
            </value>
        </inputParameters>
        <inputParameters>
            <name>body</name>
            <value>
                <stringValue>This Opportunity has been marked as &apos;Blocked&apos;. Please assist in unblocking the Opportunity on high priority.</stringValue>
            </value>
        </inputParameters>
        <inputParameters>
            <name>targetId</name>
            <value>
                <elementReference>$Record.Id</elementReference>
            </value>
        </inputParameters>
        <nameSegment>customNotificationAction</nameSegment>
    </actionCalls>
    <apiVersion>63.0</apiVersion>
    <assignments>
        <description>Adds User Id to Recipients Ids collection</description>
        <name>Add_User_Id_to_Recipients_Ids</name>
        <label>Add User Id to Recipients Ids</label>
        <locationX>50</locationX>
        <locationY>647</locationY>
        <assignmentItems>
            <assignToReference>Recipients_Ids</assignToReference>
            <operator>Add</operator>
            <value>
                <elementReference>User_Id</elementReference>
            </value>
        </assignmentItems>
        <connector>
            <targetReference>Notify_User_About_Opportunity_Block</targetReference>
        </connector>
    </assignments>
    <decisions>
        <description>Check if Custom Notification Type Id is returned</description>
        <name>Custom_Notification_Type_Id_Exists</name>
        <label>Custom Notification Type Id Exists</label>
        <locationX>182</locationX>
        <locationY>539</locationY>
        <defaultConnectorLabel>No</defaultConnectorLabel>
        <rules>
            <name>Custom_Notification_Type_Id_Yes</name>
            <conditionLogic>and</conditionLogic>
            <conditions>
                <leftValueReference>Custom_Notification_Type_Id</leftValueReference>
                <operator>NotEqualTo</operator>
                <rightValue>
                    <stringValue></stringValue>
                </rightValue>
            </conditions>
            <connector>
                <targetReference>Add_User_Id_to_Recipients_Ids</targetReference>
            </connector>
            <label>Yes</label>
        </rules>
    </decisions>
    <decisions>
        <description>Checks if Escalation User is not blank and is changed</description>
        <name>Is_Escalation_User_Not_Blank_And_Is_Changed</name>
        <label>Is Escalation User Not Blank And Is Changed</label>
        <locationX>336</locationX>
        <locationY>323</locationY>
        <defaultConnectorLabel>No</defaultConnectorLabel>
        <rules>
            <name>Yes</name>
            <conditionLogic>and</conditionLogic>
            <conditions>
                <leftValueReference>$Record.Escalation__c</leftValueReference>
                <operator>IsBlank</operator>
                <rightValue>
                    <booleanValue>false</booleanValue>
                </rightValue>
            </conditions>
            <conditions>
                <leftValueReference>$Record.Escalation__c</leftValueReference>
                <operator>NotEqualTo</operator>
                <rightValue>
                    <elementReference>$Record__Prior.Escalation__c</elementReference>
                </rightValue>
            </conditions>
            <connector>
                <targetReference>Get_Custom_Notification_Type</targetReference>
            </connector>
            <label>Yes</label>
        </rules>
    </decisions>
    <description>T217109353 - Sends notification to Escalation User if notification is blocked and user is set</description>
    <environments>Default</environments>
    <formulas>
        <description>Escalation User Id</description>
        <name>User_Id</name>
        <dataType>String</dataType>
        <expression>{!$Record.Escalation__c}</expression>
    </formulas>
    <interviewLabel>LlamaX Opportunity Notify User About Block {!$Flow.CurrentDateTime}</interviewLabel>
    <label>LlamaX Opportunity Notify User About Block</label>
    <processMetadataValues>
        <name>BuilderType</name>
        <value>
            <stringValue>LightningFlowBuilder</stringValue>
        </value>
    </processMetadataValues>
    <processMetadataValues>
        <name>CanvasMode</name>
        <value>
            <stringValue>AUTO_LAYOUT_CANVAS</stringValue>
        </value>
    </processMetadataValues>
    <processMetadataValues>
        <name>OriginBuilderType</name>
        <value>
            <stringValue>LightningFlowBuilder</stringValue>
        </value>
    </processMetadataValues>
    <processType>AutoLaunchedFlow</processType>
    <recordLookups>
        <description>Gets custom notification type</description>
        <name>Get_Custom_Notification_Type</name>
        <label>Get Custom Notification Type</label>
        <locationX>182</locationX>
        <locationY>431</locationY>
        <assignNullValuesIfNoRecordsFound>true</assignNullValuesIfNoRecordsFound>
        <connector>
            <targetReference>Custom_Notification_Type_Id_Exists</targetReference>
        </connector>
        <filterLogic>and</filterLogic>
        <filters>
            <field>DeveloperName</field>
            <operator>EqualTo</operator>
            <value>
                <stringValue>Notify_User_About_Opportunity_Block</stringValue>
            </value>
        </filters>
        <object>CustomNotificationType</object>
        <outputAssignments>
            <assignToReference>Custom_Notification_Type_Id</assignToReference>
            <field>Id</field>
        </outputAssignments>
    </recordLookups>
    <start>
        <locationX>210</locationX>
        <locationY>0</locationY>
        <connector>
            <targetReference>Is_Escalation_User_Not_Blank_And_Is_Changed</targetReference>
        </connector>
        <filterFormula>{!$Record.RecordType.DeveloperName}=&quot;LlamaX&quot;</filterFormula>
        <object>Opportunity</object>
        <recordTriggerType>CreateAndUpdate</recordTriggerType>
        <triggerType>RecordAfterSave</triggerType>
    </start>
    <status>Active</status>
    <variables>
        <description>Stores Custom Notification Type Id required to send the notification to the user</description>
        <name>Custom_Notification_Type_Id</name>
        <dataType>String</dataType>
        <isCollection>false</isCollection>
        <isInput>false</isInput>
        <isOutput>false</isOutput>
    </variables>
    <variables>
        <name>Recipients_Ids</name>
        <dataType>String</dataType>
        <isCollection>true</isCollection>
        <isInput>false</isInput>
        <isOutput>false</isOutput>
    </variables>
</Flow>
