<?xml version="1.0" encoding="UTF-8"?>
<Flow xmlns="http://soap.sforce.com/2006/04/metadata">
    <apiVersion>63.0</apiVersion>
    <assignments>
        <name>assignAccId</name>
        <label>assignAccId</label>
        <locationX>578</locationX>
        <locationY>242</locationY>
        <assignmentItems>
            <assignToReference>AccId</assignToReference>
            <operator>Assign</operator>
            <value>
                <elementReference>recordId</elementReference>
            </value>
        </assignmentItems>
        <connector>
            <targetReference>CreateTaskScreen</targetReference>
        </connector>
    </assignments>
    <assignments>
        <name>assignImpId</name>
        <label>assignImpId</label>
        <locationX>314</locationX>
        <locationY>242</locationY>
        <assignmentItems>
            <assignToReference>ImpId</assignToReference>
            <operator>Assign</operator>
            <value>
                <elementReference>recordId</elementReference>
            </value>
        </assignmentItems>
        <connector>
            <targetReference>CreateTaskScreen</targetReference>
        </connector>
    </assignments>
    <assignments>
        <name>assignOppId</name>
        <label>assignOppId</label>
        <locationX>50</locationX>
        <locationY>242</locationY>
        <assignmentItems>
            <assignToReference>OppId</assignToReference>
            <operator>Assign</operator>
            <value>
                <elementReference>recordId</elementReference>
            </value>
        </assignmentItems>
        <connector>
            <targetReference>CreateTaskScreen</targetReference>
        </connector>
    </assignments>
    <choices>
        <name>Completed</name>
        <choiceText>Completed</choiceText>
        <dataType>String</dataType>
        <value>
            <stringValue>Completed</stringValue>
        </value>
    </choices>
    <choices>
        <name>High</name>
        <choiceText>High</choiceText>
        <dataType>String</dataType>
        <value>
            <stringValue>High</stringValue>
        </value>
    </choices>
    <choices>
        <name>In_Progress</name>
        <choiceText>In Progress</choiceText>
        <dataType>String</dataType>
        <value>
            <stringValue>In Progress</stringValue>
        </value>
    </choices>
    <choices>
        <name>Lost_Customer</name>
        <choiceText>Lost Customer</choiceText>
        <dataType>String</dataType>
        <value>
            <stringValue>Lost Customer</stringValue>
        </value>
    </choices>
    <choices>
        <name>Low</name>
        <choiceText>Low</choiceText>
        <dataType>String</dataType>
        <value>
            <stringValue>Low</stringValue>
        </value>
    </choices>
    <choices>
        <name>Meeting_Notes</name>
        <choiceText>Meeting Notes</choiceText>
        <dataType>String</dataType>
        <value>
            <stringValue>Meeting Notes</stringValue>
        </value>
    </choices>
    <choices>
        <name>Monitor_and_follow_up</name>
        <choiceText>Monitor and follow up</choiceText>
        <dataType>String</dataType>
        <value>
            <stringValue>Monitor and follow up</stringValue>
        </value>
    </choices>
    <choices>
        <name>Next_Steps</name>
        <choiceText>Next Steps</choiceText>
        <dataType>String</dataType>
        <value>
            <stringValue>Next Steps</stringValue>
        </value>
    </choices>
    <choices>
        <name>No_follow_up_needed</name>
        <choiceText>No follow up needed</choiceText>
        <dataType>String</dataType>
        <value>
            <stringValue>No follow up needed</stringValue>
        </value>
    </choices>
    <choices>
        <name>Normal</name>
        <choiceText>Normal</choiceText>
        <dataType>String</dataType>
        <value>
            <stringValue>Normal</stringValue>
        </value>
    </choices>
    <choices>
        <name>Not_Started</name>
        <choiceText>Not Started</choiceText>
        <dataType>String</dataType>
        <value>
            <stringValue>Not Started</stringValue>
        </value>
    </choices>
    <choices>
        <name>Reminder</name>
        <choiceText>Reminder</choiceText>
        <dataType>String</dataType>
        <value>
            <stringValue>Reminder</stringValue>
        </value>
    </choices>
    <choices>
        <name>Unclear</name>
        <choiceText>Unclear</choiceText>
        <dataType>String</dataType>
        <value>
            <stringValue>Unclear</stringValue>
        </value>
    </choices>
    <choices>
        <name>Weekly_Update</name>
        <choiceText>Weekly Update</choiceText>
        <dataType>String</dataType>
        <value>
            <stringValue>Weekly Update</stringValue>
        </value>
    </choices>
    <choices>
        <name>X10_Publish_reference</name>
        <choiceText>10. Publish reference</choiceText>
        <dataType>String</dataType>
        <value>
            <stringValue>10. Publish reference</stringValue>
        </value>
    </choices>
    <choices>
        <name>X11_Reference_published</name>
        <choiceText>11. Reference published</choiceText>
        <dataType>String</dataType>
        <value>
            <stringValue>11. Reference published</stringValue>
        </value>
    </choices>
    <choices>
        <name>X1_Qualify_Lead</name>
        <choiceText>1. Qualify Lead</choiceText>
        <dataType>String</dataType>
        <value>
            <stringValue>1. Qualify Lead</stringValue>
        </value>
    </choices>
    <choices>
        <name>X2_Use_Case_Discovery</name>
        <choiceText>2. Use Case Discovery</choiceText>
        <dataType>String</dataType>
        <value>
            <stringValue>2. Use Case Discovery</stringValue>
        </value>
    </choices>
    <choices>
        <name>X3_Sell_Llama</name>
        <choiceText>3. Sell Llama</choiceText>
        <dataType>String</dataType>
        <value>
            <stringValue>3. Sell Llama</stringValue>
        </value>
    </choices>
    <choices>
        <name>X4_Scop_POC</name>
        <choiceText>4. Scop POC</choiceText>
        <dataType>String</dataType>
        <value>
            <stringValue>4. Scop POC</stringValue>
        </value>
    </choices>
    <choices>
        <name>X5_Get_POC_Commitment</name>
        <choiceText>5. Get POC Commitment</choiceText>
        <dataType>String</dataType>
        <value>
            <stringValue>5. Get POC Commitment</stringValue>
        </value>
    </choices>
    <choices>
        <name>X6_Execute_and_Evaluate_POC</name>
        <choiceText>6. Execute and Evaluate POC</choiceText>
        <dataType>String</dataType>
        <value>
            <stringValue>6. Execute and Evaluate POC</stringValue>
        </value>
    </choices>
    <choices>
        <name>X7_Scale_POC_to_Prod</name>
        <choiceText>7. Scale POC to Prod</choiceText>
        <dataType>String</dataType>
        <value>
            <stringValue>7. Scale POC to Prod</stringValue>
        </value>
    </choices>
    <choices>
        <name>X8_Request_reference</name>
        <choiceText>8. Request reference</choiceText>
        <dataType>String</dataType>
        <value>
            <stringValue>8. Request reference</stringValue>
        </value>
    </choices>
    <choices>
        <name>X9_Write_reference</name>
        <choiceText>9. Write reference</choiceText>
        <dataType>String</dataType>
        <value>
            <stringValue>9. Write reference</stringValue>
        </value>
    </choices>
    <decisions>
        <name>TypeofObject</name>
        <label>TypeofObject</label>
        <locationX>446</locationX>
        <locationY>134</locationY>
        <defaultConnector>
            <targetReference>CreateTaskScreen</targetReference>
        </defaultConnector>
        <defaultConnectorLabel>Default Outcome</defaultConnectorLabel>
        <rules>
            <name>OpportunityDecision</name>
            <conditionLogic>and</conditionLogic>
            <conditions>
                <leftValueReference>recordId</leftValueReference>
                <operator>StartsWith</operator>
                <rightValue>
                    <stringValue>006</stringValue>
                </rightValue>
            </conditions>
            <connector>
                <targetReference>assignOppId</targetReference>
            </connector>
            <label>OpportunityDecision</label>
        </rules>
        <rules>
            <name>ImplementationDecision</name>
            <conditionLogic>and</conditionLogic>
            <conditions>
                <leftValueReference>recordId</leftValueReference>
                <operator>StartsWith</operator>
                <rightValue>
                    <stringValue>a0Y</stringValue>
                </rightValue>
            </conditions>
            <connector>
                <targetReference>assignImpId</targetReference>
            </connector>
            <label>ImplementationDecision</label>
        </rules>
        <rules>
            <name>AccountDecision</name>
            <conditionLogic>and</conditionLogic>
            <conditions>
                <leftValueReference>recordId</leftValueReference>
                <operator>StartsWith</operator>
                <rightValue>
                    <stringValue>001</stringValue>
                </rightValue>
            </conditions>
            <connector>
                <targetReference>assignAccId</targetReference>
            </connector>
            <label>AccountDecision</label>
        </rules>
    </decisions>
    <description>T229441756 - adding fault element</description>
    <environments>Default</environments>
    <interviewLabel>LlamaX New Task Creation {!$Flow.CurrentDateTime}</interviewLabel>
    <label>LlamaX New Task Creation</label>
    <processMetadataValues>
        <name>BuilderType</name>
        <value>
            <stringValue>LightningFlowBuilder</stringValue>
        </value>
    </processMetadataValues>
    <processMetadataValues>
        <name>CanvasMode</name>
        <value>
            <stringValue>AUTO_LAYOUT_CANVAS</stringValue>
        </value>
    </processMetadataValues>
    <processMetadataValues>
        <name>OriginBuilderType</name>
        <value>
            <stringValue>LightningFlowBuilder</stringValue>
        </value>
    </processMetadataValues>
    <processType>Flow</processType>
    <recordCreates>
        <name>CreateTask</name>
        <label>CreateTask</label>
        <locationX>446</locationX>
        <locationY>650</locationY>
        <connector>
            <targetReference>Creation_Successful</targetReference>
        </connector>
        <faultConnector>
            <targetReference>Display_Fault_Message</targetReference>
        </faultConnector>
        <inputAssignments>
            <field>Description</field>
            <value>
                <elementReference>Comments</elementReference>
            </value>
        </inputAssignments>
        <inputAssignments>
            <field>Google_Doc_Link__c</field>
            <value>
                <elementReference>GoogleDocLink.value</elementReference>
            </value>
        </inputAssignments>
        <inputAssignments>
            <field>Implementation__c</field>
            <value>
                <elementReference>ImpId</elementReference>
            </value>
        </inputAssignments>
        <inputAssignments>
            <field>Next_Step_Date__c</field>
            <value>
                <elementReference>Next_Step_Date</elementReference>
            </value>
        </inputAssignments>
        <inputAssignments>
            <field>Next_Steps_Category__c</field>
            <value>
                <elementReference>Next_Steps_Category</elementReference>
            </value>
        </inputAssignments>
        <inputAssignments>
            <field>Opportunity__c</field>
            <value>
                <elementReference>OppId</elementReference>
            </value>
        </inputAssignments>
        <inputAssignments>
            <field>OwnerId</field>
            <value>
                <elementReference>$User.Id</elementReference>
            </value>
        </inputAssignments>
        <inputAssignments>
            <field>Priority</field>
            <value>
                <stringValue>Normal</stringValue>
            </value>
        </inputAssignments>
        <inputAssignments>
            <field>RecordTypeId</field>
            <value>
                <elementReference>getLlamaXRecordType.Id</elementReference>
            </value>
        </inputAssignments>
        <inputAssignments>
            <field>Status</field>
            <value>
                <stringValue>Not Started</stringValue>
            </value>
        </inputAssignments>
        <inputAssignments>
            <field>Subject</field>
            <value>
                <elementReference>Subject</elementReference>
            </value>
        </inputAssignments>
        <inputAssignments>
            <field>Update_Date__c</field>
            <value>
                <elementReference>Update_Date</elementReference>
            </value>
        </inputAssignments>
        <inputAssignments>
            <field>WhatId</field>
            <value>
                <elementReference>AccId</elementReference>
            </value>
        </inputAssignments>
        <object>Task</object>
        <storeOutputAutomatically>true</storeOutputAutomatically>
    </recordCreates>
    <recordLookups>
        <name>getLlamaXRecordType</name>
        <label>getLlamaXRecordType</label>
        <locationX>446</locationX>
        <locationY>542</locationY>
        <assignNullValuesIfNoRecordsFound>false</assignNullValuesIfNoRecordsFound>
        <connector>
            <targetReference>CreateTask</targetReference>
        </connector>
        <filterLogic>and</filterLogic>
        <filters>
            <field>SobjectType</field>
            <operator>EqualTo</operator>
            <value>
                <stringValue>Task</stringValue>
            </value>
        </filters>
        <filters>
            <field>DeveloperName</field>
            <operator>EqualTo</operator>
            <value>
                <stringValue>LlamaX</stringValue>
            </value>
        </filters>
        <getFirstRecordOnly>true</getFirstRecordOnly>
        <object>RecordType</object>
        <storeOutputAutomatically>true</storeOutputAutomatically>
    </recordLookups>
    <screens>
        <name>CreateTaskScreen</name>
        <label>CreateTaskScreen</label>
        <locationX>446</locationX>
        <locationY>434</locationY>
        <allowBack>false</allowBack>
        <allowFinish>true</allowFinish>
        <allowPause>false</allowPause>
        <connector>
            <targetReference>getLlamaXRecordType</targetReference>
        </connector>
        <fields>
            <name>CreateTaskScreen_Section1</name>
            <fieldType>RegionContainer</fieldType>
            <fields>
                <name>CreateTaskScreen_Section1_Column1</name>
                <fieldType>Region</fieldType>
                <fields>
                    <name>CreateNewTask</name>
                    <fieldText>&lt;p&gt;&lt;strong style=&quot;font-size: 18px;&quot;&gt;Create New Task&lt;/strong&gt;&lt;/p&gt;</fieldText>
                    <fieldType>DisplayText</fieldType>
                </fields>
                <inputParameters>
                    <name>width</name>
                    <value>
                        <stringValue>4</stringValue>
                    </value>
                </inputParameters>
                <isRequired>false</isRequired>
            </fields>
            <fields>
                <name>CreateTaskScreen_Section1_Column2</name>
                <fieldType>Region</fieldType>
                <inputParameters>
                    <name>width</name>
                    <value>
                        <stringValue>4</stringValue>
                    </value>
                </inputParameters>
                <isRequired>false</isRequired>
            </fields>
            <fields>
                <name>CreateTaskScreen_Section1_Column3</name>
                <fieldType>Region</fieldType>
                <inputParameters>
                    <name>width</name>
                    <value>
                        <stringValue>4</stringValue>
                    </value>
                </inputParameters>
                <isRequired>false</isRequired>
            </fields>
            <isRequired>false</isRequired>
            <regionContainerType>SectionWithoutHeader</regionContainerType>
        </fields>
        <fields>
            <name>CreateTaskScreen_Section2</name>
            <fieldType>RegionContainer</fieldType>
            <fields>
                <name>CreateTaskScreen_Section2_Column1</name>
                <fieldType>Region</fieldType>
                <fields>
                    <name>Subject</name>
                    <choiceReferences>Weekly_Update</choiceReferences>
                    <choiceReferences>Meeting_Notes</choiceReferences>
                    <choiceReferences>Next_Steps</choiceReferences>
                    <choiceReferences>Reminder</choiceReferences>
                    <dataType>String</dataType>
                    <defaultSelectedChoiceReference>Weekly_Update</defaultSelectedChoiceReference>
                    <fieldText>Subject</fieldText>
                    <fieldType>DropdownBox</fieldType>
                    <inputsOnNextNavToAssocScrn>UseStoredValues</inputsOnNextNavToAssocScrn>
                    <isRequired>true</isRequired>
                </fields>
                <inputParameters>
                    <name>width</name>
                    <value>
                        <stringValue>6</stringValue>
                    </value>
                </inputParameters>
                <isRequired>false</isRequired>
            </fields>
            <fields>
                <name>CreateTaskScreen_Section2_Column2</name>
                <fieldType>Region</fieldType>
                <fields>
                    <name>Comments</name>
                    <fieldText>Comments</fieldText>
                    <fieldType>LargeTextArea</fieldType>
                    <inputsOnNextNavToAssocScrn>UseStoredValues</inputsOnNextNavToAssocScrn>
                    <isRequired>false</isRequired>
                </fields>
                <inputParameters>
                    <name>width</name>
                    <value>
                        <stringValue>6</stringValue>
                    </value>
                </inputParameters>
                <isRequired>false</isRequired>
            </fields>
            <isRequired>false</isRequired>
            <regionContainerType>SectionWithoutHeader</regionContainerType>
        </fields>
        <fields>
            <name>Weekly_Update_Section</name>
            <fieldText>Weekly Update</fieldText>
            <fieldType>RegionContainer</fieldType>
            <fields>
                <name>Weekly_Update_Section_Column1</name>
                <fieldType>Region</fieldType>
                <fields>
                    <name>Update_Date</name>
                    <dataType>Date</dataType>
                    <defaultValue>
                        <elementReference>$Flow.CurrentDate</elementReference>
                    </defaultValue>
                    <fieldText>Update Date</fieldText>
                    <fieldType>InputField</fieldType>
                    <inputsOnNextNavToAssocScrn>UseStoredValues</inputsOnNextNavToAssocScrn>
                    <isRequired>false</isRequired>
                </fields>
                <inputParameters>
                    <name>width</name>
                    <value>
                        <stringValue>5</stringValue>
                    </value>
                </inputParameters>
                <isRequired>false</isRequired>
            </fields>
            <fields>
                <name>Weekly_Update_Section_Column2</name>
                <fieldType>Region</fieldType>
                <fields>
                    <name>WeeklyUpdate</name>
                    <fieldText>&lt;p style=&quot;text-align: center;&quot;&gt;Please leave your weekly update in the Comments field above.&lt;/p&gt;</fieldText>
                    <fieldType>DisplayText</fieldType>
                </fields>
                <inputParameters>
                    <name>width</name>
                    <value>
                        <stringValue>7</stringValue>
                    </value>
                </inputParameters>
                <isRequired>false</isRequired>
            </fields>
            <isRequired>false</isRequired>
            <regionContainerType>SectionWithHeader</regionContainerType>
            <visibilityRule>
                <conditionLogic>and</conditionLogic>
                <conditions>
                    <leftValueReference>Subject</leftValueReference>
                    <operator>EqualTo</operator>
                    <rightValue>
                        <elementReference>Weekly_Update</elementReference>
                    </rightValue>
                </conditions>
            </visibilityRule>
        </fields>
        <fields>
            <name>Next_Steps_Section</name>
            <fieldText>Next Steps</fieldText>
            <fieldType>RegionContainer</fieldType>
            <fields>
                <name>Next_Steps_Section_Column1</name>
                <fieldType>Region</fieldType>
                <fields>
                    <name>Next_Steps_Category</name>
                    <choiceReferences>X1_Qualify_Lead</choiceReferences>
                    <choiceReferences>X2_Use_Case_Discovery</choiceReferences>
                    <choiceReferences>X3_Sell_Llama</choiceReferences>
                    <choiceReferences>X4_Scop_POC</choiceReferences>
                    <choiceReferences>X5_Get_POC_Commitment</choiceReferences>
                    <choiceReferences>X6_Execute_and_Evaluate_POC</choiceReferences>
                    <choiceReferences>X7_Scale_POC_to_Prod</choiceReferences>
                    <choiceReferences>X8_Request_reference</choiceReferences>
                    <choiceReferences>X9_Write_reference</choiceReferences>
                    <choiceReferences>X10_Publish_reference</choiceReferences>
                    <choiceReferences>X11_Reference_published</choiceReferences>
                    <choiceReferences>No_follow_up_needed</choiceReferences>
                    <choiceReferences>Lost_Customer</choiceReferences>
                    <choiceReferences>Monitor_and_follow_up</choiceReferences>
                    <choiceReferences>Unclear</choiceReferences>
                    <dataType>String</dataType>
                    <fieldText>Next Steps Category</fieldText>
                    <fieldType>DropdownBox</fieldType>
                    <inputsOnNextNavToAssocScrn>UseStoredValues</inputsOnNextNavToAssocScrn>
                    <isRequired>false</isRequired>
                </fields>
                <inputParameters>
                    <name>width</name>
                    <value>
                        <stringValue>6</stringValue>
                    </value>
                </inputParameters>
                <isRequired>false</isRequired>
            </fields>
            <fields>
                <name>Next_Steps_Section_Column2</name>
                <fieldType>Region</fieldType>
                <fields>
                    <name>Next_Step_Date</name>
                    <dataType>Date</dataType>
                    <fieldText>Next Step Date</fieldText>
                    <fieldType>InputField</fieldType>
                    <inputsOnNextNavToAssocScrn>UseStoredValues</inputsOnNextNavToAssocScrn>
                    <isRequired>false</isRequired>
                </fields>
                <inputParameters>
                    <name>width</name>
                    <value>
                        <stringValue>6</stringValue>
                    </value>
                </inputParameters>
                <isRequired>false</isRequired>
            </fields>
            <isRequired>false</isRequired>
            <regionContainerType>SectionWithHeader</regionContainerType>
            <visibilityRule>
                <conditionLogic>and</conditionLogic>
                <conditions>
                    <leftValueReference>Subject</leftValueReference>
                    <operator>EqualTo</operator>
                    <rightValue>
                        <elementReference>Next_Steps</elementReference>
                    </rightValue>
                </conditions>
            </visibilityRule>
        </fields>
        <fields>
            <name>Meeting_Notes_Section</name>
            <fieldText>Meeting Notes</fieldText>
            <fieldType>RegionContainer</fieldType>
            <fields>
                <name>Meeting_Notes_Section_Column1</name>
                <fieldType>Region</fieldType>
                <fields>
                    <name>GoogleDocLink</name>
                    <extensionName>flowruntime:url</extensionName>
                    <fieldType>ComponentInstance</fieldType>
                    <inputParameters>
                        <name>label</name>
                        <value>
                            <stringValue>Google Doc Link</stringValue>
                        </value>
                    </inputParameters>
                    <inputsOnNextNavToAssocScrn>UseStoredValues</inputsOnNextNavToAssocScrn>
                    <isRequired>true</isRequired>
                    <storeOutputAutomatically>true</storeOutputAutomatically>
                </fields>
                <inputParameters>
                    <name>width</name>
                    <value>
                        <stringValue>6</stringValue>
                    </value>
                </inputParameters>
                <isRequired>false</isRequired>
            </fields>
            <fields>
                <name>Meeting_Notes_Section_Column2</name>
                <fieldType>Region</fieldType>
                <inputParameters>
                    <name>width</name>
                    <value>
                        <stringValue>6</stringValue>
                    </value>
                </inputParameters>
                <isRequired>false</isRequired>
            </fields>
            <isRequired>false</isRequired>
            <regionContainerType>SectionWithHeader</regionContainerType>
            <visibilityRule>
                <conditionLogic>and</conditionLogic>
                <conditions>
                    <leftValueReference>Subject</leftValueReference>
                    <operator>EqualTo</operator>
                    <rightValue>
                        <elementReference>Meeting_Notes</elementReference>
                    </rightValue>
                </conditions>
            </visibilityRule>
        </fields>
        <showFooter>true</showFooter>
        <showHeader>false</showHeader>
    </screens>
    <screens>
        <name>Creation_Successful</name>
        <label>Creation Successful</label>
        <locationX>446</locationX>
        <locationY>758</locationY>
        <allowBack>false</allowBack>
        <allowFinish>true</allowFinish>
        <allowPause>false</allowPause>
        <fields>
            <name>Success</name>
            <fieldText>&lt;p style=&quot;text-align: center;&quot;&gt;&lt;strong style=&quot;font-size: 20px;&quot;&gt;Your Task was successfully created!&lt;/strong&gt;&lt;/p&gt;</fieldText>
            <fieldType>DisplayText</fieldType>
        </fields>
        <showFooter>true</showFooter>
        <showHeader>false</showHeader>
    </screens>
    <screens>
        <name>Display_Fault_Message</name>
        <label>Display Fault Message</label>
        <locationX>1018</locationX>
        <locationY>758</locationY>
        <allowBack>true</allowBack>
        <allowFinish>true</allowFinish>
        <allowPause>true</allowPause>
        <fields>
            <name>FaultMessage</name>
            <fieldText>&lt;p&gt;{!$Flow.FaultMessage}&lt;/p&gt;</fieldText>
            <fieldType>DisplayText</fieldType>
        </fields>
        <showFooter>false</showFooter>
        <showHeader>false</showHeader>
    </screens>
    <start>
        <locationX>320</locationX>
        <locationY>0</locationY>
        <connector>
            <targetReference>TypeofObject</targetReference>
        </connector>
    </start>
    <status>Active</status>
    <variables>
        <name>AccId</name>
        <dataType>String</dataType>
        <isCollection>false</isCollection>
        <isInput>false</isInput>
        <isOutput>false</isOutput>
    </variables>
    <variables>
        <name>ImpId</name>
        <dataType>String</dataType>
        <isCollection>false</isCollection>
        <isInput>false</isInput>
        <isOutput>false</isOutput>
    </variables>
    <variables>
        <name>OppId</name>
        <dataType>String</dataType>
        <isCollection>false</isCollection>
        <isInput>false</isInput>
        <isOutput>false</isOutput>
    </variables>
    <variables>
        <name>recordId</name>
        <dataType>String</dataType>
        <isCollection>false</isCollection>
        <isInput>true</isInput>
        <isOutput>true</isOutput>
    </variables>
</Flow>
