<?xml version="1.0" encoding="UTF-8"?>
<Flow xmlns="http://soap.sforce.com/2006/04/metadata">
    <apiVersion>63.0</apiVersion>
    <assignments>
        <description>Sets stage value to &apos;Negotiation&apos;</description>
        <name>Set_Stage_To_Negotiation</name>
        <label>Set Stage To &apos;Negotiation&apos;</label>
        <locationX>50</locationX>
        <locationY>395</locationY>
        <assignmentItems>
            <assignToReference>$Record.StageName</assignToReference>
            <operator>Assign</operator>
            <value>
                <stringValue>5. Negotiation</stringValue>
            </value>
        </assignmentItems>
    </assignments>
    <decisions>
        <description>Checks if previous stage value was &apos;Technical Evaluation&apos; and it is changed to &apos;Partner Proposal&apos;</description>
        <name>Is_Stage_Technical_Evaluation_Changed_To_Partner_Proposal</name>
        <label>Is Stage &apos;Technical Evaluation&apos; Changed To &apos;Partner Proposal&apos;</label>
        <locationX>182</locationX>
        <locationY>287</locationY>
        <defaultConnectorLabel>No</defaultConnectorLabel>
        <rules>
            <name>Evaluate_Changed_To_Propose_Yes</name>
            <conditionLogic>and</conditionLogic>
            <conditions>
                <leftValueReference>$Record__Prior.StageName</leftValueReference>
                <operator>Contains</operator>
                <rightValue>
                    <stringValue>Technical Evaluation</stringValue>
                </rightValue>
            </conditions>
            <conditions>
                <leftValueReference>$Record.StageName</leftValueReference>
                <operator>Contains</operator>
                <rightValue>
                    <stringValue>Partner Proposal</stringValue>
                </rightValue>
            </conditions>
            <connector>
                <targetReference>Set_Stage_To_Negotiation</targetReference>
            </connector>
            <label>Yes</label>
        </rules>
    </decisions>
    <description>T219285837
T219378358- stage name changes</description>
    <environments>Default</environments>
    <formulas>
        <description>Checks if Opportunity record is new (is created)</description>
        <name>IsNew</name>
        <dataType>Boolean</dataType>
        <expression>ISNEW()</expression>
    </formulas>
    <interviewLabel>LlamaX Update Opportunity Stage on Update {!$Flow.CurrentDateTime}</interviewLabel>
    <label>LlamaX Update Opportunity Stage on Update</label>
    <processMetadataValues>
        <name>BuilderType</name>
        <value>
            <stringValue>LightningFlowBuilder</stringValue>
        </value>
    </processMetadataValues>
    <processMetadataValues>
        <name>CanvasMode</name>
        <value>
            <stringValue>AUTO_LAYOUT_CANVAS</stringValue>
        </value>
    </processMetadataValues>
    <processMetadataValues>
        <name>OriginBuilderType</name>
        <value>
            <stringValue>LightningFlowBuilder</stringValue>
        </value>
    </processMetadataValues>
    <processType>AutoLaunchedFlow</processType>
    <start>
        <locationX>56</locationX>
        <locationY>0</locationY>
        <connector>
            <targetReference>Is_Stage_Technical_Evaluation_Changed_To_Partner_Proposal</targetReference>
        </connector>
        <filterFormula>{!$Record.RecordType.DeveloperName}=&quot;LlamaX&quot;</filterFormula>
        <object>Opportunity</object>
        <recordTriggerType>Update</recordTriggerType>
        <triggerType>RecordBeforeSave</triggerType>
    </start>
    <status>Active</status>
</Flow>
