<?xml version="1.0" encoding="UTF-8"?>
<Flow xmlns="http://soap.sforce.com/2006/04/metadata">
    <apiVersion>61.0</apiVersion>
    <assignments>
        <name>Assign_Count_one</name>
        <label>Assign Count one</label>
        <locationX>246</locationX>
        <locationY>340</locationY>
        <assignmentItems>
            <assignToReference>cntRecord</assignToReference>
            <operator>Assign</operator>
            <value>
                <numberValue>1.0</numberValue>
            </value>
        </assignmentItems>
        <connector>
            <targetReference>Update_Triggering_record_new</targetReference>
        </connector>
    </assignments>
    <assignments>
        <name>Assign_Count_one_0</name>
        <label>Assign Count one</label>
        <locationX>706</locationX>
        <locationY>583</locationY>
        <assignmentItems>
            <assignToReference>cntTotalRecords</assignToReference>
            <operator>Add</operator>
            <value>
                <numberValue>1.0</numberValue>
            </value>
        </assignmentItems>
        <assignmentItems>
            <assignToReference>cntRecord</assignToReference>
            <operator>Assign</operator>
            <value>
                <elementReference>cntTotalRecords</elementReference>
            </value>
        </assignmentItems>
        <connector>
            <targetReference>Update_Triggering_record_new</targetReference>
        </connector>
    </assignments>
    <assignments>
        <name>Assign_Count_one_0_0</name>
        <label>Assign Count one</label>
        <locationX>1034</locationX>
        <locationY>845</locationY>
        <assignmentItems>
            <assignToReference>cntRecord</assignToReference>
            <operator>Add</operator>
            <value>
                <numberValue>1.0</numberValue>
            </value>
        </assignmentItems>
        <connector>
            <targetReference>Loop_Each_Map_Violation</targetReference>
        </connector>
    </assignments>
    <assignments>
        <name>Assign_Total_Count</name>
        <label>Assign Total Count</label>
        <locationX>937</locationX>
        <locationY>377</locationY>
        <assignmentItems>
            <assignToReference>cntTotalRecords</assignToReference>
            <operator>AssignCount</operator>
            <value>
                <elementReference>Get_Existing_Map_Violation</elementReference>
            </value>
        </assignmentItems>
        <connector>
            <targetReference>Loop_Each_Map_Violation</targetReference>
        </connector>
    </assignments>
    <decisions>
        <name>Check_Count_of_Existing</name>
        <label>Check Count of Existing</label>
        <locationX>1120</locationX>
        <locationY>506</locationY>
        <defaultConnectorLabel>Default Outcome</defaultConnectorLabel>
        <rules>
            <name>Is_E</name>
            <conditionLogic>and</conditionLogic>
            <conditions>
                <leftValueReference>cntTotalRecords</leftValueReference>
                <operator>EqualTo</operator>
                <rightValue>
                    <numberValue>1.0</numberValue>
                </rightValue>
            </conditions>
            <label>Is only one</label>
        </rules>
        <rules>
            <name>Is_more_than_one</name>
            <conditionLogic>and</conditionLogic>
            <conditions>
                <leftValueReference>cntTotalRecords</leftValueReference>
                <operator>GreaterThan</operator>
                <rightValue>
                    <numberValue>1.0</numberValue>
                </rightValue>
            </conditions>
            <label>Is more than one</label>
        </rules>
    </decisions>
    <decisions>
        <name>Is_New_Or_Existing</name>
        <label>Is New Or Existing</label>
        <locationX>575</locationX>
        <locationY>358</locationY>
        <defaultConnector>
            <targetReference>Get_Existing_Map_Violation</targetReference>
        </defaultConnector>
        <defaultConnectorLabel>Is Existing</defaultConnectorLabel>
        <rules>
            <name>Is_New</name>
            <conditionLogic>and</conditionLogic>
            <conditions>
                <leftValueReference>$Record.Id</leftValueReference>
                <operator>IsNull</operator>
                <rightValue>
                    <booleanValue>true</booleanValue>
                </rightValue>
            </conditions>
            <connector>
                <targetReference>Assign_Count_one</targetReference>
            </connector>
            <label>Is New</label>
        </rules>
    </decisions>
    <environments>Default</environments>
    <formulas>
        <name>CurrentMapcnt</name>
        <dataType>Number</dataType>
        <expression>{!Loop_Each_Map_Violation.Strike_Number__c} +1</expression>
        <scale>0</scale>
    </formulas>
    <interviewLabel>MAP Update Strike Number New {!$Flow.CurrentDateTime}</interviewLabel>
    <label>MAP Update Strike Number New</label>
    <loops>
        <name>Loop_Each_Map_Violation</name>
        <label>Loop Each Map Violation</label>
        <locationX>831</locationX>
        <locationY>791</locationY>
        <collectionReference>Get_Existing_Map_Violation</collectionReference>
        <iterationOrder>Asc</iterationOrder>
        <nextValueConnector>
            <targetReference>Assign_Count_one_0_0</targetReference>
        </nextValueConnector>
        <noMoreValuesConnector>
            <targetReference>Assign_Count_one_0</targetReference>
        </noMoreValuesConnector>
    </loops>
    <processMetadataValues>
        <name>BuilderType</name>
        <value>
            <stringValue>LightningFlowBuilder</stringValue>
        </value>
    </processMetadataValues>
    <processMetadataValues>
        <name>CanvasMode</name>
        <value>
            <stringValue>FREE_FORM_CANVAS</stringValue>
        </value>
    </processMetadataValues>
    <processMetadataValues>
        <name>OriginBuilderType</name>
        <value>
            <stringValue>LightningFlowBuilder</stringValue>
        </value>
    </processMetadataValues>
    <processType>AutoLaunchedFlow</processType>
    <recordLookups>
        <name>Get_Existing_Map_Violation</name>
        <label>Get Existing Map Violation</label>
        <locationX>783</locationX>
        <locationY>378</locationY>
        <assignNullValuesIfNoRecordsFound>false</assignNullValuesIfNoRecordsFound>
        <connector>
            <targetReference>Assign_Total_Count</targetReference>
        </connector>
        <filterLogic>and</filterLogic>
        <filters>
            <field>Account_Plan__c</field>
            <operator>EqualTo</operator>
            <value>
                <elementReference>$Record.Account_Plan__c</elementReference>
            </value>
        </filters>
        <filters>
            <field>Affected_PPG__c</field>
            <operator>EqualTo</operator>
            <value>
                <elementReference>$Record.Affected_PPG__c</elementReference>
            </value>
        </filters>
        <getFirstRecordOnly>false</getFirstRecordOnly>
        <object>MAP_Violation__c</object>
        <storeOutputAutomatically>true</storeOutputAutomatically>
    </recordLookups>
    <recordUpdates>
        <name>Update_Triggering_record_new</name>
        <label>Update Triggering record new</label>
        <locationX>247</locationX>
        <locationY>523</locationY>
        <inputAssignments>
            <field>Strike_Number__c</field>
            <value>
                <elementReference>cntRecord</elementReference>
            </value>
        </inputAssignments>
        <inputReference>$Record</inputReference>
    </recordUpdates>
    <start>
        <locationX>459</locationX>
        <locationY>48</locationY>
        <connector>
            <targetReference>Is_New_Or_Existing</targetReference>
        </connector>
        <object>MAP_Violation__c</object>
        <recordTriggerType>Update</recordTriggerType>
        <triggerType>RecordBeforeSave</triggerType>
    </start>
    <status>Active</status>
    <variables>
        <name>cntRecord</name>
        <dataType>Number</dataType>
        <isCollection>false</isCollection>
        <isInput>false</isInput>
        <isOutput>false</isOutput>
        <scale>0</scale>
        <value>
            <numberValue>0.0</numberValue>
        </value>
    </variables>
    <variables>
        <name>cntTotalRecords</name>
        <dataType>Number</dataType>
        <isCollection>false</isCollection>
        <isInput>false</isInput>
        <isOutput>false</isOutput>
        <scale>0</scale>
        <value>
            <numberValue>0.0</numberValue>
        </value>
    </variables>
    <variables>
        <name>CollectMapToUpdate</name>
        <dataType>SObject</dataType>
        <isCollection>true</isCollection>
        <isInput>false</isInput>
        <isOutput>false</isOutput>
        <objectType>MAP_Violation__c</objectType>
    </variables>
</Flow>
