<?xml version="1.0" encoding="UTF-8"?>
<Flow xmlns="http://soap.sforce.com/2006/04/metadata">
    <apiVersion>61.0</apiVersion>
    <customErrors>
        <name>Show_Error</name>
        <label>Show Error</label>
        <locationX>506</locationX>
        <locationY>608</locationY>
        <connector>
            <targetReference>Loop_Through_Map_Violation</targetReference>
        </connector>
        <customErrorMessages>
            <errorMessage>A new MAP Violation cannot be added for the same Account Plan and Product within 48 hours.</errorMessage>
            <isFieldError>false</isFieldError>
        </customErrorMessages>
    </customErrors>
    <decisions>
        <name>Check_Created_Date_Diff</name>
        <label>Check Created Date Diff</label>
        <locationX>742</locationX>
        <locationY>594</locationY>
        <defaultConnector>
            <targetReference>Loop_Through_Map_Violation</targetReference>
        </defaultConnector>
        <defaultConnectorLabel>Default Outcome</defaultConnectorLabel>
        <rules>
            <name>is_Less_Than_48_hours</name>
            <conditionLogic>and</conditionLogic>
            <conditions>
                <leftValueReference>checkHours</leftValueReference>
                <operator>LessThan</operator>
                <rightValue>
                    <numberValue>48.0</numberValue>
                </rightValue>
            </conditions>
            <conditions>
                <leftValueReference>$Record__Prior.Affected_PPG__c</leftValueReference>
                <operator>NotEqualTo</operator>
                <rightValue>
                    <elementReference>$Record.Affected_PPG__c</elementReference>
                </rightValue>
            </conditions>
            <connector>
                <targetReference>Show_Error</targetReference>
            </connector>
            <label>is Less Than 48 hours</label>
        </rules>
    </decisions>
    <environments>Default</environments>
    <formulas>
        <name>CheckDays</name>
        <dataType>Number</dataType>
        <expression>TODAY() - DATEVALUE({!Loop_Through_Map_Violation.CreatedDate})</expression>
        <scale>0</scale>
    </formulas>
    <formulas>
        <name>checkHours</name>
        <dataType>Number</dataType>
        <expression>(NOW() - {!Loop_Through_Map_Violation.Violation_Date__c}) * 24</expression>
        <scale>2</scale>
    </formulas>
    <interviewLabel>MAP Show Custom Error {!$Flow.CurrentDateTime}</interviewLabel>
    <label>MAP Show Custom Error</label>
    <loops>
        <name>Loop_Through_Map_Violation</name>
        <label>Loop Through Map Violation</label>
        <locationX>988</locationX>
        <locationY>342</locationY>
        <collectionReference>Get_Existing_Map_Violation_By_PPG</collectionReference>
        <iterationOrder>Asc</iterationOrder>
        <nextValueConnector>
            <targetReference>Check_Created_Date_Diff</targetReference>
        </nextValueConnector>
        <noMoreValuesConnector>
            <targetReference>Get_Plan</targetReference>
        </noMoreValuesConnector>
    </loops>
    <processMetadataValues>
        <name>BuilderType</name>
        <value>
            <stringValue>LightningFlowBuilder</stringValue>
        </value>
    </processMetadataValues>
    <processMetadataValues>
        <name>CanvasMode</name>
        <value>
            <stringValue>FREE_FORM_CANVAS</stringValue>
        </value>
    </processMetadataValues>
    <processMetadataValues>
        <name>OriginBuilderType</name>
        <value>
            <stringValue>LightningFlowBuilder</stringValue>
        </value>
    </processMetadataValues>
    <processType>AutoLaunchedFlow</processType>
    <recordLookups>
        <name>Get_Existing_Map_Violation_By_PPG</name>
        <label>Get Existing Map Violation By PPG</label>
        <locationX>564</locationX>
        <locationY>327</locationY>
        <assignNullValuesIfNoRecordsFound>false</assignNullValuesIfNoRecordsFound>
        <connector>
            <targetReference>Loop_Through_Map_Violation</targetReference>
        </connector>
        <filterLogic>and</filterLogic>
        <filters>
            <field>Account_Plan__c</field>
            <operator>EqualTo</operator>
            <value>
                <elementReference>$Record.Account_Plan__c</elementReference>
            </value>
        </filters>
        <filters>
            <field>Affected_PPG__c</field>
            <operator>EqualTo</operator>
            <value>
                <elementReference>$Record.Affected_PPG__c</elementReference>
            </value>
        </filters>
        <getFirstRecordOnly>false</getFirstRecordOnly>
        <object>MAP_Violation__c</object>
        <storeOutputAutomatically>true</storeOutputAutomatically>
    </recordLookups>
    <recordLookups>
        <name>Get_Plan</name>
        <label>Get Plan</label>
        <locationX>1113</locationX>
        <locationY>460</locationY>
        <assignNullValuesIfNoRecordsFound>false</assignNullValuesIfNoRecordsFound>
        <filterLogic>and</filterLogic>
        <filters>
            <field>Id</field>
            <operator>EqualTo</operator>
            <value>
                <elementReference>$Record.Account_Plan__c</elementReference>
            </value>
        </filters>
        <getFirstRecordOnly>true</getFirstRecordOnly>
        <object>Plan__c</object>
        <storeOutputAutomatically>true</storeOutputAutomatically>
    </recordLookups>
    <start>
        <locationX>457</locationX>
        <locationY>48</locationY>
        <connector>
            <targetReference>Get_Existing_Map_Violation_By_PPG</targetReference>
        </connector>
        <object>MAP_Violation__c</object>
        <recordTriggerType>CreateAndUpdate</recordTriggerType>
        <triggerType>RecordBeforeSave</triggerType>
    </start>
    <status>Active</status>
</Flow>
