<?xml version="1.0" encoding="UTF-8"?>
<Flow xmlns="http://soap.sforce.com/2006/04/metadata">
    <actionCalls>
        <processMetadataValues>
            <name>ActionCallType</name>
            <value>
                <stringValue>flow</stringValue>
            </value>
        </processMetadataValues>
        <processMetadataValues>
            <name>flowSelection</name>
            <value>
                <stringValue>Update Type of Organization</stringValue>
            </value>
        </processMetadataValues>
        <name>myRule_1_A1</name>
        <label>Media Partnerships Account Update</label>
        <locationX>100</locationX>
        <locationY>200</locationY>
        <actionName>Update_Type_of_Organization</actionName>
        <actionType>flow</actionType>
        <flowTransactionModel>CurrentTransaction</flowTransactionModel>
        <inputParameters>
            <processMetadataValues>
                <name>dataType</name>
                <value>
                    <stringValue>String</stringValue>
                </value>
            </processMetadataValues>
            <processMetadataValues>
                <name>isRequired</name>
                <value>
                    <booleanValue>false</booleanValue>
                </value>
            </processMetadataValues>
            <processMetadataValues>
                <name>leftHandSideLabel</name>
                <value>
                    <stringValue>AccountTeamMemberId</stringValue>
                </value>
            </processMetadataValues>
            <processMetadataValues>
                <name>maxOccurs</name>
                <value>
                    <numberValue>1.0</numberValue>
                </value>
            </processMetadataValues>
            <processMetadataValues>
                <name>objectType</name>
                <value>
                    <stringValue></stringValue>
                </value>
            </processMetadataValues>
            <processMetadataValues>
                <name>rightHandSideType</name>
                <value>
                    <stringValue>Reference</stringValue>
                </value>
            </processMetadataValues>
            <name>AccountTeamMemberId</name>
            <value>
                <elementReference>myVariable_current.Id</elementReference>
            </value>
        </inputParameters>
        <nameSegment>Update_Type_of_Organization</nameSegment>
    </actionCalls>
    <apiVersion>50.0</apiVersion>
    <decisions>
        <processMetadataValues>
            <name>index</name>
            <value>
                <numberValue>0.0</numberValue>
            </value>
        </processMetadataValues>
        <name>myDecision</name>
        <label>myDecision</label>
        <locationX>50</locationX>
        <locationY>0</locationY>
        <defaultConnectorLabel>default</defaultConnectorLabel>
        <rules>
            <name>myRule_1</name>
            <conditionLogic>(1 OR 2) AND 3</conditionLogic>
            <conditions>
                <processMetadataValues>
                    <name>inputDataType</name>
                    <value>
                        <stringValue>String</stringValue>
                    </value>
                </processMetadataValues>
                <processMetadataValues>
                    <name>leftHandSideType</name>
                    <value>
                        <stringValue>String</stringValue>
                    </value>
                </processMetadataValues>
                <processMetadataValues>
                    <name>operatorDataType</name>
                    <value>
                        <stringValue>String</stringValue>
                    </value>
                </processMetadataValues>
                <processMetadataValues>
                    <name>rightHandSideType</name>
                    <value>
                        <stringValue>String</stringValue>
                    </value>
                </processMetadataValues>
                <leftValueReference>myVariable_current.Territory__r.Name</leftValueReference>
                <operator>Contains</operator>
                <rightValue>
                    <stringValue>SP</stringValue>
                </rightValue>
            </conditions>
            <conditions>
                <processMetadataValues>
                    <name>inputDataType</name>
                    <value>
                        <stringValue>String</stringValue>
                    </value>
                </processMetadataValues>
                <processMetadataValues>
                    <name>leftHandSideType</name>
                    <value>
                        <stringValue>String</stringValue>
                    </value>
                </processMetadataValues>
                <processMetadataValues>
                    <name>operatorDataType</name>
                    <value>
                        <stringValue>String</stringValue>
                    </value>
                </processMetadataValues>
                <processMetadataValues>
                    <name>rightHandSideType</name>
                    <value>
                        <stringValue>String</stringValue>
                    </value>
                </processMetadataValues>
                <leftValueReference>myVariable_current.Territory__r.Name</leftValueReference>
                <operator>Contains</operator>
                <rightValue>
                    <stringValue>News</stringValue>
                </rightValue>
            </conditions>
            <conditions>
                <processMetadataValues>
                    <name>inputDataType</name>
                    <value>
                        <stringValue>Boolean</stringValue>
                    </value>
                </processMetadataValues>
                <processMetadataValues>
                    <name>leftHandSideReferenceTo</name>
                    <value>
                        <stringValue>Brand_Team__c</stringValue>
                    </value>
                </processMetadataValues>
                <processMetadataValues>
                    <name>leftHandSideType</name>
                    <value>
                        <stringValue>ID</stringValue>
                    </value>
                </processMetadataValues>
                <processMetadataValues>
                    <name>operatorDataType</name>
                    <value>
                        <stringValue>String</stringValue>
                    </value>
                </processMetadataValues>
                <processMetadataValues>
                    <name>rightHandSideType</name>
                    <value>
                        <stringValue>Boolean</stringValue>
                    </value>
                </processMetadataValues>
                <leftValueReference>myVariable_current.Brand_Team__c</leftValueReference>
                <operator>IsNull</operator>
                <rightValue>
                    <booleanValue>false</booleanValue>
                </rightValue>
            </conditions>
            <connector>
                <targetReference>myRule_1_A1</targetReference>
            </connector>
            <label>Is Media Partnerships Account Team</label>
        </rules>
    </decisions>
    <interviewLabel>MCD_Account_Update-7_InterviewLabel</interviewLabel>
    <label>MCD Account Update</label>
    <processMetadataValues>
        <name>ObjectType</name>
        <value>
            <stringValue>Brand_Team_Member__c</stringValue>
        </value>
    </processMetadataValues>
    <processMetadataValues>
        <name>ObjectVariable</name>
        <value>
            <elementReference>myVariable_current</elementReference>
        </value>
    </processMetadataValues>
    <processMetadataValues>
        <name>OldObjectVariable</name>
        <value>
            <elementReference>myVariable_old</elementReference>
        </value>
    </processMetadataValues>
    <processMetadataValues>
        <name>TriggerType</name>
        <value>
            <stringValue>onAllChanges</stringValue>
        </value>
    </processMetadataValues>
    <processType>Workflow</processType>
    <startElementReference>myDecision</startElementReference>
    <status>Active</status>
    <variables>
        <name>myVariable_current</name>
        <dataType>SObject</dataType>
        <isCollection>false</isCollection>
        <isInput>true</isInput>
        <isOutput>true</isOutput>
        <objectType>Brand_Team_Member__c</objectType>
    </variables>
    <variables>
        <name>myVariable_old</name>
        <dataType>SObject</dataType>
        <isCollection>false</isCollection>
        <isInput>true</isInput>
        <isOutput>false</isOutput>
        <objectType>Brand_Team_Member__c</objectType>
    </variables>
</Flow>
