<?xml version="1.0" encoding="UTF-8"?>
<Flow xmlns="http://soap.sforce.com/2006/04/metadata">
    <apiVersion>49.0</apiVersion>
    <assignments>
        <name>Closed_Won_Assignment</name>
        <label>Closed/Won Assignment</label>
        <locationX>627</locationX>
        <locationY>592</locationY>
        <assignmentItems>
            <assignToReference>OpptyRecord.StageName</assignToReference>
            <operator>Assign</operator>
            <value>
                <stringValue>Won</stringValue>
            </value>
        </assignmentItems>
        <connector>
            <targetReference>Update_Opportunity</targetReference>
        </connector>
    </assignments>
    <assignments>
        <name>Closed_Won_Event_Found</name>
        <label>Closed/Won Event Found</label>
        <locationX>771</locationX>
        <locationY>316</locationY>
        <assignmentItems>
            <assignToReference>ClosedWon</assignToReference>
            <operator>Assign</operator>
            <value>
                <booleanValue>true</booleanValue>
            </value>
        </assignmentItems>
        <connector>
            <targetReference>Iterate_Events</targetReference>
        </connector>
    </assignments>
    <assignments>
        <name>Contacted_Stage</name>
        <label>Contacted Stage</label>
        <locationX>648</locationX>
        <locationY>905</locationY>
        <assignmentItems>
            <assignToReference>OpptyRecord.StageName</assignToReference>
            <operator>Assign</operator>
            <value>
                <stringValue>Contacted</stringValue>
            </value>
        </assignmentItems>
        <connector>
            <targetReference>Update_Opportunity</targetReference>
        </connector>
    </assignments>
    <assignments>
        <name>ContactedEvent</name>
        <label>ContactedEvent</label>
        <locationX>940</locationX>
        <locationY>222</locationY>
        <assignmentItems>
            <assignToReference>Contacted</assignToReference>
            <operator>Assign</operator>
            <value>
                <booleanValue>true</booleanValue>
            </value>
        </assignmentItems>
        <connector>
            <targetReference>Iterate_Events</targetReference>
        </connector>
    </assignments>
    <assignments>
        <name>Not_Started</name>
        <label>Not Started</label>
        <locationX>1238</locationX>
        <locationY>667</locationY>
        <assignmentItems>
            <assignToReference>OpptyRecord.StageName</assignToReference>
            <operator>Assign</operator>
            <value>
                <stringValue>Not Started</stringValue>
            </value>
        </assignmentItems>
        <connector>
            <targetReference>Update_Opportunity</targetReference>
        </connector>
    </assignments>
    <assignments>
        <name>Outreached_Stage</name>
        <label>Outreached Stage</label>
        <locationX>1329</locationX>
        <locationY>454</locationY>
        <assignmentItems>
            <assignToReference>OpptyRecord.StageName</assignToReference>
            <operator>Assign</operator>
            <value>
                <stringValue>Outreached</stringValue>
            </value>
        </assignmentItems>
        <connector>
            <targetReference>Update_Opportunity</targetReference>
        </connector>
    </assignments>
    <assignments>
        <name>OutreachedEvent</name>
        <label>OutreachedEvent</label>
        <locationX>715</locationX>
        <locationY>50</locationY>
        <assignmentItems>
            <assignToReference>Outreached</assignToReference>
            <operator>Assign</operator>
            <value>
                <booleanValue>true</booleanValue>
            </value>
        </assignmentItems>
        <connector>
            <targetReference>Iterate_Events</targetReference>
        </connector>
    </assignments>
    <decisions>
        <name>Closed_Won_Event_Exist</name>
        <label>Closed/Won Event Exist</label>
        <locationX>477</locationX>
        <locationY>578</locationY>
        <defaultConnector>
            <targetReference>Contacted_Event_Exist</targetReference>
        </defaultConnector>
        <defaultConnectorLabel>Default Outcome</defaultConnectorLabel>
        <rules>
            <name>Closed_Won_Exist</name>
            <conditionLogic>and</conditionLogic>
            <conditions>
                <leftValueReference>ClosedWon</leftValueReference>
                <operator>EqualTo</operator>
                <rightValue>
                    <booleanValue>true</booleanValue>
                </rightValue>
            </conditions>
            <connector>
                <targetReference>Closed_Won_Assignment</targetReference>
            </connector>
            <label>Closed/Won Exist</label>
        </rules>
    </decisions>
    <decisions>
        <name>Contacted_Event_Exist</name>
        <label>Contacted Event Exist</label>
        <locationX>480</locationX>
        <locationY>869</locationY>
        <defaultConnector>
            <targetReference>Outreached_Event_Exist</targetReference>
        </defaultConnector>
        <defaultConnectorLabel>Default Outcome</defaultConnectorLabel>
        <rules>
            <name>Contacted_Exist</name>
            <conditionLogic>and</conditionLogic>
            <conditions>
                <leftValueReference>Contacted</leftValueReference>
                <operator>EqualTo</operator>
                <rightValue>
                    <booleanValue>true</booleanValue>
                </rightValue>
            </conditions>
            <connector>
                <targetReference>Contacted_Stage</targetReference>
            </connector>
            <label>Contacted Exist</label>
        </rules>
    </decisions>
    <decisions>
        <name>Oppty_Found</name>
        <label>Opportunity Program type</label>
        <locationX>166</locationX>
        <locationY>514</locationY>
        <defaultConnectorLabel>Default Outcome</defaultConnectorLabel>
        <rules>
            <name>Reactive_Program</name>
            <conditionLogic>and</conditionLogic>
            <conditions>
                <leftValueReference>OpptyRecord</leftValueReference>
                <operator>IsNull</operator>
                <rightValue>
                    <booleanValue>false</booleanValue>
                </rightValue>
            </conditions>
            <connector>
                <targetReference>GetTask</targetReference>
            </connector>
            <label>Reactive Program</label>
        </rules>
    </decisions>
    <decisions>
        <name>Outreached_Event_Exist</name>
        <label>Outreached Event Exist</label>
        <locationX>1035</locationX>
        <locationY>471</locationY>
        <defaultConnector>
            <targetReference>Not_Started</targetReference>
        </defaultConnector>
        <defaultConnectorLabel>Default Outcome</defaultConnectorLabel>
        <rules>
            <name>Outreached_Exist</name>
            <conditionLogic>and</conditionLogic>
            <conditions>
                <leftValueReference>Outreached</leftValueReference>
                <operator>EqualTo</operator>
                <rightValue>
                    <booleanValue>true</booleanValue>
                </rightValue>
            </conditions>
            <connector>
                <targetReference>Outreached_Stage</targetReference>
            </connector>
            <label>Outreached Exist</label>
        </rules>
    </decisions>
    <decisions>
        <name>Type_Sub_Type</name>
        <label>Type &amp; Sub-Type</label>
        <locationX>400</locationX>
        <locationY>171</locationY>
        <defaultConnectorLabel>Default Outcome</defaultConnectorLabel>
        <rules>
            <name>Closed_Won_Task</name>
            <conditionLogic>and</conditionLogic>
            <conditions>
                <leftValueReference>OpptyRecord.Contacted_Stage__c</leftValueReference>
                <operator>NotEqualTo</operator>
                <rightValue>
                    <stringValue>Phase 0</stringValue>
                </rightValue>
            </conditions>
            <conditions>
                <leftValueReference>OpptyRecord.Contacted_Stage__c</leftValueReference>
                <operator>NotEqualTo</operator>
            </conditions>
            <connector>
                <targetReference>Closed_Won_Event_Found</targetReference>
            </connector>
            <label>Closed/Won Task</label>
        </rules>
        <rules>
            <name>Contacted_Task</name>
            <conditionLogic>and</conditionLogic>
            <conditions>
                <leftValueReference>Task.Focus_Area__c</leftValueReference>
                <operator>EqualTo</operator>
                <rightValue>
                    <stringValue>Other</stringValue>
                </rightValue>
            </conditions>
            <connector>
                <targetReference>ContactedEvent</targetReference>
            </connector>
            <label>Contacted Task</label>
        </rules>
        <rules>
            <name>Outreached_Task</name>
            <conditionLogic>and</conditionLogic>
            <conditions>
                <leftValueReference>Task.Focus_Area__c</leftValueReference>
                <operator>EqualTo</operator>
                <rightValue>
                    <stringValue>Outreach</stringValue>
                </rightValue>
            </conditions>
            <connector>
                <targetReference>OutreachedEvent</targetReference>
            </connector>
            <label>Outreached Task</label>
        </rules>
    </decisions>
    <interviewLabel>MCD Social Good Opportunity Stage Update {!$Flow.CurrentDateTime}</interviewLabel>
    <label>MCD Social Good Opportunity Stage Update</label>
    <loops>
        <name>Iterate_Events</name>
        <label>Iterate Events</label>
        <locationX>471</locationX>
        <locationY>354</locationY>
        <assignNextValueToReference>Task</assignNextValueToReference>
        <collectionReference>TaskList</collectionReference>
        <iterationOrder>Asc</iterationOrder>
        <nextValueConnector>
            <targetReference>Type_Sub_Type</targetReference>
        </nextValueConnector>
        <noMoreValuesConnector>
            <targetReference>Closed_Won_Event_Exist</targetReference>
        </noMoreValuesConnector>
    </loops>
    <processMetadataValues>
        <name>BuilderType</name>
        <value>
            <stringValue>LightningFlowBuilder</stringValue>
        </value>
    </processMetadataValues>
    <processMetadataValues>
        <name>CanvasMode</name>
        <value>
            <stringValue>FREE_FORM_CANVAS</stringValue>
        </value>
    </processMetadataValues>
    <processMetadataValues>
        <name>OriginBuilderType</name>
        <value>
            <stringValue>LightningFlowBuilder</stringValue>
        </value>
    </processMetadataValues>
    <processType>AutoLaunchedFlow</processType>
    <recordLookups>
        <name>Get_Opportunity</name>
        <label>Get Opportunity</label>
        <locationX>304</locationX>
        <locationY>336</locationY>
        <assignNullValuesIfNoRecordsFound>true</assignNullValuesIfNoRecordsFound>
        <connector>
            <targetReference>Oppty_Found</targetReference>
        </connector>
        <filterLogic>and</filterLogic>
        <filters>
            <field>Id</field>
            <operator>EqualTo</operator>
            <value>
                <elementReference>OpptyId</elementReference>
            </value>
        </filters>
        <filters>
            <field>Program__c</field>
            <operator>EqualTo</operator>
            <value>
                <stringValue>Social Impact</stringValue>
            </value>
        </filters>
        <filters>
            <field>StageName</field>
            <operator>NotEqualTo</operator>
            <value>
                <stringValue>Lost</stringValue>
            </value>
        </filters>
        <filters>
            <field>Status__c</field>
            <operator>EqualTo</operator>
            <value>
                <stringValue>Active</stringValue>
            </value>
        </filters>
        <object>Opportunity</object>
        <outputReference>OpptyRecord</outputReference>
        <queriedFields>Id</queriedFields>
        <queriedFields>StageName</queriedFields>
        <queriedFields>Contacted_Stage__c</queriedFields>
    </recordLookups>
    <recordLookups>
        <name>GetTask</name>
        <label>GetTask</label>
        <locationX>401</locationX>
        <locationY>543</locationY>
        <assignNullValuesIfNoRecordsFound>true</assignNullValuesIfNoRecordsFound>
        <connector>
            <targetReference>Iterate_Events</targetReference>
        </connector>
        <filterLogic>and</filterLogic>
        <filters>
            <field>WhatId</field>
            <operator>EqualTo</operator>
            <value>
                <elementReference>OpptyRecord.Id</elementReference>
            </value>
        </filters>
        <filters>
            <field>Status</field>
            <operator>EqualTo</operator>
            <value>
                <stringValue>Completed</stringValue>
            </value>
        </filters>
        <filters>
            <field>RecordTypeId</field>
            <operator>EqualTo</operator>
            <value>
                <stringValue>0121H000000WLAaQAO</stringValue>
            </value>
        </filters>
        <object>Task</object>
        <outputReference>TaskList</outputReference>
        <queriedFields>Id</queriedFields>
        <queriedFields>Focus_Area__c</queriedFields>
        <queriedFields>Type</queriedFields>
    </recordLookups>
    <recordUpdates>
        <name>Update_Opportunity</name>
        <label>Update Opportunity</label>
        <locationX>1019</locationX>
        <locationY>580</locationY>
        <inputReference>OpptyRecord</inputReference>
    </recordUpdates>
    <start>
        <locationX>60</locationX>
        <locationY>211</locationY>
        <connector>
            <targetReference>Get_Opportunity</targetReference>
        </connector>
    </start>
    <status>Obsolete</status>
    <variables>
        <name>ClosedWon</name>
        <dataType>Boolean</dataType>
        <isCollection>false</isCollection>
        <isInput>false</isInput>
        <isOutput>false</isOutput>
        <value>
            <booleanValue>false</booleanValue>
        </value>
    </variables>
    <variables>
        <name>Contacted</name>
        <dataType>Boolean</dataType>
        <isCollection>false</isCollection>
        <isInput>false</isInput>
        <isOutput>false</isOutput>
        <value>
            <booleanValue>false</booleanValue>
        </value>
    </variables>
    <variables>
        <name>Engaged</name>
        <dataType>Boolean</dataType>
        <isCollection>false</isCollection>
        <isInput>false</isInput>
        <isOutput>false</isOutput>
        <value>
            <booleanValue>false</booleanValue>
        </value>
    </variables>
    <variables>
        <name>OpptyId</name>
        <dataType>String</dataType>
        <isCollection>false</isCollection>
        <isInput>true</isInput>
        <isOutput>true</isOutput>
    </variables>
    <variables>
        <name>OpptyRecord</name>
        <dataType>SObject</dataType>
        <isCollection>false</isCollection>
        <isInput>false</isInput>
        <isOutput>false</isOutput>
        <objectType>Opportunity</objectType>
    </variables>
    <variables>
        <name>Outreached</name>
        <dataType>Boolean</dataType>
        <isCollection>false</isCollection>
        <isInput>false</isInput>
        <isOutput>false</isOutput>
        <value>
            <booleanValue>false</booleanValue>
        </value>
    </variables>
    <variables>
        <name>Task</name>
        <dataType>SObject</dataType>
        <isCollection>false</isCollection>
        <isInput>false</isInput>
        <isOutput>false</isOutput>
        <objectType>Task</objectType>
    </variables>
    <variables>
        <name>TaskId</name>
        <dataType>String</dataType>
        <isCollection>false</isCollection>
        <isInput>true</isInput>
        <isOutput>true</isOutput>
    </variables>
    <variables>
        <name>TaskList</name>
        <dataType>SObject</dataType>
        <isCollection>true</isCollection>
        <isInput>false</isInput>
        <isOutput>false</isOutput>
        <objectType>Task</objectType>
    </variables>
</Flow>
