<?xml version="1.0" encoding="UTF-8"?>
<Flow xmlns="http://soap.sforce.com/2006/04/metadata">
    <actionCalls>
        <name>Email_on_Lead_Assignment</name>
        <label>Lead.Email_on_Lead_Assignment</label>
        <locationX>0</locationX>
        <locationY>0</locationY>
        <actionName>Lead.Email_on_Lead_Assignment</actionName>
        <actionType>emailAlert</actionType>
        <flowTransactionModel>CurrentTransaction</flowTransactionModel>
        <inputParameters>
            <name>SObjectRowId</name>
            <value>
                <elementReference>$Record.Id</elementReference>
            </value>
        </inputParameters>
        <nameSegment>Lead.Email_on_Lead_Assignment</nameSegment>
    </actionCalls>
    <apiVersion>55.0</apiVersion>
    <description>Migrated from the: MCD India Lead Assignment Email Notification workflow rule
Workflow rule description: T108089838 - MCD India email alert&quot;</description>
    <label>MCD India Lead Assignment Email Notification</label>
    <migratedFromWorkflowRuleName>MCD India Lead Assignment Email Notification</migratedFromWorkflowRuleName>
    <processMetadataValues>
        <name>CanvasMode</name>
        <value>
            <stringValue>AUTO_LAYOUT_CANVAS</stringValue>
        </value>
    </processMetadataValues>
    <processType>AutoLaunchedFlow</processType>
    <start>
        <locationX>0</locationX>
        <locationY>0</locationY>
        <connector>
            <targetReference>Email_on_Lead_Assignment</targetReference>
        </connector>
        <filterLogic>and</filterLogic>
        <filters>
            <field>Form_Origin__c</field>
            <operator>EqualTo</operator>
            <value>
                <stringValue>921722935174380</stringValue>
            </value>
        </filters>
        <object>Lead</object>
        <recordTriggerType>Create</recordTriggerType>
        <triggerType>RecordAfterSave</triggerType>
    </start>
    <status>Active</status>
</Flow>
