<?xml version="1.0" encoding="UTF-8"?>
<Flow xmlns="http://soap.sforce.com/2006/04/metadata">
    <actionCalls>
        <processMetadataValues>
            <name>ActionCallType</name>
            <value>
                <stringValue>flow</stringValue>
            </value>
        </processMetadataValues>
        <processMetadataValues>
            <name>flowSelection</name>
            <value>
                <stringValue>MCD Opportunity Journey Phase Update</stringValue>
            </value>
        </processMetadataValues>
        <name>myRule_1_A1</name>
        <label>Journey Phase Update</label>
        <locationX>100</locationX>
        <locationY>200</locationY>
        <actionName>Journey_Phase_Update</actionName>
        <actionType>flow</actionType>
        <connector>
            <targetReference>myRule_1_A2</targetReference>
        </connector>
        <flowTransactionModel>CurrentTransaction</flowTransactionModel>
        <inputParameters>
            <processMetadataValues>
                <name>dataType</name>
                <value>
                    <stringValue>String</stringValue>
                </value>
            </processMetadataValues>
            <processMetadataValues>
                <name>isRequired</name>
                <value>
                    <booleanValue>false</booleanValue>
                </value>
            </processMetadataValues>
            <processMetadataValues>
                <name>leftHandSideLabel</name>
                <value>
                    <stringValue>Ivar_Id</stringValue>
                </value>
            </processMetadataValues>
            <processMetadataValues>
                <name>maxOccurs</name>
                <value>
                    <numberValue>1.0</numberValue>
                </value>
            </processMetadataValues>
            <processMetadataValues>
                <name>objectType</name>
                <value>
                    <stringValue></stringValue>
                </value>
            </processMetadataValues>
            <processMetadataValues>
                <name>rightHandSideType</name>
                <value>
                    <stringValue>Reference</stringValue>
                </value>
            </processMetadataValues>
            <name>Ivar_Id</name>
            <value>
                <elementReference>myVariable_current.Id</elementReference>
            </value>
        </inputParameters>
        <inputParameters>
            <processMetadataValues>
                <name>dataType</name>
                <value>
                    <stringValue>String</stringValue>
                </value>
            </processMetadataValues>
            <processMetadataValues>
                <name>isRequired</name>
                <value>
                    <booleanValue>false</booleanValue>
                </value>
            </processMetadataValues>
            <processMetadataValues>
                <name>leftHandSideLabel</name>
                <value>
                    <stringValue>Ivar_WhatId</stringValue>
                </value>
            </processMetadataValues>
            <processMetadataValues>
                <name>maxOccurs</name>
                <value>
                    <numberValue>1.0</numberValue>
                </value>
            </processMetadataValues>
            <processMetadataValues>
                <name>objectType</name>
                <value>
                    <stringValue></stringValue>
                </value>
            </processMetadataValues>
            <processMetadataValues>
                <name>rightHandSideType</name>
                <value>
                    <stringValue>Reference</stringValue>
                </value>
            </processMetadataValues>
            <name>Ivar_WhatId</name>
            <value>
                <elementReference>myVariable_current.WhatId</elementReference>
            </value>
        </inputParameters>
        <nameSegment>Journey_Phase_Update</nameSegment>
    </actionCalls>
    <actionCalls>
        <processMetadataValues>
            <name>ActionCallType</name>
            <value>
                <stringValue>flow</stringValue>
            </value>
        </processMetadataValues>
        <processMetadataValues>
            <name>flowSelection</name>
            <value>
                <stringValue>MCD BOI Opportunity Stage Update</stringValue>
            </value>
        </processMetadataValues>
        <name>myRule_1_A2</name>
        <label>BOI (Stage Update)</label>
        <locationX>100</locationX>
        <locationY>300</locationY>
        <actionName>MCD_BOI_Opportunity_Stage_Update</actionName>
        <actionType>flow</actionType>
        <connector>
            <targetReference>myRule_1_A3</targetReference>
        </connector>
        <flowTransactionModel>CurrentTransaction</flowTransactionModel>
        <inputParameters>
            <processMetadataValues>
                <name>dataType</name>
                <value>
                    <stringValue>String</stringValue>
                </value>
            </processMetadataValues>
            <processMetadataValues>
                <name>isRequired</name>
                <value>
                    <booleanValue>false</booleanValue>
                </value>
            </processMetadataValues>
            <processMetadataValues>
                <name>leftHandSideLabel</name>
                <value>
                    <stringValue>OpptyId</stringValue>
                </value>
            </processMetadataValues>
            <processMetadataValues>
                <name>maxOccurs</name>
                <value>
                    <numberValue>1.0</numberValue>
                </value>
            </processMetadataValues>
            <processMetadataValues>
                <name>objectType</name>
                <value>
                    <stringValue></stringValue>
                </value>
            </processMetadataValues>
            <processMetadataValues>
                <name>rightHandSideType</name>
                <value>
                    <stringValue>Reference</stringValue>
                </value>
            </processMetadataValues>
            <name>OpptyId</name>
            <value>
                <elementReference>myVariable_current.WhatId</elementReference>
            </value>
        </inputParameters>
        <nameSegment>MCD_BOI_Opportunity_Stage_Update</nameSegment>
    </actionCalls>
    <actionCalls>
        <processMetadataValues>
            <name>ActionCallType</name>
            <value>
                <stringValue>flow</stringValue>
            </value>
        </processMetadataValues>
        <processMetadataValues>
            <name>flowSelection</name>
            <value>
                <stringValue>MCD Strategic Communities Opportunity Stage Update</stringValue>
            </value>
        </processMetadataValues>
        <name>myRule_1_A3</name>
        <label>Strategic Communities (Stage Update)</label>
        <locationX>100</locationX>
        <locationY>400</locationY>
        <actionName>MCD_Strategic_Communities_Opportunity_Stage_Update</actionName>
        <actionType>flow</actionType>
        <connector>
            <targetReference>myRule_1_A4</targetReference>
        </connector>
        <flowTransactionModel>CurrentTransaction</flowTransactionModel>
        <inputParameters>
            <processMetadataValues>
                <name>dataType</name>
                <value>
                    <stringValue>String</stringValue>
                </value>
            </processMetadataValues>
            <processMetadataValues>
                <name>isRequired</name>
                <value>
                    <booleanValue>false</booleanValue>
                </value>
            </processMetadataValues>
            <processMetadataValues>
                <name>leftHandSideLabel</name>
                <value>
                    <stringValue>OpptyId</stringValue>
                </value>
            </processMetadataValues>
            <processMetadataValues>
                <name>maxOccurs</name>
                <value>
                    <numberValue>1.0</numberValue>
                </value>
            </processMetadataValues>
            <processMetadataValues>
                <name>objectType</name>
                <value>
                    <stringValue></stringValue>
                </value>
            </processMetadataValues>
            <processMetadataValues>
                <name>rightHandSideType</name>
                <value>
                    <stringValue>Reference</stringValue>
                </value>
            </processMetadataValues>
            <name>OpptyId</name>
            <value>
                <elementReference>myVariable_current.WhatId</elementReference>
            </value>
        </inputParameters>
        <nameSegment>MCD_Strategic_Communities_Opportunity_Stage_Update</nameSegment>
    </actionCalls>
    <actionCalls>
        <processMetadataValues>
            <name>ActionCallType</name>
            <value>
                <stringValue>flow</stringValue>
            </value>
        </processMetadataValues>
        <processMetadataValues>
            <name>flowSelection</name>
            <value>
                <stringValue>MCD Food Opportunity Stage Update</stringValue>
            </value>
        </processMetadataValues>
        <name>myRule_1_A4</name>
        <label>Food (Stage Update)</label>
        <locationX>100</locationX>
        <locationY>500</locationY>
        <actionName>MCD_Food_Opportunity_Stage_Update</actionName>
        <actionType>flow</actionType>
        <connector>
            <targetReference>myRule_1_A5</targetReference>
        </connector>
        <flowTransactionModel>CurrentTransaction</flowTransactionModel>
        <inputParameters>
            <processMetadataValues>
                <name>dataType</name>
                <value>
                    <stringValue>String</stringValue>
                </value>
            </processMetadataValues>
            <processMetadataValues>
                <name>isRequired</name>
                <value>
                    <booleanValue>false</booleanValue>
                </value>
            </processMetadataValues>
            <processMetadataValues>
                <name>leftHandSideLabel</name>
                <value>
                    <stringValue>OpptyId</stringValue>
                </value>
            </processMetadataValues>
            <processMetadataValues>
                <name>maxOccurs</name>
                <value>
                    <numberValue>1.0</numberValue>
                </value>
            </processMetadataValues>
            <processMetadataValues>
                <name>objectType</name>
                <value>
                    <stringValue></stringValue>
                </value>
            </processMetadataValues>
            <processMetadataValues>
                <name>rightHandSideType</name>
                <value>
                    <stringValue>Reference</stringValue>
                </value>
            </processMetadataValues>
            <name>OpptyId</name>
            <value>
                <elementReference>myVariable_current.WhatId</elementReference>
            </value>
        </inputParameters>
        <nameSegment>MCD_Food_Opportunity_Stage_Update</nameSegment>
    </actionCalls>
    <actionCalls>
        <processMetadataValues>
            <name>ActionCallType</name>
            <value>
                <stringValue>flow</stringValue>
            </value>
        </processMetadataValues>
        <processMetadataValues>
            <name>flowSelection</name>
            <value>
                <stringValue>MCD BCF Opportunity Stage Update</stringValue>
            </value>
        </processMetadataValues>
        <name>myRule_1_A5</name>
        <label>BCF (Stage Update)</label>
        <locationX>100</locationX>
        <locationY>600</locationY>
        <actionName>MCD_BCF_Opportunity_Stage_Update</actionName>
        <actionType>flow</actionType>
        <flowTransactionModel>CurrentTransaction</flowTransactionModel>
        <inputParameters>
            <processMetadataValues>
                <name>dataType</name>
                <value>
                    <stringValue>String</stringValue>
                </value>
            </processMetadataValues>
            <processMetadataValues>
                <name>isRequired</name>
                <value>
                    <booleanValue>false</booleanValue>
                </value>
            </processMetadataValues>
            <processMetadataValues>
                <name>leftHandSideLabel</name>
                <value>
                    <stringValue>OpptyId</stringValue>
                </value>
            </processMetadataValues>
            <processMetadataValues>
                <name>maxOccurs</name>
                <value>
                    <numberValue>1.0</numberValue>
                </value>
            </processMetadataValues>
            <processMetadataValues>
                <name>objectType</name>
                <value>
                    <stringValue></stringValue>
                </value>
            </processMetadataValues>
            <processMetadataValues>
                <name>rightHandSideType</name>
                <value>
                    <stringValue>Reference</stringValue>
                </value>
            </processMetadataValues>
            <name>OpptyId</name>
            <value>
                <elementReference>myVariable_current.WhatId</elementReference>
            </value>
        </inputParameters>
        <nameSegment>MCD_BCF_Opportunity_Stage_Update</nameSegment>
    </actionCalls>
    <apiVersion>49.0</apiVersion>
    <decisions>
        <processMetadataValues>
            <name>index</name>
            <value>
                <numberValue>0.0</numberValue>
            </value>
        </processMetadataValues>
        <name>myDecision</name>
        <label>myDecision</label>
        <locationX>50</locationX>
        <locationY>0</locationY>
        <defaultConnectorLabel>default</defaultConnectorLabel>
        <rules>
            <name>myRule_1</name>
            <conditionLogic>(1 OR 3) AND 2</conditionLogic>
            <conditions>
                <processMetadataValues>
                    <name>inputDataType</name>
                    <value>
                        <stringValue>ID</stringValue>
                    </value>
                </processMetadataValues>
                <processMetadataValues>
                    <name>leftHandSideReferenceTo</name>
                    <value>
                        <stringValue>RecordType</stringValue>
                    </value>
                </processMetadataValues>
                <processMetadataValues>
                    <name>leftHandSideType</name>
                    <value>
                        <stringValue>ID</stringValue>
                    </value>
                </processMetadataValues>
                <processMetadataValues>
                    <name>operatorDataType</name>
                    <value>
                        <stringValue>String</stringValue>
                    </value>
                </processMetadataValues>
                <processMetadataValues>
                    <name>rightHandSideType</name>
                    <value>
                        <stringValue>ID</stringValue>
                    </value>
                </processMetadataValues>
                <leftValueReference>myVariable_current.RecordTypeId</leftValueReference>
                <operator>EqualTo</operator>
                <rightValue>
                    <stringValue>0121H000000WLAaQAO</stringValue>
                </rightValue>
            </conditions>
            <conditions>
                <processMetadataValues>
                    <name>inputDataType</name>
                    <value>
                        <stringValue>ID</stringValue>
                    </value>
                </processMetadataValues>
                <processMetadataValues>
                    <name>leftHandSideReferenceTo</name>
                    <value>
                        <stringValue>AN_Experiment_Account__c;AN_Experiment_App__c;AN_Product__c;AN_Publisher_Metrics__c;APXTConga4__Composer_QuickMerge__c;APXTConga4__Conga_Email_Staging__c;APXTConga4__Conga_Email_Template__c;Account;Account_Cleanup__c;Account_Credit_Request__c;Account_Plan_Milestones__c;Account_Plan__c;Account_Transition__c;Ad_Account_Agency_Data__c;Ad_Account_Email__c;Ad_Account__c;Ad_Network__c;Ad_Stats__c;Agency_Mapping_Request__c;Alert__c;Approval_User__c;Approval__c;Asset;AssetRelationship;Atlas_Adjustment__c;Atlas_Contract_Template__c;Atlas_Contract__c;Audience_Network_Experiments__c;BPO_Ad_Account_History__c;Beta_Test_Participants__c;Beta_Tests__c;Billable_Hours__c;CAT_Employee_Staging__c;CAT_Employee_Workday_Staging__c;CAT_Employee__c;CAT_Focal_File__c;CAT_Letter_Tracking_Log__c;CAT_Precycle_Info__c;CAT_Review_Cycle__c;CRMfusionDBR101__Duplicate_Warning__c;CWM_Analysis__c;CWM_Matters__c;Call_Center_Performance_Review__c;Campaign;Campaign_Report_Request__c;Candidate__c;Case;Case_Study__c;ChannelProgram;ChannelProgramLevel;Charity_Due_Diligence__c;Checklist__c;Client_Approval__c;Client_Briefing__c;Client_Touchpoint__c;CoMarketing_Split__c;CommSubscriptionConsent;Commission_Schedule__c;ContactRequest;Contract;Contract__c;CorpDev_Target__c;Corp_Credit_Card_App__c;Country_Rate_Card__c;Credit_Application__c;Credit_Report__c;Deal_Support_Request__c;Deskcom__Case__c;Developer_Product_Exploration_Data__c;Domain__c;Enhanced_Due_Diligence__c;Enhanced_Due_Diligence_two__c;Event_Questions__c;Event_Video_Series__c;Event__c;FBMP_Badge__c;FB_App__c;FB_Object_Team__c;FB_Object__c;Facebook_Story__c;GCS_PSE_Support_Request__c;Gong__Agenda__c;Gong__Call_Invitee__c;Gong__Call_Participant__c;Gong__Call_Stat__c;Gong__Gong_Call__c;Gong__Note__c;Gong__Related_Account__c;Gong__Related_Contact__c;Gong__Related_Lead__c;Gong__Related_Opportunity__c;Gong__Topic__c;Gong__Tracker__c;Hand_Raiser_Pitch__c;Hardware_Request_Old__c;Hardware_Request__c;INV_Movement__c;IT_Headcount_Plan__c;IT_Master__c;Implementations__c;Infra_Order__c;Instagram_Partner_Badge__c;Instagram_ads__c;Interactions__c;Internal_Product_Review__c;Internal_Transfer__c;Inventory__c;Invoice_Adjustment__c;Invoice_Group__c;Invoice_Request__c;Invoice_Transaction__c;KAIZEN_Change_Policy__c;KAIZEN_Change_Request__c;KAIZEN_Change__c;KAIZEN_Metadata__c;KAIZEN_Organization__c;KAIZEN_Subscription__c;KPI_Measure__c;KPI_Snapshot__c;LR_Customer__c;LR_Entity_Contact__c;LR_Entity__c;Launch__c;Leave_Actions_Related__c;Leave_Actions__c;Leave_Details__c;Legal_Compliance_Activity__c;Legal_Compliance_Project__c;Legal_Compliance_Survey__c;Legal_Third_Party_Manage_Due_Diligence__c;ListEmail;LiveAgentSession;LiveChatTranscript;LiveRail_Business_Escalation_Process__c;MCA_Campaign__c;MCA_Data_Partner_Contacts__c;MCA_Presentation_Deck_Templates__c;ME_Group_UID__c;ME_HR_Assignment_Rule__c;ME_Timeslot_Assignment__c;MP_Products__c;Master_Project__c;Measurement_Project__c;Measurement_Research_Request__c;Mobile_App__c;Mobile_Application__c;Mobile_Operator__c;Named_employees__c;OCEM__c;OC_Agreement__c;OC_CountryRestriction__c;OC_Lead__c;OSO_Opt_Request__c;Oculus_Account__c;Oculus_Contact__c;Oculus_History__c;Oculus_Milestone__c;Oculus_Project__c;Offer__c;Offering_Team_Junction__c;Offerings__c;One_Click_Agreement__c;Opportunity;Order;Order_Approval__c;Order_Detail_Line__c;Order_Line__c;Order__c;PEP_Register__c;Participant__c;PartnerFundAllocation;PartnerFundClaim;PartnerFundRequest;PartnerMarketingBudget;Partner_Account__c;Partner_Onboarding__c;Partner_Project__c;Partner_Shows__c;Partnership__c;PartyConsent;Potential_Partner__c;Pricing_Contract_Details__c;Primary_Territory__c;Product2;Product_Location__c;Profile_Authorization__c;Program__c;Project_AT__c;Project_Role__c;Project__c;Property_Contact__c;Property__c;Proposal__c;Public_Figures__c;Public_Policy_Company__c;Public_Policy_Contacts__c;Public_Policy__c;Publisher_SMB_Contact__c;Purchase_Requisitions__c;QualNotesAnswer__c;QualNotesOption__c;QualNotesQuestion__c;QualNotesSurvey__c;Qualtrics_Survey__c;Quota_Transfers__c;Quote;RCT_Application__c;RCT_Apps_Mobility__c;RCT_CostCenterToLocation__c;RCT_Education__c;RCT_Employment__c;RCT_Interview__c;RCT_JobToBand__c;RCT_Loop__c;RCT_Offer_Email_History__c;RCT_Offer__c;RCT_Recruiting_Goals__c;RCT_Requisition__c;RCT_School__c;RCT_Spring_Document__c;RCT_Travel_Request__c;Reach_Block__c;Recommendations__c;Registrations__c;SAM_Suspicious_Activity__c;SOW_Resource_Details__c;Sales_Team_Member__c;Shows_Team__c;Site__c;Solution;Speaker__c;Store_Featuring_Request__c;Strategic_Sourcing_Project__c;TLM_Bootcamp__c;TLM_Employee__c;Team_Member__c;Tech_Purchase_Detail__c;Technical_Requirements__c;Terr_Model__c;Terr_Staging__c;Training_Data__c;Travel_Itinerary__c;User_Story__c;User_Territory__c;VAT__c;VRM_Project_PoC__c;VRM_Project__c;VRM_Vendor_Project__c;Vertical__c;WPVIP_Agency__c;WPVIP_Invoice__c;WPVIP_Website__c;WP_Instance_Activity__c;WP_Instance__c;ads_Brand__c;dupe_eliminator__AccChild__c;eContacts__Queue_Item__c;echosign_dev1__Agreement_Type__c;et4ae5__Triggered_Send_Execution__c;jiffle__Attendee__c;jiffle__Briefing_Acc_Opp_Relations__c;jiffle__Briefing_Activity__c;jiffle__Briefing_Center__c;jiffle__Briefing_Invites__c;jiffle__Briefing__c;jiffle__Event_Master__c;jiffle__Event__c;jiffle__Invites__c;jiffle__JNConfig__c;jiffle__Mapping__c;jiffle__Meeting_Relations__c;jiffle__Meeting__c;mkto_si__Get_Method_Argus__c;qualtrics__Survey_Response__c;qualtrics__Survey_Staging__c;tRex_Offer_Letter_Template__c</stringValue>
                    </value>
                </processMetadataValues>
                <processMetadataValues>
                    <name>leftHandSideType</name>
                    <value>
                        <stringValue>ID</stringValue>
                    </value>
                </processMetadataValues>
                <processMetadataValues>
                    <name>operatorDataType</name>
                    <value>
                        <stringValue>String</stringValue>
                    </value>
                </processMetadataValues>
                <processMetadataValues>
                    <name>rightHandSideType</name>
                    <value>
                        <stringValue>ID</stringValue>
                    </value>
                </processMetadataValues>
                <leftValueReference>myVariable_current.WhatId</leftValueReference>
                <operator>StartsWith</operator>
                <rightValue>
                    <stringValue>006</stringValue>
                </rightValue>
            </conditions>
            <conditions>
                <processMetadataValues>
                    <name>inputDataType</name>
                    <value>
                        <stringValue>ID</stringValue>
                    </value>
                </processMetadataValues>
                <processMetadataValues>
                    <name>leftHandSideReferenceTo</name>
                    <value>
                        <stringValue>RecordType</stringValue>
                    </value>
                </processMetadataValues>
                <processMetadataValues>
                    <name>leftHandSideType</name>
                    <value>
                        <stringValue>ID</stringValue>
                    </value>
                </processMetadataValues>
                <processMetadataValues>
                    <name>operatorDataType</name>
                    <value>
                        <stringValue>String</stringValue>
                    </value>
                </processMetadataValues>
                <processMetadataValues>
                    <name>rightHandSideType</name>
                    <value>
                        <stringValue>ID</stringValue>
                    </value>
                </processMetadataValues>
                <leftValueReference>myVariable_current.RecordTypeId</leftValueReference>
                <operator>EqualTo</operator>
                <rightValue>
                    <stringValue>0121H0000019pOxQAI</stringValue>
                </rightValue>
            </conditions>
            <connector>
                <targetReference>myRule_1_A1</targetReference>
            </connector>
            <label>Is MCD Opportunity?</label>
        </rules>
    </decisions>
    <interviewLabel>MCD_Opportunity_Field_Updates-13_InterviewLabel</interviewLabel>
    <label>MCD Opportunity Field Updates</label>
    <processMetadataValues>
        <name>ObjectType</name>
        <value>
            <stringValue>Task</stringValue>
        </value>
    </processMetadataValues>
    <processMetadataValues>
        <name>ObjectVariable</name>
        <value>
            <elementReference>myVariable_current</elementReference>
        </value>
    </processMetadataValues>
    <processMetadataValues>
        <name>OldObjectVariable</name>
        <value>
            <elementReference>myVariable_old</elementReference>
        </value>
    </processMetadataValues>
    <processMetadataValues>
        <name>TriggerType</name>
        <value>
            <stringValue>onAllChanges</stringValue>
        </value>
    </processMetadataValues>
    <processType>Workflow</processType>
    <startElementReference>myDecision</startElementReference>
    <status>Obsolete</status>
    <variables>
        <name>myVariable_current</name>
        <dataType>SObject</dataType>
        <isCollection>false</isCollection>
        <isInput>true</isInput>
        <isOutput>true</isOutput>
        <objectType>Task</objectType>
    </variables>
    <variables>
        <name>myVariable_old</name>
        <dataType>SObject</dataType>
        <isCollection>false</isCollection>
        <isInput>true</isInput>
        <isOutput>false</isOutput>
        <objectType>Task</objectType>
    </variables>
</Flow>
