<?xml version="1.0" encoding="UTF-8"?>
<Flow xmlns="http://soap.sforce.com/2006/04/metadata">
    <apiVersion>49.0</apiVersion>
    <assignments>
        <name>AB_Assign_Stage_to_Closed_Won</name>
        <label>AB_Assign Stage to Closed/Won</label>
        <locationX>920</locationX>
        <locationY>284</locationY>
        <assignmentItems>
            <assignToReference>var_Opty.StageName</assignToReference>
            <operator>Assign</operator>
            <value>
                <stringValue>Closed/Won</stringValue>
            </value>
        </assignmentItems>
        <connector>
            <targetReference>AB_Oppty_Update</targetReference>
        </connector>
    </assignments>
    <assignments>
        <name>FS_Assign_Opp_Stage</name>
        <label>FS_Assign Opp Stage</label>
        <locationX>872</locationX>
        <locationY>405</locationY>
        <assignmentItems>
            <assignToReference>var_Opty.StageName</assignToReference>
            <operator>Assign</operator>
            <value>
                <stringValue>Closed/Won</stringValue>
            </value>
        </assignmentItems>
        <connector>
            <targetReference>FS_Oppty_Update</targetReference>
        </connector>
    </assignments>
    <assignments>
        <name>Increment_Counter</name>
        <label>Increment Counter</label>
        <locationX>817</locationX>
        <locationY>161</locationY>
        <assignmentItems>
            <assignToReference>varJourneyInteractionEventCounter</assignToReference>
            <operator>Add</operator>
            <value>
                <numberValue>1.0</numberValue>
            </value>
        </assignmentItems>
        <connector>
            <targetReference>Loop_Through_Event_Collection</targetReference>
        </connector>
    </assignments>
    <assignments>
        <name>MPS_Assign_Stage_to_Closed_Won</name>
        <label>MPS Assign Stage to Closed/Won</label>
        <locationX>587</locationX>
        <locationY>558</locationY>
        <assignmentItems>
            <assignToReference>var_Opty.StageName</assignToReference>
            <operator>Assign</operator>
            <value>
                <stringValue>Closed/Won</stringValue>
            </value>
        </assignmentItems>
        <connector>
            <targetReference>MPS_Oppty_Update</targetReference>
        </connector>
    </assignments>
    <decisions>
        <description>Atleast 3 events of Sub-Type = Journey Interactions</description>
        <name>Atleast_3_JourneyInteractionEvent</name>
        <label>Atleast_3_JourneyInteractionEvent</label>
        <locationX>575</locationX>
        <locationY>304</locationY>
        <defaultConnectorLabel>Default Outcome</defaultConnectorLabel>
        <rules>
            <name>Count_3_MPS</name>
            <conditionLogic>and</conditionLogic>
            <conditions>
                <leftValueReference>varJourneyInteractionEventCounter</leftValueReference>
                <operator>GreaterThanOrEqualTo</operator>
                <rightValue>
                    <numberValue>3.0</numberValue>
                </rightValue>
            </conditions>
            <connector>
                <targetReference>MPS_Assign_Stage_to_Closed_Won</targetReference>
            </connector>
            <label>Count 3_MPS</label>
        </rules>
        <rules>
            <name>Count_1_AB</name>
            <conditionLogic>and</conditionLogic>
            <conditions>
                <leftValueReference>varJourneyInteractionEventCounter</leftValueReference>
                <operator>GreaterThanOrEqualTo</operator>
                <rightValue>
                    <numberValue>1.0</numberValue>
                </rightValue>
            </conditions>
            <connector>
                <targetReference>AB_Assign_Stage_to_Closed_Won</targetReference>
            </connector>
            <label>Count 1_AB</label>
        </rules>
        <rules>
            <name>Count_1_FS</name>
            <conditionLogic>and</conditionLogic>
            <conditions>
                <leftValueReference>varJourneyInteractionEventCounter</leftValueReference>
                <operator>GreaterThanOrEqualTo</operator>
                <rightValue>
                    <numberValue>1.0</numberValue>
                </rightValue>
            </conditions>
            <connector>
                <targetReference>FS_Assign_Opp_Stage</targetReference>
            </connector>
            <label>Count 1_FS</label>
        </rules>
    </decisions>
    <decisions>
        <name>Found_Opty</name>
        <label>Found Opty</label>
        <locationX>226</locationX>
        <locationY>276</locationY>
        <defaultConnectorLabel>Default Outcome</defaultConnectorLabel>
        <rules>
            <name>Opty_Exists</name>
            <conditionLogic>and</conditionLogic>
            <conditions>
                <leftValueReference>var_Opty</leftValueReference>
                <operator>IsNull</operator>
                <rightValue>
                    <booleanValue>false</booleanValue>
                </rightValue>
            </conditions>
            <connector>
                <targetReference>Get_journey_interaction_event_records_related_to_Oppty</targetReference>
            </connector>
            <label>Opty Exists</label>
        </rules>
    </decisions>
    <decisions>
        <name>Found_Record</name>
        <label>Found Record?</label>
        <locationX>1045</locationX>
        <locationY>130</locationY>
        <defaultConnector>
            <targetReference>Loop_Through_Event_Collection</targetReference>
        </defaultConnector>
        <defaultConnectorLabel>Default Outcome</defaultConnectorLabel>
        <rules>
            <name>Found_Journey_Interaction_Event_Record</name>
            <conditionLogic>and</conditionLogic>
            <conditions>
                <leftValueReference>var_Loop_Record</leftValueReference>
                <operator>IsNull</operator>
                <rightValue>
                    <booleanValue>false</booleanValue>
                </rightValue>
            </conditions>
            <connector>
                <targetReference>Increment_Counter</targetReference>
            </connector>
            <label>Found Journey Interaction Event Record</label>
        </rules>
    </decisions>
    <description>T53055787</description>
    <interviewLabel>MP_Oppty_Stage_Automations {!$Flow.CurrentDateTime}</interviewLabel>
    <label>MP_Oppty_Stage_Automations</label>
    <loops>
        <name>Loop_Through_Event_Collection</name>
        <label>Loop Through Event Collection</label>
        <locationX>580</locationX>
        <locationY>130</locationY>
        <assignNextValueToReference>var_Loop_Record</assignNextValueToReference>
        <collectionReference>varJourneyInteractionEventCollection</collectionReference>
        <iterationOrder>Asc</iterationOrder>
        <nextValueConnector>
            <targetReference>Found_Record</targetReference>
        </nextValueConnector>
        <noMoreValuesConnector>
            <targetReference>Atleast_3_JourneyInteractionEvent</targetReference>
        </noMoreValuesConnector>
    </loops>
    <processMetadataValues>
        <name>BuilderType</name>
        <value>
            <stringValue>LightningFlowBuilder</stringValue>
        </value>
    </processMetadataValues>
    <processMetadataValues>
        <name>OriginBuilderType</name>
        <value>
            <stringValue>LightningFlowBuilder</stringValue>
        </value>
    </processMetadataValues>
    <processType>AutoLaunchedFlow</processType>
    <recordLookups>
        <name>Get_journey_interaction_event_records_related_to_Oppty</name>
        <label>Get Journey Interaction event records related to Oppty</label>
        <locationX>372</locationX>
        <locationY>130</locationY>
        <assignNullValuesIfNoRecordsFound>false</assignNullValuesIfNoRecordsFound>
        <connector>
            <targetReference>Loop_Through_Event_Collection</targetReference>
        </connector>
        <filterLogic>and</filterLogic>
        <filters>
            <field>Activity_Status__c</field>
            <operator>EqualTo</operator>
            <value>
                <stringValue>Completed</stringValue>
            </value>
        </filters>
        <filters>
            <field>Focus_Area__c</field>
            <operator>EqualTo</operator>
            <value>
                <stringValue>Journey Interaction</stringValue>
            </value>
        </filters>
        <filters>
            <field>RecordTypeId</field>
            <operator>EqualTo</operator>
            <value>
                <stringValue>0121H000000ztJLQAY</stringValue>
            </value>
        </filters>
        <filters>
            <field>WhatId</field>
            <operator>EqualTo</operator>
            <value>
                <elementReference>Ivar_WhatId</elementReference>
            </value>
        </filters>
        <object>Event</object>
        <outputReference>varJourneyInteractionEventCollection</outputReference>
        <queriedFields>Id</queriedFields>
    </recordLookups>
    <recordLookups>
        <description>Get the opportunity record whose ID matches the input variable WhatId</description>
        <name>Get_Opportunity_Record_with_matching_WhatId</name>
        <label>Get Opportunity Record with matching WhatId</label>
        <locationX>234</locationX>
        <locationY>126</locationY>
        <assignNullValuesIfNoRecordsFound>true</assignNullValuesIfNoRecordsFound>
        <connector>
            <targetReference>Found_Opty</targetReference>
        </connector>
        <filterLogic>and</filterLogic>
        <filters>
            <field>Id</field>
            <operator>EqualTo</operator>
            <value>
                <elementReference>Ivar_WhatId</elementReference>
            </value>
        </filters>
        <object>Opportunity</object>
        <outputReference>var_Opty</outputReference>
        <queriedFields>Id</queriedFields>
        <queriedFields>Program__c</queriedFields>
    </recordLookups>
    <recordUpdates>
        <name>AB_Oppty_Update</name>
        <label>AB Oppty Update</label>
        <locationX>1096</locationX>
        <locationY>284</locationY>
        <filterLogic>and</filterLogic>
        <filters>
            <field>Id</field>
            <operator>EqualTo</operator>
            <value>
                <elementReference>Ivar_WhatId</elementReference>
            </value>
        </filters>
        <filters>
            <field>Program__c</field>
            <operator>EqualTo</operator>
            <value>
                <stringValue>Ad Breaks</stringValue>
            </value>
        </filters>
        <filters>
            <field>Status__c</field>
            <operator>EqualTo</operator>
            <value>
                <stringValue>Active</stringValue>
            </value>
        </filters>
        <inputAssignments>
            <field>StageName</field>
            <value>
                <stringValue>Closed/Won</stringValue>
            </value>
        </inputAssignments>
        <object>Opportunity</object>
    </recordUpdates>
    <recordUpdates>
        <name>FS_Oppty_Update</name>
        <label>FS Oppty Update</label>
        <locationX>1094</locationX>
        <locationY>479</locationY>
        <filterLogic>and</filterLogic>
        <filters>
            <field>Id</field>
            <operator>EqualTo</operator>
            <value>
                <elementReference>Ivar_WhatId</elementReference>
            </value>
        </filters>
        <filters>
            <field>Program__c</field>
            <operator>EqualTo</operator>
            <value>
                <stringValue>Fan Subscriptions</stringValue>
            </value>
        </filters>
        <filters>
            <field>Status__c</field>
            <operator>EqualTo</operator>
            <value>
                <stringValue>Active</stringValue>
            </value>
        </filters>
        <inputAssignments>
            <field>StageName</field>
            <value>
                <stringValue>Closed/Won</stringValue>
            </value>
        </inputAssignments>
        <object>Opportunity</object>
    </recordUpdates>
    <recordUpdates>
        <name>MPS_Oppty_Update</name>
        <label>MPS Oppty Update</label>
        <locationX>859</locationX>
        <locationY>558</locationY>
        <filterLogic>and</filterLogic>
        <filters>
            <field>Id</field>
            <operator>EqualTo</operator>
            <value>
                <elementReference>Ivar_WhatId</elementReference>
            </value>
        </filters>
        <filters>
            <field>Program__c</field>
            <operator>EqualTo</operator>
            <value>
                <stringValue>MPS</stringValue>
            </value>
        </filters>
        <filters>
            <field>Status__c</field>
            <operator>EqualTo</operator>
            <value>
                <stringValue>Active</stringValue>
            </value>
        </filters>
        <filters>
            <field>of_Events_Associated__c</field>
            <operator>GreaterThanOrEqualTo</operator>
            <value>
                <numberValue>1.0</numberValue>
            </value>
        </filters>
        <inputAssignments>
            <field>StageName</field>
            <value>
                <stringValue>Closed/Won</stringValue>
            </value>
        </inputAssignments>
        <object>Opportunity</object>
    </recordUpdates>
    <startElementReference>Get_Opportunity_Record_with_matching_WhatId</startElementReference>
    <status>Draft</status>
    <variables>
        <description>Input variable WhatId</description>
        <name>Ivar_WhatId</name>
        <dataType>String</dataType>
        <isCollection>false</isCollection>
        <isInput>true</isInput>
        <isOutput>true</isOutput>
    </variables>
    <variables>
        <name>var_Event_Record</name>
        <dataType>SObject</dataType>
        <isCollection>false</isCollection>
        <isInput>true</isInput>
        <isOutput>true</isOutput>
        <objectType>Event</objectType>
    </variables>
    <variables>
        <name>var_Loop_Record</name>
        <dataType>SObject</dataType>
        <isCollection>false</isCollection>
        <isInput>true</isInput>
        <isOutput>true</isOutput>
        <objectType>Event</objectType>
    </variables>
    <variables>
        <description>temporary opty record</description>
        <name>var_Opty</name>
        <dataType>SObject</dataType>
        <isCollection>false</isCollection>
        <isInput>true</isInput>
        <isOutput>true</isOutput>
        <objectType>Opportunity</objectType>
    </variables>
    <variables>
        <name>varJourneyInteractionEventCollection</name>
        <dataType>SObject</dataType>
        <isCollection>true</isCollection>
        <isInput>true</isInput>
        <isOutput>true</isOutput>
        <objectType>Event</objectType>
    </variables>
    <variables>
        <name>varJourneyInteractionEventCounter</name>
        <dataType>Number</dataType>
        <isCollection>false</isCollection>
        <isInput>true</isInput>
        <isOutput>true</isOutput>
        <scale>0</scale>
        <value>
            <numberValue>0.0</numberValue>
        </value>
    </variables>
</Flow>
