<?xml version="1.0" encoding="UTF-8"?>
<Flow xmlns="http://soap.sforce.com/2006/04/metadata">
    <actionCalls>
        <processMetadataValues>
            <name>ActionCallType</name>
            <value>
                <stringValue>flow</stringValue>
            </value>
        </processMetadataValues>
        <processMetadataValues>
            <name>flowSelection</name>
            <value>
                <stringValue>FB Bypass Process Builder Action</stringValue>
            </value>
        </processMetadataValues>
        <name>myRule_1_A1</name>
        <label>FB Bypass PB Action</label>
        <locationX>100</locationX>
        <locationY>200</locationY>
        <actionName>FB_Bypass_Process_Builder_Action</actionName>
        <actionType>flow</actionType>
        <nameSegment>FB_Bypass_Process_Builder_Action</nameSegment>
    </actionCalls>
    <apiVersion>49.0</apiVersion>
    <decisions>
        <processMetadataValues>
            <name>index</name>
            <value>
                <numberValue>0.0</numberValue>
            </value>
        </processMetadataValues>
        <name>myDecision</name>
        <label>myDecision</label>
        <locationX>50</locationX>
        <locationY>0</locationY>
        <defaultConnector>
            <targetReference>myDecision2</targetReference>
        </defaultConnector>
        <defaultConnectorLabel>default</defaultConnectorLabel>
        <rules>
            <name>myRule_1</name>
            <conditionLogic>and</conditionLogic>
            <conditions>
                <leftValueReference>formula_myRule_1</leftValueReference>
                <operator>EqualTo</operator>
                <rightValue>
                    <booleanValue>true</booleanValue>
                </rightValue>
            </conditions>
            <connector>
                <targetReference>myRule_1_A1</targetReference>
            </connector>
            <label>Bypass PB</label>
        </rules>
    </decisions>
    <decisions>
        <processMetadataValues>
            <name>index</name>
            <value>
                <numberValue>4.0</numberValue>
            </value>
        </processMetadataValues>
        <name>myDecision11</name>
        <label>myDecision11</label>
        <locationX>50</locationX>
        <locationY>0</locationY>
        <defaultConnector>
            <targetReference>myDecision14</targetReference>
        </defaultConnector>
        <defaultConnectorLabel>default</defaultConnectorLabel>
        <rules>
            <name>myRule_12</name>
            <conditionLogic>and</conditionLogic>
            <conditions>
                <leftValueReference>formula_myRule_12</leftValueReference>
                <operator>EqualTo</operator>
                <rightValue>
                    <booleanValue>true</booleanValue>
                </rightValue>
            </conditions>
            <connector>
                <targetReference>myRule_12_A1</targetReference>
            </connector>
            <label>MP - Creative Strategy Team?</label>
        </rules>
    </decisions>
    <decisions>
        <processMetadataValues>
            <name>index</name>
            <value>
                <numberValue>5.0</numberValue>
            </value>
        </processMetadataValues>
        <name>myDecision14</name>
        <label>myDecision14</label>
        <locationX>50</locationX>
        <locationY>0</locationY>
        <defaultConnectorLabel>default</defaultConnectorLabel>
        <rules>
            <name>myRule_15</name>
            <conditionLogic>and</conditionLogic>
            <conditions>
                <leftValueReference>formula_myRule_15</leftValueReference>
                <operator>EqualTo</operator>
                <rightValue>
                    <booleanValue>true</booleanValue>
                </rightValue>
            </conditions>
            <connector>
                <targetReference>myRule_15_A1</targetReference>
            </connector>
            <label>PyTorch Contact</label>
        </rules>
    </decisions>
    <decisions>
        <processMetadataValues>
            <name>index</name>
            <value>
                <numberValue>1.0</numberValue>
            </value>
        </processMetadataValues>
        <name>myDecision2</name>
        <label>myDecision2</label>
        <locationX>50</locationX>
        <locationY>0</locationY>
        <defaultConnector>
            <targetReference>myDecision5</targetReference>
        </defaultConnector>
        <defaultConnectorLabel>default</defaultConnectorLabel>
        <rules>
            <name>myRule_3</name>
            <conditionLogic>and</conditionLogic>
            <conditions>
                <leftValueReference>formula_myRule_3</leftValueReference>
                <operator>EqualTo</operator>
                <rightValue>
                    <booleanValue>true</booleanValue>
                </rightValue>
            </conditions>
            <connector>
                <targetReference>myRule_3_A1</targetReference>
            </connector>
            <label>MP Contact?</label>
        </rules>
    </decisions>
    <decisions>
        <processMetadataValues>
            <name>index</name>
            <value>
                <numberValue>2.0</numberValue>
            </value>
        </processMetadataValues>
        <name>myDecision5</name>
        <label>myDecision5</label>
        <locationX>50</locationX>
        <locationY>0</locationY>
        <defaultConnector>
            <targetReference>myDecision8</targetReference>
        </defaultConnector>
        <defaultConnectorLabel>default</defaultConnectorLabel>
        <rules>
            <name>myRule_6</name>
            <conditionLogic>and</conditionLogic>
            <conditions>
                <leftValueReference>formula_myRule_6</leftValueReference>
                <operator>EqualTo</operator>
                <rightValue>
                    <booleanValue>true</booleanValue>
                </rightValue>
            </conditions>
            <connector>
                <targetReference>myRule_6_A1</targetReference>
            </connector>
            <label>DP Contact?</label>
        </rules>
    </decisions>
    <decisions>
        <processMetadataValues>
            <name>index</name>
            <value>
                <numberValue>3.0</numberValue>
            </value>
        </processMetadataValues>
        <name>myDecision8</name>
        <label>myDecision8</label>
        <locationX>50</locationX>
        <locationY>0</locationY>
        <defaultConnector>
            <targetReference>myDecision11</targetReference>
        </defaultConnector>
        <defaultConnectorLabel>default</defaultConnectorLabel>
        <rules>
            <name>myRule_9</name>
            <conditionLogic>and</conditionLogic>
            <conditions>
                <leftValueReference>formula_myRule_9</leftValueReference>
                <operator>EqualTo</operator>
                <rightValue>
                    <booleanValue>true</booleanValue>
                </rightValue>
            </conditions>
            <connector>
                <targetReference>myRule_9_A1</targetReference>
            </connector>
            <label>MP - Entertainment Team?</label>
        </rules>
    </decisions>
    <description>T57175441 - When a contact is created or updated tagging to an Account that has Account Team Type &apos;Developer Partnerships&apos; (with active members) update the &quot;Business Unit&quot; field to Developer Partnerships, T64268061, T65647449</description>
    <formulas>
        <processMetadataValues>
            <name>originalFormula</name>
            <value>
                <stringValue>IF(NOT(ISNULL(PRIORVALUE([Contact].Business_Unit__c) )), PRIORVALUE([Contact].Business_Unit__c) + &quot;; Entertainment&quot;, &quot;Entertainment&quot;)</stringValue>
            </value>
        </processMetadataValues>
        <name>formula_10_myRule_9_A1_1050074907</name>
        <dataType>String</dataType>
        <expression>IF(NOT(ISNULL(PRIORVALUE({!myVariable_current.Business_Unit__c}) )), PRIORVALUE({!myVariable_current.Business_Unit__c}) + &quot;; Entertainment&quot;, &quot;Entertainment&quot;)</expression>
    </formulas>
    <formulas>
        <processMetadataValues>
            <name>originalFormula</name>
            <value>
                <stringValue>IF(NOT(ISNULL(PRIORVALUE([Contact].Business_Unit__c) )), PRIORVALUE([Contact].Business_Unit__c) + &quot;;Creative Strategy&quot;, &quot;Creative Strategy&quot;)</stringValue>
            </value>
        </processMetadataValues>
        <name>formula_13_myRule_12_A1_9885641910</name>
        <dataType>String</dataType>
        <expression>IF(NOT(ISNULL(PRIORVALUE({!myVariable_current.Business_Unit__c}) )), PRIORVALUE({!myVariable_current.Business_Unit__c}) + &quot;;Creative Strategy&quot;, &quot;Creative Strategy&quot;)</expression>
    </formulas>
    <formulas>
        <processMetadataValues>
            <name>originalFormula</name>
            <value>
                <stringValue>IF(NOT(ISNULL(PRIORVALUE([Contact].Business_Unit__c) )), PRIORVALUE([Contact].Business_Unit__c) + &quot;;PyTorch Partnerships&quot;, &quot;PyTorch Partnerships&quot;)</stringValue>
            </value>
        </processMetadataValues>
        <name>formula_16_myRule_15_A1_8892626986</name>
        <dataType>String</dataType>
        <expression>IF(NOT(ISNULL(PRIORVALUE({!myVariable_current.Business_Unit__c}) )), PRIORVALUE({!myVariable_current.Business_Unit__c}) + &quot;;PyTorch Partnerships&quot;, &quot;PyTorch Partnerships&quot;)</expression>
    </formulas>
    <formulas>
        <processMetadataValues>
            <name>originalFormula</name>
            <value>
                <stringValue>IF(NOT(ISNULL(PRIORVALUE([Contact].Business_Unit__c) )), PRIORVALUE([Contact].Business_Unit__c) + &quot;;Media Partnerships&quot;, &quot;Media Partnerships&quot;)</stringValue>
            </value>
        </processMetadataValues>
        <name>formula_4_myRule_3_A1_4121733680</name>
        <dataType>String</dataType>
        <expression>IF(NOT(ISNULL(PRIORVALUE({!myVariable_current.Business_Unit__c}) )), PRIORVALUE({!myVariable_current.Business_Unit__c}) + &quot;;Media Partnerships&quot;, &quot;Media Partnerships&quot;)</expression>
    </formulas>
    <formulas>
        <processMetadataValues>
            <name>originalFormula</name>
            <value>
                <stringValue>IF(NOT(ISNULL(PRIORVALUE([Contact].Business_Unit__c) )), PRIORVALUE([Contact].Business_Unit__c) + &quot;;Developer Partnerships&quot;, &quot;Developer Partnerships&quot;)</stringValue>
            </value>
        </processMetadataValues>
        <name>formula_7_myRule_6_A1_1968789185</name>
        <dataType>String</dataType>
        <expression>IF(NOT(ISNULL(PRIORVALUE({!myVariable_current.Business_Unit__c}) )), PRIORVALUE({!myVariable_current.Business_Unit__c}) + &quot;;Developer Partnerships&quot;, &quot;Developer Partnerships&quot;)</expression>
    </formulas>
    <formulas>
        <processMetadataValues>
            <name>originalFormula</name>
            <value>
                <stringValue>$Setup.FB_Trigger_Control__c.Shall_Skip_Contact_Flows__c</stringValue>
            </value>
        </processMetadataValues>
        <name>formula_myRule_1</name>
        <dataType>Boolean</dataType>
        <expression>{!$Setup.FB_Trigger_Control__c.Shall_Skip_Contact_Flows__c}</expression>
    </formulas>
    <formulas>
        <processMetadataValues>
            <name>originalFormula</name>
            <value>
                <stringValue>[Contact].RecordType.Name == &apos;Standard&apos; &amp;&amp;
[Contact].AccountId  != NULL &amp;&amp;
NOT(INCLUDES(PRIORVALUE([Contact].Business_Unit__c), &quot;Creative Strategy&quot;)) &amp;&amp;
(
TEXT([Contact].CreatedBy.Team_Classification__c)  == &quot;Creative Strategy&quot; || 
TEXT([Contact].LastModifiedBy.Team_Classification__c)  == &quot;Creative Strategy&quot;
)</stringValue>
            </value>
        </processMetadataValues>
        <name>formula_myRule_12</name>
        <dataType>Boolean</dataType>
        <expression>{!myVariable_current.RecordType.Name} == &apos;Standard&apos; &amp;&amp;
{!myVariable_current.AccountId}  != NULL &amp;&amp;
NOT(INCLUDES(PRIORVALUE({!myVariable_current.Business_Unit__c}), &quot;Creative Strategy&quot;)) &amp;&amp;
(
TEXT({!myVariable_current.CreatedBy.Team_Classification__c})  == &quot;Creative Strategy&quot; || 
TEXT({!myVariable_current.LastModifiedBy.Team_Classification__c})  == &quot;Creative Strategy&quot;
)</expression>
    </formulas>
    <formulas>
        <processMetadataValues>
            <name>originalFormula</name>
            <value>
                <stringValue>[Contact].RecordType.Name == &apos;Standard&apos; &amp;&amp;
[Contact].AccountId  != NULL &amp;&amp;
NOT(INCLUDES(PRIORVALUE([Contact].Business_Unit__c), &quot;PyTorch Partnerships&quot;)) &amp;&amp;
(
[Contact].CreatedBy.Profile_Name_Text__c == &quot;PyTorch Partnerships&quot; || 
[Contact].LastModifiedBy.Profile_Name_Text__c == &quot;PyTorch Partnerships&quot;
)</stringValue>
            </value>
        </processMetadataValues>
        <name>formula_myRule_15</name>
        <dataType>Boolean</dataType>
        <expression>{!myVariable_current.RecordType.Name} == &apos;Standard&apos; &amp;&amp;
{!myVariable_current.AccountId}  != NULL &amp;&amp;
NOT(INCLUDES(PRIORVALUE({!myVariable_current.Business_Unit__c}), &quot;PyTorch Partnerships&quot;)) &amp;&amp;
(
{!myVariable_current.CreatedBy.Profile_Name_Text__c} == &quot;PyTorch Partnerships&quot; || 
{!myVariable_current.LastModifiedBy.Profile_Name_Text__c} == &quot;PyTorch Partnerships&quot;
)</expression>
    </formulas>
    <formulas>
        <processMetadataValues>
            <name>originalFormula</name>
            <value>
                <stringValue>[Contact].RecordType.Name == &apos;Standard&apos; &amp;&amp;
[Contact].AccountId  != NULL &amp;&amp;
NOT(INCLUDES(PRIORVALUE([Contact].Business_Unit__c), &quot;Media Partnerships&quot;)) &amp;&amp;
(
[Contact].CreatedBy.Profile_Name_Text__c == &quot;Facebook MediaPartnership Full&quot; || 
[Contact].LastModifiedBy.Profile_Name_Text__c == &quot;Facebook MediaPartnership Full&quot;
)</stringValue>
            </value>
        </processMetadataValues>
        <name>formula_myRule_3</name>
        <dataType>Boolean</dataType>
        <expression>{!myVariable_current.RecordType.Name} == &apos;Standard&apos; &amp;&amp;
{!myVariable_current.AccountId}  != NULL &amp;&amp;
NOT(INCLUDES(PRIORVALUE({!myVariable_current.Business_Unit__c}), &quot;Media Partnerships&quot;)) &amp;&amp;
(
{!myVariable_current.CreatedBy.Profile_Name_Text__c} == &quot;Facebook MediaPartnership Full&quot; || 
{!myVariable_current.LastModifiedBy.Profile_Name_Text__c} == &quot;Facebook MediaPartnership Full&quot;
)</expression>
    </formulas>
    <formulas>
        <processMetadataValues>
            <name>originalFormula</name>
            <value>
                <stringValue>[Contact].RecordType.Name == &apos;Standard&apos; &amp;&amp;
[Contact].AccountId  != NULL &amp;&amp;
NOT(INCLUDES(PRIORVALUE([Contact].Business_Unit__c), &quot;Developer Partnerships&quot;)) &amp;&amp;
(
[Contact].CreatedBy.Profile_Name_Text__c == &quot;Facebook Developer Partnerships&quot; || 
[Contact].LastModifiedBy.Profile_Name_Text__c == &quot;Facebook Developer Partnerships&quot;
)</stringValue>
            </value>
        </processMetadataValues>
        <name>formula_myRule_6</name>
        <dataType>Boolean</dataType>
        <expression>{!myVariable_current.RecordType.Name} == &apos;Standard&apos; &amp;&amp;
{!myVariable_current.AccountId}  != NULL &amp;&amp;
NOT(INCLUDES(PRIORVALUE({!myVariable_current.Business_Unit__c}), &quot;Developer Partnerships&quot;)) &amp;&amp;
(
{!myVariable_current.CreatedBy.Profile_Name_Text__c} == &quot;Facebook Developer Partnerships&quot; || 
{!myVariable_current.LastModifiedBy.Profile_Name_Text__c} == &quot;Facebook Developer Partnerships&quot;
)</expression>
    </formulas>
    <formulas>
        <processMetadataValues>
            <name>originalFormula</name>
            <value>
                <stringValue>[Contact].RecordType.Name == &apos;Standard&apos; &amp;&amp;
[Contact].AccountId  != NULL &amp;&amp;
NOT(INCLUDES(PRIORVALUE([Contact].Business_Unit__c), &quot;Entertainment&quot;)) &amp;&amp;
(
TEXT([Contact].CreatedBy.Team_Classification__c)  == &quot;MP - Entertainment&quot; || 
TEXT([Contact].LastModifiedBy.Team_Classification__c)  == &quot;MP - Entertainment&quot;
)</stringValue>
            </value>
        </processMetadataValues>
        <name>formula_myRule_9</name>
        <dataType>Boolean</dataType>
        <expression>{!myVariable_current.RecordType.Name} == &apos;Standard&apos; &amp;&amp;
{!myVariable_current.AccountId}  != NULL &amp;&amp;
NOT(INCLUDES(PRIORVALUE({!myVariable_current.Business_Unit__c}), &quot;Entertainment&quot;)) &amp;&amp;
(
TEXT({!myVariable_current.CreatedBy.Team_Classification__c})  == &quot;MP - Entertainment&quot; || 
TEXT({!myVariable_current.LastModifiedBy.Team_Classification__c})  == &quot;MP - Entertainment&quot;
)</expression>
    </formulas>
    <interviewLabel>MP_Update_Contact_BusinessUnit-15_InterviewLabel</interviewLabel>
    <label>Update_Contact_BusinessUnit</label>
    <processMetadataValues>
        <name>ObjectType</name>
        <value>
            <stringValue>Contact</stringValue>
        </value>
    </processMetadataValues>
    <processMetadataValues>
        <name>ObjectVariable</name>
        <value>
            <elementReference>myVariable_current</elementReference>
        </value>
    </processMetadataValues>
    <processMetadataValues>
        <name>OldObjectVariable</name>
        <value>
            <elementReference>myVariable_old</elementReference>
        </value>
    </processMetadataValues>
    <processMetadataValues>
        <name>TriggerType</name>
        <value>
            <stringValue>onAllChanges</stringValue>
        </value>
    </processMetadataValues>
    <processType>Workflow</processType>
    <recordUpdates>
        <processMetadataValues>
            <name>evaluationType</name>
            <value>
                <stringValue>always</stringValue>
            </value>
        </processMetadataValues>
        <processMetadataValues>
            <name>extraTypeInfo</name>
        </processMetadataValues>
        <processMetadataValues>
            <name>isChildRelationship</name>
            <value>
                <booleanValue>false</booleanValue>
            </value>
        </processMetadataValues>
        <processMetadataValues>
            <name>reference</name>
            <value>
                <stringValue>[Contact]</stringValue>
            </value>
        </processMetadataValues>
        <processMetadataValues>
            <name>referenceTargetField</name>
        </processMetadataValues>
        <name>myRule_12_A1</name>
        <label>Update &quot;Business Unit&quot;</label>
        <locationX>1200</locationX>
        <locationY>200</locationY>
        <filterLogic>and</filterLogic>
        <filters>
            <processMetadataValues>
                <name>implicit</name>
                <value>
                    <booleanValue>true</booleanValue>
                </value>
            </processMetadataValues>
            <field>Id</field>
            <operator>EqualTo</operator>
            <value>
                <elementReference>myVariable_current.Id</elementReference>
            </value>
        </filters>
        <inputAssignments>
            <processMetadataValues>
                <name>dataType</name>
                <value>
                    <stringValue>MultiPicklist</stringValue>
                </value>
            </processMetadataValues>
            <processMetadataValues>
                <name>isRequired</name>
                <value>
                    <booleanValue>false</booleanValue>
                </value>
            </processMetadataValues>
            <processMetadataValues>
                <name>leftHandSideLabel</name>
                <value>
                    <stringValue>Business Unit</stringValue>
                </value>
            </processMetadataValues>
            <processMetadataValues>
                <name>leftHandSideReferenceTo</name>
                <value>
                    <stringValue></stringValue>
                </value>
            </processMetadataValues>
            <processMetadataValues>
                <name>rightHandSideType</name>
                <value>
                    <stringValue>Formula</stringValue>
                </value>
            </processMetadataValues>
            <field>Business_Unit__c</field>
            <value>
                <elementReference>formula_13_myRule_12_A1_9885641910</elementReference>
            </value>
        </inputAssignments>
        <object>Contact</object>
    </recordUpdates>
    <recordUpdates>
        <processMetadataValues>
            <name>evaluationType</name>
            <value>
                <stringValue>always</stringValue>
            </value>
        </processMetadataValues>
        <processMetadataValues>
            <name>extraTypeInfo</name>
        </processMetadataValues>
        <processMetadataValues>
            <name>isChildRelationship</name>
            <value>
                <booleanValue>false</booleanValue>
            </value>
        </processMetadataValues>
        <processMetadataValues>
            <name>reference</name>
            <value>
                <stringValue>[Contact]</stringValue>
            </value>
        </processMetadataValues>
        <processMetadataValues>
            <name>referenceTargetField</name>
        </processMetadataValues>
        <name>myRule_15_A1</name>
        <label>PyTorch Business Unit</label>
        <locationX>1500</locationX>
        <locationY>200</locationY>
        <filterLogic>and</filterLogic>
        <filters>
            <processMetadataValues>
                <name>implicit</name>
                <value>
                    <booleanValue>true</booleanValue>
                </value>
            </processMetadataValues>
            <field>Id</field>
            <operator>EqualTo</operator>
            <value>
                <elementReference>myVariable_current.Id</elementReference>
            </value>
        </filters>
        <inputAssignments>
            <processMetadataValues>
                <name>dataType</name>
                <value>
                    <stringValue>MultiPicklist</stringValue>
                </value>
            </processMetadataValues>
            <processMetadataValues>
                <name>isRequired</name>
                <value>
                    <booleanValue>false</booleanValue>
                </value>
            </processMetadataValues>
            <processMetadataValues>
                <name>leftHandSideLabel</name>
                <value>
                    <stringValue>Business Unit</stringValue>
                </value>
            </processMetadataValues>
            <processMetadataValues>
                <name>leftHandSideReferenceTo</name>
                <value>
                    <stringValue></stringValue>
                </value>
            </processMetadataValues>
            <processMetadataValues>
                <name>rightHandSideType</name>
                <value>
                    <stringValue>Formula</stringValue>
                </value>
            </processMetadataValues>
            <field>Business_Unit__c</field>
            <value>
                <elementReference>formula_16_myRule_15_A1_8892626986</elementReference>
            </value>
        </inputAssignments>
        <object>Contact</object>
    </recordUpdates>
    <recordUpdates>
        <processMetadataValues>
            <name>evaluationType</name>
            <value>
                <stringValue>always</stringValue>
            </value>
        </processMetadataValues>
        <processMetadataValues>
            <name>extraTypeInfo</name>
        </processMetadataValues>
        <processMetadataValues>
            <name>isChildRelationship</name>
            <value>
                <booleanValue>false</booleanValue>
            </value>
        </processMetadataValues>
        <processMetadataValues>
            <name>reference</name>
            <value>
                <stringValue>[Contact]</stringValue>
            </value>
        </processMetadataValues>
        <processMetadataValues>
            <name>referenceTargetField</name>
        </processMetadataValues>
        <name>myRule_3_A1</name>
        <label>Update &quot;Business Unit&quot; field on Contacts</label>
        <locationX>300</locationX>
        <locationY>200</locationY>
        <filterLogic>and</filterLogic>
        <filters>
            <processMetadataValues>
                <name>implicit</name>
                <value>
                    <booleanValue>true</booleanValue>
                </value>
            </processMetadataValues>
            <field>Id</field>
            <operator>EqualTo</operator>
            <value>
                <elementReference>myVariable_current.Id</elementReference>
            </value>
        </filters>
        <inputAssignments>
            <processMetadataValues>
                <name>dataType</name>
                <value>
                    <stringValue>MultiPicklist</stringValue>
                </value>
            </processMetadataValues>
            <processMetadataValues>
                <name>isRequired</name>
                <value>
                    <booleanValue>false</booleanValue>
                </value>
            </processMetadataValues>
            <processMetadataValues>
                <name>leftHandSideLabel</name>
                <value>
                    <stringValue>Business Unit</stringValue>
                </value>
            </processMetadataValues>
            <processMetadataValues>
                <name>leftHandSideReferenceTo</name>
                <value>
                    <stringValue></stringValue>
                </value>
            </processMetadataValues>
            <processMetadataValues>
                <name>rightHandSideType</name>
                <value>
                    <stringValue>Formula</stringValue>
                </value>
            </processMetadataValues>
            <field>Business_Unit__c</field>
            <value>
                <elementReference>formula_4_myRule_3_A1_4121733680</elementReference>
            </value>
        </inputAssignments>
        <object>Contact</object>
    </recordUpdates>
    <recordUpdates>
        <processMetadataValues>
            <name>evaluationType</name>
            <value>
                <stringValue>always</stringValue>
            </value>
        </processMetadataValues>
        <processMetadataValues>
            <name>extraTypeInfo</name>
        </processMetadataValues>
        <processMetadataValues>
            <name>isChildRelationship</name>
            <value>
                <booleanValue>false</booleanValue>
            </value>
        </processMetadataValues>
        <processMetadataValues>
            <name>reference</name>
            <value>
                <stringValue>[Contact]</stringValue>
            </value>
        </processMetadataValues>
        <processMetadataValues>
            <name>referenceTargetField</name>
        </processMetadataValues>
        <name>myRule_6_A1</name>
        <label>Update &quot;Business Unit&quot;</label>
        <locationX>600</locationX>
        <locationY>200</locationY>
        <filterLogic>and</filterLogic>
        <filters>
            <processMetadataValues>
                <name>implicit</name>
                <value>
                    <booleanValue>true</booleanValue>
                </value>
            </processMetadataValues>
            <field>Id</field>
            <operator>EqualTo</operator>
            <value>
                <elementReference>myVariable_current.Id</elementReference>
            </value>
        </filters>
        <inputAssignments>
            <processMetadataValues>
                <name>dataType</name>
                <value>
                    <stringValue>MultiPicklist</stringValue>
                </value>
            </processMetadataValues>
            <processMetadataValues>
                <name>isRequired</name>
                <value>
                    <booleanValue>false</booleanValue>
                </value>
            </processMetadataValues>
            <processMetadataValues>
                <name>leftHandSideLabel</name>
                <value>
                    <stringValue>Business Unit</stringValue>
                </value>
            </processMetadataValues>
            <processMetadataValues>
                <name>leftHandSideReferenceTo</name>
                <value>
                    <stringValue></stringValue>
                </value>
            </processMetadataValues>
            <processMetadataValues>
                <name>rightHandSideType</name>
                <value>
                    <stringValue>Formula</stringValue>
                </value>
            </processMetadataValues>
            <field>Business_Unit__c</field>
            <value>
                <elementReference>formula_7_myRule_6_A1_1968789185</elementReference>
            </value>
        </inputAssignments>
        <object>Contact</object>
    </recordUpdates>
    <recordUpdates>
        <processMetadataValues>
            <name>evaluationType</name>
            <value>
                <stringValue>always</stringValue>
            </value>
        </processMetadataValues>
        <processMetadataValues>
            <name>extraTypeInfo</name>
        </processMetadataValues>
        <processMetadataValues>
            <name>isChildRelationship</name>
            <value>
                <booleanValue>false</booleanValue>
            </value>
        </processMetadataValues>
        <processMetadataValues>
            <name>reference</name>
            <value>
                <stringValue>[Contact]</stringValue>
            </value>
        </processMetadataValues>
        <processMetadataValues>
            <name>referenceTargetField</name>
        </processMetadataValues>
        <name>myRule_9_A1</name>
        <label>Update &quot;Business Unit&quot;</label>
        <locationX>900</locationX>
        <locationY>200</locationY>
        <filterLogic>and</filterLogic>
        <filters>
            <processMetadataValues>
                <name>implicit</name>
                <value>
                    <booleanValue>true</booleanValue>
                </value>
            </processMetadataValues>
            <field>Id</field>
            <operator>EqualTo</operator>
            <value>
                <elementReference>myVariable_current.Id</elementReference>
            </value>
        </filters>
        <inputAssignments>
            <processMetadataValues>
                <name>dataType</name>
                <value>
                    <stringValue>MultiPicklist</stringValue>
                </value>
            </processMetadataValues>
            <processMetadataValues>
                <name>isRequired</name>
                <value>
                    <booleanValue>false</booleanValue>
                </value>
            </processMetadataValues>
            <processMetadataValues>
                <name>leftHandSideLabel</name>
                <value>
                    <stringValue>Business Unit</stringValue>
                </value>
            </processMetadataValues>
            <processMetadataValues>
                <name>leftHandSideReferenceTo</name>
                <value>
                    <stringValue></stringValue>
                </value>
            </processMetadataValues>
            <processMetadataValues>
                <name>rightHandSideType</name>
                <value>
                    <stringValue>Formula</stringValue>
                </value>
            </processMetadataValues>
            <field>Business_Unit__c</field>
            <value>
                <elementReference>formula_10_myRule_9_A1_1050074907</elementReference>
            </value>
        </inputAssignments>
        <object>Contact</object>
    </recordUpdates>
    <startElementReference>myDecision</startElementReference>
    <status>Obsolete</status>
    <variables>
        <name>myVariable_current</name>
        <dataType>SObject</dataType>
        <isCollection>false</isCollection>
        <isInput>true</isInput>
        <isOutput>true</isOutput>
        <objectType>Contact</objectType>
    </variables>
    <variables>
        <name>myVariable_old</name>
        <dataType>SObject</dataType>
        <isCollection>false</isCollection>
        <isInput>true</isInput>
        <isOutput>false</isOutput>
        <objectType>Contact</objectType>
    </variables>
</Flow>
