<?xml version="1.0" encoding="UTF-8"?>
<Flow xmlns="http://soap.sforce.com/2006/04/metadata">
    <apiVersion>49.0</apiVersion>
    <assignments>
        <name>Stamp_Partner_Manager_on_Lead</name>
        <label>Stamp Partner Manager on Lead</label>
        <locationX>418</locationX>
        <locationY>249</locationY>
        <assignmentItems>
            <assignToReference>varLead_Record.Partner_Manager__c</assignToReference>
            <operator>Assign</operator>
            <value>
                <elementReference>varUser_Record.Id</elementReference>
            </value>
        </assignmentItems>
        <connector>
            <targetReference>Update_the_Partner_Mgr</targetReference>
        </connector>
    </assignments>
    <decisions>
        <name>Found_the_Lead_Record</name>
        <label>Found the Lead Record</label>
        <locationX>410</locationX>
        <locationY>68</locationY>
        <defaultConnectorLabel>Default Outcome</defaultConnectorLabel>
        <rules>
            <name>Lead_Record_Found</name>
            <conditionLogic>and</conditionLogic>
            <conditions>
                <leftValueReference>varLead_Record.Id</leftValueReference>
                <operator>IsNull</operator>
                <rightValue>
                    <booleanValue>false</booleanValue>
                </rightValue>
            </conditions>
            <connector>
                <targetReference>Stamp_Partner_Manager_on_Lead</targetReference>
            </connector>
            <label>Lead Record Found?</label>
        </rules>
    </decisions>
    <decisions>
        <name>Found_the_User</name>
        <label>Found the User</label>
        <locationX>234</locationX>
        <locationY>254</locationY>
        <defaultConnectorLabel>Default Outcome</defaultConnectorLabel>
        <rules>
            <name>User_Exists</name>
            <conditionLogic>and</conditionLogic>
            <conditions>
                <leftValueReference>varUser_Record</leftValueReference>
                <operator>IsNull</operator>
                <rightValue>
                    <booleanValue>false</booleanValue>
                </rightValue>
            </conditions>
            <connector>
                <targetReference>Get_the_Lead_Record</targetReference>
            </connector>
            <label>User Exists</label>
        </rules>
    </decisions>
    <description>T45778458 - Update the Partner Manager on Lead based on the id passed from the CMS form.MP</description>
    <interviewLabel>MP - Update the Partner Manager on Lead {!$Flow.CurrentDateTime}</interviewLabel>
    <label>MP - Update the Partner Manager on Lead</label>
    <processMetadataValues>
        <name>BuilderType</name>
        <value>
            <stringValue>LightningFlowBuilder</stringValue>
        </value>
    </processMetadataValues>
    <processMetadataValues>
        <name>OriginBuilderType</name>
        <value>
            <stringValue>LightningFlowBuilder</stringValue>
        </value>
    </processMetadataValues>
    <processType>AutoLaunchedFlow</processType>
    <recordLookups>
        <name>Get_the_Lead_Record</name>
        <label>Get the Lead Record</label>
        <locationX>241</locationX>
        <locationY>66</locationY>
        <assignNullValuesIfNoRecordsFound>true</assignNullValuesIfNoRecordsFound>
        <connector>
            <targetReference>Found_the_Lead_Record</targetReference>
        </connector>
        <filterLogic>and</filterLogic>
        <filters>
            <field>Id</field>
            <operator>EqualTo</operator>
            <value>
                <elementReference>var_Lead_Id</elementReference>
            </value>
        </filters>
        <filters>
            <field>Partner_Manager__c</field>
            <operator>IsNull</operator>
            <value>
                <booleanValue>true</booleanValue>
            </value>
        </filters>
        <object>Lead</object>
        <outputReference>varLead_Record</outputReference>
        <queriedFields>Id</queriedFields>
        <queriedFields>Partner_Manager__c</queriedFields>
    </recordLookups>
    <recordLookups>
        <name>Get_User_Record</name>
        <label>Get User Record</label>
        <locationX>50</locationX>
        <locationY>252</locationY>
        <assignNullValuesIfNoRecordsFound>true</assignNullValuesIfNoRecordsFound>
        <connector>
            <targetReference>Found_the_User</targetReference>
        </connector>
        <filterLogic>and</filterLogic>
        <filters>
            <field>Id</field>
            <operator>EqualTo</operator>
            <value>
                <elementReference>var_Identifier</elementReference>
            </value>
        </filters>
        <object>User</object>
        <outputReference>varUser_Record</outputReference>
        <queriedFields>Id</queriedFields>
        <queriedFields>Name</queriedFields>
    </recordLookups>
    <recordUpdates>
        <name>Update_the_Partner_Mgr</name>
        <label>Update the Partner Mgr on Lead</label>
        <locationX>602</locationX>
        <locationY>150</locationY>
        <inputReference>varLead_Record</inputReference>
    </recordUpdates>
    <startElementReference>Get_User_Record</startElementReference>
    <status>Active</status>
    <variables>
        <name>var_Identifier</name>
        <dataType>String</dataType>
        <isCollection>false</isCollection>
        <isInput>true</isInput>
        <isOutput>true</isOutput>
    </variables>
    <variables>
        <name>var_Lead_Id</name>
        <dataType>String</dataType>
        <isCollection>false</isCollection>
        <isInput>true</isInput>
        <isOutput>true</isOutput>
    </variables>
    <variables>
        <name>varLead_Record</name>
        <dataType>SObject</dataType>
        <isCollection>false</isCollection>
        <isInput>true</isInput>
        <isOutput>true</isOutput>
        <objectType>Lead</objectType>
    </variables>
    <variables>
        <name>varUser_Record</name>
        <dataType>SObject</dataType>
        <isCollection>false</isCollection>
        <isInput>true</isInput>
        <isOutput>true</isOutput>
        <objectType>User</objectType>
    </variables>
</Flow>
