<?xml version="1.0" encoding="UTF-8"?>
<Flow xmlns="http://soap.sforce.com/2006/04/metadata">
    <actionCalls>
        <processMetadataValues>
            <name>ActionCallType</name>
            <value>
                <stringValue>flow</stringValue>
            </value>
        </processMetadataValues>
        <processMetadataValues>
            <name>flowSelection</name>
            <value>
                <stringValue>LeadActivity - Media Partnerships</stringValue>
            </value>
        </processMetadataValues>
        <name>myRule_1_A1</name>
        <label>Journey Phase and Stage Update</label>
        <locationX>100</locationX>
        <locationY>200</locationY>
        <actionName>LeadActivity_Media_Partnerships</actionName>
        <actionType>flow</actionType>
        <inputParameters>
            <processMetadataValues>
                <name>dataType</name>
                <value>
                    <stringValue>String</stringValue>
                </value>
            </processMetadataValues>
            <processMetadataValues>
                <name>isRequired</name>
                <value>
                    <booleanValue>false</booleanValue>
                </value>
            </processMetadataValues>
            <processMetadataValues>
                <name>leftHandSideLabel</name>
                <value>
                    <stringValue>LeadId</stringValue>
                </value>
            </processMetadataValues>
            <processMetadataValues>
                <name>maxOccurs</name>
                <value>
                    <numberValue>1.0</numberValue>
                </value>
            </processMetadataValues>
            <processMetadataValues>
                <name>objectType</name>
                <value>
                    <stringValue></stringValue>
                </value>
            </processMetadataValues>
            <processMetadataValues>
                <name>rightHandSideType</name>
                <value>
                    <stringValue>Reference</stringValue>
                </value>
            </processMetadataValues>
            <name>LeadId</name>
            <value>
                <elementReference>myVariable_current.WhoId</elementReference>
            </value>
        </inputParameters>
        <nameSegment>LeadActivity_Media_Partnerships</nameSegment>
    </actionCalls>
    <apiVersion>49.0</apiVersion>
    <decisions>
        <processMetadataValues>
            <name>index</name>
            <value>
                <numberValue>0.0</numberValue>
            </value>
        </processMetadataValues>
        <name>myDecision</name>
        <label>myDecision</label>
        <locationX>50</locationX>
        <locationY>0</locationY>
        <defaultConnectorLabel>default</defaultConnectorLabel>
        <rules>
            <name>myRule_1</name>
            <conditionLogic>and</conditionLogic>
            <conditions>
                <processMetadataValues>
                    <name>inputDataType</name>
                    <value>
                        <stringValue>ID</stringValue>
                    </value>
                </processMetadataValues>
                <processMetadataValues>
                    <name>leftHandSideReferenceTo</name>
                    <value>
                        <stringValue>Contact;Lead</stringValue>
                    </value>
                </processMetadataValues>
                <processMetadataValues>
                    <name>leftHandSideType</name>
                    <value>
                        <stringValue>ID</stringValue>
                    </value>
                </processMetadataValues>
                <processMetadataValues>
                    <name>operatorDataType</name>
                    <value>
                        <stringValue>String</stringValue>
                    </value>
                </processMetadataValues>
                <processMetadataValues>
                    <name>rightHandSideType</name>
                    <value>
                        <stringValue>ID</stringValue>
                    </value>
                </processMetadataValues>
                <leftValueReference>myVariable_current.WhoId</leftValueReference>
                <operator>StartsWith</operator>
                <rightValue>
                    <stringValue>00Q</stringValue>
                </rightValue>
            </conditions>
            <conditions>
                <processMetadataValues>
                    <name>inputDataType</name>
                    <value>
                        <stringValue>ID</stringValue>
                    </value>
                </processMetadataValues>
                <processMetadataValues>
                    <name>leftHandSideReferenceTo</name>
                    <value>
                        <stringValue>RecordType</stringValue>
                    </value>
                </processMetadataValues>
                <processMetadataValues>
                    <name>leftHandSideType</name>
                    <value>
                        <stringValue>ID</stringValue>
                    </value>
                </processMetadataValues>
                <processMetadataValues>
                    <name>operatorDataType</name>
                    <value>
                        <stringValue>String</stringValue>
                    </value>
                </processMetadataValues>
                <processMetadataValues>
                    <name>rightHandSideType</name>
                    <value>
                        <stringValue>ID</stringValue>
                    </value>
                </processMetadataValues>
                <leftValueReference>myVariable_current.RecordTypeId</leftValueReference>
                <operator>EqualTo</operator>
                <rightValue>
                    <stringValue>012120000019kNIAAY</stringValue>
                </rightValue>
            </conditions>
            <connector>
                <targetReference>myRule_1_A1</targetReference>
            </connector>
            <label>Is Kickstarter Lead?</label>
        </rules>
    </decisions>
    <description>T64491977, T74137945: Revised rules for all the MCD oppty programs</description>
    <interviewLabel>MPS_Bol_Pursue_Instagram_MCD_Oppty_Stage-20_InterviewLabel</interviewLabel>
    <label>MPS-BCF-Bol-Pursue-Instagram MCD Oppty Stage</label>
    <processMetadataValues>
        <name>ObjectType</name>
        <value>
            <stringValue>Event</stringValue>
        </value>
    </processMetadataValues>
    <processMetadataValues>
        <name>ObjectVariable</name>
        <value>
            <elementReference>myVariable_current</elementReference>
        </value>
    </processMetadataValues>
    <processMetadataValues>
        <name>OldObjectVariable</name>
        <value>
            <elementReference>myVariable_old</elementReference>
        </value>
    </processMetadataValues>
    <processMetadataValues>
        <name>TriggerType</name>
        <value>
            <stringValue>onAllChanges</stringValue>
        </value>
    </processMetadataValues>
    <processType>Workflow</processType>
    <startElementReference>myDecision</startElementReference>
    <status>Active</status>
    <variables>
        <name>myVariable_current</name>
        <dataType>SObject</dataType>
        <isCollection>false</isCollection>
        <isInput>true</isInput>
        <isOutput>true</isOutput>
        <objectType>Event</objectType>
    </variables>
    <variables>
        <name>myVariable_old</name>
        <dataType>SObject</dataType>
        <isCollection>false</isCollection>
        <isInput>true</isInput>
        <isOutput>false</isOutput>
        <objectType>Event</objectType>
    </variables>
</Flow>
