<?xml version="1.0" encoding="UTF-8"?>
<Flow xmlns="http://soap.sforce.com/2006/04/metadata">
    <apiVersion>54.0</apiVersion>
    <decisions>
        <name>Create_Financial_Header_Record</name>
        <label>Create Financial Header Record</label>
        <locationX>182</locationX>
        <locationY>335</locationY>
        <defaultConnector>
            <targetReference>Update_Financial</targetReference>
        </defaultConnector>
        <defaultConnectorLabel>Default Outcome</defaultConnectorLabel>
        <rules>
            <name>Create_Financial_Header_Record1</name>
            <conditionLogic>1</conditionLogic>
            <conditions>
                <leftValueReference>CreateFinancialHeaderRecordFormula</leftValueReference>
                <operator>EqualTo</operator>
                <rightValue>
                    <booleanValue>true</booleanValue>
                </rightValue>
            </conditions>
            <connector>
                <targetReference>Create_Financial_Header_Record2</targetReference>
            </connector>
            <label>Create Financial Header Record11</label>
        </rules>
    </decisions>
    <environments>Default</environments>
    <formulas>
        <name>CreateFinancialHeaderRecordFormula</name>
        <dataType>Boolean</dataType>
        <expression>AND(ISNEW(),NOT({!$Record.WOD_2__Is_Template__c}), NOT({!$Record.WOD_2__Is_Claim_Financial_Created__c}) )</expression>
    </formulas>
    <interviewLabel>New Claim Flow {!$Flow.CurrentDateTime}</interviewLabel>
    <label>New Claim Flow</label>
    <processMetadataValues>
        <name>BuilderType</name>
        <value>
            <stringValue>LightningFlowBuilder</stringValue>
        </value>
    </processMetadataValues>
    <processMetadataValues>
        <name>CanvasMode</name>
        <value>
            <stringValue>AUTO_LAYOUT_CANVAS</stringValue>
        </value>
    </processMetadataValues>
    <processMetadataValues>
        <name>OriginBuilderType</name>
        <value>
            <stringValue>LightningFlowBuilder</stringValue>
        </value>
    </processMetadataValues>
    <processType>AutoLaunchedFlow</processType>
    <recordCreates>
        <name>Create_Financial_Header_Record2</name>
        <label>Create Financial Header Record2</label>
        <locationX>50</locationX>
        <locationY>455</locationY>
        <connector>
            <targetReference>Update_Claim_Financial_Created</targetReference>
        </connector>
        <inputAssignments>
            <field>Account_ID__c</field>
            <value>
                <elementReference>$Record.WOD_2__Account__r.Id</elementReference>
            </value>
        </inputAssignments>
        <inputAssignments>
            <field>Name</field>
            <value>
                <elementReference>$Record.Name</elementReference>
            </value>
        </inputAssignments>
        <inputAssignments>
            <field>WOD_2__Claim__c</field>
            <value>
                <elementReference>$Record.Id</elementReference>
            </value>
        </inputAssignments>
        <inputAssignments>
            <field>WOD_2__Is_Base_Financial__c</field>
            <value>
                <booleanValue>true</booleanValue>
            </value>
        </inputAssignments>
        <object>WOD_2__Financial__c</object>
        <storeOutputAutomatically>true</storeOutputAutomatically>
    </recordCreates>
    <recordUpdates>
        <name>Update_Claim_Financial_Created</name>
        <label>Update Claim Financial Created</label>
        <locationX>50</locationX>
        <locationY>575</locationY>
        <inputAssignments>
            <field>WOD_2__Is_Claim_Financial_Created__c</field>
            <value>
                <booleanValue>true</booleanValue>
            </value>
        </inputAssignments>
        <inputReference>$Record</inputReference>
    </recordUpdates>
    <recordUpdates>
        <name>Update_Financial</name>
        <label>Update Financial</label>
        <locationX>314</locationX>
        <locationY>455</locationY>
        <filterLogic>and</filterLogic>
        <filters>
            <field>WOD_2__Claim__c</field>
            <operator>EqualTo</operator>
            <value>
                <elementReference>$Record.Id</elementReference>
            </value>
        </filters>
        <inputAssignments>
            <field>Account_ID__c</field>
            <value>
                <elementReference>$Record.WOD_2__Account__r.Id</elementReference>
            </value>
        </inputAssignments>
        <object>WOD_2__Financial__c</object>
    </recordUpdates>
    <sourceTemplate>WOD_2__Claim_Flow</sourceTemplate>
    <start>
        <locationX>56</locationX>
        <locationY>0</locationY>
        <connector>
            <targetReference>Create_Financial_Header_Record</targetReference>
        </connector>
        <object>WOD_2__Claim__c</object>
        <recordTriggerType>CreateAndUpdate</recordTriggerType>
        <triggerType>RecordAfterSave</triggerType>
    </start>
    <status>Obsolete</status>
</Flow>
