<?xml version="1.0" encoding="UTF-8"?>
<Flow xmlns="http://soap.sforce.com/2006/04/metadata">
    <actionCalls>
        <description>when a new PPG is created, send an email to an admin to create related entries in global picklist value set, Product Category dependencies, set Eligibility to Promotions etc.</description>
        <name>New_PPG_Created</name>
        <label>New PPG Created</label>
        <locationX>176</locationX>
        <locationY>335</locationY>
        <actionName>emailSimple</actionName>
        <actionType>emailSimple</actionType>
        <flowTransactionModel>CurrentTransaction</flowTransactionModel>
        <inputParameters>
            <name>emailBody</name>
            <value>
                <stringValue>A New PPG is has been created. </stringValue>
            </value>
        </inputParameters>
        <inputParameters>
            <name>emailAddresses</name>
            <value>
                <stringValue>agnesles@meta.com</stringValue>
            </value>
        </inputParameters>
        <inputParameters>
            <name>emailSubject</name>
            <value>
                <stringValue>A New PPG has been created</stringValue>
            </value>
        </inputParameters>
        <nameSegment>emailSimple</nameSegment>
    </actionCalls>
    <apiVersion>55.0</apiVersion>
    <environments>Default</environments>
    <interviewLabel>New PPG Email Alert {!$Flow.CurrentDateTime}</interviewLabel>
    <label>New PPG Email Alert</label>
    <processMetadataValues>
        <name>BuilderType</name>
        <value>
            <stringValue>LightningFlowBuilder</stringValue>
        </value>
    </processMetadataValues>
    <processMetadataValues>
        <name>CanvasMode</name>
        <value>
            <stringValue>AUTO_LAYOUT_CANVAS</stringValue>
        </value>
    </processMetadataValues>
    <processMetadataValues>
        <name>OriginBuilderType</name>
        <value>
            <stringValue>LightningFlowBuilder</stringValue>
        </value>
    </processMetadataValues>
    <processType>AutoLaunchedFlow</processType>
    <start>
        <locationX>50</locationX>
        <locationY>0</locationY>
        <connector>
            <targetReference>New_PPG_Created</targetReference>
        </connector>
        <filterLogic>and</filterLogic>
        <filters>
            <field>Promoted_Product_Group_Name__c</field>
            <operator>IsNull</operator>
            <value>
                <booleanValue>false</booleanValue>
            </value>
        </filters>
        <object>Product2</object>
        <recordTriggerType>Create</recordTriggerType>
        <triggerType>RecordAfterSave</triggerType>
    </start>
    <status>Draft</status>
</Flow>
