<?xml version="1.0" encoding="UTF-8"?>
<Flow xmlns="http://soap.sforce.com/2006/04/metadata">
    <apiVersion>49.0</apiVersion>
    <constants>
        <name>NEWWave</name>
        <dataType>String</dataType>
        <value>
            <stringValue>-Expansion</stringValue>
        </value>
    </constants>
    <constants>
        <name>One</name>
        <dataType>Number</dataType>
        <value>
            <numberValue>1.0</numberValue>
        </value>
    </constants>
    <constants>
        <name>OpptySObjectName</name>
        <dataType>String</dataType>
        <value>
            <stringValue>Opportunity</stringValue>
        </value>
    </constants>
    <constants>
        <name>RecordTypeName</name>
        <dataType>String</dataType>
        <value>
            <stringValue>FB_Work_Expansion_Wave</stringValue>
        </value>
    </constants>
    <constants>
        <name>Zero</name>
        <dataType>Number</dataType>
        <value>
            <numberValue>0.0</numberValue>
        </value>
    </constants>
    <description>NewWaveOpptyRecordID</description>
    <interviewLabel>NewWaveOpptyCreationFlow {!$Flow.CurrentDateTime}</interviewLabel>
    <label>@Workplace - NewWaveOpptyCreationFlow</label>
    <processType>Flow</processType>
    <recordCreates>
        <name>CreateNewWaveOpptyRecord</name>
        <label>CreateNewWaveOpptyRecord</label>
        <locationX>234</locationX>
        <locationY>172</locationY>
        <assignRecordIdToReference>NewWaveOpptyRecordID</assignRecordIdToReference>
        <connector>
            <targetReference>WaveSucessScreen</targetReference>
        </connector>
        <inputAssignments>
            <field>AccountId</field>
            <value>
                <elementReference>CurrentOpportunityRecord.AccountId</elementReference>
            </value>
        </inputAssignments>
        <inputAssignments>
            <field>CloseDate</field>
            <value>
                <elementReference>CurrentOpportunityRecord.CloseDate</elementReference>
            </value>
        </inputAssignments>
        <inputAssignments>
            <field>Government_Owned__c</field>
            <value>
                <elementReference>CurrentOpportunityRecord.Government_Owned__c</elementReference>
            </value>
        </inputAssignments>
        <inputAssignments>
            <field>Name</field>
            <value>
                <stringValue>{!CurrentOpportunityRecord.Name}{!NEWWave}</stringValue>
            </value>
        </inputAssignments>
        <inputAssignments>
            <field>Parent_Opportunity__c</field>
            <value>
                <elementReference>CurrentOpportunityRecord.Id</elementReference>
            </value>
        </inputAssignments>
        <inputAssignments>
            <field>RecordTypeId</field>
            <value>
                <elementReference>RecordTypeObjectRecord.Id</elementReference>
            </value>
        </inputAssignments>
        <inputAssignments>
            <field>StageName</field>
            <value>
                <stringValue>New</stringValue>
            </value>
        </inputAssignments>
        <inputAssignments>
            <field>Type</field>
            <value>
                <elementReference>CurrentOpportunityRecord.Type</elementReference>
            </value>
        </inputAssignments>
        <object>Opportunity</object>
    </recordCreates>
    <recordLookups>
        <name>GetCurrentOpptySObjectRecord</name>
        <label>GetCurrentOpptySObjectRecord</label>
        <locationX>236</locationX>
        <locationY>320</locationY>
        <assignNullValuesIfNoRecordsFound>false</assignNullValuesIfNoRecordsFound>
        <connector>
            <targetReference>CreateNewWaveOpptyRecord</targetReference>
        </connector>
        <filterLogic>and</filterLogic>
        <filters>
            <field>Id</field>
            <operator>EqualTo</operator>
            <value>
                <elementReference>recordId</elementReference>
            </value>
        </filters>
        <object>Opportunity</object>
        <outputReference>CurrentOpportunityRecord</outputReference>
        <queriedFields>Name</queriedFields>
        <queriedFields>CloseDate</queriedFields>
        <queriedFields>StageName</queriedFields>
        <queriedFields>Opportunity_Currency__c</queriedFields>
        <queriedFields>Type</queriedFields>
        <queriedFields>AccountId</queriedFields>
        <queriedFields>Government_Owned__c</queriedFields>
    </recordLookups>
    <recordLookups>
        <name>GetWaveRecordTypeID</name>
        <label>GetWaveRecordTypeID</label>
        <locationX>43</locationX>
        <locationY>323</locationY>
        <assignNullValuesIfNoRecordsFound>false</assignNullValuesIfNoRecordsFound>
        <connector>
            <targetReference>GetCurrentOpptySObjectRecord</targetReference>
        </connector>
        <filterLogic>and</filterLogic>
        <filters>
            <field>DeveloperName</field>
            <operator>EqualTo</operator>
            <value>
                <elementReference>RecordTypeName</elementReference>
            </value>
        </filters>
        <filters>
            <field>SobjectType</field>
            <operator>EqualTo</operator>
            <value>
                <elementReference>OpptySObjectName</elementReference>
            </value>
        </filters>
        <object>RecordType</object>
        <outputReference>RecordTypeObjectRecord</outputReference>
        <queriedFields>Id</queriedFields>
    </recordLookups>
    <screens>
        <name>WaveSucessScreen</name>
        <label>WaveSucessScreen</label>
        <locationX>450</locationX>
        <locationY>168</locationY>
        <allowBack>true</allowBack>
        <allowFinish>true</allowFinish>
        <allowPause>true</allowPause>
        <fields>
            <name>SuccessScreen</name>
            <extensionName>c:WaveRecordSuccess</extensionName>
            <fieldType>ComponentInstance</fieldType>
            <isRequired>true</isRequired>
        </fields>
        <showFooter>true</showFooter>
        <showHeader>true</showHeader>
    </screens>
    <startElementReference>GetWaveRecordTypeID</startElementReference>
    <status>Active</status>
    <variables>
        <name>AssetID</name>
        <dataType>String</dataType>
        <isCollection>false</isCollection>
        <isInput>false</isInput>
        <isOutput>false</isOutput>
    </variables>
    <variables>
        <description>CurrentOpportunityRecord</description>
        <name>CurrentOpportunityRecord</name>
        <dataType>SObject</dataType>
        <isCollection>false</isCollection>
        <isInput>false</isInput>
        <isOutput>false</isOutput>
        <objectType>Opportunity</objectType>
    </variables>
    <variables>
        <description>CurrentOpptyLineItemRecord</description>
        <name>CurrentOpptyLineItemRecord</name>
        <dataType>SObject</dataType>
        <isCollection>false</isCollection>
        <isInput>false</isInput>
        <isOutput>false</isOutput>
        <objectType>OpportunityLineItem</objectType>
    </variables>
    <variables>
        <description>CurrentOpptyLineItems</description>
        <name>CurrentOpptyLineItems</name>
        <dataType>SObject</dataType>
        <isCollection>true</isCollection>
        <isInput>false</isInput>
        <isOutput>false</isOutput>
        <objectType>OpportunityLineItem</objectType>
    </variables>
    <variables>
        <description>Current opportunity record ID</description>
        <name>CurrentOpptyRecID</name>
        <dataType>String</dataType>
        <isCollection>false</isCollection>
        <isInput>false</isInput>
        <isOutput>false</isOutput>
    </variables>
    <variables>
        <description>NewOpptyLineItemRecord</description>
        <name>NewOpptyLineItemRecord</name>
        <dataType>SObject</dataType>
        <isCollection>false</isCollection>
        <isInput>false</isInput>
        <isOutput>false</isOutput>
        <objectType>OpportunityLineItem</objectType>
    </variables>
    <variables>
        <description>NewOpptyLineItemsList</description>
        <name>NewOpptyLineItemsList</name>
        <dataType>SObject</dataType>
        <isCollection>true</isCollection>
        <isInput>false</isInput>
        <isOutput>false</isOutput>
        <objectType>OpportunityLineItem</objectType>
    </variables>
    <variables>
        <description>NewWaveOpptyRecordID</description>
        <name>NewWaveOpptyRecordID</name>
        <dataType>String</dataType>
        <isCollection>false</isCollection>
        <isInput>true</isInput>
        <isOutput>true</isOutput>
    </variables>
    <variables>
        <name>recordId</name>
        <dataType>String</dataType>
        <isCollection>false</isCollection>
        <isInput>true</isInput>
        <isOutput>false</isOutput>
    </variables>
    <variables>
        <name>RecordTypeObjectRecord</name>
        <dataType>SObject</dataType>
        <isCollection>false</isCollection>
        <isInput>false</isInput>
        <isOutput>false</isOutput>
        <objectType>RecordType</objectType>
    </variables>
    <variables>
        <name>test</name>
        <dataType>String</dataType>
        <isCollection>false</isCollection>
        <isInput>false</isInput>
        <isOutput>true</isOutput>
    </variables>
</Flow>
