<?xml version="1.0" encoding="UTF-8"?>
<Flow xmlns="http://soap.sforce.com/2006/04/metadata">
    <actionCalls>
        <name>eventContextErrorEmail</name>
        <label>Context Error Email</label>
        <locationX>0</locationX>
        <locationY>0</locationY>
        <actionName>emailSimple</actionName>
        <actionType>emailSimple</actionType>
        <flowTransactionModel>CurrentTransaction</flowTransactionModel>
        <inputParameters>
            <name>emailSubject</name>
            <value>
                <stringValue>Salesforce Notification on Outreach Token Refresh Failure process didn&apos;t start: No matching records found</stringValue>
            </value>
        </inputParameters>
        <inputParameters>
            <name>emailBody</name>
            <value>
                <elementReference>noRecordsFoundTextTemplate</elementReference>
            </value>
        </inputParameters>
        <inputParameters>
            <name>emailAddresses</name>
            <value>
                <stringValue>prataphalder@fb.com</stringValue>
            </value>
        </inputParameters>
        <nameSegment>emailSimple</nameSegment>
    </actionCalls>
    <actionCalls>
        <name>eventContextMoreEmail</name>
        <label>Context Error Email</label>
        <locationX>0</locationX>
        <locationY>0</locationY>
        <actionName>emailSimple</actionName>
        <actionType>emailSimple</actionType>
        <flowTransactionModel>CurrentTransaction</flowTransactionModel>
        <inputParameters>
            <name>emailSubject</name>
            <value>
                <stringValue>Salesforce Notification on Outreach Token Refresh Failure process didn&apos;t start: Multiple matching records found</stringValue>
            </value>
        </inputParameters>
        <inputParameters>
            <name>emailBody</name>
            <value>
                <elementReference>multipleRecordsFoundTextTemplate</elementReference>
            </value>
        </inputParameters>
        <inputParameters>
            <name>emailAddresses</name>
            <value>
                <stringValue>prataphalder@fb.com</stringValue>
            </value>
        </inputParameters>
        <nameSegment>emailSimple</nameSegment>
    </actionCalls>
    <actionCalls>
        <processMetadataValues>
            <name>emailAlertSelection</name>
            <value>
                <stringValue>Outreach_OAuth_Token_Refresh_Failed</stringValue>
            </value>
        </processMetadataValues>
        <name>myRule_1_A1</name>
        <label>Email Alert</label>
        <locationX>100</locationX>
        <locationY>200</locationY>
        <actionName>Outreach_Token__c.Outreach_OAuth_Token_Refresh_Failed</actionName>
        <actionType>emailAlert</actionType>
        <connector>
            <targetReference>myRule_1_A2</targetReference>
        </connector>
        <flowTransactionModel>CurrentTransaction</flowTransactionModel>
        <inputParameters>
            <name>SObjectRowId</name>
            <value>
                <elementReference>myVariable_event_context.Id</elementReference>
            </value>
        </inputParameters>
        <nameSegment>Outreach_Token__c.Outreach_OAuth_Token_Refresh_Failed</nameSegment>
    </actionCalls>
    <actionCalls>
        <processMetadataValues>
            <name>apexSelection</name>
            <value>
                <stringValue>Send Workplace Notification</stringValue>
            </value>
        </processMetadataValues>
        <name>myRule_1_A2</name>
        <label>WP Alert</label>
        <locationX>100</locationX>
        <locationY>300</locationY>
        <actionName>NotificationInvocable</actionName>
        <actionType>apex</actionType>
        <flowTransactionModel>CurrentTransaction</flowTransactionModel>
        <inputParameters>
            <processMetadataValues>
                <name>dataType</name>
                <value>
                    <stringValue>ID</stringValue>
                </value>
            </processMetadataValues>
            <processMetadataValues>
                <name>isRequired</name>
                <value>
                    <booleanValue>true</booleanValue>
                </value>
            </processMetadataValues>
            <processMetadataValues>
                <name>leftHandSideLabel</name>
                <value>
                    <stringValue>Salesforce User Id</stringValue>
                </value>
            </processMetadataValues>
            <processMetadataValues>
                <name>maxOccurs</name>
                <value>
                    <numberValue>0.0</numberValue>
                </value>
            </processMetadataValues>
            <processMetadataValues>
                <name>objectType</name>
                <value>
                    <stringValue></stringValue>
                </value>
            </processMetadataValues>
            <processMetadataValues>
                <name>rightHandSideType</name>
                <value>
                    <stringValue>Reference</stringValue>
                </value>
            </processMetadataValues>
            <name>userId</name>
            <value>
                <elementReference>myVariable_event_context.LastModifiedById</elementReference>
            </value>
        </inputParameters>
        <inputParameters>
            <processMetadataValues>
                <name>dataType</name>
                <value>
                    <stringValue>ID</stringValue>
                </value>
            </processMetadataValues>
            <processMetadataValues>
                <name>isRequired</name>
                <value>
                    <booleanValue>true</booleanValue>
                </value>
            </processMetadataValues>
            <processMetadataValues>
                <name>leftHandSideLabel</name>
                <value>
                    <stringValue>Salesforce Workplace Id</stringValue>
                </value>
            </processMetadataValues>
            <processMetadataValues>
                <name>maxOccurs</name>
                <value>
                    <numberValue>0.0</numberValue>
                </value>
            </processMetadataValues>
            <processMetadataValues>
                <name>objectType</name>
                <value>
                    <stringValue></stringValue>
                </value>
            </processMetadataValues>
            <processMetadataValues>
                <name>rightHandSideType</name>
                <value>
                    <stringValue>ID</stringValue>
                </value>
            </processMetadataValues>
            <name>wpId</name>
            <value>
                <stringValue>aLW1H000000001nWAA</stringValue>
            </value>
        </inputParameters>
        <inputParameters>
            <processMetadataValues>
                <name>dataType</name>
                <value>
                    <stringValue>ID</stringValue>
                </value>
            </processMetadataValues>
            <processMetadataValues>
                <name>isRequired</name>
                <value>
                    <booleanValue>true</booleanValue>
                </value>
            </processMetadataValues>
            <processMetadataValues>
                <name>leftHandSideLabel</name>
                <value>
                    <stringValue>Message Template Id</stringValue>
                </value>
            </processMetadataValues>
            <processMetadataValues>
                <name>maxOccurs</name>
                <value>
                    <numberValue>0.0</numberValue>
                </value>
            </processMetadataValues>
            <processMetadataValues>
                <name>objectType</name>
                <value>
                    <stringValue></stringValue>
                </value>
            </processMetadataValues>
            <processMetadataValues>
                <name>rightHandSideType</name>
                <value>
                    <stringValue>ID</stringValue>
                </value>
            </processMetadataValues>
            <name>msgTemplateId</name>
            <value>
                <stringValue>aLL8V000000PB07WAG</stringValue>
            </value>
        </inputParameters>
        <inputParameters>
            <processMetadataValues>
                <name>dataType</name>
                <value>
                    <stringValue>Boolean</stringValue>
                </value>
            </processMetadataValues>
            <processMetadataValues>
                <name>isRequired</name>
                <value>
                    <booleanValue>true</booleanValue>
                </value>
            </processMetadataValues>
            <processMetadataValues>
                <name>leftHandSideLabel</name>
                <value>
                    <stringValue>Shall Restrict Context User</stringValue>
                </value>
            </processMetadataValues>
            <processMetadataValues>
                <name>maxOccurs</name>
                <value>
                    <numberValue>0.0</numberValue>
                </value>
            </processMetadataValues>
            <processMetadataValues>
                <name>objectType</name>
                <value>
                    <stringValue></stringValue>
                </value>
            </processMetadataValues>
            <processMetadataValues>
                <name>rightHandSideType</name>
                <value>
                    <stringValue>Boolean</stringValue>
                </value>
            </processMetadataValues>
            <name>shallRestrictContextUser</name>
            <value>
                <booleanValue>false</booleanValue>
            </value>
        </inputParameters>
        <nameSegment>NotificationInvocable</nameSegment>
    </actionCalls>
    <apiVersion>52.0</apiVersion>
    <assignments>
        <name>RecordCountAssignment</name>
        <label>RecordCountAssignment</label>
        <locationX>0</locationX>
        <locationY>0</locationY>
        <assignmentItems>
            <assignToReference>myVariable_event_record_count</assignToReference>
            <operator>Add</operator>
            <value>
                <numberValue>1.0</numberValue>
            </value>
        </assignmentItems>
        <assignmentItems>
            <assignToReference>myVariable_event_context</assignToReference>
            <operator>Assign</operator>
            <value>
                <elementReference>myVariable_event_current_record</elementReference>
            </value>
        </assignmentItems>
        <connector>
            <targetReference>eventContextCheckLoop</targetReference>
        </connector>
    </assignments>
    <decisions>
        <name>eventContextCheckDecision</name>
        <label>ContextCheckDecision</label>
        <locationX>0</locationX>
        <locationY>0</locationY>
        <defaultConnector>
            <targetReference>myDecision</targetReference>
        </defaultConnector>
        <defaultConnectorLabel>default</defaultConnectorLabel>
        <rules>
            <name>eventContextCheckRule</name>
            <conditionLogic>and</conditionLogic>
            <conditions>
                <leftValueReference>myVariable_event_record_count</leftValueReference>
                <operator>EqualTo</operator>
                <rightValue>
                    <numberValue>0.0</numberValue>
                </rightValue>
            </conditions>
            <connector>
                <targetReference>eventContextErrorEmail</targetReference>
            </connector>
            <label>Context Check Decision - Is Zero</label>
        </rules>
        <rules>
            <name>eventContextGtOneCheckRule</name>
            <conditionLogic>and</conditionLogic>
            <conditions>
                <leftValueReference>myVariable_event_record_count</leftValueReference>
                <operator>GreaterThan</operator>
                <rightValue>
                    <numberValue>1.0</numberValue>
                </rightValue>
            </conditions>
            <connector>
                <targetReference>eventContextMoreEmail</targetReference>
            </connector>
            <label>Context Check Decision - Greater than One</label>
        </rules>
    </decisions>
    <decisions>
        <processMetadataValues>
            <name>index</name>
            <value>
                <numberValue>0.0</numberValue>
            </value>
        </processMetadataValues>
        <name>myDecision</name>
        <label>myDecision</label>
        <locationX>50</locationX>
        <locationY>0</locationY>
        <defaultConnectorLabel>default</defaultConnectorLabel>
        <rules>
            <name>myRule_1</name>
            <conditionLogic>and</conditionLogic>
            <conditions>
                <leftValueReference>formula_myRule_1</leftValueReference>
                <operator>EqualTo</operator>
                <rightValue>
                    <booleanValue>true</booleanValue>
                </rightValue>
            </conditions>
            <connector>
                <targetReference>myRule_1_A1</targetReference>
            </connector>
            <label>Always</label>
        </rules>
    </decisions>
    <formulas>
        <name>formula_myRule_1</name>
        <dataType>Boolean</dataType>
        <expression>true</expression>
    </formulas>
    <formulas>
        <name>OrganizationName</name>
        <dataType>String</dataType>
        <expression>{!$Organization.Name}</expression>
    </formulas>
    <interviewLabel>Notification_on_Outreach_Token_Refresh_Failure-1_InterviewLabel</interviewLabel>
    <label>Notification on Outreach Token Refresh Failure</label>
    <loops>
        <name>eventContextCheckLoop</name>
        <label>ContextCheckLoop</label>
        <locationX>0</locationX>
        <locationY>0</locationY>
        <assignNextValueToReference>myVariable_event_current_record</assignNextValueToReference>
        <collectionReference>myVariable_event_context_collection</collectionReference>
        <iterationOrder>Asc</iterationOrder>
        <nextValueConnector>
            <targetReference>RecordCountAssignment</targetReference>
        </nextValueConnector>
        <noMoreValuesConnector>
            <targetReference>eventContextCheckDecision</targetReference>
        </noMoreValuesConnector>
    </loops>
    <processMetadataValues>
        <name>EventType</name>
        <value>
            <stringValue>Outreach_Token_Refresh_Failure__e</stringValue>
        </value>
    </processMetadataValues>
    <processMetadataValues>
        <name>ObjectType</name>
        <value>
            <stringValue>Outreach_Token__c</stringValue>
        </value>
    </processMetadataValues>
    <processType>CustomEvent</processType>
    <recordLookups>
        <name>myEventContextRecordLookup</name>
        <label>myEventContextRecordLookup</label>
        <locationX>0</locationX>
        <locationY>0</locationY>
        <assignNullValuesIfNoRecordsFound>false</assignNullValuesIfNoRecordsFound>
        <connector>
            <targetReference>eventContextCheckLoop</targetReference>
        </connector>
        <filterLogic>and</filterLogic>
        <filters>
            <processMetadataValues>
                <name>implicit</name>
                <value>
                    <booleanValue>false</booleanValue>
                </value>
            </processMetadataValues>
            <processMetadataValues>
                <name>inputDataType</name>
                <value>
                    <stringValue>Picklist</stringValue>
                </value>
            </processMetadataValues>
            <processMetadataValues>
                <name>leftHandSideLabel</name>
                <value>
                    <stringValue>Business</stringValue>
                </value>
            </processMetadataValues>
            <processMetadataValues>
                <name>leftHandSideReferenceTo</name>
                <value>
                    <stringValue></stringValue>
                </value>
            </processMetadataValues>
            <processMetadataValues>
                <name>leftHandSideType</name>
                <value>
                    <stringValue>Picklist</stringValue>
                </value>
            </processMetadataValues>
            <processMetadataValues>
                <name>operatorDataType</name>
                <value>
                    <stringValue>String</stringValue>
                </value>
            </processMetadataValues>
            <processMetadataValues>
                <name>rightHandSideType</name>
                <value>
                    <stringValue>Event</stringValue>
                </value>
            </processMetadataValues>
            <field>Business__c</field>
            <operator>EqualTo</operator>
            <value>
                <elementReference>myVariable_myEvent.Business__c</elementReference>
            </value>
        </filters>
        <object>Outreach_Token__c</object>
        <outputReference>myVariable_event_context_collection</outputReference>
        <queriedFields>LastModifiedById</queriedFields>
    </recordLookups>
    <startElementReference>myEventContextRecordLookup</startElementReference>
    <status>Active</status>
    <textTemplates>
        <description>text template for when multiple records are records found</description>
        <name>multipleRecordsFoundTextTemplate</name>
        <isViewedAsPlainText>false</isViewedAsPlainText>
        <text>Hello {!OrganizationName} Admin, 

The Notification on Outreach Token Refresh Failure process is configured to start when a Outreach Token Refresh Failure platform event message occurs. A Outreach Token Refresh Failure message occurred, but the process didn&apos;t start because multiple records in your org match the values specified in the process&apos;s Object node.

Here are the values from the Outreach Token Refresh Failure message.
Business: {!myVariable_myEvent.Business__c}

To fix this issue, adjust the matching filters in the process&apos;s Object node.

Thank you, 
Salesforce Process Automation</text>
    </textTemplates>
    <textTemplates>
        <description>text template for no records found</description>
        <name>noRecordsFoundTextTemplate</name>
        <isViewedAsPlainText>false</isViewedAsPlainText>
        <text>Hello {!OrganizationName} Admin, 

The Notification on Outreach Token Refresh Failure process is configured to start when a Outreach Token Refresh Failure platform event message occurs. A Outreach Token Refresh Failure message occurred, but the process didn&apos;t start because no records in your org match the values specified in the process&apos;s Object node.

Here are the values from the Outreach Token Refresh Failure message.
Business: {!myVariable_myEvent.Business__c}

To fix this issue, adjust the matching filters in the process&apos;s Object node.

Thank you, 
Salesforce Process Automation</text>
    </textTemplates>
    <variables>
        <name>myVariable_event_context</name>
        <dataType>SObject</dataType>
        <isCollection>false</isCollection>
        <isInput>true</isInput>
        <isOutput>true</isOutput>
        <objectType>Outreach_Token__c</objectType>
    </variables>
    <variables>
        <name>myVariable_event_context_collection</name>
        <dataType>SObject</dataType>
        <isCollection>true</isCollection>
        <isInput>true</isInput>
        <isOutput>true</isOutput>
        <objectType>Outreach_Token__c</objectType>
    </variables>
    <variables>
        <name>myVariable_event_current_record</name>
        <dataType>SObject</dataType>
        <isCollection>false</isCollection>
        <isInput>true</isInput>
        <isOutput>true</isOutput>
        <objectType>Outreach_Token__c</objectType>
    </variables>
    <variables>
        <name>myVariable_event_record_count</name>
        <dataType>Number</dataType>
        <isCollection>false</isCollection>
        <isInput>true</isInput>
        <isOutput>true</isOutput>
        <scale>2</scale>
        <value>
            <numberValue>0.0</numberValue>
        </value>
    </variables>
    <variables>
        <name>myVariable_myEvent</name>
        <dataType>SObject</dataType>
        <isCollection>false</isCollection>
        <isInput>true</isInput>
        <isOutput>false</isOutput>
        <objectType>Outreach_Token_Refresh_Failure__e</objectType>
    </variables>
</Flow>
