<?xml version="1.0" encoding="UTF-8"?>
<Flow xmlns="http://soap.sforce.com/2006/04/metadata">
    <actionCalls>
        <processMetadataValues>
            <name>apexSelection</name>
            <value>
                <stringValue>Notify M* Lead of Team Member status change</stringValue>
            </value>
        </processMetadataValues>
        <name>myRule_1_A1</name>
        <label>Notify M* Leads</label>
        <locationX>100</locationX>
        <locationY>200</locationY>
        <actionName>WP_IntercomTeamMemberStatusNotifier</actionName>
        <actionType>apex</actionType>
        <inputParameters>
            <processMetadataValues>
                <name>dataType</name>
                <value>
                    <stringValue>SObject</stringValue>
                </value>
            </processMetadataValues>
            <processMetadataValues>
                <name>isRequired</name>
                <value>
                    <booleanValue>false</booleanValue>
                </value>
            </processMetadataValues>
            <processMetadataValues>
                <name>leftHandSideLabel</name>
                <value>
                    <stringValue>teamMembers</stringValue>
                </value>
            </processMetadataValues>
            <processMetadataValues>
                <name>maxOccurs</name>
                <value>
                    <numberValue>1.0</numberValue>
                </value>
            </processMetadataValues>
            <processMetadataValues>
                <name>objectType</name>
                <value>
                    <stringValue>Team_Member__c</stringValue>
                </value>
            </processMetadataValues>
            <processMetadataValues>
                <name>rightHandSideType</name>
                <value>
                    <stringValue>SObject</stringValue>
                </value>
            </processMetadataValues>
            <name>teamMembers</name>
            <value>
                <elementReference>myVariable_current</elementReference>
            </value>
        </inputParameters>
        <nameSegment>WP_IntercomTeamMemberStatusNotifier</nameSegment>
    </actionCalls>
    <apiVersion>49.0</apiVersion>
    <decisions>
        <processMetadataValues>
            <name>index</name>
            <value>
                <numberValue>0.0</numberValue>
            </value>
        </processMetadataValues>
        <name>myDecision</name>
        <label>myDecision</label>
        <locationX>50</locationX>
        <locationY>0</locationY>
        <defaultConnectorLabel>default</defaultConnectorLabel>
        <rules>
            <name>myRule_1</name>
            <conditionLogic>and</conditionLogic>
            <conditions>
                <leftValueReference>formula_myRule_1</leftValueReference>
                <operator>EqualTo</operator>
                <rightValue>
                    <booleanValue>true</booleanValue>
                </rightValue>
            </conditions>
            <connector>
                <targetReference>myRule_1_A1</targetReference>
            </connector>
            <label>Intercom Team Member Status Change</label>
        </rules>
    </decisions>
    <formulas>
        <processMetadataValues>
            <name>originalFormula</name>
            <value>
                <stringValue>[Team_Member__c].Team__r.RecordType.Name == &quot;Intercom&quot; &amp;&amp; ISCHANGED([Team_Member__c].IsActive__c)</stringValue>
            </value>
        </processMetadataValues>
        <name>formula_myRule_1</name>
        <dataType>Boolean</dataType>
        <expression>{!myVariable_current.Team__r.RecordType.Name} == &quot;Intercom&quot; &amp;&amp; ISCHANGED({!myVariable_current.IsActive__c})</expression>
    </formulas>
    <interviewLabel>Notify_M_Lead_of_Team_Member_status_change-1_InterviewLabel</interviewLabel>
    <label>Notify M* Lead of Team Member status change</label>
    <processMetadataValues>
        <name>ObjectType</name>
        <value>
            <stringValue>Team_Member__c</stringValue>
        </value>
    </processMetadataValues>
    <processMetadataValues>
        <name>ObjectVariable</name>
        <value>
            <elementReference>myVariable_current</elementReference>
        </value>
    </processMetadataValues>
    <processMetadataValues>
        <name>OldObjectVariable</name>
        <value>
            <elementReference>myVariable_old</elementReference>
        </value>
    </processMetadataValues>
    <processMetadataValues>
        <name>TriggerType</name>
        <value>
            <stringValue>onAllChanges</stringValue>
        </value>
    </processMetadataValues>
    <processType>Workflow</processType>
    <startElementReference>myDecision</startElementReference>
    <status>Obsolete</status>
    <variables>
        <name>myVariable_current</name>
        <dataType>SObject</dataType>
        <isCollection>false</isCollection>
        <isInput>true</isInput>
        <isOutput>true</isOutput>
        <objectType>Team_Member__c</objectType>
    </variables>
    <variables>
        <name>myVariable_old</name>
        <dataType>SObject</dataType>
        <isCollection>false</isCollection>
        <isInput>true</isInput>
        <isOutput>false</isOutput>
        <objectType>Team_Member__c</objectType>
    </variables>
</Flow>
