<?xml version="1.0" encoding="UTF-8"?>
<Flow xmlns="http://soap.sforce.com/2006/04/metadata">
    <actionCalls>
        <name>Reminder_after_10_days</name>
        <label>Reminder after 10 days</label>
        <locationX>578</locationX>
        <locationY>288</locationY>
        <actionName>OCEM__c.OCEM_reminder_after_10_days</actionName>
        <actionType>emailAlert</actionType>
        <flowTransactionModel>CurrentTransaction</flowTransactionModel>
        <inputParameters>
            <name>SObjectRowId</name>
            <value>
                <elementReference>$Record.Id</elementReference>
            </value>
        </inputParameters>
        <nameSegment>OCEM__c.OCEM_reminder_after_10_days</nameSegment>
    </actionCalls>
    <actionCalls>
        <name>Reminder_after_2_days</name>
        <label>Reminder after 2 days</label>
        <locationX>50</locationX>
        <locationY>288</locationY>
        <actionName>OCEM__c.OCEM_reminder_after_2_days</actionName>
        <actionType>emailAlert</actionType>
        <flowTransactionModel>CurrentTransaction</flowTransactionModel>
        <inputParameters>
            <name>SObjectRowId</name>
            <value>
                <elementReference>$Record.Id</elementReference>
            </value>
        </inputParameters>
        <nameSegment>OCEM__c.OCEM_reminder_after_2_days</nameSegment>
    </actionCalls>
    <actionCalls>
        <name>Reminder_after_5_days</name>
        <label>Reminder after 5 days</label>
        <locationX>314</locationX>
        <locationY>288</locationY>
        <actionName>OCEM__c.OCEM_reminder_after_5_days</actionName>
        <actionType>emailAlert</actionType>
        <flowTransactionModel>CurrentTransaction</flowTransactionModel>
        <inputParameters>
            <name>SObjectRowId</name>
            <value>
                <elementReference>$Record.Id</elementReference>
            </value>
        </inputParameters>
        <nameSegment>OCEM__c.OCEM_reminder_after_5_days</nameSegment>
    </actionCalls>
    <apiVersion>55.0</apiVersion>
    <description>Send email reminders to OCEM Approver.</description>
    <environments>Default</environments>
    <interviewLabel>OCEM Approval Reminder {!$Flow.CurrentDateTime}</interviewLabel>
    <label>OCEM Approval Reminder</label>
    <processMetadataValues>
        <name>BuilderType</name>
        <value>
            <stringValue>LightningFlowBuilder</stringValue>
        </value>
    </processMetadataValues>
    <processMetadataValues>
        <name>CanvasMode</name>
        <value>
            <stringValue>AUTO_LAYOUT_CANVAS</stringValue>
        </value>
    </processMetadataValues>
    <processMetadataValues>
        <name>OriginBuilderType</name>
        <value>
            <stringValue>LightningFlowBuilder</stringValue>
        </value>
    </processMetadataValues>
    <processType>AutoLaunchedFlow</processType>
    <start>
        <locationX>56</locationX>
        <locationY>0</locationY>
        <doesRequireRecordChangedToMeetCriteria>true</doesRequireRecordChangedToMeetCriteria>
        <filterLogic>and</filterLogic>
        <filters>
            <field>MG_OCEM_Status__c</field>
            <operator>EqualTo</operator>
            <value>
                <stringValue>In Review</stringValue>
            </value>
        </filters>
        <object>OCEM__c</object>
        <recordTriggerType>Update</recordTriggerType>
        <scheduledPaths>
            <name>Remind_after_2_days</name>
            <connector>
                <targetReference>Reminder_after_2_days</targetReference>
            </connector>
            <label>Remind after 2 days</label>
            <offsetNumber>2</offsetNumber>
            <offsetUnit>Days</offsetUnit>
            <timeSource>RecordTriggerEvent</timeSource>
        </scheduledPaths>
        <scheduledPaths>
            <name>Remind_after_5_days</name>
            <connector>
                <targetReference>Reminder_after_5_days</targetReference>
            </connector>
            <label>Remind after 5 days</label>
            <offsetNumber>5</offsetNumber>
            <offsetUnit>Days</offsetUnit>
            <timeSource>RecordTriggerEvent</timeSource>
        </scheduledPaths>
        <scheduledPaths>
            <name>Remind_after_10_days</name>
            <connector>
                <targetReference>Reminder_after_10_days</targetReference>
            </connector>
            <label>Remind after 10 days</label>
            <offsetNumber>10</offsetNumber>
            <offsetUnit>Days</offsetUnit>
            <timeSource>RecordTriggerEvent</timeSource>
        </scheduledPaths>
        <triggerType>RecordAfterSave</triggerType>
    </start>
    <status>Active</status>
</Flow>
