<?xml version="1.0" encoding="UTF-8"?>
<Flow xmlns="http://soap.sforce.com/2006/04/metadata">
    <apiVersion>57.0</apiVersion>
    <environments>Default</environments>
    <formulas>
        <name>OppFBAssetId</name>
        <dataType>String</dataType>
        <expression>{!$Record.Opportunity__c} &amp; &quot;-&quot; &amp; {!$Record.FB_Object__c}</expression>
    </formulas>
    <interviewLabel>One Oppty Per FB Asset {!$Flow.CurrentDateTime}</interviewLabel>
    <label>One Oppty Per FB Asset</label>
    <processMetadataValues>
        <name>BuilderType</name>
        <value>
            <stringValue>LightningFlowBuilder</stringValue>
        </value>
    </processMetadataValues>
    <processMetadataValues>
        <name>CanvasMode</name>
        <value>
            <stringValue>AUTO_LAYOUT_CANVAS</stringValue>
        </value>
    </processMetadataValues>
    <processMetadataValues>
        <name>OriginBuilderType</name>
        <value>
            <stringValue>LightningFlowBuilder</stringValue>
        </value>
    </processMetadataValues>
    <processType>AutoLaunchedFlow</processType>
    <recordUpdates>
        <name>Set_Unique_Key</name>
        <label>Set Unique Key</label>
        <locationX>176</locationX>
        <locationY>311</locationY>
        <inputAssignments>
            <field>Key__c</field>
            <value>
                <elementReference>OppFBAssetId</elementReference>
            </value>
        </inputAssignments>
        <inputReference>$Record</inputReference>
    </recordUpdates>
    <start>
        <locationX>50</locationX>
        <locationY>0</locationY>
        <connector>
            <targetReference>Set_Unique_Key</targetReference>
        </connector>
        <filterFormula>ISNEW() || ISCHANGED({!$Record.Opportunity__c}) || ISCHANGED({!$Record.FB_Object__c})</filterFormula>
        <object>Opportunity_FB_Asset__c</object>
        <recordTriggerType>CreateAndUpdate</recordTriggerType>
        <triggerType>RecordBeforeSave</triggerType>
    </start>
    <status>Active</status>
</Flow>
