<?xml version="1.0" encoding="UTF-8"?>
<Flow xmlns="http://soap.sforce.com/2006/04/metadata">
    <apiVersion>61.0</apiVersion>
    <description>T203269512 - Opp Msp date without decision box</description>
    <environments>Default</environments>
    <formulas>
        <name>Currentdate</name>
        <dataType>Date</dataType>
        <expression>now()</expression>
    </formulas>
    <interviewLabel>Opp Msp date {!$Flow.CurrentDateTime}</interviewLabel>
    <label>Opp Msp date</label>
    <processMetadataValues>
        <name>BuilderType</name>
        <value>
            <stringValue>LightningFlowBuilder</stringValue>
        </value>
    </processMetadataValues>
    <processMetadataValues>
        <name>CanvasMode</name>
        <value>
            <stringValue>FREE_FORM_CANVAS</stringValue>
        </value>
    </processMetadataValues>
    <processMetadataValues>
        <name>OriginBuilderType</name>
        <value>
            <stringValue>LightningFlowBuilder</stringValue>
        </value>
    </processMetadataValues>
    <processType>AutoLaunchedFlow</processType>
    <recordUpdates>
        <name>Update_Pilot_Date</name>
        <label>Update Pilot Date</label>
        <locationX>456</locationX>
        <locationY>563</locationY>
        <inputAssignments>
            <field>Pilot_End_Date__c</field>
            <value>
                <elementReference>Currentdate</elementReference>
            </value>
        </inputAssignments>
        <inputReference>$Record</inputReference>
    </recordUpdates>
    <start>
        <locationX>331</locationX>
        <locationY>50</locationY>
        <connector>
            <targetReference>Update_Pilot_Date</targetReference>
        </connector>
        <filterFormula>
AND(
{!$Record.RecordType.DeveloperName} = &quot;Scaled_partnerships&quot;,
ISCHANGED({!$Record.StageName}),
TEXT({!$Record.StageName}) = &quot;Engaged&quot;,
TEXT({!$Record__Prior.StageName}) = &quot;Not Started&quot; || TEXT({!$Record__Prior.StageName}) = &quot;Contacted&quot; ,
ISBLANK({!$Record.Pilot_End_Date__c})
)</filterFormula>
        <object>Opportunity</object>
        <recordTriggerType>Update</recordTriggerType>
        <triggerType>RecordAfterSave</triggerType>
    </start>
    <status>Active</status>
</Flow>
