<?xml version="1.0" encoding="UTF-8"?>
<Flow xmlns="http://soap.sforce.com/2006/04/metadata">
    <apiVersion>57.0</apiVersion>
    <decisions>
        <name>Tier_Changed</name>
        <label>Tier Changed</label>
        <locationX>182</locationX>
        <locationY>431</locationY>
        <defaultConnectorLabel>Default Outcome</defaultConnectorLabel>
        <rules>
            <name>Tier</name>
            <conditionLogic>1 OR 2</conditionLogic>
            <conditions>
                <leftValueReference>$Record.Tier__c</leftValueReference>
                <operator>EqualTo</operator>
                <rightValue>
                    <stringValue>A</stringValue>
                </rightValue>
            </conditions>
            <conditions>
                <leftValueReference>$Record.Tier__c</leftValueReference>
                <operator>EqualTo</operator>
                <rightValue>
                    <stringValue>B</stringValue>
                </rightValue>
            </conditions>
            <connector>
                <targetReference>Update_Opp_Type</targetReference>
            </connector>
            <label>Tier?</label>
        </rules>
    </decisions>
    <environments>Default</environments>
    <interviewLabel>Opp SPM Transferred {!$Flow.CurrentDateTime}</interviewLabel>
    <label>Opp SPM Transferred</label>
    <processMetadataValues>
        <name>BuilderType</name>
        <value>
            <stringValue>LightningFlowBuilder</stringValue>
        </value>
    </processMetadataValues>
    <processMetadataValues>
        <name>CanvasMode</name>
        <value>
            <stringValue>AUTO_LAYOUT_CANVAS</stringValue>
        </value>
    </processMetadataValues>
    <processMetadataValues>
        <name>OriginBuilderType</name>
        <value>
            <stringValue>LightningFlowBuilder</stringValue>
        </value>
    </processMetadataValues>
    <processType>AutoLaunchedFlow</processType>
    <recordLookups>
        <name>Get_Account_Team_Junction</name>
        <label>Get Account Team Junction</label>
        <locationX>182</locationX>
        <locationY>323</locationY>
        <assignNullValuesIfNoRecordsFound>false</assignNullValuesIfNoRecordsFound>
        <connector>
            <targetReference>Tier_Changed</targetReference>
        </connector>
        <filterLogic>and</filterLogic>
        <filters>
            <field>Brand_Team__c</field>
            <operator>EqualTo</operator>
            <value>
                <elementReference>$Record.Id</elementReference>
            </value>
        </filters>
        <getFirstRecordOnly>true</getFirstRecordOnly>
        <object>Brand_Team_Junction__c</object>
        <queriedFields>Id</queriedFields>
        <queriedFields>Account__c</queriedFields>
        <storeOutputAutomatically>true</storeOutputAutomatically>
    </recordLookups>
    <recordUpdates>
        <name>Update_Opp_Type</name>
        <label>Update Opp Type</label>
        <locationX>50</locationX>
        <locationY>539</locationY>
        <filterLogic>1 AND 2 AND (3 OR 4)</filterLogic>
        <filters>
            <field>Status__c</field>
            <operator>EqualTo</operator>
            <value>
                <stringValue>Active</stringValue>
            </value>
        </filters>
        <filters>
            <field>AccountId</field>
            <operator>EqualTo</operator>
            <value>
                <elementReference>Get_Account_Team_Junction.Account__c</elementReference>
            </value>
        </filters>
        <filters>
            <field>RecordTypeId</field>
            <operator>EqualTo</operator>
            <value>
                <stringValue>0121H000000ztJ6QAI</stringValue>
            </value>
        </filters>
        <filters>
            <field>RecordTypeId</field>
            <operator>EqualTo</operator>
            <value>
                <stringValue>0121H0000019pOnQAI</stringValue>
            </value>
        </filters>
        <inputAssignments>
            <field>StageName</field>
            <value>
                <stringValue>Won</stringValue>
            </value>
        </inputAssignments>
        <inputAssignments>
            <field>Type</field>
            <value>
                <stringValue>SPM Transferred</stringValue>
            </value>
        </inputAssignments>
        <object>Opportunity</object>
    </recordUpdates>
    <start>
        <locationX>56</locationX>
        <locationY>0</locationY>
        <connector>
            <targetReference>Get_Account_Team_Junction</targetReference>
        </connector>
        <filterLogic>and</filterLogic>
        <filters>
            <field>Team_Type__c</field>
            <operator>EqualTo</operator>
            <value>
                <stringValue>Content Partnerships</stringValue>
            </value>
        </filters>
        <object>Brand_Team__c</object>
        <recordTriggerType>CreateAndUpdate</recordTriggerType>
        <triggerType>RecordAfterSave</triggerType>
    </start>
    <status>Active</status>
</Flow>
