<?xml version="1.0" encoding="UTF-8"?>
<Flow xmlns="http://soap.sforce.com/2006/04/metadata">
    <actionCalls>
        <name>Capture_Relationship_changes_to_Parent</name>
        <label>Capture Relationship changes to Parent</label>
        <locationX>176</locationX>
        <locationY>455</locationY>
        <actionName>RelatedListHistoryInvocable</actionName>
        <actionType>apex</actionType>
        <dataTypeMappings>
            <typeName>T__newObj</typeName>
            <typeValue>Opportunity_Shop__c</typeValue>
        </dataTypeMappings>
        <dataTypeMappings>
            <typeName>T__oldObj</typeName>
            <typeValue>Opportunity_Shop__c</typeValue>
        </dataTypeMappings>
        <flowTransactionModel>CurrentTransaction</flowTransactionModel>
        <inputParameters>
            <name>newObj</name>
            <value>
                <elementReference>CurrentSnapshot</elementReference>
            </value>
        </inputParameters>
        <inputParameters>
            <name>fieldToCapture</name>
            <value>
                <stringValue>Meta_Shop__c</stringValue>
            </value>
        </inputParameters>
        <inputParameters>
            <name>oldObj</name>
            <value>
                <elementReference>PriorSnapshot</elementReference>
            </value>
        </inputParameters>
        <nameSegment>RelatedListHistoryInvocable</nameSegment>
    </actionCalls>
    <apiVersion>57.0</apiVersion>
    <assignments>
        <name>Prior_and_Current_Snapshots</name>
        <label>Prior and Current Snapshots</label>
        <locationX>176</locationX>
        <locationY>335</locationY>
        <assignmentItems>
            <assignToReference>CurrentSnapshot</assignToReference>
            <operator>Assign</operator>
            <value>
                <elementReference>$Record</elementReference>
            </value>
        </assignmentItems>
        <assignmentItems>
            <assignToReference>PriorSnapshot</assignToReference>
            <operator>Assign</operator>
            <value>
                <elementReference>$Record__Prior</elementReference>
            </value>
        </assignmentItems>
        <connector>
            <targetReference>Capture_Relationship_changes_to_Parent</targetReference>
        </connector>
    </assignments>
    <environments>Default</environments>
    <interviewLabel>Opportunity Shop Create / Updat {!$Flow.CurrentDateTime}</interviewLabel>
    <label>Opportunity Shop Create / Update</label>
    <processMetadataValues>
        <name>BuilderType</name>
        <value>
            <stringValue>LightningFlowBuilder</stringValue>
        </value>
    </processMetadataValues>
    <processMetadataValues>
        <name>CanvasMode</name>
        <value>
            <stringValue>AUTO_LAYOUT_CANVAS</stringValue>
        </value>
    </processMetadataValues>
    <processMetadataValues>
        <name>OriginBuilderType</name>
        <value>
            <stringValue>LightningFlowBuilder</stringValue>
        </value>
    </processMetadataValues>
    <processType>AutoLaunchedFlow</processType>
    <start>
        <locationX>50</locationX>
        <locationY>0</locationY>
        <connector>
            <targetReference>Prior_and_Current_Snapshots</targetReference>
        </connector>
        <object>Opportunity_Shop__c</object>
        <recordTriggerType>CreateAndUpdate</recordTriggerType>
        <triggerType>RecordAfterSave</triggerType>
    </start>
    <status>Active</status>
    <variables>
        <name>CurrentSnapshot</name>
        <dataType>SObject</dataType>
        <isCollection>false</isCollection>
        <isInput>true</isInput>
        <isOutput>false</isOutput>
        <objectType>Opportunity_Shop__c</objectType>
    </variables>
    <variables>
        <name>PriorSnapshot</name>
        <dataType>SObject</dataType>
        <isCollection>false</isCollection>
        <isInput>true</isInput>
        <isOutput>false</isOutput>
        <objectType>Opportunity_Shop__c</objectType>
    </variables>
</Flow>
