<?xml version="1.0" encoding="UTF-8"?>
<Flow xmlns="http://soap.sforce.com/2006/04/metadata">
    <actionCalls>
        <name>Send_Email_to_Partner_Contact_Email</name>
        <label>Send Email to Partner Contact Email</label>
        <locationX>50</locationX>
        <locationY>647</locationY>
        <actionName>Opportunity.MW_RL_Opportunity_Assigned_to_Disty</actionName>
        <actionType>emailAlert</actionType>
        <flowTransactionModel>CurrentTransaction</flowTransactionModel>
        <inputParameters>
            <name>SObjectRowId</name>
            <value>
                <elementReference>$Record.Id</elementReference>
            </value>
        </inputParameters>
        <nameSegment>Opportunity.MW_RL_Opportunity_Assigned_to_Disty</nameSegment>
    </actionCalls>
    <apiVersion>59.0</apiVersion>
    <decisions>
        <name>Disti_Contact_Exists</name>
        <label>Disti Contact Exists?</label>
        <locationX>182</locationX>
        <locationY>431</locationY>
        <defaultConnectorLabel>No</defaultConnectorLabel>
        <rules>
            <name>Yes</name>
            <conditionLogic>and</conditionLogic>
            <conditions>
                <leftValueReference>Get_Disti_Contact</leftValueReference>
                <operator>IsNull</operator>
                <rightValue>
                    <booleanValue>false</booleanValue>
                </rightValue>
            </conditions>
            <connector>
                <targetReference>Update_primary_Contact_Email_Address</targetReference>
            </connector>
            <label>Yes</label>
        </rules>
    </decisions>
    <description>T164408037</description>
    <environments>Default</environments>
    <interviewLabel>Opportunity AssignedEmail Disti {!$Flow.CurrentDateTime}</interviewLabel>
    <label>Opportunity Assigned Email Disti</label>
    <processMetadataValues>
        <name>BuilderType</name>
        <value>
            <stringValue>LightningFlowBuilder</stringValue>
        </value>
    </processMetadataValues>
    <processMetadataValues>
        <name>CanvasMode</name>
        <value>
            <stringValue>AUTO_LAYOUT_CANVAS</stringValue>
        </value>
    </processMetadataValues>
    <processMetadataValues>
        <name>OriginBuilderType</name>
        <value>
            <stringValue>LightningFlowBuilder</stringValue>
        </value>
    </processMetadataValues>
    <processType>AutoLaunchedFlow</processType>
    <recordLookups>
        <name>Get_Disti_Contact</name>
        <label>Get Disti Contact</label>
        <locationX>182</locationX>
        <locationY>323</locationY>
        <assignNullValuesIfNoRecordsFound>false</assignNullValuesIfNoRecordsFound>
        <connector>
            <targetReference>Disti_Contact_Exists</targetReference>
        </connector>
        <filterLogic>and</filterLogic>
        <filters>
            <field>AccountId</field>
            <operator>EqualTo</operator>
            <value>
                <elementReference>$Record.Other_Agency__c</elementReference>
            </value>
        </filters>
        <filters>
            <field>Email</field>
            <operator>IsNull</operator>
            <value>
                <booleanValue>false</booleanValue>
            </value>
        </filters>
        <filters>
            <field>Primary__c</field>
            <operator>EqualTo</operator>
            <value>
                <booleanValue>true</booleanValue>
            </value>
        </filters>
        <getFirstRecordOnly>true</getFirstRecordOnly>
        <object>Contact</object>
        <queriedFields>Id</queriedFields>
        <queriedFields>Email</queriedFields>
        <storeOutputAutomatically>true</storeOutputAutomatically>
    </recordLookups>
    <recordUpdates>
        <name>Update_primary_Contact_Email_Address</name>
        <label>Update primary Contact Email Address</label>
        <locationX>50</locationX>
        <locationY>539</locationY>
        <connector>
            <targetReference>Send_Email_to_Partner_Contact_Email</targetReference>
        </connector>
        <inputAssignments>
            <field>Partner_Contact_Email__c</field>
            <value>
                <elementReference>Get_Disti_Contact.Email</elementReference>
            </value>
        </inputAssignments>
        <inputReference>$Record</inputReference>
    </recordUpdates>
    <start>
        <locationX>56</locationX>
        <locationY>0</locationY>
        <connector>
            <targetReference>Get_Disti_Contact</targetReference>
        </connector>
        <filterLogic>and</filterLogic>
        <filters>
            <field>RecordTypeId</field>
            <operator>EqualTo</operator>
            <value>
                <stringValue>0121H0000012e1cQAA</stringValue>
            </value>
        </filters>
        <filters>
            <field>Other_Agency__c</field>
            <operator>IsChanged</operator>
            <value>
                <booleanValue>true</booleanValue>
            </value>
        </filters>
        <filters>
            <field>Other_Agency__c</field>
            <operator>IsNull</operator>
            <value>
                <booleanValue>false</booleanValue>
            </value>
        </filters>
        <object>Opportunity</object>
        <recordTriggerType>Update</recordTriggerType>
        <triggerType>RecordAfterSave</triggerType>
    </start>
    <status>Active</status>
    <textTemplates>
        <name>body</name>
        <isViewedAsPlainText>false</isViewedAsPlainText>
        <text>&lt;p&gt;&lt;br&gt;&lt;/p&gt;&lt;p&gt;&lt;img src=&quot;https://fb--sfull.sandbox.file.force.com/sfc/servlet.shepherd/version/download/068DT000001haWA?asPdf=false&amp;amp;operationContext=CHATTER&quot; alt=&quot;Screenshot 2023-10-11 at 5.24.58 PM.png&quot;&gt;&lt;/p&gt;&lt;p&gt;&lt;span style=&quot;font-size: 14px;&quot;&gt;Action Required: You have been added to a Meta for Work Opportunity&lt;/span&gt;&lt;/p&gt;&lt;p&gt;&lt;span style=&quot;font-size: 14px;&quot;&gt;{!$Record.Reseller_Agency__c} added you to an Opportunity and is now ready for Quoting.&lt;/span&gt;&lt;/p&gt;&lt;p&gt;&lt;span style=&quot;font-size: 14px;&quot;&gt;Here&apos;s their information.&lt;/span&gt;&lt;/p&gt;&lt;p&gt;&lt;span style=&quot;font-size: 14px;&quot;&gt;Name: {!$Record.Name}&lt;/span&gt;&lt;/p&gt;&lt;p&gt;&lt;span style=&quot;font-size: 14px;&quot;&gt;Company: {!$Record.Account.Name}&lt;/span&gt;&lt;/p&gt;&lt;p&gt;&lt;br&gt;&lt;/p&gt;&lt;p&gt;&lt;span style=&quot;background-color: rgb(255, 255, 255); color: rgb(68, 68, 68); font-size: 14px;&quot;&gt;For m&lt;/span&gt;&lt;span style=&quot;font-size: 14px;&quot;&gt;ore details, please click on this link:&lt;/span&gt;&lt;a href=&quot;https://fb--sfull.sandbox.lightning.force.com/lightning/r/Opportunity/%7B!$Record.Id%7D/view&quot; rel=&quot;noopener noreferrer&quot; target=&quot;_blank&quot; style=&quot;background-color: rgb(255, 255, 255); font-size: 14px;&quot;&gt;{!$Record.Name}&lt;/a&gt;&lt;/p&gt;&lt;p&gt;&lt;br&gt;&lt;/p&gt;&lt;p&gt;&lt;span style=&quot;font-size: 14px;&quot;&gt;Meta for work&lt;/span&gt;&lt;/p&gt;</text>
    </textTemplates>
    <textTemplates>
        <name>TestTemplate</name>
        <isViewedAsPlainText>false</isViewedAsPlainText>
        <text>&lt;p&gt;Test123&lt;/p&gt;</text>
    </textTemplates>
    <variables>
        <name>ContactIds</name>
        <dataType>String</dataType>
        <isCollection>true</isCollection>
        <isInput>false</isInput>
        <isOutput>false</isOutput>
    </variables>
    <variables>
        <name>EmailAddress</name>
        <dataType>String</dataType>
        <isCollection>true</isCollection>
        <isInput>false</isInput>
        <isOutput>false</isOutput>
    </variables>
</Flow>
