<?xml version="1.0" encoding="UTF-8"?>
<Flow xmlns="http://soap.sforce.com/2006/04/metadata">
    <apiVersion>49.0</apiVersion>
    <decisions>
        <name>isChangedDecision2_myRule_1_Outreach_Current_Sequence_Name_c</name>
        <label>isChangedDecision2_myRule_1_Outreach_Current_Sequence_Name_c</label>
        <locationX>0</locationX>
        <locationY>0</locationY>
        <defaultConnector>
            <targetReference>isChangedDecision6_myRule_5_Outreach_Current_Sequence_Name_c</targetReference>
        </defaultConnector>
        <defaultConnectorLabel>default</defaultConnectorLabel>
        <rules>
            <name>isChangedRule_2_myRule_1_Outreach_Current_Sequence_Name_c</name>
            <conditionLogic>and</conditionLogic>
            <conditions>
                <leftValueReference>myVariable_old</leftValueReference>
                <operator>IsNull</operator>
                <rightValue>
                    <booleanValue>false</booleanValue>
                </rightValue>
            </conditions>
            <conditions>
                <leftValueReference>myVariable_old.Outreach_Current_Sequence_Name__c</leftValueReference>
                <operator>NotEqualTo</operator>
                <rightValue>
                    <elementReference>myVariable_current.Outreach_Current_Sequence_Name__c</elementReference>
                </rightValue>
            </conditions>
            <connector>
                <targetReference>isChangedDecision6_myRule_5_Outreach_Current_Sequence_Name_c</targetReference>
            </connector>
            <label>isChangedRule_2_myRule_1_Outreach_Current_Sequence_Name_c</label>
        </rules>
    </decisions>
    <decisions>
        <name>isChangedDecision6_myRule_5_Outreach_Current_Sequence_Name_c</name>
        <label>isChangedDecision6_myRule_5_Outreach_Current_Sequence_Name_c</label>
        <locationX>0</locationX>
        <locationY>0</locationY>
        <defaultConnector>
            <targetReference>myDecision</targetReference>
        </defaultConnector>
        <defaultConnectorLabel>default</defaultConnectorLabel>
        <rules>
            <name>isChangedRule_6_myRule_5_Outreach_Current_Sequence_Name_c</name>
            <conditionLogic>and</conditionLogic>
            <conditions>
                <leftValueReference>myVariable_old</leftValueReference>
                <operator>IsNull</operator>
                <rightValue>
                    <booleanValue>false</booleanValue>
                </rightValue>
            </conditions>
            <conditions>
                <leftValueReference>myVariable_old.Outreach_Current_Sequence_Name__c</leftValueReference>
                <operator>NotEqualTo</operator>
                <rightValue>
                    <elementReference>myVariable_current.Outreach_Current_Sequence_Name__c</elementReference>
                </rightValue>
            </conditions>
            <connector>
                <targetReference>myDecision</targetReference>
            </connector>
            <label>isChangedRule_6_myRule_5_Outreach_Current_Sequence_Name_c</label>
        </rules>
    </decisions>
    <decisions>
        <processMetadataValues>
            <name>index</name>
            <value>
                <numberValue>0.0</numberValue>
            </value>
        </processMetadataValues>
        <name>myDecision</name>
        <label>myDecision</label>
        <locationX>50</locationX>
        <locationY>0</locationY>
        <defaultConnector>
            <targetReference>myDecision4</targetReference>
        </defaultConnector>
        <defaultConnectorLabel>default</defaultConnectorLabel>
        <rules>
            <name>myRule_1</name>
            <conditionLogic>and</conditionLogic>
            <conditions>
                <processMetadataValues>
                    <name>inputDataType</name>
                    <value>
                        <stringValue>Boolean</stringValue>
                    </value>
                </processMetadataValues>
                <processMetadataValues>
                    <name>leftHandSideType</name>
                    <value>
                        <stringValue>String</stringValue>
                    </value>
                </processMetadataValues>
                <processMetadataValues>
                    <name>operatorDataType</name>
                    <value>
                        <stringValue>String</stringValue>
                    </value>
                </processMetadataValues>
                <processMetadataValues>
                    <name>rightHandSideType</name>
                    <value>
                        <stringValue>Boolean</stringValue>
                    </value>
                </processMetadataValues>
                <leftValueReference>isChangedRule_2_myRule_1_Outreach_Current_Sequence_Name_c</leftValueReference>
                <operator>EqualTo</operator>
                <rightValue>
                    <booleanValue>true</booleanValue>
                </rightValue>
            </conditions>
            <conditions>
                <processMetadataValues>
                    <name>inputDataType</name>
                    <value>
                        <stringValue>Boolean</stringValue>
                    </value>
                </processMetadataValues>
                <processMetadataValues>
                    <name>leftHandSideType</name>
                    <value>
                        <stringValue>String</stringValue>
                    </value>
                </processMetadataValues>
                <processMetadataValues>
                    <name>operatorDataType</name>
                    <value>
                        <stringValue>String</stringValue>
                    </value>
                </processMetadataValues>
                <processMetadataValues>
                    <name>rightHandSideType</name>
                    <value>
                        <stringValue>Boolean</stringValue>
                    </value>
                </processMetadataValues>
                <leftValueReference>myVariable_current.Outreach_Current_Sequence_Name__c</leftValueReference>
                <operator>IsNull</operator>
                <rightValue>
                    <booleanValue>false</booleanValue>
                </rightValue>
            </conditions>
            <connector>
                <targetReference>myRule_1_A1</targetReference>
            </connector>
            <label>Current Sequence Name changed</label>
        </rules>
    </decisions>
    <decisions>
        <processMetadataValues>
            <name>index</name>
            <value>
                <numberValue>1.0</numberValue>
            </value>
        </processMetadataValues>
        <name>myDecision4</name>
        <label>myDecision4</label>
        <locationX>50</locationX>
        <locationY>0</locationY>
        <defaultConnectorLabel>default</defaultConnectorLabel>
        <rules>
            <name>myRule_5</name>
            <conditionLogic>and</conditionLogic>
            <conditions>
                <processMetadataValues>
                    <name>inputDataType</name>
                    <value>
                        <stringValue>Boolean</stringValue>
                    </value>
                </processMetadataValues>
                <processMetadataValues>
                    <name>leftHandSideType</name>
                    <value>
                        <stringValue>String</stringValue>
                    </value>
                </processMetadataValues>
                <processMetadataValues>
                    <name>operatorDataType</name>
                    <value>
                        <stringValue>String</stringValue>
                    </value>
                </processMetadataValues>
                <processMetadataValues>
                    <name>rightHandSideType</name>
                    <value>
                        <stringValue>Boolean</stringValue>
                    </value>
                </processMetadataValues>
                <leftValueReference>isChangedRule_6_myRule_5_Outreach_Current_Sequence_Name_c</leftValueReference>
                <operator>EqualTo</operator>
                <rightValue>
                    <booleanValue>true</booleanValue>
                </rightValue>
            </conditions>
            <conditions>
                <processMetadataValues>
                    <name>inputDataType</name>
                    <value>
                        <stringValue>Boolean</stringValue>
                    </value>
                </processMetadataValues>
                <processMetadataValues>
                    <name>leftHandSideType</name>
                    <value>
                        <stringValue>String</stringValue>
                    </value>
                </processMetadataValues>
                <processMetadataValues>
                    <name>operatorDataType</name>
                    <value>
                        <stringValue>String</stringValue>
                    </value>
                </processMetadataValues>
                <processMetadataValues>
                    <name>rightHandSideType</name>
                    <value>
                        <stringValue>Boolean</stringValue>
                    </value>
                </processMetadataValues>
                <leftValueReference>myVariable_current.Outreach_Current_Sequence_Name__c</leftValueReference>
                <operator>IsNull</operator>
                <rightValue>
                    <booleanValue>true</booleanValue>
                </rightValue>
            </conditions>
            <conditions>
                <processMetadataValues>
                    <name>inputDataType</name>
                    <value>
                        <stringValue>Boolean</stringValue>
                    </value>
                </processMetadataValues>
                <processMetadataValues>
                    <name>leftHandSideType</name>
                    <value>
                        <stringValue>Date</stringValue>
                    </value>
                </processMetadataValues>
                <processMetadataValues>
                    <name>operatorDataType</name>
                    <value>
                        <stringValue>Date</stringValue>
                    </value>
                </processMetadataValues>
                <processMetadataValues>
                    <name>rightHandSideType</name>
                    <value>
                        <stringValue>Boolean</stringValue>
                    </value>
                </processMetadataValues>
                <leftValueReference>myVariable_current.Outreach_Date_Added_to_Sequence__c</leftValueReference>
                <operator>IsNull</operator>
                <rightValue>
                    <booleanValue>false</booleanValue>
                </rightValue>
            </conditions>
            <connector>
                <targetReference>myRule_5_A1</targetReference>
            </connector>
            <label>Current Sequence Name is blanked out</label>
        </rules>
    </decisions>
    <description>Fills in the &apos;Date Added to Sequence&apos; field when Current Sequence name is changed/filled in</description>
    <formulas>
        <processMetadataValues>
            <name>originalFormula</name>
            <value>
                <stringValue>TODAY() </stringValue>
            </value>
        </processMetadataValues>
        <name>formula_3_myRule_1_A1_2865819976</name>
        <dataType>Date</dataType>
        <expression>TODAY()</expression>
    </formulas>
    <formulas>
        <processMetadataValues>
            <name>originalFormula</name>
            <value>
                <stringValue>null</stringValue>
            </value>
        </processMetadataValues>
        <name>formula_7_myRule_5_A1_0104245094</name>
        <dataType>Date</dataType>
        <expression>null</expression>
    </formulas>
    <interviewLabel>Outreach_Fill_Update_Date_Added_to_Sequence-2_InterviewLabel</interviewLabel>
    <label>Outreach Fill/Update Date Added to Sequence</label>
    <processMetadataValues>
        <name>ObjectType</name>
        <value>
            <stringValue>Contact</stringValue>
        </value>
    </processMetadataValues>
    <processMetadataValues>
        <name>ObjectVariable</name>
        <value>
            <elementReference>myVariable_current</elementReference>
        </value>
    </processMetadataValues>
    <processMetadataValues>
        <name>OldObjectVariable</name>
        <value>
            <elementReference>myVariable_old</elementReference>
        </value>
    </processMetadataValues>
    <processMetadataValues>
        <name>TriggerType</name>
        <value>
            <stringValue>onAllChanges</stringValue>
        </value>
    </processMetadataValues>
    <processType>Workflow</processType>
    <recordUpdates>
        <processMetadataValues>
            <name>evaluationType</name>
            <value>
                <stringValue>always</stringValue>
            </value>
        </processMetadataValues>
        <processMetadataValues>
            <name>extraTypeInfo</name>
        </processMetadataValues>
        <processMetadataValues>
            <name>isChildRelationship</name>
            <value>
                <booleanValue>false</booleanValue>
            </value>
        </processMetadataValues>
        <processMetadataValues>
            <name>reference</name>
            <value>
                <stringValue>[Contact]</stringValue>
            </value>
        </processMetadataValues>
        <processMetadataValues>
            <name>referenceTargetField</name>
        </processMetadataValues>
        <name>myRule_1_A1</name>
        <label>Update Date Added to Sequence</label>
        <locationX>100</locationX>
        <locationY>200</locationY>
        <filterLogic>and</filterLogic>
        <filters>
            <processMetadataValues>
                <name>implicit</name>
                <value>
                    <booleanValue>true</booleanValue>
                </value>
            </processMetadataValues>
            <field>Id</field>
            <operator>EqualTo</operator>
            <value>
                <elementReference>myVariable_current.Id</elementReference>
            </value>
        </filters>
        <inputAssignments>
            <processMetadataValues>
                <name>dataType</name>
                <value>
                    <stringValue>Date</stringValue>
                </value>
            </processMetadataValues>
            <processMetadataValues>
                <name>isRequired</name>
                <value>
                    <booleanValue>false</booleanValue>
                </value>
            </processMetadataValues>
            <processMetadataValues>
                <name>leftHandSideLabel</name>
                <value>
                    <stringValue>Date Added to Sequence</stringValue>
                </value>
            </processMetadataValues>
            <processMetadataValues>
                <name>leftHandSideReferenceTo</name>
                <value>
                    <stringValue></stringValue>
                </value>
            </processMetadataValues>
            <processMetadataValues>
                <name>rightHandSideType</name>
                <value>
                    <stringValue>Formula</stringValue>
                </value>
            </processMetadataValues>
            <field>Outreach_Date_Added_to_Sequence__c</field>
            <value>
                <elementReference>formula_3_myRule_1_A1_2865819976</elementReference>
            </value>
        </inputAssignments>
        <object>Contact</object>
    </recordUpdates>
    <recordUpdates>
        <processMetadataValues>
            <name>evaluationType</name>
            <value>
                <stringValue>always</stringValue>
            </value>
        </processMetadataValues>
        <processMetadataValues>
            <name>extraTypeInfo</name>
        </processMetadataValues>
        <processMetadataValues>
            <name>isChildRelationship</name>
            <value>
                <booleanValue>false</booleanValue>
            </value>
        </processMetadataValues>
        <processMetadataValues>
            <name>reference</name>
            <value>
                <stringValue>[Contact]</stringValue>
            </value>
        </processMetadataValues>
        <processMetadataValues>
            <name>referenceTargetField</name>
        </processMetadataValues>
        <name>myRule_5_A1</name>
        <label>Update Date Added to Sequence to Blank</label>
        <locationX>500</locationX>
        <locationY>200</locationY>
        <filterLogic>and</filterLogic>
        <filters>
            <processMetadataValues>
                <name>implicit</name>
                <value>
                    <booleanValue>true</booleanValue>
                </value>
            </processMetadataValues>
            <field>Id</field>
            <operator>EqualTo</operator>
            <value>
                <elementReference>myVariable_current.Id</elementReference>
            </value>
        </filters>
        <inputAssignments>
            <processMetadataValues>
                <name>dataType</name>
                <value>
                    <stringValue>Date</stringValue>
                </value>
            </processMetadataValues>
            <processMetadataValues>
                <name>isRequired</name>
                <value>
                    <booleanValue>false</booleanValue>
                </value>
            </processMetadataValues>
            <processMetadataValues>
                <name>leftHandSideLabel</name>
                <value>
                    <stringValue>Date Added to Sequence</stringValue>
                </value>
            </processMetadataValues>
            <processMetadataValues>
                <name>leftHandSideReferenceTo</name>
                <value>
                    <stringValue></stringValue>
                </value>
            </processMetadataValues>
            <processMetadataValues>
                <name>rightHandSideType</name>
                <value>
                    <stringValue>Formula</stringValue>
                </value>
            </processMetadataValues>
            <field>Outreach_Date_Added_to_Sequence__c</field>
            <value>
                <elementReference>formula_7_myRule_5_A1_0104245094</elementReference>
            </value>
        </inputAssignments>
        <object>Contact</object>
    </recordUpdates>
    <startElementReference>isChangedDecision2_myRule_1_Outreach_Current_Sequence_Name_c</startElementReference>
    <status>Draft</status>
    <variables>
        <name>myVariable_current</name>
        <dataType>SObject</dataType>
        <isCollection>false</isCollection>
        <isInput>true</isInput>
        <isOutput>true</isOutput>
        <objectType>Contact</objectType>
    </variables>
    <variables>
        <name>myVariable_old</name>
        <dataType>SObject</dataType>
        <isCollection>false</isCollection>
        <isInput>true</isInput>
        <isOutput>false</isOutput>
        <objectType>Contact</objectType>
    </variables>
</Flow>
