<?xml version="1.0" encoding="UTF-8"?>
<Flow xmlns="http://soap.sforce.com/2006/04/metadata">
    <apiVersion>49.0</apiVersion>
    <assignments>
        <name>OwnerId</name>
        <label>OwnerId</label>
        <locationX>567</locationX>
        <locationY>239</locationY>
        <assignmentItems>
            <assignToReference>LeadRecord.OwnerId</assignToReference>
            <operator>Assign</operator>
            <value>
                <elementReference>EventOwnerid</elementReference>
            </value>
        </assignmentItems>
        <connector>
            <targetReference>Update_WhoId</targetReference>
        </connector>
    </assignments>
    <decisions>
        <name>FoundLead</name>
        <label>FoundLead</label>
        <locationX>413</locationX>
        <locationY>249</locationY>
        <defaultConnectorLabel>Default Outcome</defaultConnectorLabel>
        <rules>
            <name>LeadExists</name>
            <conditionLogic>and</conditionLogic>
            <conditions>
                <leftValueReference>LeadRecord</leftValueReference>
                <operator>IsNull</operator>
                <rightValue>
                    <booleanValue>false</booleanValue>
                </rightValue>
            </conditions>
            <connector>
                <targetReference>OwnerId</targetReference>
            </connector>
            <label>LeadExists</label>
        </rules>
    </decisions>
    <environments>Default</environments>
    <interviewLabel>OwnerId Update-Lead {!$Flow.CurrentDateTime}</interviewLabel>
    <label>OwnerId Update-Lead</label>
    <processMetadataValues>
        <name>BuilderType</name>
        <value>
            <stringValue>LightningFlowBuilder</stringValue>
        </value>
    </processMetadataValues>
    <processMetadataValues>
        <name>CanvasMode</name>
        <value>
            <stringValue>FREE_FORM_CANVAS</stringValue>
        </value>
    </processMetadataValues>
    <processMetadataValues>
        <name>OriginBuilderType</name>
        <value>
            <stringValue>LightningFlowBuilder</stringValue>
        </value>
    </processMetadataValues>
    <processType>AutoLaunchedFlow</processType>
    <recordLookups>
        <name>GetLeadRecords</name>
        <label>GetLeadRecords</label>
        <locationX>300</locationX>
        <locationY>248</locationY>
        <assignNullValuesIfNoRecordsFound>true</assignNullValuesIfNoRecordsFound>
        <connector>
            <targetReference>FoundLead</targetReference>
        </connector>
        <filterLogic>1 AND (2 OR 3)</filterLogic>
        <filters>
            <field>Form_Submission_ID__c</field>
            <operator>EqualTo</operator>
            <value>
                <elementReference>EventFormSubmissionId</elementReference>
            </value>
        </filters>
        <filters>
            <field>RecordTypeId</field>
            <operator>EqualTo</operator>
            <value>
                <stringValue>0121H000000WL3eQAG</stringValue>
            </value>
        </filters>
        <filters>
            <field>RecordTypeId</field>
            <operator>EqualTo</operator>
            <value>
                <stringValue>0128V000001IlM2QAK</stringValue>
            </value>
        </filters>
        <object>Lead</object>
        <outputReference>LeadRecord</outputReference>
        <queriedFields>Id</queriedFields>
    </recordLookups>
    <recordUpdates>
        <name>Update_WhoId</name>
        <label>Update WhoId</label>
        <locationX>694</locationX>
        <locationY>238</locationY>
        <connector>
            <targetReference>Update_Event_WhoId</targetReference>
        </connector>
        <inputReference>LeadRecord</inputReference>
    </recordUpdates>
    <start>
        <locationX>61</locationX>
        <locationY>25</locationY>
        <connector>
            <targetReference>GetLeadRecords</targetReference>
        </connector>
    </start>
    <status>Active</status>
    <subflows>
        <name>Update_Event_WhoId</name>
        <label>Update Event WhoId</label>
        <locationX>850</locationX>
        <locationY>239</locationY>
        <flowName>Lead_Event_Update</flowName>
        <inputAssignments>
            <name>EventId</name>
            <value>
                <elementReference>EventId</elementReference>
            </value>
        </inputAssignments>
        <inputAssignments>
            <name>LeadId</name>
            <value>
                <elementReference>LeadRecord.Id</elementReference>
            </value>
        </inputAssignments>
    </subflows>
    <variables>
        <name>EventFormSubmissionId</name>
        <dataType>String</dataType>
        <isCollection>false</isCollection>
        <isInput>true</isInput>
        <isOutput>false</isOutput>
    </variables>
    <variables>
        <name>EventId</name>
        <dataType>String</dataType>
        <isCollection>false</isCollection>
        <isInput>true</isInput>
        <isOutput>false</isOutput>
    </variables>
    <variables>
        <name>EventOwnerid</name>
        <dataType>String</dataType>
        <isCollection>false</isCollection>
        <isInput>true</isInput>
        <isOutput>false</isOutput>
    </variables>
    <variables>
        <name>LeadRecord</name>
        <dataType>SObject</dataType>
        <isCollection>false</isCollection>
        <isInput>true</isInput>
        <isOutput>false</isOutput>
        <objectType>Lead</objectType>
    </variables>
</Flow>
