<?xml version="1.0" encoding="UTF-8"?>
<Flow xmlns="http://soap.sforce.com/2006/04/metadata">
    <apiVersion>58.0</apiVersion>
    <decisions>
        <name>Check_if_Opportunity_is_created_via_conversion</name>
        <label>Check if Opportunity is created via conversion</label>
        <locationX>380</locationX>
        <locationY>323</locationY>
        <defaultConnectorLabel>Default Outcome</defaultConnectorLabel>
        <rules>
            <name>Converted</name>
            <conditionLogic>and</conditionLogic>
            <conditions>
                <leftValueReference>$Record.Converted_Lead__c</leftValueReference>
                <operator>IsNull</operator>
                <rightValue>
                    <booleanValue>false</booleanValue>
                </rightValue>
            </conditions>
            <conditions>
                <leftValueReference>$Record.Converted_Lead__r.Page_ID__c</leftValueReference>
                <operator>IsNull</operator>
                <rightValue>
                    <booleanValue>false</booleanValue>
                </rightValue>
            </conditions>
            <conditions>
                <leftValueReference>$Record.Converted_Lead__r.IsConverted</leftValueReference>
                <operator>EqualTo</operator>
                <rightValue>
                    <booleanValue>true</booleanValue>
                </rightValue>
            </conditions>
            <connector>
                <targetReference>Get_Fb_Object_records</targetReference>
            </connector>
            <label>Converted?</label>
        </rules>
    </decisions>
    <decisions>
        <name>Fb_Object_Found</name>
        <label>Fb Object Found</label>
        <locationX>182</locationX>
        <locationY>539</locationY>
        <defaultConnectorLabel>Default Outcome</defaultConnectorLabel>
        <rules>
            <name>Exists</name>
            <conditionLogic>and</conditionLogic>
            <conditions>
                <leftValueReference>Get_Fb_Object_records.Id</leftValueReference>
                <operator>IsNull</operator>
                <rightValue>
                    <booleanValue>false</booleanValue>
                </rightValue>
            </conditions>
            <connector>
                <targetReference>UpdateFbObject</targetReference>
            </connector>
            <label>Exists?</label>
        </rules>
    </decisions>
    <description>T155226086 - Tag FB object to opportunity based on the converted lead fbpage Id information entered.
MEs need a quicker way to link directly to the partners page when they begin to vet the partner to ensure they are a fit for the program. 

Added condition to check fbobject found is tagged under the valid account</description>
    <environments>Default</environments>
    <interviewLabel>Page Name {!$Flow.CurrentDateTime}</interviewLabel>
    <label>Page Name</label>
    <processMetadataValues>
        <name>BuilderType</name>
        <value>
            <stringValue>LightningFlowBuilder</stringValue>
        </value>
    </processMetadataValues>
    <processMetadataValues>
        <name>CanvasMode</name>
        <value>
            <stringValue>AUTO_LAYOUT_CANVAS</stringValue>
        </value>
    </processMetadataValues>
    <processMetadataValues>
        <name>OriginBuilderType</name>
        <value>
            <stringValue>LightningFlowBuilder</stringValue>
        </value>
    </processMetadataValues>
    <processType>AutoLaunchedFlow</processType>
    <recordLookups>
        <name>Get_Fb_Object_records</name>
        <label>Get Fb Object records</label>
        <locationX>182</locationX>
        <locationY>431</locationY>
        <assignNullValuesIfNoRecordsFound>false</assignNullValuesIfNoRecordsFound>
        <connector>
            <targetReference>Fb_Object_Found</targetReference>
        </connector>
        <filterLogic>and</filterLogic>
        <filters>
            <field>ID__c</field>
            <operator>EqualTo</operator>
            <value>
                <elementReference>$Record.Converted_Lead__r.Page_ID__c</elementReference>
            </value>
        </filters>
        <filters>
            <field>Account__c</field>
            <operator>EqualTo</operator>
            <value>
                <elementReference>$Record.Account.Id</elementReference>
            </value>
        </filters>
        <getFirstRecordOnly>true</getFirstRecordOnly>
        <object>FB_Object__c</object>
        <storeOutputAutomatically>true</storeOutputAutomatically>
    </recordLookups>
    <recordUpdates>
        <name>UpdateFbObject</name>
        <label>Update Fb Object</label>
        <locationX>50</locationX>
        <locationY>647</locationY>
        <inputAssignments>
            <field>FB_Object__c</field>
            <value>
                <elementReference>Get_Fb_Object_records.Id</elementReference>
            </value>
        </inputAssignments>
        <inputReference>$Record</inputReference>
    </recordUpdates>
    <start>
        <locationX>254</locationX>
        <locationY>0</locationY>
        <connector>
            <targetReference>Check_if_Opportunity_is_created_via_conversion</targetReference>
        </connector>
        <filterLogic>or</filterLogic>
        <filters>
            <field>RecordTypeId</field>
            <operator>EqualTo</operator>
            <value>
                <stringValue>0121H000000ztJ6QAI</stringValue>
            </value>
        </filters>
        <filters>
            <field>RecordTypeId</field>
            <operator>EqualTo</operator>
            <value>
                <stringValue>0121H0000019pOnQAI</stringValue>
            </value>
        </filters>
        <object>Opportunity</object>
        <recordTriggerType>Create</recordTriggerType>
        <triggerType>RecordAfterSave</triggerType>
    </start>
    <status>Active</status>
</Flow>
