<?xml version="1.0" encoding="UTF-8"?>
<Flow xmlns="http://soap.sforce.com/2006/04/metadata">
    <apiVersion>49.0</apiVersion>
    <assignments>
        <name>myVariable_waitStartTimeAssignment</name>
        <label>myVariable_waitStartTimeAssignment</label>
        <locationX>0</locationX>
        <locationY>0</locationY>
        <assignmentItems>
            <assignToReference>myVariable_waitStartTimeVariable</assignToReference>
            <operator>Assign</operator>
            <value>
                <elementReference>$Flow.CurrentDateTime</elementReference>
            </value>
        </assignmentItems>
        <connector>
            <targetReference>myDecision</targetReference>
        </connector>
    </assignments>
    <decisions>
        <name>myDecision</name>
        <label>Primary Decision</label>
        <locationX>250</locationX>
        <locationY>0</locationY>
        <defaultConnectorLabel>default</defaultConnectorLabel>
        <rules>
            <name>myRule_1</name>
            <conditionLogic>and</conditionLogic>
            <conditions>
                <processMetadataValues>
                    <name>inputDataType</name>
                    <value>
                        <stringValue>Picklist</stringValue>
                    </value>
                </processMetadataValues>
                <processMetadataValues>
                    <name>leftHandSideType</name>
                    <value>
                        <stringValue>Picklist</stringValue>
                    </value>
                </processMetadataValues>
                <processMetadataValues>
                    <name>operatorDataType</name>
                    <value>
                        <stringValue>String</stringValue>
                    </value>
                </processMetadataValues>
                <processMetadataValues>
                    <name>rightHandSideType</name>
                    <value>
                        <stringValue>Picklist</stringValue>
                    </value>
                </processMetadataValues>
                <leftValueReference>myVariable_current.Origin</leftValueReference>
                <operator>EqualTo</operator>
                <rightValue>
                    <stringValue>partner-service-french</stringValue>
                </rightValue>
            </conditions>
            <connector>
                <targetReference>myRule_1_A1</targetReference>
            </connector>
            <label>Case Origin equals partner-service-french</label>
        </rules>
        <rules>
            <name>myRule_2</name>
            <conditionLogic>and</conditionLogic>
            <conditions>
                <processMetadataValues>
                    <name>inputDataType</name>
                    <value>
                        <stringValue>Picklist</stringValue>
                    </value>
                </processMetadataValues>
                <processMetadataValues>
                    <name>leftHandSideType</name>
                    <value>
                        <stringValue>Picklist</stringValue>
                    </value>
                </processMetadataValues>
                <processMetadataValues>
                    <name>operatorDataType</name>
                    <value>
                        <stringValue>String</stringValue>
                    </value>
                </processMetadataValues>
                <processMetadataValues>
                    <name>rightHandSideType</name>
                    <value>
                        <stringValue>Picklist</stringValue>
                    </value>
                </processMetadataValues>
                <leftValueReference>myVariable_current.Origin</leftValueReference>
                <operator>EqualTo</operator>
                <rightValue>
                    <stringValue>partner-service-italian</stringValue>
                </rightValue>
            </conditions>
            <connector>
                <targetReference>myRule_2_A1</targetReference>
            </connector>
            <label>Case Origin equals partner-service-italian</label>
        </rules>
        <rules>
            <name>myRule_3</name>
            <conditionLogic>and</conditionLogic>
            <conditions>
                <processMetadataValues>
                    <name>inputDataType</name>
                    <value>
                        <stringValue>Picklist</stringValue>
                    </value>
                </processMetadataValues>
                <processMetadataValues>
                    <name>leftHandSideType</name>
                    <value>
                        <stringValue>Picklist</stringValue>
                    </value>
                </processMetadataValues>
                <processMetadataValues>
                    <name>operatorDataType</name>
                    <value>
                        <stringValue>String</stringValue>
                    </value>
                </processMetadataValues>
                <processMetadataValues>
                    <name>rightHandSideType</name>
                    <value>
                        <stringValue>Picklist</stringValue>
                    </value>
                </processMetadataValues>
                <leftValueReference>myVariable_current.Origin</leftValueReference>
                <operator>EqualTo</operator>
                <rightValue>
                    <stringValue>partner-service-spanish</stringValue>
                </rightValue>
            </conditions>
            <connector>
                <targetReference>myRule_3_A1</targetReference>
            </connector>
            <label>Case Origin equals partner-service-spanish</label>
        </rules>
        <rules>
            <name>myRule_4</name>
            <conditionLogic>and</conditionLogic>
            <conditions>
                <processMetadataValues>
                    <name>inputDataType</name>
                    <value>
                        <stringValue>Picklist</stringValue>
                    </value>
                </processMetadataValues>
                <processMetadataValues>
                    <name>leftHandSideType</name>
                    <value>
                        <stringValue>Picklist</stringValue>
                    </value>
                </processMetadataValues>
                <processMetadataValues>
                    <name>operatorDataType</name>
                    <value>
                        <stringValue>String</stringValue>
                    </value>
                </processMetadataValues>
                <processMetadataValues>
                    <name>rightHandSideType</name>
                    <value>
                        <stringValue>Picklist</stringValue>
                    </value>
                </processMetadataValues>
                <leftValueReference>myVariable_current.Origin</leftValueReference>
                <operator>EqualTo</operator>
                <rightValue>
                    <stringValue>partner-service-german</stringValue>
                </rightValue>
            </conditions>
            <connector>
                <targetReference>myRule_4_A1</targetReference>
            </connector>
            <label>Case Origin equals partner-service-german</label>
        </rules>
        <rules>
            <name>myRule_5</name>
            <conditionLogic>or</conditionLogic>
            <conditions>
                <processMetadataValues>
                    <name>inputDataType</name>
                    <value>
                        <stringValue>Picklist</stringValue>
                    </value>
                </processMetadataValues>
                <processMetadataValues>
                    <name>leftHandSideType</name>
                    <value>
                        <stringValue>Picklist</stringValue>
                    </value>
                </processMetadataValues>
                <processMetadataValues>
                    <name>operatorDataType</name>
                    <value>
                        <stringValue>String</stringValue>
                    </value>
                </processMetadataValues>
                <processMetadataValues>
                    <name>rightHandSideType</name>
                    <value>
                        <stringValue>Picklist</stringValue>
                    </value>
                </processMetadataValues>
                <leftValueReference>myVariable_current.Origin</leftValueReference>
                <operator>EqualTo</operator>
                <rightValue>
                    <stringValue>partner-service-uk</stringValue>
                </rightValue>
            </conditions>
            <conditions>
                <processMetadataValues>
                    <name>inputDataType</name>
                    <value>
                        <stringValue>Picklist</stringValue>
                    </value>
                </processMetadataValues>
                <processMetadataValues>
                    <name>leftHandSideType</name>
                    <value>
                        <stringValue>Picklist</stringValue>
                    </value>
                </processMetadataValues>
                <processMetadataValues>
                    <name>operatorDataType</name>
                    <value>
                        <stringValue>String</stringValue>
                    </value>
                </processMetadataValues>
                <processMetadataValues>
                    <name>rightHandSideType</name>
                    <value>
                        <stringValue>Picklist</stringValue>
                    </value>
                </processMetadataValues>
                <leftValueReference>myVariable_current.Origin</leftValueReference>
                <operator>EqualTo</operator>
                <rightValue>
                    <stringValue>partner-service-danish</stringValue>
                </rightValue>
            </conditions>
            <conditions>
                <processMetadataValues>
                    <name>inputDataType</name>
                    <value>
                        <stringValue>Picklist</stringValue>
                    </value>
                </processMetadataValues>
                <processMetadataValues>
                    <name>leftHandSideType</name>
                    <value>
                        <stringValue>Picklist</stringValue>
                    </value>
                </processMetadataValues>
                <processMetadataValues>
                    <name>operatorDataType</name>
                    <value>
                        <stringValue>String</stringValue>
                    </value>
                </processMetadataValues>
                <processMetadataValues>
                    <name>rightHandSideType</name>
                    <value>
                        <stringValue>Picklist</stringValue>
                    </value>
                </processMetadataValues>
                <leftValueReference>myVariable_current.Origin</leftValueReference>
                <operator>EqualTo</operator>
                <rightValue>
                    <stringValue>partner-service-norwegian</stringValue>
                </rightValue>
            </conditions>
            <conditions>
                <processMetadataValues>
                    <name>inputDataType</name>
                    <value>
                        <stringValue>Picklist</stringValue>
                    </value>
                </processMetadataValues>
                <processMetadataValues>
                    <name>leftHandSideType</name>
                    <value>
                        <stringValue>Picklist</stringValue>
                    </value>
                </processMetadataValues>
                <processMetadataValues>
                    <name>operatorDataType</name>
                    <value>
                        <stringValue>String</stringValue>
                    </value>
                </processMetadataValues>
                <processMetadataValues>
                    <name>rightHandSideType</name>
                    <value>
                        <stringValue>Picklist</stringValue>
                    </value>
                </processMetadataValues>
                <leftValueReference>myVariable_current.Origin</leftValueReference>
                <operator>EqualTo</operator>
                <rightValue>
                    <stringValue>partner-service-swedish</stringValue>
                </rightValue>
            </conditions>
            <conditions>
                <processMetadataValues>
                    <name>inputDataType</name>
                    <value>
                        <stringValue>Picklist</stringValue>
                    </value>
                </processMetadataValues>
                <processMetadataValues>
                    <name>leftHandSideType</name>
                    <value>
                        <stringValue>Picklist</stringValue>
                    </value>
                </processMetadataValues>
                <processMetadataValues>
                    <name>operatorDataType</name>
                    <value>
                        <stringValue>String</stringValue>
                    </value>
                </processMetadataValues>
                <processMetadataValues>
                    <name>rightHandSideType</name>
                    <value>
                        <stringValue>Picklist</stringValue>
                    </value>
                </processMetadataValues>
                <leftValueReference>myVariable_current.Origin</leftValueReference>
                <operator>EqualTo</operator>
                <rightValue>
                    <stringValue>partner-service-polish</stringValue>
                </rightValue>
            </conditions>
            <conditions>
                <processMetadataValues>
                    <name>inputDataType</name>
                    <value>
                        <stringValue>Picklist</stringValue>
                    </value>
                </processMetadataValues>
                <processMetadataValues>
                    <name>leftHandSideType</name>
                    <value>
                        <stringValue>Picklist</stringValue>
                    </value>
                </processMetadataValues>
                <processMetadataValues>
                    <name>operatorDataType</name>
                    <value>
                        <stringValue>String</stringValue>
                    </value>
                </processMetadataValues>
                <processMetadataValues>
                    <name>rightHandSideType</name>
                    <value>
                        <stringValue>Picklist</stringValue>
                    </value>
                </processMetadataValues>
                <leftValueReference>myVariable_current.Origin</leftValueReference>
                <operator>EqualTo</operator>
                <rightValue>
                    <stringValue>partner-service-hebrew</stringValue>
                </rightValue>
            </conditions>
            <conditions>
                <processMetadataValues>
                    <name>inputDataType</name>
                    <value>
                        <stringValue>Picklist</stringValue>
                    </value>
                </processMetadataValues>
                <processMetadataValues>
                    <name>leftHandSideType</name>
                    <value>
                        <stringValue>Picklist</stringValue>
                    </value>
                </processMetadataValues>
                <processMetadataValues>
                    <name>operatorDataType</name>
                    <value>
                        <stringValue>String</stringValue>
                    </value>
                </processMetadataValues>
                <processMetadataValues>
                    <name>rightHandSideType</name>
                    <value>
                        <stringValue>Picklist</stringValue>
                    </value>
                </processMetadataValues>
                <leftValueReference>myVariable_current.Origin</leftValueReference>
                <operator>EqualTo</operator>
                <rightValue>
                    <stringValue>partner-service-dutch</stringValue>
                </rightValue>
            </conditions>
            <conditions>
                <processMetadataValues>
                    <name>inputDataType</name>
                    <value>
                        <stringValue>Picklist</stringValue>
                    </value>
                </processMetadataValues>
                <processMetadataValues>
                    <name>leftHandSideType</name>
                    <value>
                        <stringValue>Picklist</stringValue>
                    </value>
                </processMetadataValues>
                <processMetadataValues>
                    <name>operatorDataType</name>
                    <value>
                        <stringValue>String</stringValue>
                    </value>
                </processMetadataValues>
                <processMetadataValues>
                    <name>rightHandSideType</name>
                    <value>
                        <stringValue>Picklist</stringValue>
                    </value>
                </processMetadataValues>
                <leftValueReference>myVariable_current.Origin</leftValueReference>
                <operator>EqualTo</operator>
                <rightValue>
                    <stringValue>partner-service-english</stringValue>
                </rightValue>
            </conditions>
            <connector>
                <targetReference>myRule_5_A1</targetReference>
            </connector>
            <label>Case Origin equals partner-service-uk</label>
        </rules>
    </decisions>
    <interviewLabel>Partner_Service_Locale_setting-3_Case</interviewLabel>
    <label>Partner Service Locale setting v3</label>
    <processMetadataValues>
        <name>ObjectType</name>
        <value>
            <stringValue>Case</stringValue>
        </value>
    </processMetadataValues>
    <processMetadataValues>
        <name>ObjectVariable</name>
        <value>
            <elementReference>myVariable_current</elementReference>
        </value>
    </processMetadataValues>
    <processMetadataValues>
        <name>OldObjectVariable</name>
        <value>
            <elementReference>myVariable_old</elementReference>
        </value>
    </processMetadataValues>
    <processMetadataValues>
        <name>TriggerType</name>
        <value>
            <stringValue>onCreateOnly</stringValue>
        </value>
    </processMetadataValues>
    <processType>Workflow</processType>
    <recordUpdates>
        <processMetadataValues>
            <name>evaluationType</name>
            <value>
                <stringValue>always</stringValue>
            </value>
        </processMetadataValues>
        <processMetadataValues>
            <name>isChildRelationship</name>
            <value>
                <booleanValue>false</booleanValue>
            </value>
        </processMetadataValues>
        <processMetadataValues>
            <name>reference</name>
            <value>
                <stringValue>[Case]</stringValue>
            </value>
        </processMetadataValues>
        <name>myRule_1_A1</name>
        <label>Set Case Locale to fr_FR</label>
        <locationX>100</locationX>
        <locationY>200</locationY>
        <filterLogic>and</filterLogic>
        <filters>
            <processMetadataValues>
                <name>implicit</name>
                <value>
                    <booleanValue>true</booleanValue>
                </value>
            </processMetadataValues>
            <field>Id</field>
            <operator>EqualTo</operator>
            <value>
                <elementReference>myVariable_current.Id</elementReference>
            </value>
        </filters>
        <inputAssignments>
            <processMetadataValues>
                <name>dataType</name>
                <value>
                    <stringValue>String</stringValue>
                </value>
            </processMetadataValues>
            <processMetadataValues>
                <name>isRequired</name>
                <value>
                    <booleanValue>false</booleanValue>
                </value>
            </processMetadataValues>
            <processMetadataValues>
                <name>leftHandSideLabel</name>
                <value>
                    <stringValue>Locale</stringValue>
                </value>
            </processMetadataValues>
            <processMetadataValues>
                <name>rightHandSideType</name>
                <value>
                    <stringValue>String</stringValue>
                </value>
            </processMetadataValues>
            <field>Locale__c</field>
            <value>
                <stringValue>fr_FR</stringValue>
            </value>
        </inputAssignments>
        <object>Case</object>
    </recordUpdates>
    <recordUpdates>
        <processMetadataValues>
            <name>evaluationType</name>
            <value>
                <stringValue>always</stringValue>
            </value>
        </processMetadataValues>
        <processMetadataValues>
            <name>isChildRelationship</name>
            <value>
                <booleanValue>false</booleanValue>
            </value>
        </processMetadataValues>
        <processMetadataValues>
            <name>reference</name>
            <value>
                <stringValue>[Case]</stringValue>
            </value>
        </processMetadataValues>
        <name>myRule_2_A1</name>
        <label>Set Case Locale to it_IT</label>
        <locationX>200</locationX>
        <locationY>200</locationY>
        <filterLogic>and</filterLogic>
        <filters>
            <processMetadataValues>
                <name>implicit</name>
                <value>
                    <booleanValue>true</booleanValue>
                </value>
            </processMetadataValues>
            <field>Id</field>
            <operator>EqualTo</operator>
            <value>
                <elementReference>myVariable_current.Id</elementReference>
            </value>
        </filters>
        <inputAssignments>
            <processMetadataValues>
                <name>dataType</name>
                <value>
                    <stringValue>String</stringValue>
                </value>
            </processMetadataValues>
            <processMetadataValues>
                <name>isRequired</name>
                <value>
                    <booleanValue>false</booleanValue>
                </value>
            </processMetadataValues>
            <processMetadataValues>
                <name>leftHandSideLabel</name>
                <value>
                    <stringValue>Locale</stringValue>
                </value>
            </processMetadataValues>
            <processMetadataValues>
                <name>rightHandSideType</name>
                <value>
                    <stringValue>String</stringValue>
                </value>
            </processMetadataValues>
            <field>Locale__c</field>
            <value>
                <stringValue>it_IT</stringValue>
            </value>
        </inputAssignments>
        <object>Case</object>
    </recordUpdates>
    <recordUpdates>
        <processMetadataValues>
            <name>evaluationType</name>
            <value>
                <stringValue>always</stringValue>
            </value>
        </processMetadataValues>
        <processMetadataValues>
            <name>isChildRelationship</name>
            <value>
                <booleanValue>false</booleanValue>
            </value>
        </processMetadataValues>
        <processMetadataValues>
            <name>reference</name>
            <value>
                <stringValue>[Case]</stringValue>
            </value>
        </processMetadataValues>
        <name>myRule_3_A1</name>
        <label>Set Case Locale to es_ES</label>
        <locationX>300</locationX>
        <locationY>200</locationY>
        <filterLogic>and</filterLogic>
        <filters>
            <processMetadataValues>
                <name>implicit</name>
                <value>
                    <booleanValue>true</booleanValue>
                </value>
            </processMetadataValues>
            <field>Id</field>
            <operator>EqualTo</operator>
            <value>
                <elementReference>myVariable_current.Id</elementReference>
            </value>
        </filters>
        <inputAssignments>
            <processMetadataValues>
                <name>dataType</name>
                <value>
                    <stringValue>String</stringValue>
                </value>
            </processMetadataValues>
            <processMetadataValues>
                <name>isRequired</name>
                <value>
                    <booleanValue>false</booleanValue>
                </value>
            </processMetadataValues>
            <processMetadataValues>
                <name>leftHandSideLabel</name>
                <value>
                    <stringValue>Locale</stringValue>
                </value>
            </processMetadataValues>
            <processMetadataValues>
                <name>rightHandSideType</name>
                <value>
                    <stringValue>String</stringValue>
                </value>
            </processMetadataValues>
            <field>Locale__c</field>
            <value>
                <stringValue>es_ES</stringValue>
            </value>
        </inputAssignments>
        <object>Case</object>
    </recordUpdates>
    <recordUpdates>
        <processMetadataValues>
            <name>evaluationType</name>
            <value>
                <stringValue>always</stringValue>
            </value>
        </processMetadataValues>
        <processMetadataValues>
            <name>isChildRelationship</name>
            <value>
                <booleanValue>false</booleanValue>
            </value>
        </processMetadataValues>
        <processMetadataValues>
            <name>reference</name>
            <value>
                <stringValue>[Case]</stringValue>
            </value>
        </processMetadataValues>
        <name>myRule_4_A1</name>
        <label>Set Case Locale to de_DE</label>
        <locationX>400</locationX>
        <locationY>200</locationY>
        <filterLogic>and</filterLogic>
        <filters>
            <processMetadataValues>
                <name>implicit</name>
                <value>
                    <booleanValue>true</booleanValue>
                </value>
            </processMetadataValues>
            <field>Id</field>
            <operator>EqualTo</operator>
            <value>
                <elementReference>myVariable_current.Id</elementReference>
            </value>
        </filters>
        <inputAssignments>
            <processMetadataValues>
                <name>dataType</name>
                <value>
                    <stringValue>String</stringValue>
                </value>
            </processMetadataValues>
            <processMetadataValues>
                <name>isRequired</name>
                <value>
                    <booleanValue>false</booleanValue>
                </value>
            </processMetadataValues>
            <processMetadataValues>
                <name>leftHandSideLabel</name>
                <value>
                    <stringValue>Locale</stringValue>
                </value>
            </processMetadataValues>
            <processMetadataValues>
                <name>rightHandSideType</name>
                <value>
                    <stringValue>String</stringValue>
                </value>
            </processMetadataValues>
            <field>Locale__c</field>
            <value>
                <stringValue>de_DE</stringValue>
            </value>
        </inputAssignments>
        <object>Case</object>
    </recordUpdates>
    <recordUpdates>
        <processMetadataValues>
            <name>evaluationType</name>
            <value>
                <stringValue>always</stringValue>
            </value>
        </processMetadataValues>
        <processMetadataValues>
            <name>isChildRelationship</name>
            <value>
                <booleanValue>false</booleanValue>
            </value>
        </processMetadataValues>
        <processMetadataValues>
            <name>reference</name>
            <value>
                <stringValue>[Case]</stringValue>
            </value>
        </processMetadataValues>
        <name>myRule_5_A1</name>
        <label>Set Case Locale to en_GB</label>
        <locationX>500</locationX>
        <locationY>200</locationY>
        <filterLogic>and</filterLogic>
        <filters>
            <processMetadataValues>
                <name>implicit</name>
                <value>
                    <booleanValue>true</booleanValue>
                </value>
            </processMetadataValues>
            <field>Id</field>
            <operator>EqualTo</operator>
            <value>
                <elementReference>myVariable_current.Id</elementReference>
            </value>
        </filters>
        <inputAssignments>
            <processMetadataValues>
                <name>dataType</name>
                <value>
                    <stringValue>String</stringValue>
                </value>
            </processMetadataValues>
            <processMetadataValues>
                <name>isRequired</name>
                <value>
                    <booleanValue>false</booleanValue>
                </value>
            </processMetadataValues>
            <processMetadataValues>
                <name>leftHandSideLabel</name>
                <value>
                    <stringValue>Locale</stringValue>
                </value>
            </processMetadataValues>
            <processMetadataValues>
                <name>rightHandSideType</name>
                <value>
                    <stringValue>String</stringValue>
                </value>
            </processMetadataValues>
            <field>Locale__c</field>
            <value>
                <stringValue>en_GB</stringValue>
            </value>
        </inputAssignments>
        <object>Case</object>
    </recordUpdates>
    <startElementReference>myVariable_waitStartTimeAssignment</startElementReference>
    <status>Obsolete</status>
    <variables>
        <name>myVariable_current</name>
        <dataType>SObject</dataType>
        <isCollection>false</isCollection>
        <isInput>true</isInput>
        <isOutput>true</isOutput>
        <objectType>Case</objectType>
    </variables>
    <variables>
        <name>myVariable_old</name>
        <dataType>SObject</dataType>
        <isCollection>false</isCollection>
        <isInput>true</isInput>
        <isOutput>false</isOutput>
        <objectType>Case</objectType>
    </variables>
    <variables>
        <name>myVariable_waitStartTimeVariable</name>
        <dataType>DateTime</dataType>
        <isCollection>false</isCollection>
        <isInput>false</isInput>
        <isOutput>false</isOutput>
        <value>
            <elementReference>$Flow.CurrentDateTime</elementReference>
        </value>
    </variables>
</Flow>
