<?xml version="1.0" encoding="UTF-8"?>
<Flow xmlns="http://soap.sforce.com/2006/04/metadata" xmlns:xsi="http://www.w3.org/2001/XMLSchema-instance">
    <assignments>
        <name>EvaluationOutcomeAssignment</name>
        <label>EvaluationOutcomeAssignment</label>
        <locationX>0</locationX>
        <locationY>0</locationY>
        <assignmentItems>
            <assignToReference>EvaluationOutcome</assignToReference>
            <operator>Assign</operator>
            <value>
                <elementReference>myRule</elementReference>
            </value>
        </assignmentItems>
    </assignments>
    <assignments>
        <name>EvaluationOutcomeAssignmentFalse</name>
        <label>EvaluationOutcomeAssignmentFalse</label>
        <locationX>0</locationX>
        <locationY>0</locationY>
        <assignmentItems>
            <assignToReference>EvaluationOutcome</assignToReference>
            <operator>Assign</operator>
            <value>
                <elementReference>myRule</elementReference>
            </value>
        </assignmentItems>
    </assignments>
    <decisions>
        <name>myDecision</name>
        <label>myDecision</label>
        <locationX>0</locationX>
        <locationY>0</locationY>
        <defaultConnector>
            <targetReference>EvaluationOutcomeAssignmentFalse</targetReference>
        </defaultConnector>
        <defaultConnectorLabel>default</defaultConnectorLabel>
        <rules>
            <name>myRule</name>
            <conditionLogic>and</conditionLogic>
            <conditions>
                <leftValueReference>myVariable_myEvent.ReportId</leftValueReference>
                <operator>EqualTo</operator>
                <rightValue>
                    <stringValue>00O8V000008XuerUAC</stringValue>
                </rightValue>
            </conditions>
            <conditions>
                <leftValueReference>myVariable_myEvent.RowsProcessed</leftValueReference>
                <operator>GreaterThan</operator>
                <rightValue>
                    <numberValue>25.0</numberValue>
                </rightValue>
            </conditions>
            <connector>
                <targetReference>EvaluationOutcomeAssignment</targetReference>
            </connector>
            <label xsi:nil="true"/>
        </rules>
    </decisions>
    <interviewLabel>PolicyCondition_jgBgEQEdAfmfYuGvmSJz</interviewLabel>
    <label>PolicyCondition_jgBgEQEdAfmfYuGvmSJz</label>
    <processType>TransactionSecurityFlow</processType>
    <startElementReference>myDecision</startElementReference>
    <status>Draft</status>
    <variables>
        <name>EvaluationOutcome</name>
        <dataType>Boolean</dataType>
        <isCollection>false</isCollection>
        <isInput>false</isInput>
        <isOutput>true</isOutput>
    </variables>
    <variables>
        <name>myVariable_myEvent</name>
        <dataType>SObject</dataType>
        <isCollection>false</isCollection>
        <isInput>true</isInput>
        <isOutput>false</isOutput>
        <objectType>ReportEvent</objectType>
    </variables>
</Flow>
