<?xml version="1.0" encoding="UTF-8"?>
<Flow xmlns="http://soap.sforce.com/2006/04/metadata">
    <apiVersion>49.0</apiVersion>
    <assignments>
        <name>Get_Account_Team_Member_Field</name>
        <label>Get Account Team Member Field</label>
        <locationX>529</locationX>
        <locationY>185</locationY>
        <assignmentItems>
            <assignToReference>varOfferingRecord.Offering_Team_Members__c</assignToReference>
            <operator>Assign</operator>
            <value>
                <elementReference>varAccountTeamRecord.Brand_Team_Manual__c</elementReference>
            </value>
        </assignmentItems>
        <connector>
            <targetReference>Update_Offering_Record</targetReference>
        </connector>
    </assignments>
    <decisions>
        <name>Found_Records</name>
        <label>Found Records?</label>
        <locationX>327</locationX>
        <locationY>187</locationY>
        <defaultConnectorLabel>Default Outcome</defaultConnectorLabel>
        <rules>
            <name>Records_Are_Found</name>
            <conditionLogic>and</conditionLogic>
            <conditions>
                <leftValueReference>varAccountTeamRecord</leftValueReference>
                <operator>IsNull</operator>
                <rightValue>
                    <booleanValue>false</booleanValue>
                </rightValue>
            </conditions>
            <conditions>
                <leftValueReference>varOfferingRecord</leftValueReference>
                <operator>IsNull</operator>
                <rightValue>
                    <booleanValue>false</booleanValue>
                </rightValue>
            </conditions>
            <connector>
                <targetReference>Get_Account_Team_Member_Field</targetReference>
            </connector>
            <label>Records Are Found</label>
        </rules>
    </decisions>
    <description>T33104588 - populate the offering team member names on offering record by copying the values from the related account team.</description>
    <interviewLabel>Populate Offering Team Members field on Offering record {!$Flow.CurrentDateTime}</interviewLabel>
    <label>Populate Offering Team Members field on Offering record</label>
    <processMetadataValues>
        <name>BuilderType</name>
        <value>
            <stringValue>LightningFlowBuilder</stringValue>
        </value>
    </processMetadataValues>
    <processMetadataValues>
        <name>OriginBuilderType</name>
        <value>
            <stringValue>LightningFlowBuilder</stringValue>
        </value>
    </processMetadataValues>
    <processType>AutoLaunchedFlow</processType>
    <recordLookups>
        <name>Get_Account_Team_Record</name>
        <label>Get Account Team Record</label>
        <locationX>336</locationX>
        <locationY>50</locationY>
        <assignNullValuesIfNoRecordsFound>true</assignNullValuesIfNoRecordsFound>
        <connector>
            <targetReference>Found_Records</targetReference>
        </connector>
        <filterLogic>and</filterLogic>
        <filters>
            <field>Id</field>
            <operator>EqualTo</operator>
            <value>
                <elementReference>ivarAccountTeamId</elementReference>
            </value>
        </filters>
        <object>Brand_Team__c</object>
        <outputReference>varAccountTeamRecord</outputReference>
        <queriedFields>Id</queriedFields>
        <queriedFields>Brand_Team_Manual__c</queriedFields>
    </recordLookups>
    <recordLookups>
        <name>Get_Offering_Record</name>
        <label>Get Offering Record</label>
        <locationX>197</locationX>
        <locationY>50</locationY>
        <assignNullValuesIfNoRecordsFound>true</assignNullValuesIfNoRecordsFound>
        <connector>
            <targetReference>Get_Account_Team_Record</targetReference>
        </connector>
        <filterLogic>and</filterLogic>
        <filters>
            <field>Id</field>
            <operator>EqualTo</operator>
            <value>
                <elementReference>ivarOfferingId</elementReference>
            </value>
        </filters>
        <object>Offerings__c</object>
        <outputReference>varOfferingRecord</outputReference>
        <queriedFields>Id</queriedFields>
        <queriedFields>Offering_Team_Members__c</queriedFields>
    </recordLookups>
    <recordUpdates>
        <name>Update_Offering_Record</name>
        <label>Update Offering Record</label>
        <locationX>529</locationX>
        <locationY>335</locationY>
        <inputReference>varOfferingRecord</inputReference>
    </recordUpdates>
    <startElementReference>Get_Offering_Record</startElementReference>
    <status>Active</status>
    <variables>
        <name>ivarAccountTeamId</name>
        <dataType>String</dataType>
        <isCollection>false</isCollection>
        <isInput>true</isInput>
        <isOutput>false</isOutput>
    </variables>
    <variables>
        <name>ivarOfferingId</name>
        <dataType>String</dataType>
        <isCollection>false</isCollection>
        <isInput>true</isInput>
        <isOutput>false</isOutput>
    </variables>
    <variables>
        <name>varAccountTeamRecord</name>
        <dataType>SObject</dataType>
        <isCollection>false</isCollection>
        <isInput>true</isInput>
        <isOutput>true</isOutput>
        <objectType>Brand_Team__c</objectType>
    </variables>
    <variables>
        <name>varOfferingRecord</name>
        <dataType>SObject</dataType>
        <isCollection>false</isCollection>
        <isInput>true</isInput>
        <isOutput>true</isOutput>
        <objectType>Offerings__c</objectType>
    </variables>
</Flow>
