<?xml version="1.0" encoding="UTF-8"?>
<Flow xmlns="http://soap.sforce.com/2006/04/metadata">
    <apiVersion>49.0</apiVersion>
    <assignments>
        <name>Add_Record_to_List</name>
        <label>Add Record to List</label>
        <locationX>664</locationX>
        <locationY>553</locationY>
        <assignmentItems>
            <assignToReference>varTempListResponseRecordsToCreate</assignToReference>
            <operator>Add</operator>
            <value>
                <elementReference>varTempResponseRecordToCreate</elementReference>
            </value>
        </assignmentItems>
        <connector>
            <targetReference>For_Every_Question_in_Latest_PVT_get_the_Response</targetReference>
        </connector>
    </assignments>
    <assignments>
        <name>Assign_Current_New_As_Latest_PVT</name>
        <label>Assign Current New As Latest PVT</label>
        <locationX>258</locationX>
        <locationY>243</locationY>
        <assignmentItems>
            <assignToReference>varNewestPVTRecord.Id</assignToReference>
            <operator>Assign</operator>
            <value>
                <elementReference>ivarPVTId</elementReference>
            </value>
        </assignmentItems>
        <connector>
            <targetReference>Get_all_Active_Questions_for_the_form</targetReference>
        </connector>
    </assignments>
    <assignments>
        <name>Assign_Newest_PVT_Record</name>
        <label>Assign Newest PVT Record</label>
        <locationX>844</locationX>
        <locationY>168</locationY>
        <assignmentItems>
            <assignToReference>varNewestPVTRecord.Id</assignToReference>
            <operator>Assign</operator>
            <value>
                <elementReference>varLoopPVTrecord.Id</elementReference>
            </value>
        </assignmentItems>
        <assignmentItems>
            <assignToReference>varNewestPVTRecord.CreatedDate</assignToReference>
            <operator>Assign</operator>
            <value>
                <elementReference>varLoopPVTrecord.CreatedDate</elementReference>
            </value>
        </assignmentItems>
        <connector>
            <targetReference>Increment_Count</targetReference>
        </connector>
    </assignments>
    <assignments>
        <name>Build_Answer_Record_From_Scratch</name>
        <label>Build Answer Record From Scratch</label>
        <locationX>1215</locationX>
        <locationY>593</locationY>
        <assignmentItems>
            <assignToReference>varTempResponseRecordToCreate.Question__c</assignToReference>
            <operator>Assign</operator>
            <value>
                <elementReference>varLoopQuestionRecord.Id</elementReference>
            </value>
        </assignmentItems>
        <assignmentItems>
            <assignToReference>varTempResponseRecordToCreate.Partner_Vetting_Tracker__c</assignToReference>
            <operator>Assign</operator>
            <value>
                <elementReference>ivarPVTId</elementReference>
            </value>
        </assignmentItems>
        <connector>
            <targetReference>Add_Record_to_List</targetReference>
        </connector>
    </assignments>
    <assignments>
        <name>Clone_Response</name>
        <label>Clone Response</label>
        <locationX>988</locationX>
        <locationY>481</locationY>
        <assignmentItems>
            <assignToReference>varTempResponseRecordToCreate.Form_User_Response__c</assignToReference>
            <operator>Assign</operator>
            <value>
                <elementReference>varResponseRecordFound.Form_User_Response__c</elementReference>
            </value>
        </assignmentItems>
        <assignmentItems>
            <assignToReference>varTempResponseRecordToCreate.User__c</assignToReference>
            <operator>Assign</operator>
            <value>
                <elementReference>varResponseRecordFound.User__c</elementReference>
            </value>
        </assignmentItems>
        <assignmentItems>
            <assignToReference>varTempResponseRecordToCreate.Question__c</assignToReference>
            <operator>Assign</operator>
            <value>
                <elementReference>varResponseRecordFound.Question__c</elementReference>
            </value>
        </assignmentItems>
        <assignmentItems>
            <assignToReference>varTempResponseRecordToCreate.Partner_Vetting_Tracker__c</assignToReference>
            <operator>Assign</operator>
            <value>
                <elementReference>ivarPVTId</elementReference>
            </value>
        </assignmentItems>
        <assignmentItems>
            <assignToReference>varTempResponseRecordToCreate.Form_Possible_Response_Selected__c</assignToReference>
            <operator>Assign</operator>
            <value>
                <elementReference>varResponseRecordFound.Form_Possible_Response_Selected__c</elementReference>
            </value>
        </assignmentItems>
        <connector>
            <targetReference>Add_Record_to_List</targetReference>
        </connector>
    </assignments>
    <assignments>
        <name>Increment_Count</name>
        <label>Increment Count</label>
        <locationX>629</locationX>
        <locationY>233</locationY>
        <assignmentItems>
            <assignToReference>varCount</assignToReference>
            <operator>Add</operator>
            <value>
                <numberValue>1.0</numberValue>
            </value>
        </assignmentItems>
        <connector>
            <targetReference>Get_Newest_PVT</targetReference>
        </connector>
    </assignments>
    <decisions>
        <name>Find_Response</name>
        <label>Find Response</label>
        <locationX>1283</locationX>
        <locationY>403</locationY>
        <defaultConnector>
            <targetReference>Build_Answer_Record_From_Scratch</targetReference>
        </defaultConnector>
        <defaultConnectorLabel>Default Outcome</defaultConnectorLabel>
        <rules>
            <name>Found_Response</name>
            <conditionLogic>and</conditionLogic>
            <conditions>
                <leftValueReference>varResponseRecordFound</leftValueReference>
                <operator>IsNull</operator>
                <rightValue>
                    <booleanValue>false</booleanValue>
                </rightValue>
            </conditions>
            <connector>
                <targetReference>Clone_Response</targetReference>
            </connector>
            <label>Found Response</label>
        </rules>
    </decisions>
    <decisions>
        <name>First_Record</name>
        <label>First Record?</label>
        <locationX>1114</locationX>
        <locationY>71</locationY>
        <defaultConnector>
            <targetReference>Latest_PVT</targetReference>
        </defaultConnector>
        <defaultConnectorLabel>Default Outcome</defaultConnectorLabel>
        <rules>
            <name>First_Record1</name>
            <conditionLogic>and</conditionLogic>
            <conditions>
                <leftValueReference>varCount</leftValueReference>
                <operator>EqualTo</operator>
                <rightValue>
                    <numberValue>0.0</numberValue>
                </rightValue>
            </conditions>
            <connector>
                <targetReference>Assign_Newest_PVT_Record</targetReference>
            </connector>
            <label>First Record</label>
        </rules>
    </decisions>
    <decisions>
        <name>Latest_PVT</name>
        <label>Compare Created Dates</label>
        <locationX>1115</locationX>
        <locationY>299</locationY>
        <defaultConnector>
            <targetReference>Increment_Count</targetReference>
        </defaultConnector>
        <defaultConnectorLabel>Default Outcome</defaultConnectorLabel>
        <rules>
            <name>Update_Latest_PVT</name>
            <conditionLogic>and</conditionLogic>
            <conditions>
                <leftValueReference>varLoopPVTrecord.CreatedDate</leftValueReference>
                <operator>GreaterThan</operator>
                <rightValue>
                    <elementReference>varNewestPVTRecord.CreatedDate</elementReference>
                </rightValue>
            </conditions>
            <connector>
                <targetReference>Assign_Newest_PVT_Record</targetReference>
            </connector>
            <label>Update Latest PVT</label>
        </rules>
    </decisions>
    <decisions>
        <name>PVT_Exists</name>
        <label>PVT Exists</label>
        <locationX>348</locationX>
        <locationY>69</locationY>
        <defaultConnector>
            <targetReference>Assign_Current_New_As_Latest_PVT</targetReference>
        </defaultConnector>
        <defaultConnectorLabel>Default Outcome</defaultConnectorLabel>
        <rules>
            <name>Yes</name>
            <conditionLogic>and</conditionLogic>
            <conditions>
                <leftValueReference>varListPVTRecordsFound</leftValueReference>
                <operator>IsNull</operator>
                <rightValue>
                    <booleanValue>false</booleanValue>
                </rightValue>
            </conditions>
            <connector>
                <targetReference>Get_Newest_PVT</targetReference>
            </connector>
            <label>Yes</label>
        </rules>
    </decisions>
    <description>T52867034</description>
    <interviewLabel>PVT Process Flow {!$Flow.CurrentDateTime}</interviewLabel>
    <label>PVT Process Flow</label>
    <loops>
        <name>For_Every_Question_in_Latest_PVT_get_the_Response</name>
        <label>For Every Question in  Latest PVT, get the Response</label>
        <locationX>523</locationX>
        <locationY>400</locationY>
        <assignNextValueToReference>varLoopQuestionRecord</assignNextValueToReference>
        <collectionReference>varListFormQuestionsRecordsFound</collectionReference>
        <iterationOrder>Desc</iterationOrder>
        <nextValueConnector>
            <targetReference>find_the_response_to_the_question</targetReference>
        </nextValueConnector>
        <noMoreValuesConnector>
            <targetReference>Create_Anwers_to_the_Questions</targetReference>
        </noMoreValuesConnector>
    </loops>
    <loops>
        <name>Get_Newest_PVT</name>
        <label>Get Newest PVT</label>
        <locationX>543</locationX>
        <locationY>70</locationY>
        <assignNextValueToReference>varLoopPVTrecord</assignNextValueToReference>
        <collectionReference>varListPVTRecordsFound</collectionReference>
        <iterationOrder>Desc</iterationOrder>
        <nextValueConnector>
            <targetReference>First_Record</targetReference>
        </nextValueConnector>
        <noMoreValuesConnector>
            <targetReference>Get_all_Active_Questions_for_the_form</targetReference>
        </noMoreValuesConnector>
    </loops>
    <processMetadataValues>
        <name>BuilderType</name>
        <value>
            <stringValue>LightningFlowBuilder</stringValue>
        </value>
    </processMetadataValues>
    <processMetadataValues>
        <name>OriginBuilderType</name>
        <value>
            <stringValue>LightningFlowBuilder</stringValue>
        </value>
    </processMetadataValues>
    <processType>AutoLaunchedFlow</processType>
    <recordCreates>
        <name>Create_Anwers_to_the_Questions</name>
        <label>Create Anwers to the Questions</label>
        <locationX>443</locationX>
        <locationY>724</locationY>
        <inputReference>varTempListResponseRecordsToCreate</inputReference>
    </recordCreates>
    <recordLookups>
        <name>find_the_response_to_the_question</name>
        <label>find the response to the question</label>
        <locationX>729</locationX>
        <locationY>393</locationY>
        <assignNullValuesIfNoRecordsFound>true</assignNullValuesIfNoRecordsFound>
        <connector>
            <targetReference>Find_Response</targetReference>
        </connector>
        <filterLogic>and</filterLogic>
        <filters>
            <field>Partner_Vetting_Tracker__c</field>
            <operator>EqualTo</operator>
            <value>
                <elementReference>varNewestPVTRecord.Id</elementReference>
            </value>
        </filters>
        <filters>
            <field>Question__c</field>
            <operator>EqualTo</operator>
            <value>
                <elementReference>varLoopQuestionRecord.Id</elementReference>
            </value>
        </filters>
        <object>Form_User_Response__c</object>
        <outputReference>varResponseRecordFound</outputReference>
        <queriedFields>Id</queriedFields>
        <queriedFields>User__c</queriedFields>
        <queriedFields>Form_User_Response__c</queriedFields>
        <queriedFields>Question__c</queriedFields>
        <queriedFields>Partner_Vetting_Tracker__c</queriedFields>
        <queriedFields>Form_Possible_Response_Selected__c</queriedFields>
    </recordLookups>
    <recordLookups>
        <name>Get_all_Active_Questions_for_the_form</name>
        <label>Get all Active Questions for the form</label>
        <locationX>360</locationX>
        <locationY>400</locationY>
        <assignNullValuesIfNoRecordsFound>true</assignNullValuesIfNoRecordsFound>
        <connector>
            <targetReference>For_Every_Question_in_Latest_PVT_get_the_Response</targetReference>
        </connector>
        <filterLogic>and</filterLogic>
        <filters>
            <field>End_Date__c</field>
            <operator>IsNull</operator>
            <value>
                <booleanValue>true</booleanValue>
            </value>
        </filters>
        <filters>
            <field>Form__c</field>
            <operator>EqualTo</operator>
            <value>
                <elementReference>ivarFormId</elementReference>
            </value>
        </filters>
        <object>Form_Question__c</object>
        <outputReference>varListFormQuestionsRecordsFound</outputReference>
        <queriedFields>Id</queriedFields>
        <queriedFields>Type__c</queriedFields>
    </recordLookups>
    <recordLookups>
        <name>Get_PVTs</name>
        <label>Get PVTs</label>
        <locationX>204</locationX>
        <locationY>46</locationY>
        <assignNullValuesIfNoRecordsFound>false</assignNullValuesIfNoRecordsFound>
        <connector>
            <targetReference>PVT_Exists</targetReference>
        </connector>
        <filterLogic>and</filterLogic>
        <filters>
            <field>Account__c</field>
            <operator>EqualTo</operator>
            <value>
                <elementReference>ivarAccountId</elementReference>
            </value>
        </filters>
        <filters>
            <field>Form__c</field>
            <operator>EqualTo</operator>
            <value>
                <elementReference>ivarFormId</elementReference>
            </value>
        </filters>
        <filters>
            <field>Id</field>
            <operator>NotEqualTo</operator>
            <value>
                <elementReference>ivarPVTId</elementReference>
            </value>
        </filters>
        <object>Partner_Vetting_Tracker__c</object>
        <outputReference>varListPVTRecordsFound</outputReference>
        <queriedFields>Id</queriedFields>
        <queriedFields>CreatedDate</queriedFields>
    </recordLookups>
    <start>
        <locationX>58</locationX>
        <locationY>69</locationY>
        <connector>
            <targetReference>Get_PVTs</targetReference>
        </connector>
    </start>
    <status>Active</status>
    <variables>
        <name>ivarAccountId</name>
        <dataType>String</dataType>
        <isCollection>false</isCollection>
        <isInput>true</isInput>
        <isOutput>true</isOutput>
    </variables>
    <variables>
        <name>ivarFormId</name>
        <dataType>String</dataType>
        <isCollection>false</isCollection>
        <isInput>true</isInput>
        <isOutput>true</isOutput>
    </variables>
    <variables>
        <name>ivarPVTId</name>
        <dataType>String</dataType>
        <isCollection>false</isCollection>
        <isInput>true</isInput>
        <isOutput>true</isOutput>
    </variables>
    <variables>
        <name>varCount</name>
        <dataType>Number</dataType>
        <isCollection>false</isCollection>
        <isInput>true</isInput>
        <isOutput>true</isOutput>
        <scale>0</scale>
        <value>
            <numberValue>0.0</numberValue>
        </value>
    </variables>
    <variables>
        <name>varListFormQuestionsRecordsFound</name>
        <dataType>SObject</dataType>
        <isCollection>true</isCollection>
        <isInput>true</isInput>
        <isOutput>true</isOutput>
        <objectType>Form_Question__c</objectType>
    </variables>
    <variables>
        <name>varListPVTRecordsFound</name>
        <dataType>SObject</dataType>
        <isCollection>true</isCollection>
        <isInput>true</isInput>
        <isOutput>true</isOutput>
        <objectType>Partner_Vetting_Tracker__c</objectType>
    </variables>
    <variables>
        <name>varLoopPVTrecord</name>
        <dataType>SObject</dataType>
        <isCollection>false</isCollection>
        <isInput>true</isInput>
        <isOutput>true</isOutput>
        <objectType>Partner_Vetting_Tracker__c</objectType>
    </variables>
    <variables>
        <name>varLoopQuestionRecord</name>
        <dataType>SObject</dataType>
        <isCollection>false</isCollection>
        <isInput>true</isInput>
        <isOutput>true</isOutput>
        <objectType>Form_Question__c</objectType>
    </variables>
    <variables>
        <name>varNewestPVTRecord</name>
        <dataType>SObject</dataType>
        <isCollection>false</isCollection>
        <isInput>true</isInput>
        <isOutput>true</isOutput>
        <objectType>Partner_Vetting_Tracker__c</objectType>
    </variables>
    <variables>
        <name>varResponseRecordFound</name>
        <dataType>SObject</dataType>
        <isCollection>false</isCollection>
        <isInput>true</isInput>
        <isOutput>true</isOutput>
        <objectType>Form_User_Response__c</objectType>
    </variables>
    <variables>
        <name>varTempListResponseRecordsToCreate</name>
        <dataType>SObject</dataType>
        <isCollection>true</isCollection>
        <isInput>true</isInput>
        <isOutput>true</isOutput>
        <objectType>Form_User_Response__c</objectType>
    </variables>
    <variables>
        <name>varTempResponseRecordToCreate</name>
        <dataType>SObject</dataType>
        <isCollection>false</isCollection>
        <isInput>true</isInput>
        <isOutput>true</isOutput>
        <objectType>Form_User_Response__c</objectType>
    </variables>
</Flow>
