<?xml version="1.0" encoding="UTF-8"?>
<Flow xmlns="http://soap.sforce.com/2006/04/metadata">
    <actionCalls>
        <name>EmailNotificationforStartdate</name>
        <label>Email Notification for Start date</label>
        <locationX>176</locationX>
        <locationY>552</locationY>
        <actionName>SBQQ__Quote__c.BMG_EmailforchangingstartDateforOffertypeTrueup</actionName>
        <actionType>emailAlert</actionType>
        <flowTransactionModel>CurrentTransaction</flowTransactionModel>
        <inputParameters>
            <name>SObjectRowId</name>
            <value>
                <elementReference>$Record.Id</elementReference>
            </value>
        </inputParameters>
        <nameSegment>SBQQ__Quote__c.BMG_EmailforchangingstartDateforOffertypeTrueup</nameSegment>
    </actionCalls>
    <apiVersion>57.0</apiVersion>
    <decisions>
        <name>ContractSigned</name>
        <label>Contract Signed</label>
        <locationX>176</locationX>
        <locationY>252</locationY>
        <defaultConnectorLabel>Default Outcome</defaultConnectorLabel>
        <rules>
            <name>Contract_not_Signed</name>
            <conditionLogic>and</conditionLogic>
            <conditions>
                <leftValueReference>$Record.BMG_ContractSignatureDate__c</leftValueReference>
                <operator>IsNull</operator>
                <rightValue>
                    <booleanValue>true</booleanValue>
                </rightValue>
            </conditions>
            <conditions>
                <leftValueReference>$Flow.CurrentDate</leftValueReference>
                <operator>GreaterThan</operator>
                <rightValue>
                    <elementReference>StartdateMonth15thday</elementReference>
                </rightValue>
            </conditions>
            <conditions>
                <leftValueReference>$Record.SBQQ__Status__c</leftValueReference>
                <operator>EqualTo</operator>
                <rightValue>
                    <stringValue>CONTRACT INITIATED</stringValue>
                </rightValue>
            </conditions>
            <conditions>
                <leftValueReference>$Record.BMG_Offer_Type__c</leftValueReference>
                <operator>EqualTo</operator>
                <rightValue>
                    <stringValue>MRC</stringValue>
                </rightValue>
            </conditions>
            <connector>
                <targetReference>EmailNotificationforStartdate</targetReference>
            </connector>
            <label>Contract not Signed</label>
        </rules>
        <rules>
            <name>Contract_Signed</name>
            <conditionLogic>and</conditionLogic>
            <conditions>
                <leftValueReference>$Record.BMG_ContractSignatureDate__c</leftValueReference>
                <operator>IsNull</operator>
                <rightValue>
                    <booleanValue>false</booleanValue>
                </rightValue>
            </conditions>
            <conditions>
                <leftValueReference>$Record.BMG_ContractSignatureDate__c</leftValueReference>
                <operator>GreaterThan</operator>
                <rightValue>
                    <elementReference>StartdateMonth15thday</elementReference>
                </rightValue>
            </conditions>
            <conditions>
                <leftValueReference>$Record.BMG_Offer_Type__c</leftValueReference>
                <operator>EqualTo</operator>
                <rightValue>
                    <stringValue>MRC</stringValue>
                </rightValue>
            </conditions>
            <connector>
                <targetReference>EmailNotificationforStartdate</targetReference>
            </connector>
            <label>Contract Signed</label>
        </rules>
    </decisions>
    <environments>Default</environments>
    <formulas>
        <name>StartdateMonth15thday</name>
        <dataType>Date</dataType>
        <expression>DATE(YEAR({!$Record.SBQQ__StartDate__c}),MONTH({!$Record.SBQQ__StartDate__c}),15)</expression>
    </formulas>
    <interviewLabel>Quote : Schedule Flow {!$Flow.CurrentDateTime}</interviewLabel>
    <label>Quote : Schedule Flow</label>
    <processMetadataValues>
        <name>BuilderType</name>
        <value>
            <stringValue>LightningFlowBuilder</stringValue>
        </value>
    </processMetadataValues>
    <processMetadataValues>
        <name>CanvasMode</name>
        <value>
            <stringValue>AUTO_LAYOUT_CANVAS</stringValue>
        </value>
    </processMetadataValues>
    <processMetadataValues>
        <name>OriginBuilderType</name>
        <value>
            <stringValue>LightningFlowBuilder</stringValue>
        </value>
    </processMetadataValues>
    <processType>AutoLaunchedFlow</processType>
    <start>
        <locationX>50</locationX>
        <locationY>0</locationY>
        <connector>
            <targetReference>ContractSigned</targetReference>
        </connector>
        <object>SBQQ__Quote__c</object>
        <schedule>
            <frequency>Daily</frequency>
            <startDate>2023-03-01</startDate>
            <startTime>00:00:00.000Z</startTime>
        </schedule>
        <triggerType>Scheduled</triggerType>
    </start>
    <status>Active</status>
</Flow>
