<?xml version="1.0" encoding="UTF-8"?>
<Flow xmlns="http://soap.sforce.com/2006/04/metadata">
    <apiVersion>49.0</apiVersion>
    <decisions>
        <name>myDecision</name>
        <label>Primary Decision</label>
        <locationX>50</locationX>
        <locationY>0</locationY>
        <defaultConnectorLabel>default</defaultConnectorLabel>
        <rules>
            <name>myRule_1</name>
            <conditionLogic>and</conditionLogic>
            <conditions>
                <processMetadataValues>
                    <name>inputDataType</name>
                    <value>
                        <stringValue>Picklist</stringValue>
                    </value>
                </processMetadataValues>
                <processMetadataValues>
                    <name>operatorDataType</name>
                    <value>
                        <stringValue>String</stringValue>
                    </value>
                </processMetadataValues>
                <leftValueReference>myVariable_current.Transfer_Type__c</leftValueReference>
                <operator>EqualTo</operator>
                <rightValue>
                    <stringValue>SMB to GSO</stringValue>
                </rightValue>
            </conditions>
            <connector>
                <targetReference>myRule_1_pmetdec</targetReference>
            </connector>
            <label>Transfer to GSO</label>
        </rules>
    </decisions>
    <decisions>
        <name>myRule_1_pmetdec</name>
        <label>Previously Met Decision</label>
        <locationX>100</locationX>
        <locationY>100</locationY>
        <defaultConnectorLabel>Not Previously Met</defaultConnectorLabel>
        <rules>
            <name>myRule_1_pmetnullrule</name>
            <conditionLogic>or</conditionLogic>
            <conditions>
                <leftValueReference>myVariable_old</leftValueReference>
                <operator>IsNull</operator>
                <rightValue>
                    <booleanValue>true</booleanValue>
                </rightValue>
            </conditions>
            <label>Previously Met - Null</label>
        </rules>
        <rules>
            <name>myRule_1_pmetrule</name>
            <conditionLogic>and</conditionLogic>
            <conditions>
                <processMetadataValues>
                    <name>inputDataType</name>
                    <value>
                        <stringValue>Picklist</stringValue>
                    </value>
                </processMetadataValues>
                <processMetadataValues>
                    <name>operatorDataType</name>
                    <value>
                        <stringValue>String</stringValue>
                    </value>
                </processMetadataValues>
                <leftValueReference>myVariable_old.Transfer_Type__c</leftValueReference>
                <operator>EqualTo</operator>
                <rightValue>
                    <stringValue>SMB to GSO</stringValue>
                </rightValue>
            </conditions>
            <label>Previously Met - Prev</label>
        </rules>
    </decisions>
    <description>Set values on Quotas</description>
    <interviewLabel>Quotas-1_Quota__c</interviewLabel>
    <label>Quotas</label>
    <processMetadataValues>
        <name>ObjectType</name>
        <value>
            <stringValue>Quota__c</stringValue>
        </value>
    </processMetadataValues>
    <processMetadataValues>
        <name>ObjectVariable</name>
        <value>
            <elementReference>myVariable_current</elementReference>
        </value>
    </processMetadataValues>
    <processMetadataValues>
        <name>OldObjectVariable</name>
        <value>
            <elementReference>myVariable_old</elementReference>
        </value>
    </processMetadataValues>
    <processMetadataValues>
        <name>TriggerType</name>
        <value>
            <stringValue>onAllChanges</stringValue>
        </value>
    </processMetadataValues>
    <processType>Workflow</processType>
    <startElementReference>myDecision</startElementReference>
    <status>Draft</status>
    <variables>
        <name>myVariable_current</name>
        <dataType>SObject</dataType>
        <isCollection>false</isCollection>
        <isInput>true</isInput>
        <isOutput>true</isOutput>
        <objectType>Quota__c</objectType>
    </variables>
    <variables>
        <name>myVariable_old</name>
        <dataType>SObject</dataType>
        <isCollection>false</isCollection>
        <isInput>true</isInput>
        <isOutput>false</isOutput>
        <objectType>Quota__c</objectType>
    </variables>
</Flow>
