<?xml version="1.0" encoding="UTF-8"?>
<Flow xmlns="http://soap.sforce.com/2006/04/metadata">
    <apiVersion>57.0</apiVersion>
    <decisions>
        <name>Check_Contract</name>
        <label>Check Contract</label>
        <locationX>1041</locationX>
        <locationY>399</locationY>
        <defaultConnector>
            <targetReference>Is_Order_Activation_Event</targetReference>
        </defaultConnector>
        <defaultConnectorLabel>Default Outcome</defaultConnectorLabel>
        <rules>
            <name>Is_Contract</name>
            <conditionLogic>and</conditionLogic>
            <conditions>
                <leftValueReference>$Record.Target_Object__c</leftValueReference>
                <operator>EqualTo</operator>
                <rightValue>
                    <stringValue>Contract</stringValue>
                </rightValue>
            </conditions>
            <conditions>
                <leftValueReference>$Record.Action__c</leftValueReference>
                <operator>EqualTo</operator>
                <rightValue>
                    <stringValue>RL Contract Needs to be Activated</stringValue>
                </rightValue>
            </conditions>
            <connector>
                <targetReference>Get_Contract</targetReference>
            </connector>
            <label>Is Contract</label>
        </rules>
    </decisions>
    <decisions>
        <name>Check_Contract_Not_Null</name>
        <label>Check Contract Not Null</label>
        <locationX>503</locationX>
        <locationY>434</locationY>
        <defaultConnectorLabel>Default Outcome</defaultConnectorLabel>
        <rules>
            <name>Not_Null</name>
            <conditionLogic>and</conditionLogic>
            <conditions>
                <leftValueReference>Get_Contract</leftValueReference>
                <operator>IsNull</operator>
                <rightValue>
                    <booleanValue>false</booleanValue>
                </rightValue>
            </conditions>
            <connector>
                <targetReference>Update_Contract</targetReference>
            </connector>
            <label>Not Null</label>
        </rules>
    </decisions>
    <decisions>
        <description>Check If Record Types are not NULL</description>
        <name>Check_If_Record_Types_are_not_NULL</name>
        <label>Check If Record Types are not NULL</label>
        <locationX>1324</locationX>
        <locationY>221</locationY>
        <defaultConnectorLabel>Default Outcome</defaultConnectorLabel>
        <rules>
            <name>recordTypeNotNull</name>
            <conditionLogic>and</conditionLogic>
            <conditions>
                <leftValueReference>Get_RL_Contract_Record_Type</leftValueReference>
                <operator>IsNull</operator>
                <rightValue>
                    <booleanValue>false</booleanValue>
                </rightValue>
            </conditions>
            <conditions>
                <leftValueReference>Get_RL_Order_RecordType</leftValueReference>
                <operator>IsNull</operator>
                <rightValue>
                    <booleanValue>false</booleanValue>
                </rightValue>
            </conditions>
            <connector>
                <targetReference>Check_Contract</targetReference>
            </connector>
            <label>recordTypeNotNull</label>
        </rules>
    </decisions>
    <decisions>
        <name>Check_Order_Already_Activated_and_Contracted</name>
        <label>Check Order Already Activated and Contracted</label>
        <locationX>503</locationX>
        <locationY>1034</locationY>
        <defaultConnectorLabel>Default Outcome</defaultConnectorLabel>
        <rules>
            <name>True</name>
            <conditionLogic>and</conditionLogic>
            <conditions>
                <leftValueReference>Get_Order_Record.Status</leftValueReference>
                <operator>NotEqualTo</operator>
                <rightValue>
                    <stringValue>Activated</stringValue>
                </rightValue>
            </conditions>
            <conditions>
                <leftValueReference>Get_Order_Record.SBQQ__Contracted__c</leftValueReference>
                <operator>NotEqualTo</operator>
                <rightValue>
                    <booleanValue>true</booleanValue>
                </rightValue>
            </conditions>
            <connector>
                <targetReference>Update_Order</targetReference>
            </connector>
            <label>True</label>
        </rules>
    </decisions>
    <decisions>
        <name>Is_Order_Activation_Event</name>
        <label>Is Order Activation Event</label>
        <locationX>701</locationX>
        <locationY>818</locationY>
        <defaultConnectorLabel>Default Outcome</defaultConnectorLabel>
        <rules>
            <name>Order_Activation</name>
            <conditionLogic>and</conditionLogic>
            <conditions>
                <leftValueReference>$Record.Action__c</leftValueReference>
                <operator>EqualTo</operator>
                <rightValue>
                    <stringValue>RL Order Needs to be Activated</stringValue>
                </rightValue>
            </conditions>
            <connector>
                <targetReference>Get_Order_Record</targetReference>
            </connector>
            <label>Order Activation</label>
        </rules>
    </decisions>
    <description>RL CPQ Order and Contract Event  for Order and Contract Activation</description>
    <environments>Default</environments>
    <interviewLabel>RL CPQ Order and Contract Event {!$Flow.CurrentDateTime}</interviewLabel>
    <isOverridable>true</isOverridable>
    <label>RL CPQ Order and Contract Event with Record Type</label>
    <processMetadataValues>
        <name>BuilderType</name>
        <value>
            <stringValue>LightningFlowBuilder</stringValue>
        </value>
    </processMetadataValues>
    <processMetadataValues>
        <name>CanvasMode</name>
        <value>
            <stringValue>FREE_FORM_CANVAS</stringValue>
        </value>
    </processMetadataValues>
    <processMetadataValues>
        <name>OriginBuilderType</name>
        <value>
            <stringValue>LightningFlowBuilder</stringValue>
        </value>
    </processMetadataValues>
    <processType>AutoLaunchedFlow</processType>
    <recordLookups>
        <name>Get_Contract</name>
        <label>Get Contract</label>
        <locationX>503</locationX>
        <locationY>326</locationY>
        <assignNullValuesIfNoRecordsFound>false</assignNullValuesIfNoRecordsFound>
        <connector>
            <targetReference>Check_Contract_Not_Null</targetReference>
        </connector>
        <filterLogic>and</filterLogic>
        <filters>
            <field>Id</field>
            <operator>EqualTo</operator>
            <value>
                <elementReference>$Record.Record_Id__c</elementReference>
            </value>
        </filters>
        <filters>
            <field>RecordTypeId</field>
            <operator>EqualTo</operator>
            <value>
                <elementReference>varRLContractRecordType</elementReference>
            </value>
        </filters>
        <getFirstRecordOnly>true</getFirstRecordOnly>
        <object>Contract</object>
        <sortField>CreatedDate</sortField>
        <sortOrder>Desc</sortOrder>
        <storeOutputAutomatically>true</storeOutputAutomatically>
    </recordLookups>
    <recordLookups>
        <name>Get_Order_Record</name>
        <label>Get Order Record</label>
        <locationX>503</locationX>
        <locationY>926</locationY>
        <assignNullValuesIfNoRecordsFound>false</assignNullValuesIfNoRecordsFound>
        <connector>
            <targetReference>Check_Order_Already_Activated_and_Contracted</targetReference>
        </connector>
        <filterLogic>and</filterLogic>
        <filters>
            <field>Id</field>
            <operator>EqualTo</operator>
            <value>
                <elementReference>$Record.Order_Id__c</elementReference>
            </value>
        </filters>
        <filters>
            <field>RecordTypeId</field>
            <operator>EqualTo</operator>
            <value>
                <elementReference>varRLOrderRecordType</elementReference>
            </value>
        </filters>
        <getFirstRecordOnly>true</getFirstRecordOnly>
        <object>Order</object>
        <storeOutputAutomatically>true</storeOutputAutomatically>
    </recordLookups>
    <recordLookups>
        <description>Get RL Contract Record Type</description>
        <name>Get_RL_Contract_Record_Type</name>
        <label>Get RL Contract Record Type</label>
        <locationX>1164</locationX>
        <locationY>213</locationY>
        <assignNullValuesIfNoRecordsFound>false</assignNullValuesIfNoRecordsFound>
        <connector>
            <targetReference>Check_If_Record_Types_are_not_NULL</targetReference>
        </connector>
        <filterLogic>and</filterLogic>
        <filters>
            <field>SobjectType</field>
            <operator>EqualTo</operator>
            <value>
                <stringValue>Contract</stringValue>
            </value>
        </filters>
        <filters>
            <field>DeveloperName</field>
            <operator>EqualTo</operator>
            <value>
                <stringValue>RL_Enterprise</stringValue>
            </value>
        </filters>
        <object>RecordType</object>
        <outputAssignments>
            <assignToReference>varRLContractRecordType</assignToReference>
            <field>Id</field>
        </outputAssignments>
    </recordLookups>
    <recordLookups>
        <description>Get The RL Order Record Type Name</description>
        <name>Get_RL_Order_RecordType</name>
        <label>Get RL Order RecordType</label>
        <locationX>984</locationX>
        <locationY>212</locationY>
        <assignNullValuesIfNoRecordsFound>false</assignNullValuesIfNoRecordsFound>
        <connector>
            <targetReference>Get_RL_Contract_Record_Type</targetReference>
        </connector>
        <filterLogic>and</filterLogic>
        <filters>
            <field>SobjectType</field>
            <operator>EqualTo</operator>
            <value>
                <stringValue>Order</stringValue>
            </value>
        </filters>
        <filters>
            <field>DeveloperName</field>
            <operator>EqualTo</operator>
            <value>
                <stringValue>RL_Enterprise</stringValue>
            </value>
        </filters>
        <object>RecordType</object>
        <outputAssignments>
            <assignToReference>varRLOrderRecordType</assignToReference>
            <field>Id</field>
        </outputAssignments>
    </recordLookups>
    <recordUpdates>
        <name>Update_Contract</name>
        <label>Update Contract</label>
        <locationX>371</locationX>
        <locationY>542</locationY>
        <connector>
            <targetReference>Is_Order_Activation_Event</targetReference>
        </connector>
        <filterLogic>and</filterLogic>
        <filters>
            <field>Id</field>
            <operator>EqualTo</operator>
            <value>
                <elementReference>Get_Contract.Id</elementReference>
            </value>
        </filters>
        <inputAssignments>
            <field>Status</field>
            <value>
                <stringValue>Activated</stringValue>
            </value>
        </inputAssignments>
        <object>Contract</object>
    </recordUpdates>
    <recordUpdates>
        <name>Update_Order</name>
        <label>Update Order</label>
        <locationX>371</locationX>
        <locationY>1142</locationY>
        <filterLogic>and</filterLogic>
        <filters>
            <field>Id</field>
            <operator>EqualTo</operator>
            <value>
                <elementReference>Get_Order_Record.Id</elementReference>
            </value>
        </filters>
        <filters>
            <field>RecordTypeId</field>
            <operator>EqualTo</operator>
            <value>
                <elementReference>varRLOrderRecordType</elementReference>
            </value>
        </filters>
        <inputAssignments>
            <field>SBQQ__Contracted__c</field>
            <value>
                <elementReference>True</elementReference>
            </value>
        </inputAssignments>
        <inputAssignments>
            <field>Status</field>
            <value>
                <stringValue>Activated</stringValue>
            </value>
        </inputAssignments>
        <object>Order</object>
    </recordUpdates>
    <start>
        <locationX>575</locationX>
        <locationY>48</locationY>
        <connector>
            <targetReference>Get_RL_Order_RecordType</targetReference>
        </connector>
        <object>BMG_CPQ_Event__e</object>
        <triggerType>PlatformEvent</triggerType>
    </start>
    <status>Active</status>
    <variables>
        <description>Get The RL Contract Record Type</description>
        <name>varRLContractRecordType</name>
        <dataType>String</dataType>
        <isCollection>false</isCollection>
        <isInput>true</isInput>
        <isOutput>true</isOutput>
    </variables>
    <variables>
        <description>Get The RL Order Record Type Developer Name</description>
        <name>varRLOrderRecordType</name>
        <dataType>String</dataType>
        <isCollection>false</isCollection>
        <isInput>true</isInput>
        <isOutput>true</isOutput>
    </variables>
</Flow>
