<?xml version="1.0" encoding="UTF-8"?>
<Flow xmlns="http://soap.sforce.com/2006/04/metadata">
    <apiVersion>56.0</apiVersion>
    <environments>Default</environments>
    <interviewLabel>RL Content: Interactions Created {!$Flow.CurrentDateTime}</interviewLabel>
    <label>RL Content: Interactions Created</label>
    <processMetadataValues>
        <name>BuilderType</name>
        <value>
            <stringValue>LightningFlowBuilder</stringValue>
        </value>
    </processMetadataValues>
    <processMetadataValues>
        <name>CanvasMode</name>
        <value>
            <stringValue>AUTO_LAYOUT_CANVAS</stringValue>
        </value>
    </processMetadataValues>
    <processMetadataValues>
        <name>OriginBuilderType</name>
        <value>
            <stringValue>LightningFlowBuilder</stringValue>
        </value>
    </processMetadataValues>
    <processType>AutoLaunchedFlow</processType>
    <recordUpdates>
        <name>Update_Name</name>
        <label>Update Name</label>
        <locationX>176</locationX>
        <locationY>311</locationY>
        <inputAssignments>
            <field>Name</field>
            <value>
                <elementReference>$Record.Type__c</elementReference>
            </value>
        </inputAssignments>
        <inputReference>$Record</inputReference>
    </recordUpdates>
    <start>
        <locationX>50</locationX>
        <locationY>0</locationY>
        <connector>
            <targetReference>Update_Name</targetReference>
        </connector>
        <filterLogic>and</filterLogic>
        <filters>
            <field>Type__c</field>
            <operator>IsNull</operator>
            <value>
                <booleanValue>false</booleanValue>
            </value>
        </filters>
        <object>Interaction_OC__c</object>
        <recordTriggerType>Create</recordTriggerType>
        <triggerType>RecordBeforeSave</triggerType>
    </start>
    <status>Obsolete</status>
</Flow>
