<?xml version="1.0" encoding="UTF-8"?>
<Flow xmlns="http://soap.sforce.com/2006/04/metadata">
    <apiVersion>59.0</apiVersion>
    <description>T162332646 , T181347347, T212330779, T226264050</description>
    <environments>Default</environments>
    <interviewLabel>RL Commercial Quote Update {!$Flow.CurrentDateTime}</interviewLabel>
    <label>RL Commercial Quote Update</label>
    <processMetadataValues>
        <name>BuilderType</name>
        <value>
            <stringValue>LightningFlowBuilder</stringValue>
        </value>
    </processMetadataValues>
    <processMetadataValues>
        <name>CanvasMode</name>
        <value>
            <stringValue>AUTO_LAYOUT_CANVAS</stringValue>
        </value>
    </processMetadataValues>
    <processMetadataValues>
        <name>OriginBuilderType</name>
        <value>
            <stringValue>LightningFlowBuilder</stringValue>
        </value>
    </processMetadataValues>
    <processType>AutoLaunchedFlow</processType>
    <recordUpdates>
        <description>T226264050</description>
        <name>Update_Quote_Status_to_Draft</name>
        <label>Update Quote Status to Draft</label>
        <locationX>176</locationX>
        <locationY>287</locationY>
        <inputAssignments>
            <field>ApprovalStatus__c</field>
            <value>
                <stringValue>Draft</stringValue>
            </value>
        </inputAssignments>
        <inputAssignments>
            <field>SBQQ__Status__c</field>
            <value>
                <stringValue>Draft</stringValue>
            </value>
        </inputAssignments>
        <inputReference>$Record</inputReference>
    </recordUpdates>
    <start>
        <locationX>50</locationX>
        <locationY>0</locationY>
        <connector>
            <targetReference>Update_Quote_Status_to_Draft</targetReference>
        </connector>
        <filterLogic>1 AND 2 AND (3 OR 4 OR 5 OR 6 OR 7 OR 8 OR 9)</filterLogic>
        <filters>
            <field>RecordTypeId</field>
            <operator>EqualTo</operator>
            <value>
                <stringValue>0128V0000010EhhQAE</stringValue>
            </value>
        </filters>
        <filters>
            <field>SBQQ__Status__c</field>
            <operator>EqualTo</operator>
            <value>
                <stringValue>Approved</stringValue>
            </value>
        </filters>
        <filters>
            <field>SBQQ__Account__c</field>
            <operator>IsChanged</operator>
            <value>
                <booleanValue>true</booleanValue>
            </value>
        </filters>
        <filters>
            <field>SBQQ__Distributor__c</field>
            <operator>IsChanged</operator>
            <value>
                <booleanValue>true</booleanValue>
            </value>
        </filters>
        <filters>
            <field>BMG_Reseller_Partner__c</field>
            <operator>IsChanged</operator>
            <value>
                <booleanValue>true</booleanValue>
            </value>
        </filters>
        <filters>
            <field>SBQQ__NetAmount__c</field>
            <operator>IsChanged</operator>
            <value>
                <booleanValue>true</booleanValue>
            </value>
        </filters>
        <filters>
            <field>SBQQ__AverageCustomerDiscount__c</field>
            <operator>IsChanged</operator>
            <value>
                <booleanValue>true</booleanValue>
            </value>
        </filters>
        <filters>
            <field>Total_Hardware_Discount__c</field>
            <operator>IsChanged</operator>
            <value>
                <booleanValue>true</booleanValue>
            </value>
        </filters>
        <filters>
            <field>Fee_per_Billing_Period__c</field>
            <operator>IsChanged</operator>
            <value>
                <booleanValue>true</booleanValue>
            </value>
        </filters>
        <object>SBQQ__Quote__c</object>
        <recordTriggerType>Update</recordTriggerType>
        <triggerType>RecordBeforeSave</triggerType>
    </start>
    <status>Active</status>
</Flow>
