<?xml version="1.0" encoding="UTF-8"?>
<Flow xmlns="http://soap.sforce.com/2006/04/metadata">
    <apiVersion>54.0</apiVersion>
    <assignments>
        <name>Set_Approval_and_Invoice_Dates_0</name>
        <label>Set Approval and Invoice Dates</label>
        <locationX>314</locationX>
        <locationY>431</locationY>
        <assignmentItems>
            <assignToReference>$Record.Approval_Date__c</assignToReference>
            <operator>Assign</operator>
            <value>
                <elementReference>DeliveryDatePlus14</elementReference>
            </value>
        </assignmentItems>
        <assignmentItems>
            <assignToReference>$Record.Invoice_Approval_Date__c</assignToReference>
            <operator>Assign</operator>
            <value>
                <elementReference>DeliveryDatePlus21</elementReference>
            </value>
        </assignmentItems>
    </assignments>
    <assignments>
        <name>Set_Approval_Date_to_Today</name>
        <label>Set Approval Date to Today</label>
        <locationX>50</locationX>
        <locationY>431</locationY>
        <assignmentItems>
            <assignToReference>$Record.Approval_Date__c</assignToReference>
            <operator>Assign</operator>
            <value>
                <elementReference>$Flow.CurrentDate</elementReference>
            </value>
        </assignmentItems>
        <assignmentItems>
            <assignToReference>$Record.Invoice_Approval_Date__c</assignToReference>
            <operator>Assign</operator>
            <value>
                <elementReference>OneWeekFromToday</elementReference>
            </value>
        </assignmentItems>
    </assignments>
    <decisions>
        <name>Status_Changed_to_Approved</name>
        <label>Status Changed to Approved?</label>
        <locationX>182</locationX>
        <locationY>311</locationY>
        <defaultConnector>
            <targetReference>Set_Approval_and_Invoice_Dates_0</targetReference>
        </defaultConnector>
        <defaultConnectorLabel>Default Outcome</defaultConnectorLabel>
        <rules>
            <name>Yes</name>
            <conditionLogic>and</conditionLogic>
            <conditions>
                <leftValueReference>$Record.Status__c</leftValueReference>
                <operator>EqualTo</operator>
                <rightValue>
                    <stringValue>Approved</stringValue>
                </rightValue>
            </conditions>
            <conditions>
                <leftValueReference>$Record.Status__c</leftValueReference>
                <operator>IsChanged</operator>
                <rightValue>
                    <booleanValue>true</booleanValue>
                </rightValue>
            </conditions>
            <conditions>
                <leftValueReference>$Record__Prior.Status__c</leftValueReference>
                <operator>NotEqualTo</operator>
                <rightValue>
                    <stringValue>Approved</stringValue>
                </rightValue>
            </conditions>
            <connector>
                <targetReference>Set_Approval_Date_to_Today</targetReference>
            </connector>
            <label>Yes</label>
        </rules>
    </decisions>
    <description>T111161110</description>
    <environments>Default</environments>
    <formulas>
        <name>DeliveryDatePlus14</name>
        <dataType>Date</dataType>
        <expression>{!$Record.Due_Date__c} + 14</expression>
    </formulas>
    <formulas>
        <name>DeliveryDatePlus21</name>
        <dataType>Date</dataType>
        <expression>{!$Record.Due_Date__c} + 21</expression>
    </formulas>
    <formulas>
        <name>OneWeekFromToday</name>
        <dataType>Date</dataType>
        <expression>{!$Flow.CurrentDate} + 7</expression>
    </formulas>
    <formulas>
        <description>T124738183</description>
        <name>TODAY</name>
        <dataType>Date</dataType>
        <expression>{!$Flow.CurrentDate}</expression>
    </formulas>
    <interviewLabel>RL Content: Update Milestone Dates {!$Flow.CurrentDateTime}</interviewLabel>
    <label>RL Content: Update Milestone Dates</label>
    <processMetadataValues>
        <name>BuilderType</name>
        <value>
            <stringValue>LightningFlowBuilder</stringValue>
        </value>
    </processMetadataValues>
    <processMetadataValues>
        <name>CanvasMode</name>
        <value>
            <stringValue>AUTO_LAYOUT_CANVAS</stringValue>
        </value>
    </processMetadataValues>
    <processMetadataValues>
        <name>OriginBuilderType</name>
        <value>
            <stringValue>LightningFlowBuilder</stringValue>
        </value>
    </processMetadataValues>
    <processType>AutoLaunchedFlow</processType>
    <start>
        <locationX>56</locationX>
        <locationY>0</locationY>
        <connector>
            <targetReference>Status_Changed_to_Approved</targetReference>
        </connector>
        <filterLogic>(1 AND 2 AND 3 AND 4) OR (5 AND 6)</filterLogic>
        <filters>
            <field>Due_Date__c</field>
            <operator>IsChanged</operator>
            <value>
                <booleanValue>true</booleanValue>
            </value>
        </filters>
        <filters>
            <field>Status__c</field>
            <operator>NotEqualTo</operator>
            <value>
                <stringValue>Approved</stringValue>
            </value>
        </filters>
        <filters>
            <field>Approval_Date__c</field>
            <operator>IsChanged</operator>
            <value>
                <booleanValue>false</booleanValue>
            </value>
        </filters>
        <filters>
            <field>Invoice_Approval_Date__c</field>
            <operator>IsChanged</operator>
            <value>
                <booleanValue>false</booleanValue>
            </value>
        </filters>
        <filters>
            <field>Status__c</field>
            <operator>IsChanged</operator>
            <value>
                <booleanValue>true</booleanValue>
            </value>
        </filters>
        <filters>
            <field>Status__c</field>
            <operator>EqualTo</operator>
            <value>
                <stringValue>Approved</stringValue>
            </value>
        </filters>
        <object>Milestone__c</object>
        <recordTriggerType>Update</recordTriggerType>
        <triggerType>RecordBeforeSave</triggerType>
    </start>
    <status>Active</status>
</Flow>
