<?xml version="1.0" encoding="UTF-8"?>
<Flow xmlns="http://soap.sforce.com/2006/04/metadata">
    <apiVersion>59.0</apiVersion>
    <decisions>
        <name>Software_line</name>
        <label>Software line?</label>
        <locationX>182</locationX>
        <locationY>287</locationY>
        <defaultConnectorLabel>No</defaultConnectorLabel>
        <rules>
            <name>Yes</name>
            <conditionLogic>and</conditionLogic>
            <conditions>
                <leftValueReference>$Record.SBQQ__Product__r.Product_Type__c</leftValueReference>
                <operator>EqualTo</operator>
                <rightValue>
                    <stringValue>Software</stringValue>
                </rightValue>
            </conditions>
            <connector>
                <targetReference>Update_Start_Date</targetReference>
            </connector>
            <label>Yes</label>
        </rules>
    </decisions>
    <environments>Default</environments>
    <interviewLabel>RL Enterprise - before insert/update field updates {!$Flow.CurrentDateTime}</interviewLabel>
    <label>RL Enterprise - before insert/update field updates</label>
    <processMetadataValues>
        <name>BuilderType</name>
        <value>
            <stringValue>LightningFlowBuilder</stringValue>
        </value>
    </processMetadataValues>
    <processMetadataValues>
        <name>CanvasMode</name>
        <value>
            <stringValue>AUTO_LAYOUT_CANVAS</stringValue>
        </value>
    </processMetadataValues>
    <processMetadataValues>
        <name>OriginBuilderType</name>
        <value>
            <stringValue>LightningFlowBuilder</stringValue>
        </value>
    </processMetadataValues>
    <processType>AutoLaunchedFlow</processType>
    <recordUpdates>
        <name>Update_End_Date</name>
        <label>Update End Date</label>
        <locationX>50</locationX>
        <locationY>503</locationY>
        <filterLogic>and</filterLogic>
        <filters>
            <field>SBQQ__EndDate__c</field>
            <operator>IsNull</operator>
            <value>
                <booleanValue>true</booleanValue>
            </value>
        </filters>
        <inputAssignments>
            <field>SBQQ__EndDate__c</field>
            <value>
                <elementReference>$Record.SBQQ__Quote__r.SBQQ__EndDate__c</elementReference>
            </value>
        </inputAssignments>
        <inputReference>$Record</inputReference>
    </recordUpdates>
    <recordUpdates>
        <name>Update_Start_Date</name>
        <label>Update Start Date</label>
        <locationX>50</locationX>
        <locationY>395</locationY>
        <connector>
            <targetReference>Update_End_Date</targetReference>
        </connector>
        <filterLogic>and</filterLogic>
        <filters>
            <field>SBQQ__StartDate__c</field>
            <operator>IsNull</operator>
            <value>
                <booleanValue>true</booleanValue>
            </value>
        </filters>
        <inputAssignments>
            <field>SBQQ__StartDate__c</field>
            <value>
                <elementReference>$Record.SBQQ__Quote__r.SBQQ__StartDate__c</elementReference>
            </value>
        </inputAssignments>
        <inputReference>$Record</inputReference>
    </recordUpdates>
    <start>
        <locationX>56</locationX>
        <locationY>0</locationY>
        <connector>
            <targetReference>Software_line</targetReference>
        </connector>
        <filterLogic>and</filterLogic>
        <filters>
            <field>RecordTypeId</field>
            <operator>EqualTo</operator>
            <value>
                <stringValue>0128V0000010EhgQAE</stringValue>
            </value>
        </filters>
        <object>SBQQ__QuoteLine__c</object>
        <recordTriggerType>CreateAndUpdate</recordTriggerType>
        <triggerType>RecordBeforeSave</triggerType>
    </start>
    <status>Obsolete</status>
</Flow>
