<?xml version="1.0" encoding="UTF-8"?>
<Flow xmlns="http://soap.sforce.com/2006/04/metadata">
    <apiVersion>59.0</apiVersion>
    <assignments>
        <name>Put_group_list_in_memory</name>
        <label>Put group list in memory</label>
        <locationX>176</locationX>
        <locationY>539</locationY>
        <assignmentItems>
            <assignToReference>Groups</assignToReference>
            <operator>Add</operator>
            <value>
                <elementReference>Softwaregroup</elementReference>
            </value>
        </assignmentItems>
        <assignmentItems>
            <assignToReference>Groups</assignToReference>
            <operator>Add</operator>
            <value>
                <elementReference>Hardwaregroup</elementReference>
            </value>
        </assignmentItems>
        <connector>
            <targetReference>Create_groups</targetReference>
        </connector>
    </assignments>
    <assignments>
        <name>Put_hardware_group_in_memory</name>
        <label>Put hardware group in memory</label>
        <locationX>176</locationX>
        <locationY>431</locationY>
        <assignmentItems>
            <assignToReference>Hardwaregroup.SBQQ__Quote__c</assignToReference>
            <operator>Assign</operator>
            <value>
                <elementReference>$Record.Id</elementReference>
            </value>
        </assignmentItems>
        <assignmentItems>
            <assignToReference>Hardwaregroup.Name</assignToReference>
            <operator>Assign</operator>
            <value>
                <stringValue>Hardware</stringValue>
            </value>
        </assignmentItems>
        <assignmentItems>
            <assignToReference>Hardwaregroup.Allowed_Product_Types__c</assignToReference>
            <operator>Assign</operator>
            <value>
                <stringValue>&lt;div style=&quot;float: left; color: white; width: max-content; padding-left: 10px; padding-right: 10px; padding-bottom: 2px; padding-top: 2px; background-color: #FF5D2D; text-align: center; font-size: 0.6rem; margin-right: 5px;&quot;&gt;Hardware&lt;/div&gt; &lt;div style=&quot;float: left; color: white; width: max-content; padding-left: 10px; padding-right: 10px; padding-bottom: 2px; padding-top: 2px; background-color: #3BA755; text-align: center; font-size: 0.6rem;&quot;&gt;Accessory&lt;/div&gt;</stringValue>
            </value>
        </assignmentItems>
        <connector>
            <targetReference>Put_group_list_in_memory</targetReference>
        </connector>
    </assignments>
    <assignments>
        <name>Put_software_group_in_memory</name>
        <label>Put software group in memory</label>
        <locationX>176</locationX>
        <locationY>323</locationY>
        <assignmentItems>
            <assignToReference>Softwaregroup.SBQQ__Quote__c</assignToReference>
            <operator>Assign</operator>
            <value>
                <elementReference>$Record.Id</elementReference>
            </value>
        </assignmentItems>
        <assignmentItems>
            <assignToReference>Softwaregroup.Name</assignToReference>
            <operator>Assign</operator>
            <value>
                <stringValue>Software</stringValue>
            </value>
        </assignmentItems>
        <assignmentItems>
            <assignToReference>Softwaregroup.Allowed_Product_Types__c</assignToReference>
            <operator>Assign</operator>
            <value>
                <stringValue>&lt;div style=&quot;float: left; color: white; width: max-content; padding-left: 10px; padding-right: 10px; padding-bottom: 2px; padding-top: 2px; background-color: #1B96FF; text-align: center; font-size: 0.6rem; margin-right: 5px;&quot;&gt;Software&lt;/div&gt;</stringValue>
            </value>
        </assignmentItems>
        <connector>
            <targetReference>Put_hardware_group_in_memory</targetReference>
        </connector>
    </assignments>
    <environments>Default</environments>
    <interviewLabel>RL Enterprise - create groups on insert {!$Flow.CurrentDateTime}</interviewLabel>
    <label>RL Enterprise - create groups on insert</label>
    <processMetadataValues>
        <name>BuilderType</name>
        <value>
            <stringValue>LightningFlowBuilder</stringValue>
        </value>
    </processMetadataValues>
    <processMetadataValues>
        <name>CanvasMode</name>
        <value>
            <stringValue>AUTO_LAYOUT_CANVAS</stringValue>
        </value>
    </processMetadataValues>
    <processMetadataValues>
        <name>OriginBuilderType</name>
        <value>
            <stringValue>LightningFlowBuilder</stringValue>
        </value>
    </processMetadataValues>
    <processType>AutoLaunchedFlow</processType>
    <recordCreates>
        <name>Create_groups</name>
        <label>Create groups</label>
        <locationX>176</locationX>
        <locationY>647</locationY>
        <inputReference>Groups</inputReference>
    </recordCreates>
    <start>
        <locationX>50</locationX>
        <locationY>0</locationY>
        <connector>
            <targetReference>Put_software_group_in_memory</targetReference>
        </connector>
        <filterLogic>and</filterLogic>
        <filters>
            <field>RecordTypeId</field>
            <operator>EqualTo</operator>
            <value>
                <stringValue>0128V0000010EhhQAE</stringValue>
            </value>
        </filters>
        <object>SBQQ__Quote__c</object>
        <recordTriggerType>Create</recordTriggerType>
        <triggerType>RecordAfterSave</triggerType>
    </start>
    <status>Obsolete</status>
    <variables>
        <name>Groups</name>
        <dataType>SObject</dataType>
        <isCollection>true</isCollection>
        <isInput>false</isInput>
        <isOutput>false</isOutput>
        <objectType>SBQQ__QuoteLineGroup__c</objectType>
    </variables>
    <variables>
        <name>Hardwaregroup</name>
        <dataType>SObject</dataType>
        <isCollection>false</isCollection>
        <isInput>false</isInput>
        <isOutput>false</isOutput>
        <objectType>SBQQ__QuoteLineGroup__c</objectType>
    </variables>
    <variables>
        <name>Softwaregroup</name>
        <dataType>SObject</dataType>
        <isCollection>false</isCollection>
        <isInput>false</isInput>
        <isOutput>false</isOutput>
        <objectType>SBQQ__QuoteLineGroup__c</objectType>
    </variables>
</Flow>
