<?xml version="1.0" encoding="UTF-8"?>
<Flow xmlns="http://soap.sforce.com/2006/04/metadata">
    <apiVersion>57.0</apiVersion>
    <decisions>
        <name>Is_Order_Not_Activated</name>
        <label>Is Order Not Activated</label>
        <locationX>182</locationX>
        <locationY>323</locationY>
        <defaultConnectorLabel>Default Outcome</defaultConnectorLabel>
        <rules>
            <name>True</name>
            <conditionLogic>and</conditionLogic>
            <conditions>
                <leftValueReference>$Record.Order.Status</leftValueReference>
                <operator>NotEqualTo</operator>
                <rightValue>
                    <stringValue>Activated</stringValue>
                </rightValue>
            </conditions>
            <conditions>
                <leftValueReference>$Record.Order.RecordType.DeveloperName</leftValueReference>
                <operator>EqualTo</operator>
                <rightValue>
                    <stringValue>RL_Enterprise</stringValue>
                </rightValue>
            </conditions>
            <connector>
                <targetReference>Create_BMG_CPQ_Event</targetReference>
            </connector>
            <label>True</label>
        </rules>
    </decisions>
    <description>Creating a Platform Even for Activating and Contracting RL Order</description>
    <environments>Default</environments>
    <interviewLabel>RL Order Item Insert Flow {!$Flow.CurrentDateTime}</interviewLabel>
    <isOverridable>true</isOverridable>
    <label>RL Order Item Insert Flow with RecordType Check</label>
    <processMetadataValues>
        <name>BuilderType</name>
        <value>
            <stringValue>LightningFlowBuilder</stringValue>
        </value>
    </processMetadataValues>
    <processMetadataValues>
        <name>CanvasMode</name>
        <value>
            <stringValue>AUTO_LAYOUT_CANVAS</stringValue>
        </value>
    </processMetadataValues>
    <processMetadataValues>
        <name>OriginBuilderType</name>
        <value>
            <stringValue>LightningFlowBuilder</stringValue>
        </value>
    </processMetadataValues>
    <processType>AutoLaunchedFlow</processType>
    <recordCreates>
        <name>Create_BMG_CPQ_Event</name>
        <label>Create BMG CPQ Event</label>
        <locationX>50</locationX>
        <locationY>431</locationY>
        <inputAssignments>
            <field>Action__c</field>
            <value>
                <stringValue>RL Order Needs to be Activated</stringValue>
            </value>
        </inputAssignments>
        <inputAssignments>
            <field>Order_Id__c</field>
            <value>
                <elementReference>$Record.OrderId</elementReference>
            </value>
        </inputAssignments>
        <inputAssignments>
            <field>Record_Id__c</field>
            <value>
                <elementReference>$Record.Id</elementReference>
            </value>
        </inputAssignments>
        <inputAssignments>
            <field>Target_Object__c</field>
            <value>
                <stringValue>Order</stringValue>
            </value>
        </inputAssignments>
        <object>BMG_CPQ_Event__e</object>
        <storeOutputAutomatically>true</storeOutputAutomatically>
    </recordCreates>
    <start>
        <locationX>56</locationX>
        <locationY>0</locationY>
        <connector>
            <targetReference>Is_Order_Not_Activated</targetReference>
        </connector>
        <object>OrderItem</object>
        <recordTriggerType>Create</recordTriggerType>
        <triggerType>RecordAfterSave</triggerType>
    </start>
    <status>Obsolete</status>
</Flow>
