<?xml version="1.0" encoding="UTF-8"?>
<Flow xmlns="http://soap.sforce.com/2006/04/metadata">
    <actionCalls>
        <name>RL_Quote_Approved_Notification_with_Deal_ID</name>
        <label>RL Quote Approved Notification with Deal ID</label>
        <locationX>50</locationX>
        <locationY>431</locationY>
        <actionName>SBQQ__Quote__c.RL_Quote_Approved_Notification_with_Deal_ID</actionName>
        <actionType>emailAlert</actionType>
        <flowTransactionModel>CurrentTransaction</flowTransactionModel>
        <inputParameters>
            <name>SObjectRowId</name>
            <value>
                <elementReference>$Record.Id</elementReference>
            </value>
        </inputParameters>
        <nameSegment>SBQQ__Quote__c.RL_Quote_Approved_Notification_with_Deal_ID</nameSegment>
    </actionCalls>
    <actionCalls>
        <name>RL_Quote_Recalled_Notification</name>
        <label>RL Quote Recalled Notification</label>
        <locationX>578</locationX>
        <locationY>431</locationY>
        <actionName>SBQQ__Quote__c.RL_Quote_Recalled_Notification</actionName>
        <actionType>emailAlert</actionType>
        <flowTransactionModel>CurrentTransaction</flowTransactionModel>
        <inputParameters>
            <name>SObjectRowId</name>
            <value>
                <elementReference>$Record.Id</elementReference>
            </value>
        </inputParameters>
        <nameSegment>SBQQ__Quote__c.RL_Quote_Recalled_Notification</nameSegment>
    </actionCalls>
    <actionCalls>
        <name>RL_Quote_Rejected_Notification</name>
        <label>RL Quote Rejected Notification</label>
        <locationX>314</locationX>
        <locationY>431</locationY>
        <actionName>SBQQ__Quote__c.RL_Quote_Rejected_Notification_T208891493</actionName>
        <actionType>emailAlert</actionType>
        <flowTransactionModel>CurrentTransaction</flowTransactionModel>
        <inputParameters>
            <name>SObjectRowId</name>
            <value>
                <elementReference>$Record.Id</elementReference>
            </value>
        </inputParameters>
        <nameSegment>SBQQ__Quote__c.RL_Quote_Rejected_Notification_T208891493</nameSegment>
    </actionCalls>
    <apiVersion>62.0</apiVersion>
    <decisions>
        <name>Check_Status</name>
        <label>Check Status</label>
        <locationX>446</locationX>
        <locationY>323</locationY>
        <defaultConnectorLabel>Default Outcome</defaultConnectorLabel>
        <rules>
            <name>approved</name>
            <conditionLogic>and</conditionLogic>
            <conditions>
                <leftValueReference>$Record.SBQQ__Status__c</leftValueReference>
                <operator>EqualTo</operator>
                <rightValue>
                    <stringValue>Deal ID Generated</stringValue>
                </rightValue>
            </conditions>
            <connector>
                <targetReference>RL_Quote_Approved_Notification_with_Deal_ID</targetReference>
            </connector>
            <label>approved</label>
        </rules>
        <rules>
            <name>rejectred</name>
            <conditionLogic>and</conditionLogic>
            <conditions>
                <leftValueReference>$Record.SBQQ__Status__c</leftValueReference>
                <operator>EqualTo</operator>
                <rightValue>
                    <stringValue>Rejected</stringValue>
                </rightValue>
            </conditions>
            <connector>
                <targetReference>RL_Quote_Rejected_Notification</targetReference>
            </connector>
            <label>rejectred</label>
        </rules>
        <rules>
            <name>recalled</name>
            <conditionLogic>and</conditionLogic>
            <conditions>
                <leftValueReference>$Record.SBQQ__Status__c</leftValueReference>
                <operator>EqualTo</operator>
                <rightValue>
                    <stringValue>Draft</stringValue>
                </rightValue>
            </conditions>
            <connector>
                <targetReference>RL_Quote_Recalled_Notification</targetReference>
            </connector>
            <label>recalled</label>
        </rules>
    </decisions>
    <description>RL Quote Status Update notification to identified recipients</description>
    <environments>Default</environments>
    <interviewLabel>RL Quote Status Update PRM notification {!$Flow.CurrentDateTime}</interviewLabel>
    <label>RL Quote Status Update notification</label>
    <processMetadataValues>
        <name>BuilderType</name>
        <value>
            <stringValue>LightningFlowBuilder</stringValue>
        </value>
    </processMetadataValues>
    <processMetadataValues>
        <name>CanvasMode</name>
        <value>
            <stringValue>AUTO_LAYOUT_CANVAS</stringValue>
        </value>
    </processMetadataValues>
    <processMetadataValues>
        <name>OriginBuilderType</name>
        <value>
            <stringValue>LightningFlowBuilder</stringValue>
        </value>
    </processMetadataValues>
    <processType>AutoLaunchedFlow</processType>
    <start>
        <locationX>320</locationX>
        <locationY>0</locationY>
        <connector>
            <targetReference>Check_Status</targetReference>
        </connector>
        <filterLogic>1 AND 2 AND 3 AND (4 OR 5 OR 6)</filterLogic>
        <filters>
            <field>RecordTypeId</field>
            <operator>EqualTo</operator>
            <value>
                <stringValue>0128V0000010Ehh</stringValue>
            </value>
        </filters>
        <filters>
            <field>SBQQ__Status__c</field>
            <operator>IsChanged</operator>
            <value>
                <booleanValue>true</booleanValue>
            </value>
        </filters>
        <filters>
            <field>SubmittedUser__c</field>
            <operator>NotEqualTo</operator>
            <value>
                <stringValue></stringValue>
            </value>
        </filters>
        <filters>
            <field>SBQQ__Status__c</field>
            <operator>EqualTo</operator>
            <value>
                <stringValue>Rejected</stringValue>
            </value>
        </filters>
        <filters>
            <field>SBQQ__Status__c</field>
            <operator>EqualTo</operator>
            <value>
                <stringValue>Deal ID Generated</stringValue>
            </value>
        </filters>
        <filters>
            <field>SBQQ__Status__c</field>
            <operator>EqualTo</operator>
            <value>
                <stringValue>Draft</stringValue>
            </value>
        </filters>
        <object>SBQQ__Quote__c</object>
        <recordTriggerType>Update</recordTriggerType>
        <triggerType>RecordAfterSave</triggerType>
    </start>
    <status>Active</status>
</Flow>
