<?xml version="1.0" encoding="UTF-8"?>
<Flow xmlns="http://soap.sforce.com/2006/04/metadata">
    <apiVersion>62.0</apiVersion>
    <decisions>
        <name>Shipping_Address</name>
        <label>Shipping Address</label>
        <locationX>314</locationX>
        <locationY>323</locationY>
        <defaultConnectorLabel>Default Outcome</defaultConnectorLabel>
        <rules>
            <name>Within_US</name>
            <conditionLogic>and</conditionLogic>
            <conditions>
                <leftValueReference>$Record.Sender_Address_Lookup__r.Country__c</leftValueReference>
                <operator>EqualTo</operator>
                <rightValue>
                    <stringValue>US</stringValue>
                </rightValue>
            </conditions>
            <conditions>
                <leftValueReference>$Record.Recipient_Address_Lookup__r.Country__c</leftValueReference>
                <operator>EqualTo</operator>
                <rightValue>
                    <stringValue>US</stringValue>
                </rightValue>
            </conditions>
            <connector>
                <targetReference>Update_Case_Within_US</targetReference>
            </connector>
            <doesRequireRecordChangedToMeetCriteria>true</doesRequireRecordChangedToMeetCriteria>
            <label>Within US</label>
        </rules>
        <rules>
            <name>Outside_of_US</name>
            <conditionLogic>and</conditionLogic>
            <conditions>
                <leftValueReference>Address</leftValueReference>
                <operator>EqualTo</operator>
                <rightValue>
                    <booleanValue>true</booleanValue>
                </rightValue>
            </conditions>
            <connector>
                <targetReference>Update_Case_Outside_US</targetReference>
            </connector>
            <doesRequireRecordChangedToMeetCriteria>true</doesRequireRecordChangedToMeetCriteria>
            <label>Outside of US</label>
        </rules>
    </decisions>
    <description>This is to set default values when shipping within US or outside of US</description>
    <environments>Default</environments>
    <formulas>
        <description>Ship To and Ship From is not the same</description>
        <name>Address</name>
        <dataType>Boolean</dataType>
        <expression>{!$Record.Recipient_Address_Lookup__r.Country__c}&lt;&gt;{!$Record.Sender_Address_Lookup__r.Country__c}</expression>
    </formulas>
    <interviewLabel>RL - Ship Request Default values {!$Flow.CurrentDateTime}</interviewLabel>
    <label>RL - Ship Request Default values</label>
    <processMetadataValues>
        <name>BuilderType</name>
        <value>
            <stringValue>LightningFlowBuilder</stringValue>
        </value>
    </processMetadataValues>
    <processMetadataValues>
        <name>CanvasMode</name>
        <value>
            <stringValue>AUTO_LAYOUT_CANVAS</stringValue>
        </value>
    </processMetadataValues>
    <processMetadataValues>
        <name>OriginBuilderType</name>
        <value>
            <stringValue>LightningFlowBuilder</stringValue>
        </value>
    </processMetadataValues>
    <processType>AutoLaunchedFlow</processType>
    <recordUpdates>
        <name>Update_Case_Outside_US</name>
        <label>Update Case Outside US</label>
        <locationX>314</locationX>
        <locationY>431</locationY>
        <inputAssignments>
            <field>Forwarder_Courier__c</field>
            <value>
                <stringValue>DHL</stringValue>
            </value>
        </inputAssignments>
        <inputAssignments>
            <field>Service_Level__c</field>
            <value>
                <stringValue>Express Worldwide</stringValue>
            </value>
        </inputAssignments>
        <inputReference>$Record</inputReference>
    </recordUpdates>
    <recordUpdates>
        <name>Update_Case_Within_US</name>
        <label>Update Case Within US</label>
        <locationX>50</locationX>
        <locationY>431</locationY>
        <inputAssignments>
            <field>Forwarder_Courier__c</field>
            <value>
                <stringValue>FedEx</stringValue>
            </value>
        </inputAssignments>
        <inputAssignments>
            <field>Service_Level__c</field>
            <value>
                <stringValue></stringValue>
            </value>
        </inputAssignments>
        <inputReference>$Record</inputReference>
    </recordUpdates>
    <start>
        <locationX>188</locationX>
        <locationY>0</locationY>
        <connector>
            <targetReference>Shipping_Address</targetReference>
        </connector>
        <filterLogic>and</filterLogic>
        <filters>
            <field>RecordTypeId</field>
            <operator>EqualTo</operator>
            <value>
                <stringValue>0121H0000012e4WQAQ</stringValue>
            </value>
        </filters>
        <object>Case</object>
        <recordTriggerType>CreateAndUpdate</recordTriggerType>
        <triggerType>RecordAfterSave</triggerType>
    </start>
    <status>Active</status>
</Flow>
