<?xml version="1.0" encoding="UTF-8"?>
<Flow xmlns="http://soap.sforce.com/2006/04/metadata">
    <apiVersion>57.0</apiVersion>
    <description>T146141129; T153362872</description>
    <environments>Default</environments>
    <interviewLabel>RL: Status update to Nurture based on Form Origin {!$Flow.CurrentDateTime}</interviewLabel>
    <label>RL: Status update to Nurture based on Form Origin</label>
    <processMetadataValues>
        <name>BuilderType</name>
        <value>
            <stringValue>LightningFlowBuilder</stringValue>
        </value>
    </processMetadataValues>
    <processMetadataValues>
        <name>CanvasMode</name>
        <value>
            <stringValue>AUTO_LAYOUT_CANVAS</stringValue>
        </value>
    </processMetadataValues>
    <processMetadataValues>
        <name>OriginBuilderType</name>
        <value>
            <stringValue>LightningFlowBuilder</stringValue>
        </value>
    </processMetadataValues>
    <processType>AutoLaunchedFlow</processType>
    <recordUpdates>
        <name>Status_update_to_Nurture</name>
        <label>Status update to Nurture</label>
        <locationX>176</locationX>
        <locationY>287</locationY>
        <inputAssignments>
            <field>Status</field>
            <value>
                <stringValue>Nurture</stringValue>
            </value>
        </inputAssignments>
        <inputReference>$Record</inputReference>
    </recordUpdates>
    <start>
        <locationX>50</locationX>
        <locationY>0</locationY>
        <connector>
            <targetReference>Status_update_to_Nurture</targetReference>
        </connector>
        <filterLogic>(1 AND 2) or (1 and 6 and (3 or 4 or 5))</filterLogic>
        <filters>
            <field>RecordTypeId</field>
            <operator>EqualTo</operator>
            <value>
                <stringValue>01212000000GieN</stringValue>
            </value>
        </filters>
        <filters>
            <field>Form_Origin__c</field>
            <operator>EqualTo</operator>
            <value>
                <stringValue>MW_Content_Predictions</stringValue>
            </value>
        </filters>
        <filters>
            <field>Original_Lead_Source_Detail__c</field>
            <operator>Contains</operator>
            <value>
                <stringValue>Subscription</stringValue>
            </value>
        </filters>
        <filters>
            <field>Original_Lead_Source_Detail__c</field>
            <operator>EqualTo</operator>
            <value>
                <stringValue>Nurturing</stringValue>
            </value>
        </filters>
        <filters>
            <field>Original_Lead_Source_Detail__c</field>
            <operator>EqualTo</operator>
            <value>
                <stringValue>Web - Content Download</stringValue>
            </value>
        </filters>
        <filters>
            <field>Lead_Brand__c</field>
            <operator>EqualTo</operator>
            <value>
                <stringValue>RL Commercial</stringValue>
            </value>
        </filters>
        <object>Lead</object>
        <recordTriggerType>Create</recordTriggerType>
        <triggerType>RecordBeforeSave</triggerType>
    </start>
    <status>Obsolete</status>
    <triggerOrder>1800</triggerOrder>
</Flow>
