<?xml version="1.0" encoding="UTF-8"?>
<Flow xmlns="http://soap.sforce.com/2006/04/metadata">
    <assignments>
        <name>pageNamesInOrder_Assignment</name>
        <label>pageNamesInOrder_Assignment</label>
        <locationX>0</locationX>
        <locationY>0</locationY>
        <assignmentItems>
            <assignToReference>pageNamesInOrder</assignToReference>
            <operator>Add</operator>
            <value>
                <stringValue>welcome_page</stringValue>
            </value>
        </assignmentItems>
        <assignmentItems>
            <assignToReference>pageNamesInOrder</assignToReference>
            <operator>Add</operator>
            <value>
                <stringValue>p_2d00992c_c0c4_41e9_b50d_be013e5c18ca</stringValue>
            </value>
        </assignmentItems>
        <assignmentItems>
            <assignToReference>pageNamesInOrder</assignToReference>
            <operator>Add</operator>
            <value>
                <stringValue>thank_you_page</stringValue>
            </value>
        </assignmentItems>
        <connector>
            <targetReference>welcome_page</targetReference>
        </connector>
    </assignments>
    <assignments>
        <name>recordLookupFaultConnectorAssignment</name>
        <label>recordLookupFaultConnectorAssignment</label>
        <locationX>0</locationX>
        <locationY>0</locationY>
        <assignmentItems>
            <assignToReference>faultMessage</assignToReference>
            <operator>Assign</operator>
            <value>
                <stringValue>{!$Flow.FaultMessage}</stringValue>
            </value>
        </assignmentItems>
    </assignments>
    <choices>
        <name>c_5921d82c_3600_4a80_b740_f006a3370d14</name>
        <choiceText>1 - Needs improvement</choiceText>
        <dataType>String</dataType>
        <value>
            <stringValue>1 - Needs improvement</stringValue>
        </value>
    </choices>
    <choices>
        <name>c_646c8ad5_19d1_48d5_b784_961eef5878f0</name>
        <choiceText>3 - Excellent</choiceText>
        <dataType>String</dataType>
        <value>
            <stringValue>3 - Excellent</stringValue>
        </value>
    </choices>
    <choices>
        <name>c_aea5ca5d_91fc_4c84_ab9d_04d1d29a4d80</name>
        <choiceText>2 - Good</choiceText>
        <dataType>String</dataType>
        <value>
            <stringValue>2 - Good</stringValue>
        </value>
    </choices>
    <interviewLabel>RLR Academic Relations Survey</interviewLabel>
    <label>RLR Academic Relations Survey</label>
    <processMetadataValues>
        <name>BrandingSet</name>
        <value>
            <stringValue>sb_rlr_academic_relations_survey_ce38524c_d917_4411_8703_688934f12c60</stringValue>
        </value>
    </processMetadataValues>
    <processMetadataValues>
        <name>advanceThankYouPageEnabled</name>
        <value>
            <booleanValue>false</booleanValue>
        </value>
    </processMetadataValues>
    <processMetadataValues>
        <name>autoProgressEnabled</name>
        <value>
            <booleanValue>false</booleanValue>
        </value>
    </processMetadataValues>
    <processMetadataValues>
        <name>hasWelcomePage</name>
        <value>
            <booleanValue>true</booleanValue>
        </value>
    </processMetadataValues>
    <processMetadataValues>
        <name>isSimpleSurvey</name>
        <value>
            <booleanValue>false</booleanValue>
        </value>
    </processMetadataValues>
    <processMetadataValues>
        <name>overrideActiveVersion</name>
        <value>
            <booleanValue>false</booleanValue>
        </value>
    </processMetadataValues>
    <processMetadataValues>
        <name>recordMergeFieldName</name>
        <value>
            <stringValue>AcademicRelation</stringValue>
        </value>
    </processMetadataValues>
    <processMetadataValues>
        <name>surveyType</name>
        <value>
            <stringValue>Survey</stringValue>
        </value>
    </processMetadataValues>
    <processMetadataValues>
        <name>svAddlInfo_EmailSender</name>
        <value>
            <stringValue>Academic Research Email &lt;rlr-academicresearch@meta.com&gt;</stringValue>
        </value>
    </processMetadataValues>
    <processMetadataValues>
        <name>svAddlInfo_EmailTemplate</name>
        <value>
            <stringValue>Embed_a_Survey_Link_1723670943940</stringValue>
        </value>
    </processMetadataValues>
    <processMetadataValues>
        <name>svAddlInfo_InvitationSharingRole</name>
        <value>
            <stringValue>SurveyOwner</stringValue>
        </value>
    </processMetadataValues>
    <processType>Survey</processType>
    <recordLookups>
        <name>surveySubjectRecordLookup_AcademicRelation</name>
        <label>surveySubjectRecordLookup_AcademicRelation</label>
        <locationX>0</locationX>
        <locationY>0</locationY>
        <assignNullValuesIfNoRecordsFound>true</assignNullValuesIfNoRecordsFound>
        <connector>
            <targetReference>targetRecordLookup_AcademicRelation</targetReference>
        </connector>
        <faultConnector>
            <targetReference>recordLookupFaultConnectorAssignment</targetReference>
        </faultConnector>
        <filterLogic>and</filterLogic>
        <filters>
            <processMetadataValues>
                <name>inputDataType</name>
                <value>
                    <stringValue>ID</stringValue>
                </value>
            </processMetadataValues>
            <processMetadataValues>
                <name>leftHandSideLabel</name>
                <value>
                    <stringValue>SurveyInvitationId</stringValue>
                </value>
            </processMetadataValues>
            <processMetadataValues>
                <name>leftHandSideType</name>
                <value>
                    <stringValue>String</stringValue>
                </value>
            </processMetadataValues>
            <processMetadataValues>
                <name>operatorDataType</name>
                <value>
                    <stringValue>String</stringValue>
                </value>
            </processMetadataValues>
            <processMetadataValues>
                <name>rightHandSideType</name>
                <value>
                    <stringValue>ID</stringValue>
                </value>
            </processMetadataValues>
            <field>SurveyInvitationId</field>
            <operator>EqualTo</operator>
            <value>
                <elementReference>invitationId</elementReference>
            </value>
        </filters>
        <filters>
            <processMetadataValues>
                <name>inputDataType</name>
                <value>
                    <stringValue>String</stringValue>
                </value>
            </processMetadataValues>
            <processMetadataValues>
                <name>leftHandSideLabel</name>
                <value>
                    <stringValue>SubjectEntityType</stringValue>
                </value>
            </processMetadataValues>
            <processMetadataValues>
                <name>leftHandSideType</name>
                <value>
                    <stringValue>String</stringValue>
                </value>
            </processMetadataValues>
            <processMetadataValues>
                <name>operatorDataType</name>
                <value>
                    <stringValue>String</stringValue>
                </value>
            </processMetadataValues>
            <processMetadataValues>
                <name>rightHandSideType</name>
                <value>
                    <stringValue>String</stringValue>
                </value>
            </processMetadataValues>
            <field>SubjectEntityType</field>
            <operator>EqualTo</operator>
            <value>
                <stringValue>Academic_Relation__c</stringValue>
            </value>
        </filters>
        <object>SurveySubject</object>
        <outputAssignments>
            <assignToReference>surveySubjectLookupSubjectIdVar</assignToReference>
            <field>SubjectId</field>
        </outputAssignments>
        <sortField>LastModifiedDate</sortField>
        <sortOrder>Desc</sortOrder>
    </recordLookups>
    <recordLookups>
        <name>targetRecordLookup_AcademicRelation</name>
        <label>targetRecordLookup_AcademicRelation</label>
        <locationX>0</locationX>
        <locationY>0</locationY>
        <assignNullValuesIfNoRecordsFound>true</assignNullValuesIfNoRecordsFound>
        <connector>
            <targetReference>pageNamesInOrder_Assignment</targetReference>
        </connector>
        <filterLogic>and</filterLogic>
        <filters>
            <processMetadataValues>
                <name>inputDataType</name>
                <value>
                    <stringValue>ID</stringValue>
                </value>
            </processMetadataValues>
            <processMetadataValues>
                <name>leftHandSideLabel</name>
                <value>
                    <stringValue>Id</stringValue>
                </value>
            </processMetadataValues>
            <processMetadataValues>
                <name>leftHandSideType</name>
                <value>
                    <stringValue>String</stringValue>
                </value>
            </processMetadataValues>
            <processMetadataValues>
                <name>operatorDataType</name>
                <value>
                    <stringValue>String</stringValue>
                </value>
            </processMetadataValues>
            <processMetadataValues>
                <name>rightHandSideType</name>
                <value>
                    <stringValue>ID</stringValue>
                </value>
            </processMetadataValues>
            <field>Id</field>
            <operator>EqualTo</operator>
            <value>
                <elementReference>surveySubjectLookupSubjectIdVar</elementReference>
            </value>
        </filters>
        <object>Academic_Relation__c</object>
        <outputReference>AcademicRelation</outputReference>
        <queriedFields>Collaboration_Type__c</queriedFields>
        <queriedFields>Meta_Org__c</queriedFields>
        <queriedFields>Id</queriedFields>
        <queriedFields>Requesting_Team__c</queriedFields>
    </recordLookups>
    <runInMode>SystemModeWithoutSharing</runInMode>
    <screens>
        <name>p_2d00992c_c0c4_41e9_b50d_be013e5c18ca</name>
        <label>Page 1</label>
        <locationX>0</locationX>
        <locationY>0</locationY>
        <allowBack>true</allowBack>
        <allowFinish>true</allowFinish>
        <allowPause>true</allowPause>
        <fields>
            <processMetadataValues>
                <name>autoProgressAction</name>
                <value>
                    <stringValue>NONE</stringValue>
                </value>
            </processMetadataValues>
            <name>q_c605497f_5dd1_4444_b6a8_fbed685d7848</name>
            <choiceReferences>c_646c8ad5_19d1_48d5_b784_961eef5878f0</choiceReferences>
            <choiceReferences>c_aea5ca5d_91fc_4c84_ab9d_04d1d29a4d80</choiceReferences>
            <choiceReferences>c_5921d82c_3600_4a80_b740_f006a3370d14</choiceReferences>
            <dataType>String</dataType>
            <extensionName>survey:runtimePicklist</extensionName>
            <fieldText>&lt;p&gt;&lt;span class=&quot;ql-cursor&quot;&gt;&lt;/span&gt;&lt;span style=&quot;font-size: 15px; font-family: &amp;quot;Segoe UI Historic&amp;quot;, &amp;quot;Segoe UI&amp;quot;, Helvetica, Arial, sans-serif;&quot;&gt;Please rank your overall experience executing this particular academic engagement.&lt;/span&gt;&lt;/p&gt;</fieldText>
            <fieldType>ComponentChoice</fieldType>
            <isRequired>false</isRequired>
        </fields>
        <fields>
            <processMetadataValues>
                <name>autoProgressAction</name>
                <value>
                    <stringValue>NONE</stringValue>
                </value>
            </processMetadataValues>
            <name>q_13bc6367_9a21_4c0b_bf74_0fe22fda9191</name>
            <dataType>String</dataType>
            <fieldText>&lt;p&gt;&lt;span class=&quot;ql-cursor&quot;&gt;&lt;/span&gt;&lt;span style=&quot;font-size: 15px; font-family: &amp;quot;Segoe UI Historic&amp;quot;, &amp;quot;Segoe UI&amp;quot;, Helvetica, Arial, sans-serif;&quot;&gt;What could have been improved regarding your overall experience executing this engagement?&lt;/span&gt;&lt;/p&gt;</fieldText>
            <fieldType>InputField</fieldType>
            <isRequired>false</isRequired>
        </fields>
        <fields>
            <processMetadataValues>
                <name>autoProgressAction</name>
                <value>
                    <stringValue>NONE</stringValue>
                </value>
            </processMetadataValues>
            <name>q_a06496ff_6276_4c1a_8172_c7888d83e986</name>
            <dataType>String</dataType>
            <fieldText>&lt;p&gt;&lt;span class=&quot;ql-cursor&quot;&gt;&lt;/span&gt;&lt;span style=&quot;font-size: 15px; font-family: &amp;quot;Segoe UI Historic&amp;quot;, &amp;quot;Segoe UI&amp;quot;, Helvetica, Arial, sans-serif;&quot;&gt;Overall, what went well in your experience executing this engagement?&lt;/span&gt;&lt;/p&gt;</fieldText>
            <fieldType>InputField</fieldType>
            <isRequired>false</isRequired>
        </fields>
        <pausedText>To pick up where you left off, refresh this page, or open the survey again.</pausedText>
        <showFooter>true</showFooter>
        <showHeader>true</showHeader>
    </screens>
    <screens>
        <name>welcome_page</name>
        <label>Welcome Page</label>
        <locationX>0</locationX>
        <locationY>0</locationY>
        <allowBack>true</allowBack>
        <allowFinish>true</allowFinish>
        <allowPause>false</allowPause>
        <connector>
            <targetReference>p_2d00992c_c0c4_41e9_b50d_be013e5c18ca</targetReference>
        </connector>
        <fields>
            <name>welcome_question</name>
            <extensionName>survey:runtimeWelcome</extensionName>
            <fieldType>ComponentInstance</fieldType>
            <inputParameters>
                <name>label</name>
                <value>
                    <stringValue>{!welcome_question_lref_tt}</stringValue>
                </value>
            </inputParameters>
            <isRequired>true</isRequired>
        </fields>
        <showFooter>true</showFooter>
        <showHeader>true</showHeader>
    </screens>
    <startElementReference>surveySubjectRecordLookup_AcademicRelation</startElementReference>
    <status>Active</status>
    <textTemplates>
        <name>thankYouDescriptionTextTemplate</name>
        <isViewedAsPlainText>false</isViewedAsPlainText>
        <text></text>
    </textTemplates>
    <textTemplates>
        <name>thankYouLabelTextTemplate</name>
        <isViewedAsPlainText>false</isViewedAsPlainText>
        <text>&lt;p&gt;&lt;span class=&quot;ql-cursor&quot;&gt;&lt;/span&gt;Thank you for taking the time to complete the Academic Relations Survey. We are grateful for your feedback!&lt;/p&gt;</text>
    </textTemplates>
    <textTemplates>
        <name>welcome_question_lref_tt</name>
        <isViewedAsPlainText>false</isViewedAsPlainText>
        <text>&lt;p&gt;&lt;span class=&quot;ql-cursor&quot;&gt;&lt;/span&gt;The RLR Academic Relations team is collecting information regarding the academic engagement user experience. Please complete the following questions regarding your most recent experience executing an academic engagement. It should take approximately 2-3 mins to complete. We are grateful for your feedback!&lt;/p&gt;&lt;p&gt;&lt;br&gt;&lt;/p&gt;&lt;p&gt;The survey is anonymous but will be attached to the following data from your intake form:&lt;/p&gt;&lt;p&gt;&lt;br&gt;&lt;/p&gt;&lt;p&gt;Engagement Type: {!AcademicRelation.Collaboration_Type__c}&lt;/p&gt;&lt;p&gt;Meta Org: {!AcademicRelation.Meta_Org__c}&lt;/p&gt;&lt;p&gt;Requesting Team: {!AcademicRelation.Requesting_Team__c}&lt;/p&gt;</text>
    </textTemplates>
    <variables>
        <name>AcademicRelation</name>
        <dataType>SObject</dataType>
        <isCollection>false</isCollection>
        <isInput>false</isInput>
        <isOutput>false</isOutput>
        <objectType>Academic_Relation__c</objectType>
    </variables>
    <variables>
        <name>faultMessage</name>
        <dataType>String</dataType>
        <isCollection>false</isCollection>
        <isInput>false</isInput>
        <isOutput>true</isOutput>
        <value>
            <stringValue></stringValue>
        </value>
    </variables>
    <variables>
        <name>guestUserLang</name>
        <dataType>String</dataType>
        <isCollection>false</isCollection>
        <isInput>true</isInput>
        <isOutput>true</isOutput>
    </variables>
    <variables>
        <name>invitationId</name>
        <dataType>String</dataType>
        <isCollection>false</isCollection>
        <isInput>true</isInput>
        <isOutput>true</isOutput>
        <value>
            <stringValue></stringValue>
        </value>
    </variables>
    <variables>
        <name>pageNamesInOrder</name>
        <dataType>String</dataType>
        <isCollection>true</isCollection>
        <isInput>false</isInput>
        <isOutput>true</isOutput>
    </variables>
    <variables>
        <name>previewMode</name>
        <dataType>Boolean</dataType>
        <isCollection>false</isCollection>
        <isInput>true</isInput>
        <isOutput>true</isOutput>
        <value>
            <booleanValue>false</booleanValue>
        </value>
    </variables>
    <variables>
        <name>surveySubjectLookupSubjectIdVar</name>
        <dataType>String</dataType>
        <isCollection>false</isCollection>
        <isInput>false</isInput>
        <isOutput>false</isOutput>
    </variables>
    <variables>
        <name>thankYouDescription</name>
        <dataType>String</dataType>
        <isCollection>false</isCollection>
        <isInput>true</isInput>
        <isOutput>true</isOutput>
        <value>
            <stringValue>{!thankYouDescriptionTextTemplate}</stringValue>
        </value>
    </variables>
    <variables>
        <name>thankYouLabel</name>
        <dataType>String</dataType>
        <isCollection>false</isCollection>
        <isInput>true</isInput>
        <isOutput>true</isOutput>
        <value>
            <stringValue>{!thankYouLabelTextTemplate}</stringValue>
        </value>
    </variables>
</Flow>
